frame_index,timestamp_s,state,detection_count,selected_x_px,selected_y_px,estimate_x_px,estimate_y_px,truth_x_px,truth_y_px,centroid_error_px,tracking_error_px,pointing_offset_px,pan_rate_deg_s,tilt_rate_deg_s,processing_time_ms
0,0.0,search,0,,,,,,,,,,6.0,0.0,68.34652900033689
1,0.03333333333333333,search,0,,,,,,,,,,6.0,0.0,51.697003000299446
2,0.06666666666666667,search,0,,,,,,,,,,6.0,0.0,54.4679869999527
3,0.1,search,0,,,,,,,,,,6.0,0.0,40.03683700102556
4,0.13333333333333333,search,0,,,,,,,,,,6.0,0.0,34.97649699966132
5,0.16666666666666666,search,0,,,,,,,,,,6.0,0.0,39.238548999492195
6,0.2,search,0,,,,,,,,,,6.0,0.0,37.103041000591475
7,0.23333333333333334,search,0,,,,,,,,,,6.0,0.0,36.07976700004656
8,0.26666666666666666,search,0,,,,,,,,,,6.0,0.0,35.768157000347856
9,0.3,search,0,,,,,,,,,,6.0,0.0,35.69253100067726
10,0.3333333333333333,search,0,,,,,,,,,,6.0,0.0,35.64469099910639
11,0.36666666666666664,search,0,,,,,,,,,,6.0,0.0,35.06509500039101
12,0.4,search,0,,,,,,,,,,6.0,0.0,35.60210399882635
13,0.43333333333333335,search,0,,,,,,,,,,6.0,0.0,35.30118599883281
14,0.4666666666666667,search,0,,,,,,,,,,6.0,0.0,35.379917000682326
15,0.5,search,0,,,,,,,,,,6.0,0.0,37.01704900049663
16,0.5333333333333333,search,0,,,,,,,,,,6.0,0.0,36.02490100092837
17,0.5666666666666667,search,0,,,,,,,,,,6.0,0.0,36.77602399875468
18,0.6,search,0,,,,,,,,,,6.0,0.0,34.984632999112364
19,0.6333333333333333,search,0,,,,,,,,,,5.0,0.0,36.25344900137861
20,0.6666666666666666,search,0,,,,,,,,,,3.333333333333326,0.0,34.52778000064427
21,0.7,search,0,,,,,,,,,,1.9999999999999973,0.0,34.6093780008232
22,0.7333333333333333,search,0,,,,,,,,,,-6.0,-6.0,36.878212998999516
23,0.7666666666666667,search,0,,,,,,,,,,-6.0,-6.0,34.96897799959697
24,0.8,search,0,,,,,,,,,,-6.0,-6.0,35.39244000057806
25,0.8333333333333334,search,0,,,,,,,,,,-6.0,-6.0,34.41394299989042
26,0.8666666666666667,search,0,,,,,,,,,,-6.0,-6.0,34.77947399915138
27,0.9,search,0,,,,,,,,,,-6.0,-5.0,35.88008799852105
28,0.9333333333333333,search,0,,,,,,,,,,-6.0,-3.333333333333328,34.497089000069536
29,0.9666666666666667,search,0,,,,,,,,,,-6.0,-1.9999999999999996,36.02906199921563
30,1.0,search,0,,,,,,,,,,-6.0,-0.9999999999999998,37.11009099970397
31,1.0333333333333334,search,0,,,,,,,,,,-6.0,-0.3333333333333288,35.86463600004208
32,1.0666666666666667,search,0,,,,,,,,,,-6.0,0.0,34.90421499918739
33,1.1,search,0,,,,,,,,,,-6.0,0.0,34.424659999785945
34,1.1333333333333333,search,0,,,,,,,,,,-6.0,0.0,34.40521900120075
35,1.1666666666666667,search,0,,,,,,,,,,-6.0,0.0,36.09730700009095
36,1.2,search,0,,,,,,,,,,-6.0,0.0,35.76508700098202
37,1.2333333333333334,search,0,,,,,,,,,,-6.0,0.0,35.28367699982482
38,1.2666666666666666,search,0,,,,,,,,,,-6.0,0.0,33.894349999172846
39,1.3,search,0,,,,,,,,,,-6.0,0.0,35.173148000467336
40,1.3333333333333333,search,0,,,,,,,,,,-6.0,0.0,34.57092800090322
41,1.3666666666666667,search,0,,,,,,,,,,-6.0,0.0,34.9687059988355
42,1.4,search,0,,,,,,,,,,-6.0,0.0,35.959275999630336
43,1.4333333333333333,search,0,,,,,,,,,,-6.0,0.0,35.30013700037671
44,1.4666666666666666,search,0,,,,,,,,,,-6.0,0.0,36.01723099927767
45,1.5,search,0,,,,,,,,,,-6.0,0.0,35.07982399969478
46,1.5333333333333334,acquire,1,13.267366822725547,419.8901682905226,13.267366822725547,419.8901682905226,12.92461154662235,420.064523469455,0.3845528672590335,355.9754581513657,355.9754581513657,-6.0,-6.0,36.70252499978233
47,1.5666666666666667,acquire,1,41.714088830420344,410.2747603833866,39.40760093521906,411.05438701099,41.801680747995356,410.3204292549736,0.09878253821651485,326.1952689053579,326.1952689053579,-6.0,-6.0,36.49101500013785
48,1.6,track,1,68.27536865783554,398.54080229942514,57.99219003287628,403.0535838528582,67.79316155534832,398.51761401497373,0.4827643174727421,297.8860911678268,297.8860911678268,-6.0,-6.0,35.63319000022602
49,1.6333333333333333,track,1,97.81028026093259,379.643996134332,85.76480229820399,387.27861404572855,97.87375393025653,379.38913425201014,0.2626470745279304,262.23920366825615,262.23920366825615,-6.0,-6.0,35.77276500072912
50,1.6666666666666667,track,1,127.1072662225512,357.59955588453,117.12283985647153,366.1171002983814,126.66216263434072,357.16964081965983,0.6188248275886824,226.0713252206883,226.0713252206883,-6.0,-6.0,36.20451400092861
51,1.7,track,1,150.4527479469362,324.4510423246999,145.4519871990226,337.39442524518176,150.65108064595626,324.81728745099144,0.4164989220068518,189.40176540076527,189.40176540076527,-6.0,-4.77660558569882,34.70211899912101
52,1.7333333333333334,track,1,179.57470975839348,296.1158456228428,174.54277855490218,307.8912869968159,179.3932039560426,296.2416759756887,0.22085659144419564,151.4377667898645,151.4377667898645,-6.0,-3.2755011065880306,34.98611900067772
53,1.7666666666666666,track,1,207.22147094469605,270.88664923135804,203.23730259712238,279.71086408159664,207.65002288136318,270.7063308711544,0.4649424410049823,116.47058046617191,116.47058046617191,-5.707990287551788,-1.850999784761294,36.25037500023609
54,1.8,track,1,236.75470663498447,252.98988606592334,232.4036842184138,255.36372155213397,236.79390458042982,253.40240079243398,0.4143728737686408,84.27857771682939,84.27857771682939,-4.245761232190414,-0.6309651452861343,35.60487699905934
55,1.8333333333333333,track,1,259.68498795486244,245.25592747559276,259.3896249572796,237.06047619999742,259.4039943154036,245.26308331808062,0.2810847407776181,60.82413954130954,60.82413954130954,-2.8986066909996535,0.2729861426063712,36.130141001194715
56,1.8666666666666667,track,1,275.7024189011813,235.92905806612913,282.6736029082406,221.95702739105192,275.2606602524724,235.56133498541382,0.5747790599872974,44.958984287419284,44.958984287419284,-1.74404567429723,1.0137108040045264,35.59171999950195
57,1.9,track,1,283.4739844096584,233.53520501932948,300.99024944493846,211.05990842533717,283.7052630652505,233.74910799887087,0.31503063531850684,36.829086059423865,36.829086059423865,-0.8458694074585227,1.5396006902116766,52.27281000043149
58,1.9333333333333333,track,1,292.12484237074403,237.64306431273644,316.2509674882945,204.84113372710397,292.2299487840105,237.40072819544253,0.26414797340663576,27.891431631464297,27.891431631464297,-0.10171016916518771,1.82729568714789,58.22283400084416
59,1.9666666666666666,track,1,294.42539428289797,241.46919664859536,327.6984197788723,201.74674394341855,294.3608223585037,241.73724273008966,0.2757140461137789,25.69796572562609,25.69796572562609,0.44925603555296134,1.9592262705540742,43.591453999397345
60,2.0,track,1,288.1947170277109,251.57946059371722,334.2833532784598,202.44057249855777,288.0099751230544,251.27684261346002,0.3545521305972619,33.919446796142566,33.919446796142566,0.7529110986138388,1.900463448049916,37.53766099907807
61,2.033333333333333,track,1,283.1948951452575,253.37997819534405,337.64902742442047,203.8609134998475,282.98994411424957,253.57458279316066,0.28262320251983564,39.42097835765551,39.42097835765551,0.8963242445281191,1.8113310494303958,36.9817940008943
62,2.066666666666667,track,1,276.17789993128866,261.8876881754013,338.18949456643213,207.31446104858125,275.8877293070217,261.4946398142167,0.4885550177998112,49.070479582265186,49.070479582265186,0.89980031197754,1.6216752699634847,34.37334299997019
63,2.1,track,1,265.154952681388,263.2811356466877,335.7486542806248,210.74736815070673,264.81527456834834,263.1724272990707,0.35664930298516473,59.852446131277695,59.852446131277695,0.7546803535219219,1.4384304527377962,36.89187099917035
64,2.1333333333333333,track,1,260.6901269567361,267.5022186614076,332.38084970880516,214.722328960207,260.3375398926672,267.76852301032875,0.4418547770512675,65.80805434165511,65.80805434165511,0.5681007740609493,1.2305231990155483,39.38383599961526
65,2.1666666666666665,track,1,251.07276558819885,274.65445642742037,327.29705502012195,219.68076442127517,250.9170462299713,274.20232717028716,0.47819387666784763,77.08601485000561,77.08601485000561,0.297266158513251,0.9740755911924549,40.35622400078864
66,2.2,track,1,250.17834115805948,272.68344287949924,322.5091671110981,223.6899729736587,250.17432296434816,272.56607515658595,0.11743648607886577,77.04657308791586,77.04657308791586,0.0467886826092052,0.7698610858585854,36.94893900137686
67,2.2333333333333334,track,1,245.09138695376822,274.92925902469915,317.2179585352619,227.6846071629947,245.14858043171753,274.9687609154911,0.06950894400058696,82.61688236281879,82.61688236281879,-0.22683256619152548,0.5675680033303048,37.44889100016735
68,2.2666666666666666,track,1,242.66088042460194,275.83359350608805,311.99054371247684,231.42565703367538,242.915469642848,276.167319549419,0.4197484270899311,85.1475180129901,85.1475180129901,-0.4946296714149913,0.3792913721694737,34.2514839994692
69,2.3,track,1,241.89875942896327,273.0822267938408,307.10544804631746,234.33704795241644,242.37380996698832,272.5970266400365,0.6790377036141461,84.19258592543937,84.19258592543937,-0.7428859889502162,0.2347189467344452,36.34687900012068
70,2.3333333333333335,track,1,244.31578947368422,269.4366424015976,303.02954359602677,236.40700643187537,244.04121014764982,269.11945398590075,0.4195262772911832,81.34912633993365,81.34912633993365,-0.9479595153144902,0.13379831486885635,36.80711900051392
71,2.3666666666666667,track,1,245.1563711391772,264.20320120045017,299.39130986922703,237.5154348549451,245.15005813478342,263.92983303639835,0.27344104875006786,78.5821271433664,78.5821271433664,-1.13010860662074,0.08234329592917176,42.72826700071164
72,2.4,track,1,249.93872488216323,261.49441825849664,296.7323392126466,238.19198572408027,250.37904975485142,261.3248228712829,0.47185653420510665,72.81363047897725,72.81363047897725,-1.2613515401817452,0.052266539218717725,45.86949700023979
73,2.433333333333333,track,1,255.74703004891686,259.42735531414775,295.0679626283478,238.59296902153528,255.53988963204964,259.38083552112994,0.2122998903493473,67.31064265140716,67.31064265140716,-1.3414627885522084,0.03546825539160953,42.77209999963816
74,2.466666666666667,track,1,256.7680188799592,255.19696389845643,293.5675637914853,238.44004218661843,256.99302741922247,255.27748333154747,0.2389816349569567,64.83270849455977,64.83270849455977,-1.4142752242492802,0.04665807552205582,37.303234999853885
75,2.5,track,1,262.4851040256063,254.60710328696294,292.8800265666948,238.3224963538801,262.23102799646216,254.5879546459133,0.2547965836499713,59.58240132032916,59.58240132032916,-1.4456010401126826,0.054958152267421345,38.006815000699135
76,2.533333333333333,track,1,269.8150429983314,248.85611603131818,293.1310770532269,237.51558416005463,270.04389012424076,248.82294240222274,0.2312390466688689,50.72925414937489,50.72925414937489,-1.4290966469801984,0.09859991697034244,36.733389999426436
77,2.566666666666667,track,1,272.64738878143135,243.67595099935525,293.59604210428466,236.17815844742506,272.46743238653755,243.62329039581206,0.18750318191621074,47.670464831179935,47.670464831179935,-1.4028856176867452,0.16905026966970638,36.36716299843101
78,2.6,track,1,276.61825954198474,242.93758778625954,294.4055012409342,234.96670713045464,277.00778714846007,242.8766878313833,0.3942595093467317,43.088347598293254,43.088347598293254,-1.3598302952519947,0.23193316521736737,37.27357000025222
79,2.6333333333333333,track,1,283.84978270454116,242.055237135479,295.95571640727337,233.8478842736363,283.9077701704865,241.91249774263142,0.1540684279054544,36.14286515596119,36.14286515596119,-1.2790749849889447,0.2893817052142523,36.66804800013779
80,2.6666666666666665,track,1,290.6346365105008,238.72911147011308,298.11362772822,232.4922221365528,290.34479611335973,238.44696868007162,0.40448981419470825,29.69584186109029,29.69584186109029,-1.167730492747364,0.35887292709026425,35.465097998894635
81,2.7,track,1,289.6566196828593,233.7472313113516,299.8196247346287,230.708656719561,290.15811055729046,233.45377877284506,0.5810400067927177,30.551454594924827,30.551454594924827,-1.0812154480989846,0.4503610070390357,36.81474599943613
82,2.7333333333333334,track,1,297.1474552784077,234.32766439909298,302.19760100823504,229.24618999993575,297.3255966356068,234.7629636184316,0.47034004029166004,23.2713368329599,23.2713368329599,-0.9600919001493854,0.5245381074345401,35.44809699997131
83,2.7666666666666666,track,1,297.9739163306452,234.31092489919354,304.34648499578196,227.99966286968314,298.1028501427966,234.64824362928294,0.36112027578776923,22.541660722323286,22.541660722323286,-0.8517255382662999,0.5872839600909375,36.55144899857987
84,2.8,track,1,300.23496645144957,231.0102544625902,306.4669011810477,226.53807030694415,300.1410397625398,231.16610807095148,0.18196859654562458,21.73513166114102,21.73513166114102,-0.7452198542409774,0.6613309462654364,36.366280999573064
85,2.8333333333333335,track,1,303.9212371650388,228.12021036814426,308.7396994249164,224.9292562120816,303.74001089987775,228.0304459503951,0.2022389919824386,20.190529207589083,20.190529207589083,-0.6309646875098299,0.7429918273197302,34.53060600077151
86,2.8666666666666667,track,1,308.34889687018983,226.95863263211905,311.245446588152,223.39755820892884,308.1497452790868,226.60676745443487,0.4043148024814146,17.883154502774683,17.883154502774683,-0.5047552289659246,0.8204843242315711,35.85798200037971
87,2.9,track,1,304.7558288496029,231.13092492954138,312.98233231148606,222.59087201552137,304.53953167471633,231.49338807246883,0.4220947735340437,17.64620433188722,17.64620433188722,-0.4190287662827695,0.8600397032603616,36.06226700139814
88,2.933333333333333,track,1,304.02124681933844,230.40489821882952,314.3593574801784,221.85414269302396,303.8714523673231,230.53634578925895,0.1992908468203503,18.7000213839451,18.7000213839451,-0.35179698085225,0.8963969950159955,35.345763000805164
89,2.966666666666667,track,1,308.30623495121023,230.55968825243949,316.01668758957254,221.28674325533783,308.16488496058975,230.27776798799965,0.31537098051380086,15.316388062831233,15.316388062831233,-0.2694347277180781,0.9242759709746278,36.62248299951898
90,3.0,track,1,306.88257163002373,232.01922953656816,317.244950556638,221.03180826495318,306.84491294112604,232.50439088294075,0.4866207032829162,15.140689269722657,15.140689269722657,-0.20933870947327138,0.9361960625399762,37.12133299995912
91,3.033333333333333,track,1,304.90759096612294,229.33808030112922,318.0106806632881,220.5631364487191,305.0685102659251,229.4906600080592,0.22175569443795004,18.25912409577716,18.25912409577716,-0.17301717357986598,0.9597628679922516,35.66533800039906
92,3.066666666666667,track,1,305.2114847715736,234.64689086294416,318.6248996287067,220.8556978095735,305.5795046680876,234.3779889654703,0.4557925785872488,15.477651426817967,15.477651426817967,-0.1440219506154105,0.943722969213401,36.51747799995064
93,3.1,track,1,301.66061794997546,229.53990926924962,318.638770386739,220.59954147913496,301.34801053708884,229.75585169177404,0.37994015902163025,21.280020805569663,21.280020805569663,-0.14589515362069913,0.9570020982874811,36.58511400135467
94,3.1333333333333333,track,1,305.0079118028534,235.53579766536964,318.9276849515145,221.16139503170854,305.0800001741821,235.46007984570772,0.10454626485520992,15.595424643457314,15.595424643457314,-0.13263177498855414,0.9275960028586694,35.19714399953955
95,3.1666666666666665,track,1,302.5941805152283,232.07370111818125,318.7883298500517,221.34704550554625,303.00561472121404,231.63266512747686,0.6031507696685255,18.942582291566236,18.942582291566236,-0.14140807089597138,0.9184455160469711,35.208940998927574
96,3.2,track,1,302.95179519200747,235.23147049640963,318.58741681282925,221.96957825588905,302.7526403873566,235.41116475038254,0.2682399320131097,17.847375789061363,17.847375789061363,-0.15287937222462994,0.8866148199837506,36.35892999955104
97,3.2333333333333334,track,1,299.6502060182295,233.59963790735424,317.8972701318522,222.42145512418986,299.9742878013601,233.34669824788668,0.4111051854315245,21.10202770511471,21.10202770511471,-0.18952720866059644,0.8640980081831078,35.77426599986211
98,3.2666666666666666,track,1,303.54699075491334,237.1158390987571,317.6192330665388,223.3247935234909,303.31847435346214,237.4094754175595,0.372077993775529,16.881472551537946,16.881472551537946,-0.20403424906297063,0.8181331053432626,36.50541999923007
99,3.3,track,1,302.79479601670414,232.81766784452296,317.1780319361407,223.70933112398689,303.07999783523144,232.56853824340178,0.3786893653723031,18.4800729732205,18.4800729732205,-0.22692838439539997,0.7996881150162624,36.4247620000242
100,3.3333333333333335,track,1,297.88942731277535,235.7972938955318,316.09330197802535,224.47362201081629,297.7163194015732,236.059177122193,0.31392542637905185,22.6294610180391,22.6294610180391,-0.28326910184644666,0.7613210576856001,35.15191900078207
101,3.3666666666666667,track,1,299.34673493899743,232.89234464884,315.17474762890413,224.88457079057147,299.7530110980975,232.59814179508547,0.5016130347293746,21.557552376822006,21.557552376822006,-0.33037427400480535,0.7416211405194606,35.55234000123164
102,3.4,track,1,301.23291986611537,234.52812233379274,314.4716322877133,225.50299743566165,301.3683349425051,234.7579189864109,0.2667278471928951,19.355060221236915,19.355060221236915,-0.36595017250258083,0.7109731059224971,37.31135799898766
103,3.433333333333333,track,1,301.3204998097171,231.57230749714574,313.7624285053679,225.76228325997013,301.2305757216539,231.1679159921067,0.41426903210561977,20.74360131855248,20.74360131855248,-0.4018069418978145,0.6991615579745509,36.84775900001114
104,3.466666666666667,track,1,302.1022690750145,230.49701099183648,313.1369295144528,225.9060809822128,301.84986640457265,230.58104050908196,0.26602268289503683,20.448573236864608,20.448573236864608,-0.4332647907488996,0.6931932222780407,36.1042999993515
105,3.5,track,1,305.28185832452266,230.60121898127994,312.8827556233006,226.08012026009553,304.92433501416116,230.22722008468338,0.5173954890673969,17.966159913528074,17.966159913528074,-0.4453527744096527,0.6854303302906811,37.608898999678786
106,3.533333333333333,track,1,305.7443869828456,233.75725277497477,312.6564207676533,226.64550768852496,306.2156862730354,233.65936467829525,0.48135755982942724,15.172704478972605,15.172704478972605,-0.45626093829065983,0.6570731724837305,36.74669800057018
107,3.566666666666667,track,1,308.06424344885886,228.24266857402952,312.6821160684176,226.53746456332715,308.3338993604961,228.59848307911338,0.44645075059740097,16.31234171504193,16.31234171504193,-0.45420475186215137,0.664083386675146,37.62114100027247
108,3.6,track,1,311.0354015987819,231.0565918030707,313.0251130317546,226.7921244646106,311.33913181033864,230.76639453326158,0.42007915541831525,12.659783083215515,12.659783083215515,-0.4358704437894137,0.6518018541308228,36.96073600076488
109,3.6333333333333333,track,1,306.7464123524069,225.59884953072964,312.7985823699463,226.3956416818093,307.12177795617254,225.63235928476513,0.3768583820294785,19.294499286900358,19.294499286900358,-0.4477362544804934,0.6735705447781002,35.82417899997381
110,3.6666666666666665,track,1,310.5467340541232,225.76508220843195,313.0078374690194,226.06042911497767,310.9150967315079,225.29930555135726,0.5938341151918604,17.281373923106166,17.281373923106166,-0.4367436447674432,0.6917201206911358,37.269602000378654
111,3.7,track,1,312.28033341689644,224.57288794184007,313.38076087169793,225.62040225566668,311.82307017334307,224.43909873847414,0.4764338619811117,17.57850475612271,17.57850475612271,-0.4174229998197026,0.7151028802944618,36.926717999449465
112,3.7333333333333334,track,1,316.47136735488897,227.2656148552136,314.20223760686457,225.54731031254255,316.2538349649592,227.46056126843152,0.29210348285339743,13.087065223820122,13.087065223820122,-0.37491144675622634,0.7190633769581821,35.94152799996664
113,3.7666666666666666,track,1,314.41330315604176,227.3129007921539,314.6963985920208,225.50172120046952,314.3058562804585,226.92231962730966,0.4050907026872933,14.263554838435054,14.263554838435054,-0.34998015031231755,0.7216593831979153,36.607809000997804
114,3.8,track,1,315.2168001016648,221.5538187825645,315.22542139228227,224.78618358534163,315.3206240924915,221.54527308589152,0.10417509300605551,19.038736942299785,19.038736942299785,-0.32333412534581774,0.7593551718285021,36.17692999978317
115,3.8333333333333335,track,1,315.6891541255838,220.17676440062274,315.7475969597129,223.96685408438407,316.13977618711306,220.4613435156073,0.532959205776831,19.916335634365083,19.916335634365083,-0.29713846620631634,0.8021002944223826,36.93594299875258
116,3.8666666666666667,track,1,318.6165750742215,223.45215084328217,316.55715409678106,223.60865094027315,318.44738933807463,223.05983859413828,0.42723847455945213,17.011163050308205,17.011163050308205,-0.25597066542520736,0.82041177611668,37.02804800013837
117,3.9,track,1,319.5109784163712,220.6042794053617,317.392550561142,222.95133625377895,319.6770247235899,220.65322096952295,0.1731087890418164,19.349474718536385,19.349474718536385,-0.213667147620359,0.8544404905315441,36.64338500129816
118,3.933333333333333,track,1,321.2308371154816,221.59827281896116,318.34991374782044,222.47373900055618,321.0167991771995,221.85883419051694,0.3372009302642615,18.16963889277689,18.16963889277689,-0.16514440963714858,0.8789397823950704,35.693682000783156
119,3.966666666666667,track,1,322.0118163820836,221.70650829002722,319.30811006426336,222.0595721055975,322.11546263055726,221.27479238695014,0.44398329449689317,18.844324935988148,18.844324935988148,-0.11675714532700075,0.9001517109733856,36.61190200000419
120,4.0,track,1,320.167449433277,223.39445175026614,319.9515688727288,221.89423237222238,319.9624267896827,223.227619161067,0.26432441658932715,16.772422924322548,16.772422924322548,-0.0824094618443436,0.9084193752636606,37.99370200067642
121,4.033333333333333,track,1,319.92724389470345,219.96549318109737,320.49094578321547,221.34984077652513,320.32608134332315,220.1273348431632,0.4304230872080423,19.875340235533553,19.875340235533553,-0.08413898351267342,0.9367164006444615,37.374112998804776
122,4.066666666666666,track,1,319.85605024250714,224.19158064917298,320.95298270486,221.36564961885847,319.9317888872613,224.62735109745591,0.4423033188954253,15.372800234075473,15.372800234075473,-0.03552056550013675,0.9356289409190591,39.60549299881677
123,4.1,track,1,322.42565302637405,222.10024666371513,321.65880869536346,221.1508819818432,322.1466184232027,221.86324484269142,0.3661013151240268,18.263347401037763,18.263347401037763,-6.968111351715513e-05,0.9468958977504175,36.794038000152796
124,4.133333333333334,track,1,321.8433410556634,226.39878529835326,322.21637068051473,221.4832727776244,322.3009233275721,226.49818924529524,0.46825493081520225,13.696464573576154,13.696464573576154,0.02762610370728249,0.9296148418968458,34.994805999303935
125,4.166666666666667,track,1,319.2016839128479,223.39269875956037,322.3883802543096,221.45370804101765,319.48050786411716,223.81201812292804,0.5035588588203614,16.19631530106939,16.19631530106939,0.03526285389491248,0.9316538392887715,37.71376900112955
126,4.2,track,1,321.3820639589461,225.33049627636274,322.77638102289995,221.67424444343092,321.48563611494404,225.00465862060923,0.34190257297218385,15.068755016606215,15.068755016606215,0.054515681867924076,0.920657199667873,35.85040300094988
127,4.233333333333333,track,1,317.8511201497837,224.73419846342566,322.6849864519619,221.8249017143318,317.8818663146521,224.66126053159158,0.07915344941533846,15.484295876426405,15.484295876426405,0.0487920734776249,0.9135032056209205,38.57061799863004
128,4.266666666666667,track,1,318.75091621382535,226.76924049033238,322.675360645591,222.22310643506324,318.77448478703644,227.0350847158628,0.2668869234171665,13.022707700860803,13.022707700860803,0.047716892118825675,0.8934907336495789,38.19998899962229
129,4.3,track,1,317.85273492286115,226.19495091164094,322.52958035632344,222.53959174331206,317.8576484235922,225.78831296381216,0.40666763223034985,14.372255170692124,14.372255170692124,0.039730437387165876,0.8779668936144321,37.44447799908812
130,4.333333333333333,track,1,320.9545087315891,223.95593810204463,322.73664226709946,222.57823663224758,320.99829587233125,223.76169420406868,0.19911806948457758,16.268963389561442,16.268963389561442,0.05042544228893101,0.8770650682847694,36.15095500026655
131,4.366666666666666,track,1,316.9287727870701,222.14652634216625,322.4238629715826,222.40632624594485,317.1170032309826,222.2713726344583,0.2258700881360145,17.96151159107716,17.96151159107716,0.033875229354926865,0.8870580718285448,35.5599490012537
132,4.4,track,1,320.82662279003745,223.99787069299265,322.5728703145424,222.47443094190984,321.14251451826533,224.37225099992708,0.48984507569548325,15.669456858287313,15.669456858287313,0.04175959896256817,0.8842864169588747,38.13765099948796
133,4.433333333333334,track,1,317.2305137722211,226.99967441557595,322.26065545191824,222.90501332911188,316.80282453593395,226.67200951791432,0.5387785890284688,13.706103065371735,13.706103065371735,0.025432144324242185,0.8625662445558784,37.30009900027653
134,4.466666666666667,track,1,322.05672449858497,226.468438538206,322.5247156118138,223.2517298839665,321.75791285634654,226.4196522401295,0.30276806373400433,13.693651919394194,13.693651919394194,0.039465407694537345,0.8454646945351432,39.593695999428746
135,4.5,track,1,320.1186556078237,225.27630601634067,322.52183770159655,223.4388862357436,320.20635373199593,225.61361254069246,0.3485206627355255,14.387867319100144,14.387867319100144,0.03933037541778261,0.8368112814842233,35.63931899952877
136,4.533333333333333,track,1,321.69144044844745,225.21118599231593,322.68911338189105,223.60985795112032,322.1609382575319,224.8150478769836,0.6142911355001981,15.33794070699078,15.33794070699078,0.0481178527871882,0.828972095414365,36.239163999198354
137,4.566666666666666,track,1,319.70310581880676,224.69604713970045,322.59098745716346,223.71096259187965,319.5439193955048,224.56937726753466,0.20343444614461065,15.437361414097706,15.437361414097706,0.042937561091154985,0.8247512417575927,36.88622200024838
138,4.6,track,1,320.4106767289373,220.86644810095262,322.5672356241219,223.34946596753852,320.6844747289963,221.02500191407623,0.3163931991878844,18.987339413815864,18.987339413815864,0.04175377223876681,0.8446477984822155,37.11358200052928
139,4.633333333333334,track,1,318.29746397331826,225.71367440689698,322.277174400637,223.59200996613322,317.95935856206245,225.242204263206,0.5801718413646655,14.898213063557765,14.898213063557765,0.026672181000698666,0.8326149381140892,35.568530000091414
140,4.666666666666667,track,1,319.2606153846154,224.32086153846154,322.1066941291888,223.65512486364855,319.44252840610545,224.17201290695112,0.23504948944885565,15.837801299287761,15.837801299287761,0.018031478727520124,0.8301111694881013,36.488050000116345
141,4.7,track,1,320.0178076283197,223.20038203216464,322.0254912228872,223.58175612755625,319.8591491343346,223.33801994185,0.2100397864600466,16.6625753839119,16.6625753839119,0.01411118059345067,0.8347297090160664,36.66122699905827
142,4.733333333333333,track,1,324.00975980733887,219.35807085366628,322.41613051566566,223.05473886431002,323.5025561179608,219.87650436654812,0.7252784912002572,20.426036714669383,20.426036714669383,0.034840118956748524,0.8629708216617553,37.76545800064923
143,4.766666666666667,track,1,322.4974622509834,219.70010150996066,322.59132244704114,222.60351068807466,322.7563320476389,219.46032969527542,0.3528513776902714,20.723788808604137,20.723788808604137,0.043986591735155525,0.8868924349104987,37.61489399948914
144,4.8,track,1,320.72656553870087,222.30409697912614,322.53305943584627,222.4955637703322,320.68993849836465,222.56052835036138,0.2590339519008555,17.453113949953885,17.453113949953885,0.040845948415981354,0.8926692995860697,35.21851199911907
145,4.833333333333333,track,1,322.261470734127,220.00762648809524,322.651575550167,222.12442553907843,321.9773878105958,219.50629743769343,0.5762238490541641,20.58887824204572,20.58887824204572,0.04704320350576802,0.9122948973473288,35.737345000598
146,4.866666666666666,track,1,325.70464269749027,223.2698767481959,323.1647288119001,222.17170060638256,325.2197323946853,223.2168962516628,0.4877959970923248,17.576068323136926,17.576068323136926,0.07382788820797764,0.9099371217970276,36.10144000049331
147,4.9,track,1,321.771952069993,222.91599568883535,323.1655265238924,222.17936113159868,322.08691344678505,223.233634541983,0.4473199189614705,16.895745571183227,16.895745571183227,0.0735395220649007,0.9098476938248355,35.370927000258234
148,4.933333333333334,track,1,323.21756920912986,223.19647081388658,323.32850473554566,222.2252569123105,323.4861164843652,222.9245772811901,0.38215668535104175,17.427652428500295,17.427652428500295,0.08186528640824496,0.9078711553619023,36.566593998941244
149,4.966666666666667,track,1,326.2686761156155,222.26372470136783,323.83603883855744,222.16150829133682,326.5552365635888,222.18606046351258,0.2968983398139519,18.981769364688873,18.981769364688873,0.10819751815400601,0.9117304181482621,38.674691999403876
150,5.0,track,1,326.3131465111905,221.16531878879067,324.3067150653137,221.97480000577417,326.69573556860854,221.67352837421407,0.6361221341631286,19.511341241838455,19.511341241838455,0.13237807368230212,0.9220204584805234,37.32862600008957
151,5.033333333333333,track,1,327.27633335452293,227.33437162291017,324.8515685688911,222.54203372696676,327.6985830312184,227.11914970795314,0.4739359262043641,15.006148237795314,15.006148237795314,0.16030925121822504,0.8928121533789752,36.47993500089797
152,5.066666666666666,track,1,322.73762376237624,221.41558441558442,324.8069246472726,222.37007185480277,322.33559226346523,221.7479912780914,0.5216547213994859,18.400837307193008,18.400837307193008,0.15728554357988658,0.9026836544336618,37.13754800082825
153,5.1,track,1,326.7941962581138,227.4135166093929,325.2370026124559,222.92871927108766,326.63562726496195,227.09108115361644,0.359317058780907,14.51453530024379,14.51453530024379,0.17937371382014403,0.8741761853464713,36.69848000026832
154,5.133333333333334,track,1,322.3170391061453,222.25897845171588,325.09206544645264,222.8382555478496,322.24682959441213,222.44284888800442,0.1968189850566893,17.70033328487839,17.70033328487839,0.17129554299723918,0.8799527470790602,37.40350599946396
155,5.166666666666667,track,1,327.5253842277652,226.55864197530863,325.56621523096453,223.2684100457701,327.8103306703966,226.13409300906577,0.5113084195533781,15.914290491950196,15.914290491950196,0.195889125448766,0.8583279329163227,38.26076400036982
156,5.2,track,1,326.4487877288471,225.01391637803067,325.86982320214014,223.48743368087136,325.96145544025615,225.1383906115766,0.5029777274593153,16.012694482198622,16.012694482198622,0.21138007540595968,0.8479498501165741,37.384565999673214
157,5.233333333333333,track,1,322.8713848460241,227.95171466050346,325.7136973647442,224.04322614855462,322.84662194766713,227.5425770115297,0.4098863463727729,12.77852276386472,12.77852276386472,0.2028169492378866,0.819968590281373,36.369215999002336
158,5.266666666666667,track,1,324.84366988157734,226.79160053717496,325.79047394967233,224.4235664581815,325.14550306060835,226.9345987673967,0.3339936553446973,14.042112060357654,14.042112060357654,0.2067171831430192,0.8013774475841468,38.08135899998888
159,5.3,track,1,324.38050253839725,223.60696613328193,325.7954682459796,224.39559025185795,324.17528509576493,223.26133334612854,0.40196544915697696,17.251549697935697,17.251549697935697,0.20691370118813723,0.8041693649951785,38.03513999991992
160,5.333333333333333,track,1,328.4572048342113,223.2335295940502,326.2766372770334,224.32029498980265,328.74777353972166,223.3379990145574,0.3087782901096904,18.81876241258029,18.81876241258029,0.2320895510112683,0.8091941441217316,38.1300890003331
161,5.366666666666666,track,1,327.5150015857913,226.33694893751982,326.60418322183915,224.6168775000347,327.3474140362278,226.0000650713265,0.376266296750132,15.810840301098786,15.810840301098786,0.24898627023910355,0.7945755796763654,37.39186399980099
162,5.4,track,1,324.10185243725107,225.77328191186697,326.49130282828,224.82367637490557,324.564543140828,226.04695827652714,0.537569939403341,14.680682117035792,14.680682117035792,0.24278495073759662,0.7847503470290659,36.55486800016661
163,5.433333333333334,track,1,326.3202121023082,221.4812850904554,326.6390297983499,224.4996806901882,326.3637605882878,221.40847690517285,0.0848380956602356,19.650500752157345,19.650500752157345,0.2504461228509655,0.8026876002703387,35.64834799908567
164,5.466666666666667,track,1,327.30183946488296,223.76762284538205,326.8840580409408,224.46488134625397,327.0516725986036,224.21600221128065,0.5134467029280326,17.287587241491917,17.287587241491917,0.263192717014923,0.8051687875717036,36.79782299877843
165,5.5,track,1,327.2128611369991,221.49040074557317,327.09232231506945,224.15659512740083,326.6998103102386,221.4335406474866,0.5161920394524081,19.73830973213541,19.73830973213541,0.2739550947796471,0.8219036288742474,35.592791999079054
166,5.533333333333333,track,1,331.06874157578727,224.58895968631296,327.7377337609287,224.23544404066448,331.32813163483206,224.227295727913,0.4450663113927931,19.419185523363083,19.419185523363083,0.3075576546050693,0.8181897818862927,36.17610999936005
167,5.566666666666666,track,1,327.2538305685703,225.82005824996835,327.8750833037811,224.45478553729336,327.42932294938504,226.1335641381875,0.3592819473228367,15.731270863983594,15.731270863983594,0.3143065838513143,0.8072357437633546,38.06122800051526
168,5.6,track,1,327.7960879570442,225.6288672973664,328.0561269257157,224.63542507597424,327.7579087116573,225.63230714961807,0.038333893121198004,16.328372405764277,16.328372405764277,0.3234694769215085,0.7984680816106531,36.871481001071515
169,5.633333333333334,track,1,329.6264529314089,224.0540298888747,328.43243795001274,224.6136856972395,329.5702520464822,223.80233722724125,0.2578909369998787,18.813665340204484,18.813665340204484,0.3429066212644242,0.8003690901531124,37.43751599904499
170,5.666666666666667,track,1,327.6406995230525,223.2348049406873,328.5353535748095,224.49231156098688,327.5227390866173,223.67957553598987,0.46014731011903093,17.9707500692314,17.9707500692314,0.34797110230789957,0.8074094504601804,36.22220500074036
171,5.7,track,1,328.60484073238024,223.8523325808879,328.7344540573852,224.4497305460932,328.4544480480594,223.9488133433591,0.17867987302504593,18.141617482563756,18.141617482563756,0.3581891212250472,0.8102174324109093,37.06152300037502
172,5.733333333333333,track,1,328.23318525933803,225.03804041794407,328.8643092992298,224.54949580031257,328.1746078058245,225.0503464677388,0.05985613520499645,17.038672293159962,17.038672293159962,0.3648133100571977,0.8055553417729918,36.0867010003858
173,5.766666666666667,track,1,330.848490507314,220.38145035792095,329.28660163954464,224.0841541098386,330.8700169481059,220.0683776928903,0.31381185644039394,22.70301381414773,22.70301381414773,0.3867934687048235,0.8305135058590246,36.52826799952891
174,5.8,track,1,326.0840377921432,222.46090253605172,329.10048766469436,223.89496037574378,326.23964892101407,221.97531376164565,0.5099130134225394,19.07413255297951,19.07413255297951,0.3768222298898933,0.8407217633868401,36.70335700007854
175,5.833333333333333,track,1,328.07802163833077,223.95363214837712,329.15213151839777,223.89599425082338,328.4281288391939,224.33102804568557,0.5147841444736493,17.791853131001957,17.791853131001957,0.37957781676936014,0.8409472000138271,36.64235199903487
176,5.866666666666666,track,1,326.67682068347625,226.3242672468962,329.0218473961522,224.18085453290587,326.24565916404526,226.43080087252446,0.4441279874400386,14.937584254306504,14.937584254306504,0.3728737244722032,0.8264300555647229,38.34874400126864
177,5.9,track,1,326.6919849718222,224.56374452097683,328.891103436895,224.237420870237,326.5287173030859,224.59006506953133,0.165375641890803,16.735896874230896,16.735896874230896,0.3662991644313832,0.8240993529812259,37.28821799995785
178,5.933333333333334,track,1,330.3608429553915,223.32374282289103,329.1980214515557,224.141411391335,330.502463733983,223.27318492343326,0.15037468579002725,19.750647763789637,19.750647763789637,0.38271518549037853,0.8297723818816612,36.951161000615684
179,5.966666666666667,track,1,331.15383641428207,225.28247657634844,329.57192407505903,224.2849091302702,330.6600593972672,225.1089844535482,0.5233691423897829,18.313361525343574,18.313361525343574,0.4024276153533248,0.8228424201201396,38.61342100026377
180,6.0,track,1,332.9862482810351,223.05644455556944,330.1322983475975,224.1526231280478,332.8706908545003,222.88030712808785,0.21066065647665924,21.418183095228166,21.418183095228166,0.43170669745308715,0.8304304367758989,37.60097899976245
181,6.033333333333333,track,1,329.2882854634391,224.1508215226389,330.2051349526969,224.15869129244157,329.70710678056747,223.94113017916135,0.4683820611536883,18.764733463920596,18.764733463920596,0.4352505456164075,0.8306753886962155,36.55044599872781
182,6.066666666666666,track,1,332.0000662076271,224.83997616525423,330.58658989355285,224.24639183472718,331.85721785328724,224.65031243838425,0.2374404801794026,19.39604401571452,19.39604401571452,0.45507820877900423,0.8266654667823071,37.54978500001016
183,6.1,track,1,331.45854452161944,224.12064326387585,330.8684252329189,224.24209630684527,331.8071268608841,223.88021252224607,0.4234578949174084,19.98138616405188,19.98138616405188,0.46960394088934265,0.8275271971486945,36.38592700008303
184,6.133333333333334,track,1,327.7838959079766,225.6699352567729,330.6815862069583,224.42267410115863,327.7805976398616,225.4380315143274,0.2319271961904978,16.510258199408675,16.510258199408675,0.4596265111891471,0.8187057149879525,36.532032001559855
185,6.166666666666667,track,1,333.2357850808555,226.10602503912364,331.14703673357934,224.64330564607474,332.8003620072881,226.10274738864203,0.43543540966210337,18.893991046402025,18.893991046402025,0.48405947637157054,0.8078961733251672,35.24439399916446
186,6.2,track,1,332.4260213702074,227.24512884978,331.47588390298364,224.98491672430342,332.51944542996137,227.35521385226255,0.14438408053691762,17.79401951768609,17.79401951768609,0.5011445204161127,0.7908587927679419,36.626049999540555
187,6.233333333333333,track,1,331.91214534594326,228.504168740667,331.7111814760514,225.45345445393855,331.77389018888533,228.7109196708587,0.24871758198453636,16.311585602195013,16.311585602195013,0.5132867197326724,0.767327892190457,36.3476990005438
188,6.266666666666667,track,1,330.4457149959605,230.1356037536511,331.7444945763664,226.08429380276928,330.1781473910109,230.47847385435244,0.4349164622929355,13.937508545482292,13.937508545482292,0.5148950341818131,0.7354879284005327,35.41262300132075
189,6.3,track,1,331.55786719820605,230.5762426809518,331.89694058026754,226.7232321902094,331.93496673944975,230.15957078185215,0.5619782340140101,15.468596519049477,15.468596519049477,0.5228830873024455,0.7034467802529746,36.52130000045872
190,6.333333333333333,track,1,332.14882572640374,231.08007849591695,332.0992479437528,227.3753491258842,332.3663014014071,230.81232406166708,0.3449465266945467,15.405804084768338,15.405804084768338,0.5335080976913336,0.6708702308455906,37.53520200007188
191,6.366666666666666,track,1,329.7151828592538,226.73525427902968,331.98669188154236,227.45807432265926,329.8988563400336,226.66870938767013,0.19535652051525387,16.604537519335427,16.604537519335427,0.5276604971102679,0.6681745357102679,36.51652299959096
192,6.4,track,1,330.561774090619,231.1657306955967,331.9715483121449,228.05525626660042,330.5039812916352,231.358118068891,0.20088033506907105,13.602049341413633,13.602049341413633,0.5271029209196575,0.6382850084654587,36.82037799990212
193,6.433333333333334,track,1,332.31680130252363,230.25117414991547,332.1573709070262,228.49532741532482,332.1315551546454,229.7664962788186,0.5188725990401751,15.871333557128622,15.871333557128622,0.5371275943946542,0.6167315249839743,37.588324999887845
194,6.466666666666667,track,1,332.53434305659437,229.54313138868113,332.34820075080586,228.81146088639292,332.3177678857164,229.44976226536534,0.23584443565530966,16.218351394136704,16.218351394136704,0.5473377600471574,0.6016363355350236,38.01067099993816
195,6.5,track,1,329.0681254082299,224.4680600914435,332.10309097529074,228.48841538164515,328.8787892011439,224.73314425091644,0.3257572883562009,17.660967757789354,17.660967757789354,0.5346992041943164,0.6198627876125717,36.238477998267626
196,6.533333333333333,track,1,330.298750780762,229.10730793254217,332.0113611543728,228.7282148732598,330.20037889467085,228.7147305501596,0.4047147503260594,15.212003028869916,15.212003028869916,0.5303223909974921,0.6081788484241574,36.94940900095389
197,6.566666666666666,track,1,329.53361207290783,228.45240739530934,331.8260570349422,228.8639009274158,329.52761699613836,228.61274756883574,0.16045221155206976,14.847390462844334,14.847390462844334,0.5211215962571663,0.6019647450809051,37.571763999949326
198,6.6,track,1,335.4428267731753,226.8971848225214,332.3521598970628,228.7942333327379,335.4662248581881,226.4083483898232,0.4893960853085944,20.589732996240087,20.589732996240087,0.5492252649325013,0.606437203729229,37.01344399996742
199,6.633333333333334,track,1,333.3720796995353,224.3530460245719,332.59122955069006,228.4141929364658,333.59812629065857,224.40089425927303,0.23105522050469804,20.69398798025844,20.69398798025844,0.5619398177041222,0.6269702339763861,37.02554399933433
200,6.666666666666667,track,1,333.5188920175496,222.76445550389627,332.8252110814233,227.85869798709814,333.9198726262209,222.36662493915946,0.5648491894030017,22.465501774197868,22.465501774197868,0.5743106206672991,0.6563626328827878,36.540004999551456
201,6.7,track,1,335.6820985691574,224.07802861685215,333.2951957099399,227.4879439881744,335.37075525789595,224.26957285092223,0.3655459630097689,21.99332752201401,21.99332752201401,0.5989729756099392,0.6757675146196932,36.79262200057565
202,6.733333333333333,track,1,332.6834183356139,225.03731807438737,333.368525985801,227.25029147822914,332.6526470839115,224.8251674208822,0.21437063631478379,19.757657301266,19.757657301266,0.6027135244083681,0.6881073616195139,35.64559400001599
203,6.766666666666667,track,1,335.94302715705516,226.65107298854213,333.81769626390275,227.21720509493798,336.13040877711495,227.06231850670665,0.45192338703218093,20.677855056526834,20.677855056526834,0.6262367426250272,0.689766137011134,37.49330299979192
204,6.8,track,1,331.80256426860063,225.897364501716,333.7341608133976,227.09362704747204,331.37013392280835,225.9965588218014,0.4436614893127829,18.038190326467504,18.038190326467504,0.6217589917320786,0.6963002056072296,37.23675800029014
205,6.833333333333333,track,1,331.7852037617555,223.63278996865205,333.6438327215235,226.70489301119682,331.69506195136836,223.3717850365495,0.2761324330130757,20.32909262404652,20.32909262404652,0.6171677408436165,0.7167418989738469,36.982079000154044
206,6.866666666666666,track,1,331.7610710607621,225.25006436663233,333.54726999058414,226.53267308364113,332.1354968415874,224.77202481141288,0.6072202909167571,19.472070047542516,19.472070047542516,0.6124230559681284,0.725725260894919,37.182922000283725
207,6.9,track,1,336.7191025398626,224.70019537404676,334.0416010864508,226.30552355274105,336.46380867542837,224.92011535665316,0.3369566084340311,22.326215912190726,22.326215912190726,0.6386984822452987,0.7376270104629669,42.22912600016571
208,6.933333333333334,track,1,335.81473442288046,228.32252298263535,334.3890435369567,226.52652152726057,336.0295578232355,228.35149883109196,0.21676875497608986,19.81500198058286,19.81500198058286,0.6570023124613364,0.7260955464019149,41.19875300057174
209,6.966666666666667,track,1,335.28940103999486,230.47435321307054,334.6429630627855,226.99210760652542,334.9615068274525,230.44056112964134,0.32963088374914573,17.754705237317587,17.754705237317587,0.6703114562777811,0.7020629406232879,39.200544999403064
210,7.0,track,1,335.10558926860426,228.47396997764292,334.8494548576627,227.18929425188287,335.35742921036547,228.26594858048972,0.32664393142971077,19.327146573333003,19.327146573333003,0.6811310276712674,0.6924191401011638,38.15384399968025
211,7.033333333333333,track,1,333.819883880227,229.1773762150173,334.8794406312407,227.45680235838583,333.64641076224143,228.93158382770818,0.3008435146762268,17.570838433463265,17.570838433463265,0.6827478457906411,0.6791704725961346,35.10281800117809
212,7.066666666666666,track,1,334.0083912580625,229.3922600037573,334.92031726015375,227.731116990629,334.4553402510443,229.12099372663906,0.5228276919110336,18.091700839591827,18.091700839591827,0.6850673788498147,0.6656589669499026,37.09169300054782
213,7.1,track,1,333.1554033203728,231.62081096093317,334.8473508707524,228.2517919091501,333.1879588874355,231.31644976827312,0.30609737101815493,15.790069798566863,15.790069798566863,0.6815210210475782,0.6393323681802814,35.66230300020834
214,7.133333333333334,track,1,334.947872210706,233.76545543226436,334.9845952003297,228.99233289978235,334.6853712405468,233.4746538285481,0.3917554493028658,16.069855977262527,16.069855977262527,0.6890997641712823,0.6017100200497968,37.03707900058362
215,7.166666666666667,track,1,334.1399544246107,230.56121027978224,335.0085252669507,229.2974469016273,334.51429949635974,230.32039751980074,0.4451123657153214,17.445904792950934,17.445904792950934,0.6907123531355701,0.5871297161429185,35.97936000005575
216,7.2,track,1,335.00144936668977,232.90831180288612,335.12600905109923,229.85639005899958,335.13287565605333,232.82733446922683,0.15437032779145862,16.7466729960883,16.7466729960883,0.6972615497018589,0.5591836633580811,39.53451099914673
217,7.233333333333333,track,1,335.1216424822476,232.3964803951837,335.2428684856758,230.31051276797862,334.8949284116284,232.5078474719994,0.25259037118462313,16.673069360209634,16.673069360209634,0.7037501716259745,0.5368112334869071,38.088384999355185
218,7.266666666666667,track,1,336.254432348367,232.3736236391913,335.48030298596933,230.72347416368797,335.92120060604697,232.66711552022707,0.4440505357766917,17.528714257802395,17.528714257802395,0.7165255317394417,0.5165828912397625,36.947325001165154
219,7.3,track,1,333.157985117344,230.1932201233861,335.32492298284626,230.83885139643814,333.696963064762,230.74141441407025,0.7687744845801973,16.532640570986835,16.532640570986835,0.7086735701782285,0.511877437515168,36.93459399983112
220,7.333333333333333,track,1,331.8732367638687,233.25137579859575,335.0179800379584,231.30124831467666,332.2451086457388,232.96842052627767,0.46728190919209717,14.120403522605882,14.120403522605882,0.6930882283544472,0.4888069058872899,37.63635500035889
221,7.366666666666666,track,1,332.0039662553513,231.0480357592546,334.7394363120817,231.45968984596226,332.230815158777,231.27489717554175,0.3208216438852642,15.023989441740765,15.023989441740765,0.679216710983521,0.4816951683415236,36.08959300072456
222,7.4,track,1,336.5509207065013,234.2012401352875,335.01716064371914,231.97314947109382,336.619435900203,234.66803410802007,0.47179544799355266,17.453810756227213,17.453810756227213,0.6945697322617841,0.4558674574400425,37.82657800002198
223,7.433333333333334,track,1,333.76439657903074,232.73538169147926,334.9401003311903,232.26686086603624,333.80096211131325,232.60284551010224,0.13748773590799135,15.658366764938116,15.658366764938116,0.6911112677689643,0.44164729835055466,37.5951250007347
224,7.466666666666667,track,1,335.04018247719034,232.19091363579554,335.01587928372726,232.46389916381085,334.9884011725509,232.46011420149605,0.27413545572151427,16.778022754895943,16.778022754895943,0.6956912073751907,0.4324182942698855,37.03851499994926
225,7.5,track,1,335.9844877801697,230.33360769912625,335.19571284567945,232.4131740664882,335.97717238182554,230.14494140824436,0.18880806224327606,18.772112751779044,18.772112751779044,0.7056463751300652,0.43603473766618595,36.794620000364375
226,7.533333333333333,track,1,338.5614788236048,233.08656372140706,335.6682349192608,232.68191598075848,338.49095974496754,233.33125225139042,0.254647633323508,19.65674919269703,19.65674919269703,0.7307941420676559,0.4227102471176735,37.66786099913588
227,7.566666666666666,track,1,333.8995532865348,229.5275047862157,335.5487420325769,232.4959610394683,333.9429729149809,229.25921661247833,0.2717789695722098,17.600310266741097,17.600310266741097,0.7247244150134234,0.43319918747820796,36.451148000196554
228,7.6,track,1,338.59296198720364,230.55896374357044,335.99228141515215,232.43299905263163,338.61339688700787,230.93797994783145,0.37956668481629124,20.702143635362475,20.702143635362475,0.7482932049187043,0.4369911694925526,36.310294999566395
229,7.633333333333334,track,1,339.1143273372181,229.98270838611603,336.4649291619426,232.29438239456542,339.25324757559235,230.11939650013778,0.19489092627614832,21.64056070735096,21.64056070735096,0.7731629980777006,0.4446332701622224,37.21674799999164
230,7.666666666666667,track,1,336.14543707973104,230.35907780979826,336.54616531001284,232.1997538986042,336.4400738952834,230.07086326492075,0.41216316788109236,19.205826875880096,19.205826875880096,0.7773985902663463,0.4498538457986581,36.987408999266336
231,7.7,track,1,336.9123123510083,231.11687391276337,336.7063479734237,232.19305487064733,337.3490383660233,231.61599288799553,0.6632114019132009,19.26864570954301,19.26864570954301,0.7858991536556157,0.45042136546254324,37.122120998901664
232,7.733333333333333,track,1,338.424030759372,228.8760012816405,337.0297328554736,231.91097080553004,337.8995864182722,229.20688944536923,0.6201038975908661,20.901828374323525,20.901828374323525,0.8029796772509339,0.465406389123395,37.19448599986208
233,7.766666666666667,track,1,336.1326856784707,235.32948918834222,337.05103047689283,232.41130571663447,335.87169350016234,235.48925248487714,0.3060085424589409,16.500227201717024,16.500227201717024,0.8041951407858816,0.439318014174437,37.753565000457456
234,7.8,track,1,338.60795241077017,233.43926111458987,337.35881329310047,232.64796462659737,338.64590142331696,233.34663874822164,0.10009510629859696,19.797395178020746,19.797395178020746,0.8205376469577997,0.4274046972048093,36.95802399852255
235,7.833333333333333,track,1,339.5349510813594,232.8209963954686,337.750160552286,232.78840548816333,339.6568679155733,232.67418435270395,0.19083367199073448,20.97760785095532,20.97760785095532,0.8411703478386183,0.42062032857100834,36.93819899854134
236,7.866666666666666,track,1,337.15259533222803,234.63327381711517,337.82338161925736,233.12903424420293,337.6067401656742,234.4122463994789,0.5050748945382136,18.47214902391438,18.47214902391438,0.8450637888960095,0.4033731969775177,37.96787799910817
237,7.9,track,1,335.33620414673044,234.22347687400318,337.66551130846034,233.39137033122987,334.86492269172516,233.99602652877272,0.5232971138630083,16.03164445944852,16.03164445944852,0.837007582058917,0.3903490262388809,35.62188099931518
238,7.933333333333334,track,1,338.8579743151768,230.87828177389764,337.92996505089053,233.22860681164096,338.87186367267435,230.66600143265154,0.21273424155799361,21.05399647894121,21.05399647894121,0.8512752684096804,0.39958897057786713,37.39383499851101
239,7.966666666666667,track,1,335.23296135174326,235.47519071937455,337.736331884357,233.6171714601728,335.4611517281791,235.3718913118605,0.25048276485757004,16.13897774925687,16.13897774925687,0.8414888648613912,0.37975309462373047,36.21372999987216
240,8.0,track,1,337.6780695266272,234.01140285996055,337.83921336638474,233.79835442509406,337.2510341291426,234.07112015644077,0.4311906610812966,18.24143072031924,18.24143072031924,0.847430167056186,0.3709402171563995,37.0069880009396
241,8.033333333333333,track,1,339.8598059729884,234.52418996893033,338.1894841996048,234.02081698344844,339.67736375486743,234.75813758503932,0.2966760017864257,20.36358921994715,20.36358921994715,0.8662722207293756,0.3599580258653476,35.88982099972782
242,8.066666666666666,track,1,333.61206783225975,232.6269225713159,337.7633975252553,233.99360747973157,333.87199466705613,233.04129484245507,0.4891485853360888,15.519530067385288,15.519530067385288,0.8443396944753566,0.3620472049948441,37.90420600125799
243,8.1,track,1,337.13815833277846,231.7401957520474,337.77835592896884,233.85320022403323,336.7415883625014,231.39950999153197,0.522814047959265,18.821509219114173,18.821509219114173,0.8458406304733932,0.3699051926702178,37.019147999671986
244,8.133333333333333,track,1,338.49712717058225,236.81460674157304,337.9491741117137,234.32036023232672,338.50289839783443,236.79371314895084,0.02167600693529214,18.778645438151138,18.778645438151138,0.8554657473681633,0.34581813633205016,38.089253999714856
245,8.166666666666666,track,1,334.352440264362,232.55782918149467,337.6080605736604,234.24156149402145,334.8420720089344,232.9586047368214,0.632740302999961,16.427670217371297,16.427670217371297,0.8382063059750493,0.3505429921807883,37.07860899885418
246,8.2,track,1,337.77625008106884,232.14339451326285,337.6924175968581,234.1098035696467,337.603791097001,231.99758197709622,0.22583931652626,19.337325440715624,19.337325440715624,0.843440084824259,0.3578692131769718,37.50263899928541
247,8.233333333333333,track,1,336.31648653714,234.19685137752234,337.59274706813517,234.2244100360713,336.67076231079125,234.40933580982673,0.4131113140158519,17.583226157624875,17.583226157624875,0.8389489478319564,0.3521633642880043,35.273506999146775
248,8.266666666666667,track,1,336.6170907948476,238.1071316368206,337.5312294264896,234.7927422525084,336.4314649622084,237.842449086159,0.32328594520600606,16.572509367929115,16.572509367929115,0.836499193849246,0.3227866655601843,36.22790599911241
249,8.3,track,1,337.96821424102114,236.71455387310723,337.63169358304077,235.15179852259408,338.22672394452195,237.02107760714398,0.40097888514472135,18.468552849979037,18.468552849979037,0.8425261441293658,0.3046777784405455,38.1021770008374
250,8.333333333333334,track,1,338.0744727182231,238.78678529210478,337.73541288335116,235.7276367780852,337.8250896264573,238.67699993660003,0.27247889962703026,17.87411954080516,17.87411954080516,0.8486242989617062,0.27532180300011827,37.542124000538024
251,8.366666666666667,track,1,338.42284847718946,235.35896625805637,337.87097287198793,235.8479577054352,338.73899048006353,235.83729309086317,0.5733605540706611,19.195777999947992,19.195777999947992,0.8563170797085654,0.2699793788062986,36.459020999245695
252,8.4,track,1,337.312476768678,238.11343080163547,337.8617301390035,236.2795804053706,337.12563809212713,238.2818975768001,0.2515745324742616,17.2116052708375,17.2116052708375,0.8563701856985334,0.24819987496735216,37.460348999957205
253,8.433333333333334,track,1,335.58805839233133,234.21095169475598,337.64318272666634,236.20683785056926,335.98426755830826,234.1731338679914,0.39800991347619474,17.0132059969876,17.0132059969876,0.8455252983366659,0.25287754890729924,37.838902999283164
254,8.466666666666667,track,1,337.91015575535016,237.31246042801064,337.71283114624856,236.49851698241528,337.8884928766501,237.13237147866218,0.18138718254332406,18.116883582292836,18.116883582292836,0.8499149958374981,0.238233760966694,37.606580001011025
255,8.5,track,1,332.63007789866737,234.03836992210134,337.1441927533435,236.36995260252,333.04137015716043,233.63778091713183,0.5741366325177151,14.51051919245092,14.51051919245092,0.8208599698400134,0.24560985876725774,37.19759600062389
256,8.533333333333333,track,1,334.5312480567129,236.05926248367638,336.83655654432135,236.48069588859138,334.6445748032625,236.41638736615673,0.37467470313609524,15.076665767927352,15.076665767927352,0.8058105756667198,0.2402344525393161,36.01336599967908
257,8.566666666666666,track,1,335.9853272411352,234.6916146470172,336.72205691652056,236.4114254282587,335.5940901101468,235.0113493998076,0.5052690420023881,16.372607647353487,16.372607647353487,0.8009379605039775,0.2442584269518153,36.65176799950132
258,8.6,track,1,333.909835545114,237.81497237919868,336.3674273164752,236.71087637052398,334.122009695565,238.1167849245155,0.36892910244413174,14.2470227367743,14.2470227367743,0.7834376689535761,0.22887771471340831,36.44818700013275
259,8.633333333333333,track,1,336.8742965539045,237.4963009800822,336.39102584388814,236.94481059071828,336.67143718584373,237.80192596777195,0.3668222407520889,16.815717269646523,16.815717269646523,0.7858154590294008,0.2170709308483273,37.2940759989433
260,8.666666666666666,track,1,338.1659958531528,240.52957677765582,336.5699597020088,237.5177250529079,338.6236358978402,240.88928826660094,0.582088280057735,18.644855796611456,18.644855796611456,0.7961412700835735,0.18759833778412244,37.85884100034309
261,8.7,track,1,339.0152729567687,236.80668980751025,336.8412136626181,237.5998237205015,339.09769147012406,236.3376807296987,0.4761956808008275,19.445678232596304,19.445678232596304,0.8110736551185044,0.18404377786709794,36.34199199950672
262,8.733333333333333,track,1,337.81963190184047,240.4083435582822,336.9535901626159,238.09679740656605,337.4696756575499,240.10233209966532,0.46487889360865564,17.469975370292108,17.469975370292108,0.8174874645076011,0.1586552516660853,39.24224299953494
263,8.766666666666667,track,1,336.1449064826584,239.26614611706313,336.8588358160083,238.41533742560605,336.4912129610027,239.1436479024021,0.3673336215735653,16.513432224713426,16.513432224713426,0.8130273664461345,0.1427613029149036,37.78342400073598
264,8.8,track,1,340.2724293059126,240.47011568123392,337.26360009259736,238.84624636221218,340.3228052536146,240.7162283183357,0.2512153782077625,20.335422208066674,20.335422208066674,0.834788671229321,0.12098783092948528,37.29775600004359
265,8.833333333333334,track,1,341.2749950635161,238.09129204238795,337.76276564639403,238.9534950129176,341.0171398989605,238.50097076507512,0.4840722484408428,21.070530562366905,21.070530562366905,0.8612384496697947,0.11620297433293582,37.64425600093091
266,8.866666666666667,track,1,337.0402987885255,242.33689033958947,337.72253625029566,239.54909623383037,337.4902587512764,242.20658658727268,0.46844747405297255,17.628901711500106,17.628901711500106,0.8592557142642288,0.06214123062316282,37.559230000624666
267,8.9,track,1,342.4173127442814,236.43935413596463,338.3249762231051,239.38938999346843,342.45137701163503,236.61138573703502,0.1753717368254678,22.705660887579196,22.705660887579196,0.8910658030960874,0.09520759151166025,36.8580699996528
268,8.933333333333334,track,1,339.1305452292441,239.69225526641884,338.49345268505203,239.61534647352778,338.79681434721067,239.42789338928694,0.42575051814825715,18.805518753215143,18.805518753215143,0.899907345277795,0.06368842003636119,34.80154200042307
269,8.966666666666667,track,1,338.4008251144202,236.34042416038162,338.5593618917037,239.41401058297768,338.76395808655815,236.6473069389111,0.47543937070013076,19.06112992023255,19.06112992023255,0.9034749555829739,0.09501014438950744,37.16910599905532
270,9.0,track,1,337.84652786435606,238.49650916344595,338.54989176023446,239.47120393597572,337.82930626682287,238.2098650955051,0.28716093938289894,17.918949325573198,17.918949325573198,0.903230788170908,0.09212334058868486,36.29220400034683
271,9.033333333333333,track,1,338.4331915425998,236.51501313649445,338.60635975314705,239.27716346434127,338.29921275511737,236.9647176088388,0.46923813564306893,18.549235203941517,18.549235203941517,0.9065738898414107,0.10238487044359276,36.20979599872953
272,9.066666666666666,track,1,336.29059185338605,239.98330509006465,338.3985164408352,239.50008156603053,335.76877648356873,239.94456779435544,0.5232512381795646,15.768873914080636,15.768873914080636,0.896152342629485,0.06455275032641535,36.96547799881955
273,9.1,track,1,336.4143175074184,239.7871538081108,338.2142772060279,239.6765610948547,336.65380205270094,239.55891746818867,0.330824234738381,16.659642151331315,16.659642151331315,0.8871729972847264,0.0649959271976788,36.36905999883311
274,9.133333333333333,track,1,334.79014765451456,237.062524500196,337.84412807256723,239.50693067705078,334.65234779033256,237.56424580668948,0.5203009436452289,14.853423654467447,14.853423654467447,0.8686011048427118,0.06530615100756322,37.13595699991856
275,9.166666666666666,track,1,335.5330354895545,238.27636546690158,337.58383799575086,239.4841424936032,335.1427062749359,238.53802857514245,0.46991965057766677,15.213116504388022,15.213116504388022,0.8559796644039909,0.09249620704020493,35.75026999897091
276,9.2,track,1,335.30014295481385,238.95574616197402,337.31121017190964,239.53613299859722,335.67628581529186,239.14815123129577,0.4224963457703381,15.69941346953649,15.69941346953649,0.8427832522966506,0.06534645818099773,37.44335000010324
277,9.233333333333333,track,1,336.0156662891657,239.85126462816157,337.14144643115793,239.6845845245926,336.16559346048626,239.81831658020752,0.15350482260880757,16.166614388756347,16.166614388756347,0.8350193797794772,0.06555732609283343,37.92085299937753
278,9.266666666666667,track,1,339.78303120911977,236.85429514732448,337.43396385189135,239.45813514237963,339.5620037188401,236.86193204331127,0.22115938514934216,19.812103876083206,19.812103876083206,0.8513962142694057,0.09403769237394335,36.25756499968702
279,9.3,track,1,336.37172290420085,240.12528530010488,337.30141528527383,239.6301296525713,336.86614265512,240.2018996319377,0.5003205431931759,16.867351052380275,16.867351052380275,0.8452292234063563,0.06546282006118488,37.2663170001033
280,9.333333333333334,track,1,336.07233436853,240.85326086956522,337.14183540003165,239.8723855323984,336.1811606879503,240.89339955488714,0.11599259397884781,16.205805255337996,16.205805255337996,0.837700371581083,0.06564487538861268,37.861752998651355
281,9.366666666666667,track,1,338.62224442640354,243.76856304252794,337.2981483168976,240.44178686672254,338.54722249119936,243.9053614145166,0.15601950307741616,18.953925976326026,18.953925976326026,0.8467405833175413,0.06577231411781212,38.63787299997057
282,9.4,track,1,336.88786889285933,243.4825334236954,337.2384296867442,240.9342139894231,336.45768675687066,243.81808855666236,0.5455766833216492,16.894770007721085,16.894770007721085,0.8443181416742258,0.017013807256290665,37.18371499962814
283,9.433333333333334,track,1,334.3936370115985,240.2818635391693,336.8848915139754,241.00437525869964,334.6355524098125,239.75325766814512,0.5813322860243143,14.637632189623325,14.637632189623325,0.8265552566224446,0.014003256284559317,37.164547999054776
284,9.466666666666667,track,1,335.25001601434883,244.55473704439177,336.65708303576855,241.57164998015827,335.24151817678893,244.26583422627573,0.28902776952844117,15.827230268731569,15.827230268731569,0.8155689532471285,-0.01516329833503061,37.13150799922005
285,9.5,track,1,339.2798382956879,243.51110112936345,336.9277438412542,241.96898373297338,339.0635838380669,243.5294980687045,0.21703556809443297,19.387562646397676,19.387562646397676,0.8307039757485952,-0.03524217285700663,37.58294900035253
286,9.533333333333333,track,1,334.8261417322835,242.0817007874016,336.65131338475464,242.15959438421635,335.24901261080555,242.48315070692445,0.5830795981570132,15.449868058912545,15.449868058912545,0.8169529561192752,-0.04448540822388921,35.448259999611764
287,9.566666666666666,track,1,338.8476621417798,245.02589240824534,336.87499086551355,242.67892066192485,338.9138463895162,244.7792668639962,0.25535174509804215,19.508330964065262,19.508330964065262,0.8295071404341193,-0.07103399440441233,38.12049399857642
288,9.6,track,1,337.9550205891669,240.10681026290783,336.98018396027936,242.56572124990026,337.73580666436135,240.35431806499076,0.3306279735905337,17.73934551573939,17.73934551573939,0.8356532108860454,-0.064384324487348,37.6558500011015
289,9.633333333333333,track,1,338.804340987732,241.19301667190942,337.1817915478258,242.57724070468967,339.2353293962269,240.92276795459907,0.5087095216966705,19.257450445980286,19.257450445980286,0.8467696012257552,-0.0645774214996813,38.13038299995242
290,9.666666666666666,track,1,339.66582549996843,242.71806195192733,337.47466940593165,242.75922794151057,339.82513921353825,242.9565995189776,0.2868467016119853,20.044391373942755,20.044391373942755,0.8625483379880688,-0.07382814132060986,37.31423999852268
291,9.7,track,1,337.71003670421464,243.42418681179598,337.5153056495121,243.0035848806024,337.5452792792059,243.35467885801717,0.17881936342027946,17.86310989793655,17.86310989793655,0.8650051111242741,-0.08633247539078728,36.615214999983436
292,9.733333333333333,track,1,338.6368678039665,242.5148592440774,337.663407125143,243.11317172061823,338.1371404166739,242.03432098463168,0.6932852806755624,18.250871879520133,18.250871879520133,0.8731520553418567,-0.09174702548597491,36.96748199945432
293,9.766666666666667,track,1,340.9700100806452,244.9029737903226,338.0802356178181,243.49069885801256,341.11764579823137,245.09618502194633,0.24316020466504787,21.72385936792698,21.72385936792698,0.8953317694678197,-0.11123007414038026,35.5619679994561
294,9.8,track,1,340.9331067213956,242.64449717804,338.4648030308946,243.5637314139621,340.744658749152,242.56911100683277,0.20296727088869446,20.90313847210982,20.90313847210982,0.9156421792657822,-0.11466328246188905,39.002198000162025
295,9.833333333333334,track,1,340.93740989908696,246.43218404613168,338.8226865953011,244.07401137142955,341.43973222547226,246.1266783296096,0.5879298107876524,22.297943969219705,22.297943969219705,0.9344548958952603,-0.14106742083231108,36.58309099955659
296,9.866666666666667,track,1,338.5643675298805,241.95580179282868,338.8700718270143,244.00587655249487,338.7271319050535,241.54291405946256,0.44381135878848044,18.790584162930124,18.790584162930124,0.9369820452891556,-0.13702562255882558,36.91670000080194
297,9.9,track,1,338.8204258526475,246.54494064443188,338.9400853192845,244.47910976513108,338.53390974468687,246.87459079267998,0.43676160586857143,19.76779727210392,19.76779727210392,0.9408590687686944,-0.1615236334896344,37.742995998996776
298,9.933333333333334,track,1,338.33811527671514,247.15187452180567,338.9431337261672,244.98406134619512,338.72228037330046,247.50087929539342,0.5190251953628513,20.168960622216836,20.168960622216836,0.9413374521520305,-0.18749734975024487,36.57822000059241
299,9.966666666666667,track,1,335.32774626095926,244.3604306343476,338.58119239409467,245.111292675225,335.2806817917967,244.7172691375753,0.35992885636376937,15.992243874405753,15.992243874405753,0.9228468702176602,-0.19357818354483158,37.24308099845075
300,10.0,track,1,335.3822742266758,246.45839297939878,338.2442869000449,245.46849253355225,335.064314451064,246.79727461183526,0.4646925647241816,16.526842167493317,16.526842167493317,0.9059788698776109,-0.21182998982956144,36.17668100014271
301,10.033333333333333,track,1,338.16722755919966,242.28379122560116,338.25894285609644,245.2912580231625,338.34320201304456,242.81963358510563,0.5639982647538291,18.5586474088393,18.5586474088393,0.9076925708225984,-0.20209493058518066,35.7586509999237
302,10.066666666666666,track,1,338.1649067341132,246.85210243439772,338.27087021256995,245.65865890933216,337.84947577248175,246.44588335186344,0.5143059736875643,18.977702641211433,18.977702641211433,0.9091752918799103,-0.22115237511448918,38.367805998859694
303,10.1,track,1,336.23957068932475,244.89158627739093,338.05030787279793,245.75674406405847,336.5734169264953,244.6331634025468,0.4221796919744595,17.208845159804913,17.208845159804913,0.8984417965404528,-0.22599919071566693,37.109673001396004
304,10.133333333333333,track,1,335.22943286964187,245.17190155473028,337.72153142374714,245.87003554934566,335.129985598744,245.13057665624336,0.10769172170594739,15.976209846011342,15.976209846011342,0.8821564643431656,-0.2317267815306111,36.97282900066057
305,10.166666666666666,track,1,334.52376975459333,246.75921881022742,337.3287077954698,246.15429460937366,334.9193479176441,247.04296572078945,0.48682069834395597,16.4981910654449,16.4981910654449,0.8626632562971738,-0.24644522077526873,36.98651800004882
306,10.2,track,1,333.5493957414157,246.7584244516913,336.8449787818987,246.4090690508304,333.54562359652545,246.4047872165612,0.3536573527406585,14.98349818661092,14.98349818661092,0.8385526579839085,-0.2595502326825101,37.856876999285305
307,10.233333333333333,track,1,334.7996488367718,244.8096193641437,336.5435299429537,246.40297096655985,335.2093595492122,244.73525415047874,0.41640491458659523,15.92944599685872,15.92944599685872,0.8241216447651057,-0.2589866415188414,36.52363500077627
308,10.266666666666667,track,1,337.01697356883375,243.81003382187149,336.53003102373253,246.26592747103643,336.8782855249452,244.12832301988354,0.3471921472164662,17.375833022277693,17.375833022277693,0.8247291947357281,-0.25172565299454447,37.045226999907754
309,10.3,track,1,337.03044671824307,246.0394933865735,336.52346523090375,246.39320234006323,337.4912398721392,245.77311836110212,0.5322461694295435,18.4193476506636,18.4193476506636,0.8254999684126338,-0.2584732076340714,36.948380000467296
310,10.333333333333334,track,1,336.54785790901633,246.01432267020002,336.46383050322646,246.4995527502812,336.4198482601346,246.34390710501683,0.35357088381305185,17.602743372637338,17.602743372637338,0.823351823929761,-0.26408822761109,36.798746999920695
311,10.366666666666667,track,1,335.8185053380783,246.13897733657987,336.3247420510409,246.60439779863634,336.1342684454381,245.92618886405185,0.3807693186305083,17.188203301156072,17.188203301156072,0.8169821470472388,-0.269612394248694,37.326232999475906
312,10.4,track,1,338.5252037617555,243.68852664576804,336.5221350980448,246.4001040654928,338.1054900754181,244.13852490335705,0.6153519402196356,18.57245700618985,18.57245700618985,0.8282092603666761,-0.25896612374727923,37.04042899880733
313,10.433333333333334,track,1,335.9467049425861,245.46243135297055,336.40280209626553,246.41174351525413,336.20609015830826,245.6736590468573,0.33451132835815267,17.17054935636019,17.17054935636019,0.8226615983787046,-0.25980427485601837,35.91846500057727
314,10.466666666666667,track,1,337.69124192840576,244.52454391574196,336.5029020714646,246.3025984806692,337.34106425466206,244.37750341297442,0.3797964094652298,17.885050897744765,17.885050897744765,0.8286418982802063,-0.25432262224721264,35.92269999899145
315,10.5,track,1,338.2530747991968,244.16892570281124,336.66726973806084,246.1504393445286,338.2771472288294,243.70637654072428,0.4631751388144274,18.649164535869623,18.649164535869623,0.8378794161505492,-0.24666600136129377,37.398914000732475
316,10.533333333333333,track,1,335.27868543420885,247.53801684051777,336.46833832346397,246.40430993314357,335.6220265000893,247.81335703429244,0.4401082932958616,17.467004898230826,17.467004898230826,0.8280088635228976,-0.26031774540721914,37.8358730013133
317,10.566666666666666,track,1,338.67185030659334,244.7641443833365,336.6899383426376,246.30471576083468,338.35686718696314,244.83441162099533,0.3227256580133907,18.98278453338758,18.98278453338758,0.8402818516859563,-0.25528180501560627,38.54009399947245
318,10.6,track,1,333.6068677792041,246.56726572528882,336.2943904924698,246.42094329816888,333.67681681095496,246.5618572860074,0.07015780967464984,15.169485460039466,15.169485460039466,0.8201238962765838,-0.2616147050706544,35.44324299946311
319,10.633333333333333,track,1,335.3386829703222,250.50312062157687,336.13279799651735,246.9950851487151,335.6172253893426,250.36968809674562,0.30885290653733627,18.74641725998103,18.74641725998103,0.8124815291697008,-0.29181093696602944,36.39960799955588
320,10.666666666666666,track,1,338.8291060549546,251.23504911102822,336.4019143819541,247.61480646438014,338.3718615196052,251.075477689587,0.48428876060430387,21.4520745325036,21.4520745325036,0.8274041096500961,-0.3240438883607034,36.892980000629905
321,10.7,track,1,333.8871061654914,246.376010868862,336.0662983756003,247.60687074837273,333.7498813343521,246.26734468302442,0.17503997893537734,15.11088501989869,15.11088501989869,0.8104613302334266,-0.32319306315043966,37.3718810005812
322,10.733333333333333,track,1,335.047286264777,249.10939847168703,335.8929771138266,247.91740633370637,335.12519459750615,249.01490732887214,0.12246748294589989,17.607954616041635,17.607954616041635,0.8022212912601699,-0.33921579763858284,35.97840600014024
323,10.766666666666667,track,1,338.25494505494504,247.83012281835812,336.11755812753256,248.04688733878945,338.5710915861702,247.82519772789917,0.31618489167216324,20.15239842258584,20.15239842258584,0.8148310567266424,-0.3457235701011407,37.07824599950982
324,10.8,track,1,334.07717800012745,248.5821171372124,335.831923170599,248.24916611533243,334.5295846856385,248.70706492989316,0.46934396767284436,16.93876650853055,16.93876650853055,0.8005384345108967,-0.3561230223966391,36.1460439999064
325,10.833333333333334,track,1,333.91803691803693,246.6156996156996,335.5480557894608,248.19461925348807,333.6710306646912,246.95058214749704,0.41612305787464743,15.336481722482251,15.336481722482251,0.7865088945500565,-0.35310843865737257,38.18948100160924
326,10.866666666666667,track,1,333.284602020462,248.43195418570232,335.2099720643721,248.35178543006162,333.0318199394524,247.99659919674093,0.5034210433554637,15.289667414552461,15.289667414552461,0.7697596393769205,-0.36134011656777965,36.52657200109388
327,10.9,track,1,333.42963987178683,252.7128401734649,334.91500695517055,249.00272953561102,333.42457200889874,252.59348144751996,0.11946626592245159,18.406925560536635,18.406925560536635,0.7553769035536287,-0.3953780485327023,38.170556999830296
328,10.933333333333334,track,1,334.0425559352634,249.19923915146043,334.7173087595335,249.18387153554156,334.1512312709003,249.34146883456435,0.17899612099606588,16.95642611134918,16.95642611134918,0.7461270882189565,-0.40452967600507617,36.98486699977366
329,10.966666666666667,track,1,337.4262325126764,252.29354267212415,334.94278010139504,249.71352392782313,337.57258062030564,251.85242847340405,0.4647574689223824,21.196123475161688,21.196123475161688,0.7589713777832942,-0.4319857937545234,37.801120000949595
330,11.0,track,1,339.2663389424592,248.1418667675049,335.3802586960746,249.70296638754343,339.42648219877935,248.12023335503022,0.16159785605052557,21.05531762666231,21.05531762666231,0.7826063412894358,-0.43103277432346065,38.08941399984178
331,11.033333333333333,track,1,334.6610053926734,249.62028141077295,335.24424048851046,249.85859350193311,334.86415251668376,250.0000558031131,0.4306940248842626,17.914914069138376,17.914914069138376,0.7759157139742442,-0.4390054402126464,35.68703699966136
332,11.066666666666666,track,1,334.13045173870654,249.3767955801105,335.05659804280475,249.96467509952967,334.4059701966028,249.19991800606195,0.3274081502388796,17.09299472367764,17.09299472367764,0.7666590964110322,-0.4444468470352873,38.296724000247195
333,11.1,track,1,333.08088327286373,250.48592518453648,334.7588239320993,250.18623813298916,333.25058277173275,250.89231041406128,0.4403939993827375,17.15285311389358,17.15285311389358,0.7517686681337911,-0.45600137200754687,36.90522499891813
334,11.133333333333333,track,1,333.40928937543504,250.3682845029425,334.523161097751,250.36951655834184,333.56108572025954,250.16733860400848,0.25183602720912807,16.94927196668896,16.94927196668896,0.7402812702817492,-0.46553408233638716,37.434642001244356
335,11.166666666666666,track,1,334.4712817412334,254.7286577992745,334.43420784982953,251.05233642454704,334.60514626235823,254.12967758589213,0.6137564712812115,20.32137018082538,20.32137018082538,0.7365307749764523,-0.5011994590376733,35.39385600015521
336,11.2,track,1,333.62748930971287,249.4687232742822,334.2552634785063,251.0524357483315,333.5681938287668,249.59632372316827,0.14070475690802445,16.6188240490965,16.6188240490965,0.728024767770566,-0.5008597148895867,35.61873499893409
337,11.233333333333333,track,1,335.52261401627453,253.0674951113354,334.3195832936189,251.4708527044911,335.38128252730684,252.89098710225193,0.2261187012266749,20.06891628004014,20.06891628004014,0.7322597346050677,-0.5226205106723186,37.00928299986117
338,11.266666666666667,track,1,338.914364640884,250.91121675446485,334.79099973025785,251.59351085984915,338.6090142832919,250.4894273828879,0.5207159637046812,21.36172978521732,21.36172978521732,0.7576385805190873,-0.5288095714944948,37.22689200003515
339,11.3,track,1,333.984038510261,250.51380795540916,334.6478004664882,251.64877789145964,334.5090846613902,251.00103745039524,0.7162862846655741,18.208140011994285,18.208140011994285,0.7505223776367104,-0.5315930996954383,37.98795200054883
340,11.333333333333334,track,1,335.3680428616451,248.31919319256224,334.68219016940486,251.42633369349016,335.6270280580989,248.59142488272587,0.37574382910643656,17.83301958290104,17.83301958290104,0.7528381475409683,-0.5199828702585575,36.72147299948847
341,11.366666666666667,track,1,334.9805611474585,247.9267111222949,334.6713489640742,251.15989718426263,335.0432179741746,248.0141002759279,0.10753019160597635,17.044770759712687,17.044770759712687,0.7527764851559816,-0.5063390033049212,39.45994500099914
342,11.4,track,1,332.7944765978863,250.28516607951687,334.40271839863516,251.18276234391848,332.5791566054023,250.19789047311,0.23233538395384098,16.193583636884835,16.193583636884835,0.7392561883705114,-0.5080341672849298,40.708118000111426
343,11.433333333333334,track,1,337.710906200318,253.35255961844197,334.7419393798001,251.5628973583998,338.1195588943236,253.2451193487105,0.42254045472356105,22.44441135531172,22.44441135531172,0.7576975168179325,-0.5283711705198157,41.3245999989158
344,11.466666666666667,track,1,336.6700288184438,251.77465229921063,334.9387153897044,251.72249048511856,336.8456422289241,251.63744252885564,0.22286002562454663,20.474514175367585,20.474514175367585,0.768425237618626,-0.5369218517033963,39.924904000145034
345,11.5,track,1,334.4152874289324,251.28648136449777,334.85548915223967,251.80501278675106,334.06594971061634,251.15948329622594,0.3717060004668351,17.95508308809329,17.95508308809329,0.764421104466875,-0.5414092474261963,38.63333099980082
346,11.533333333333333,track,1,333.7851894818252,251.50592936323795,334.7035093639849,251.8999624586186,334.1476040861458,251.49787527867977,0.3625040878430348,18.23062909782339,18.23062909782339,0.7569388696808009,-0.5465739560579702,38.064023001425085
347,11.566666666666666,track,1,330.7974321489862,252.29593847327274,334.20539890320356,252.07503622351265,330.6912412978638,252.24274524835155,0.11876875026543837,16.253844213144887,16.253844213144887,0.7314830162052803,-0.5559404208827035,38.2564800002001
348,11.6,track,1,335.12339397023277,254.9156595852945,334.25826575044033,252.54415430901707,335.49090281575985,254.8736606466881,0.36990088183824693,21.475424351573476,21.475424351573476,0.7351426194490743,-0.58064030457104,38.11078299986548
349,11.633333333333333,track,1,331.905187375458,253.74963039146365,333.92652236191105,252.83577646487714,331.79632057204424,253.88266493466094,0.171901630501992,18.21761687835427,18.21761687835427,0.7185494247221282,-0.5958448896783458,36.90099199957331
350,11.666666666666666,track,1,330.5570960423494,253.7946180993194,333.4578410520183,253.1048607514227,330.90391854253033,254.18872115902127,0.5249791122493874,17.894559165025406,17.894559165025406,0.6949421290215354,-0.6098393210656533,38.17250999964017
351,11.7,track,1,330.6152371529281,253.53095046688517,333.0300784065895,253.31548333982033,330.455301241517,253.15168514208014,0.41160865194789176,16.801194782731343,16.801194782731343,0.6736601622136027,-0.6207723916372407,38.96006899958593
352,11.733333333333333,track,1,329.6669173403522,251.37638653882308,332.521674830179,253.2448869649452,329.87885748115,251.13918190918307,0.31809536243720815,14.88869365454018,14.88869365454018,0.6482603803707825,-0.6170383408558303,37.35267899901373
353,11.766666666666667,track,1,332.803982576229,250.12451773490977,332.42750797118913,253.01879251817698,332.4141359991039,250.28817200059547,0.422803822562257,16.123189998200854,16.123189998200854,0.6446356855045065,-0.6053813118659033,37.17918900110817
354,11.8,track,1,334.19755154639176,255.09542525773196,332.5141301139178,253.3921862385783,334.110242896616,254.60856207767117,0.4946297164794857,20.310318574032127,20.310318574032127,0.6502751793480879,-0.6253136952863838,36.77467899979092
355,11.833333333333334,track,1,330.4996541967935,251.9290789060044,332.16096780721216,253.3552202724506,330.7777082715843,251.87693661883569,0.28290084237937885,16.038098984456244,16.038098984456244,0.6326709600738608,-0.6235752517370534,37.259544000335154
356,11.866666666666667,track,1,334.25278879524046,251.17643777887952,332.2862405621094,253.22180636579202,334.7372534006637,251.55706858644177,0.6161053201956446,18.728386799377375,18.728386799377375,0.6401903125662087,-0.6169096900744337,38.03643199898943
357,11.9,track,1,330.1902509774246,252.008008576113,331.9256537810176,253.18822483708317,329.9894469048186,251.779588571195,0.30413479613802347,15.444991303682158,15.444991303682158,0.6220714880809162,-0.6156063160728831,35.72049800095556
358,11.933333333333334,track,1,331.1034198337669,252.41570966309246,331.7041861863028,253.1984316970939,330.9836297006833,252.75464764633273,0.35948384173307185,16.8321465649463,16.8321465649463,0.6113743452832673,-0.6166269249384302,37.642011000571074
359,11.966666666666667,track,1,336.09887351142584,252.2018023817187,332.1020511660033,253.17587665056166,336.11578253322944,251.92427577548594,0.2780412418786555,20.04761331002231,20.04761331002231,0.633071050448725,-0.6159302809699518,37.11453600044479
360,12.0,track,1,329.2286298829998,254.9695032286938,331.6611328848046,253.47959999459317,329.53353999476803,255.25225467741595,0.41583477249139367,17.986652205916428,17.986652205916428,0.6105199070181413,-0.6323119686387091,37.52880399952119
361,12.033333333333333,track,1,334.4028116213683,256.23467666354264,331.8732201372877,253.90964967870758,334.7756859460071,256.0990708496426,0.39676718455329096,21.851795747646104,21.851795747646104,0.62237901255055,-0.6551033237997367,35.39164999892819
362,12.066666666666666,track,1,332.4391017666086,253.75553620303558,331.8443572169994,254.0094830987644,332.8783626337664,254.17390127916883,0.6066130944384825,19.150762428645365,19.150762428645365,0.6214045400502098,-0.660414445189301,36.976572999265045
363,12.1,track,1,332.62682499513335,253.02031016806177,331.8459246952951,254.0075158622317,333.0219753562206,253.1002453620815,0.40315436635407087,18.47128232486186,18.47128232486186,0.622012761620787,-0.6604681800695373,36.90011199978471
364,12.133333333333333,track,1,333.8176297502035,252.1091842484192,331.99566206886226,253.88930337937975,334.17497998691283,251.87252353026733,0.42861111417273534,18.490183141497834,18.490183141497834,0.6303427877268931,-0.6545556234028738,36.741544001415605
365,12.166666666666666,track,1,328.88057608972724,251.86795819525872,331.5509274404021,253.74282596643664,329.0921789969925,252.27255483934806,0.456589788290836,15.273615197397024,15.273615197397024,0.6074769781484554,-0.6473175656561996,39.744024999890826
366,12.2,track,1,328.7000969932105,251.72777238926608,331.1174645048019,253.58282620995465,328.81117829579904,251.95144056472554,0.2497328742839783,14.848359994710773,14.848359994710773,0.5855025310421966,-0.639495828390729,37.63354500006244
367,12.233333333333333,track,1,330.70150875847077,254.5469888761028,330.9567900238132,253.76499559890786,330.58622856945516,254.4401199131471,0.157195729021819,17.904895934654746,17.904895934654746,0.5779907169699069,-0.6496585919536068,38.51856899927952
368,12.266666666666667,track,1,327.36642317537616,254.15702066554286,330.4145349170447,253.88469530392834,327.15265982053177,253.8676826712928,0.35973774724230495,15.603626667538688,15.603626667538688,0.5504876715287431,-0.6564003712358603,38.055401000747224
369,12.3,track,1,327.2792396755619,255.311064330382,329.9034955745463,254.13016860320644,326.89743015308045,255.70898842284726,0.5514726600855108,17.15653986052469,17.15653986052469,0.5248307363439861,-0.6696521906795978,38.14075299851538
370,12.333333333333334,track,1,329.94835798445723,254.21408874404614,329.7528000274299,254.22408561407144,330.16312775656166,254.49146032853582,0.3508005856496089,17.700044865754485,17.700044865754485,0.518139018128086,-0.6748542339944945,39.25596299995959
371,12.366666666666667,track,1,330.08807190562385,253.42993570938143,329.6383243155443,254.21291558236504,330.00360408904805,253.63278522896312,0.21973333755168956,16.909314825546712,16.909314825546712,0.5131922947221341,-0.6745732235905109,38.55199200006609
372,12.4,track,1,330.0391006238804,254.53777256161592,329.5351067331848,254.32960939766912,329.59313196832943,254.61765254401212,0.4530660584523729,17.48439152098946,17.48439152098946,0.5087052504166333,-0.6810541231567991,38.67041299963603
373,12.433333333333334,track,1,330.975006327512,255.06751455327765,329.5599981848031,254.49728573786217,331.1177643968975,255.08387204008608,0.14369214922659246,18.738406573308517,18.738406573308517,0.5108179560729118,-0.6901724929766923,37.172549000388244
374,12.466666666666667,track,1,331.14132153019284,255.84849826114447,329.6125764292423,254.74265085457944,330.91041725831235,255.8245944194332,0.23213827004872986,19.22121206610125,19.22121206610125,0.5142263783952228,-0.7033020311833311,37.54695200041169
375,12.5,track,1,330.78187130788285,256.47030426221176,329.6275184845378,255.04145526819218,331.06351433874204,256.5078628067671,0.28413630725527467,19.872364830854806,19.872364830854806,0.5155431586165697,-0.7191424479291505,38.707660998625215
376,12.533333333333333,track,1,330.3932415519399,255.23210262828536,329.60298517721264,255.16732359558534,330.2083514530883,255.23182115633622,0.1848903131043282,18.336270480345288,18.336270480345288,0.514733837487943,-0.7258508317844866,38.35657600029663
377,12.566666666666666,track,1,328.78140473134056,255.90402836359192,329.39463847998076,255.35898971447287,328.9191247476634,255.8700029273541,0.14186096435288428,18.204608734565245,18.204608734565245,0.5042952840474977,-0.7360504798696084,37.17735099962738
378,12.6,track,1,327.29156800841884,258.9264009471192,329.0283656864443,255.89333797073192,326.93856920494926,259.11403454950215,0.3997680877635908,20.334454980929095,20.334454980929095,0.485703412101937,-0.7641631936840662,37.73440500117431
379,12.633333333333333,track,1,325.74216386689835,258.82422604106324,328.5073752593683,256.37465557040974,325.79685622606877,258.90922997937224,0.10107879935805679,19.777829014290273,19.777829014290273,0.45919304545751227,-0.7892833148538619,36.452354999710224
380,12.666666666666666,track,1,326.82362002567396,258.97079589216946,328.15697241166174,256.8345901392776,327.1082151093337,259.1608020508386,0.3421939537389292,20.436806435252542,20.436806435252542,0.44181670128720757,-0.8131713627295664,38.06120899935195
381,12.7,track,1,327.4812392863945,258.6573550885658,327.9169700227497,257.2182990541932,326.98390615439547,259.0925541488936,0.6608619116685259,20.329795107227167,20.329795107227167,0.43024840747445625,-0.8330130025799465,37.04767900126171
382,12.733333333333333,track,1,329.80966243419016,253.92121399814184,327.9808155055273,257.0006669557225,329.6139674808811,253.55452614437564,0.41563986436612016,16.617868386829954,16.617868386829954,0.43451807738599346,-0.8214232609101808,37.5003060016752
383,12.766666666666667,track,1,328.09891381194166,257.64483578636157,327.8463565455145,257.23093458952417,327.98717916757846,257.2644611543894,0.3964460762814376,19.022530063228164,19.022530063228164,0.42818786339337167,-0.8336486138150332,37.67255499951716
384,12.8,track,1,324.5037833026006,257.5144655687671,327.29994880307555,257.4212238430196,324.5442859543052,257.40246722449774,0.1190969937243707,17.98600568036755,17.98600568036755,0.40028328653737494,-0.8437724888455941,38.468031998490915
385,12.833333333333334,track,1,325.8640178003814,256.63331214240304,326.9602725986957,257.48408609584556,326.12041778455017,256.71766800364674,0.26992010523097665,17.802807007255677,17.802807007255677,0.3834250760315518,-0.8472538254871513,37.444231998961186
386,12.866666666666667,track,1,325.76477323325486,257.06112842694483,326.6410036969229,257.5841166733701,326.0498400691604,257.44509065524187,0.4782155305842892,18.46433732447568,18.46433732447568,0.36766179765591256,-0.8527761870093676,36.921568998877774
387,12.9,track,1,327.20107953840426,252.93175331927037,326.52501769691656,257.17435852646406,327.360372920489,252.48494025590855,0.4743588253282164,14.493061192248991,14.493061192248991,0.3625303627002625,-0.8316882932683567,37.070615000629914
388,12.933333333333334,track,1,324.34851160444,257.60702573158426,326.08690333775985,257.3404317117617,324.51564532950107,257.55320490647773,0.17558577182660332,18.124736004439864,18.124736004439864,0.34042433862622684,-0.841067021831572,36.34155400141026
389,12.966666666666667,track,1,328.90966831333805,252.88695707961762,326.2334305419051,256.92418688450067,328.9301915429729,253.07220455638404,0.18638087509981097,15.83132505377022,15.83132505377022,0.3489999005022829,-0.8198765841248311,37.070553000376094
390,13.0,track,1,324.2920041136393,256.18492094099497,325.830570563213,256.9213965258214,324.20985264426275,255.7555086906244,0.4371998909984354,16.308246790711348,16.308246790711348,0.32855024041884534,-0.8205928937685955,36.82934800053772
391,13.033333333333333,track,1,324.11506969185575,257.64847802987686,325.4430154127027,257.08836354584287,323.8902885821972,257.55157889234016,0.24477742974934932,17.97754896716497,17.97754896716497,0.30904331655325135,-0.8301189051503195,37.88003999943612
392,13.066666666666666,track,1,329.68835703402743,256.6786439817166,325.75822395854874,257.1236418196357,329.3237577824263,256.8948740261197,0.4238962684085078,19.2968709262359,19.2968709262359,0.32636759996815906,-0.8326044484525599,36.98377200089453
393,13.1,track,1,324.10349150629975,256.1136463361123,325.3977486831385,257.0837432627695,324.2830867508538,255.73402304819996,0.4199622513891086,16.306572705404,16.306572705404,0.3079695090823511,-0.8311366582436749,36.184114000207046
394,13.133333333333333,track,1,327.96958150758877,254.37334095383247,325.5328863867233,256.8331020743485,327.89928737811204,254.45899857301058,0.11080835871970009,16.476085118022485,16.476085118022485,0.3156452868201926,-0.818682217312867,37.675137999030994
395,13.166666666666666,track,1,324.6954485028803,254.7695131987086,325.27885196282045,256.6410871628376,324.32806936291126,255.21395581237712,0.5766252416681874,15.81760525083158,15.81760525083158,0.302763871810178,-0.8094498856426919,37.468559999979334
396,13.2,track,1,327.3927709312667,252.3027569559141,325.37333692768885,256.16277967894706,327.6638830581314,252.19714536934606,0.2909563413134647,14.40504976352644,14.40504976352644,0.3082094332786872,-0.7853175185940058,37.243689999741036
397,13.233333333333333,track,1,326.7962762226615,252.89734106994834,325.40056110692336,255.78339314626382,326.49069018648123,253.202202976279,0.431652183406898,14.71146568237693,14.71146568237693,0.3099856956774566,-0.7665864733785613,37.40608900079678
398,13.266666666666667,track,1,327.8938420608656,254.48432937512166,325.56641715808513,255.6171973713072,328.18032013242254,254.3172837316843,0.33162317843355577,16.489458781975525,16.489458781975525,0.3189479332676836,-0.7590944916600532,37.737265000032494
399,13.3,track,1,323.9278140796449,255.81506595980767,325.25584971432846,255.62139868006687,323.5968697651063,256.0684251143226,0.4167913152909549,16.466079003871258,16.466079003871258,0.30286718865266826,-0.7604362664764289,38.670077999995556
400,13.333333333333334,track,1,326.0251185441497,254.28630014097143,325.2231352841944,255.44374256360697,326.20658382960755,254.04986903773892,0.2980424741577184,15.35970386470913,15.35970386470913,0.30152787724574626,-0.7521055566423482,37.082554001244716
401,13.366666666666667,track,1,325.76635930047695,254.12871224165343,325.16949360319165,255.25967398557495,325.2784474888776,254.3840088000307,0.5506671123441526,15.321935812820739,15.321935812820739,0.2990629426599084,-0.743441006426614,38.10551800052053
402,13.4,track,1,323.8318567389255,260.2309770656613,324.8954587318586,255.8187952871944,323.6192672181378,260.00933806326384,0.3071126043204695,20.33402825133933,20.33402825133933,0.2850651995353831,-0.7736391021980581,39.073022999218665
403,13.433333333333334,track,1,325.83048172233094,258.5280005050824,324.8851198064518,256.14097903220613,325.9848690516864,258.91009114824226,0.4121027870032406,19.834570950758277,19.834570950758277,0.2849890556538999,-0.7909746447670258,39.43192299993825
404,13.466666666666667,track,1,322.09641648916175,259.882094975567,324.43664746303904,256.60474614200456,322.414728970227,259.7335261872235,0.3512769854000495,19.88071859318695,19.88071859318695,0.2619263398498898,-0.8155389888313139,35.8806629992614
405,13.5,track,1,321.37774992165464,259.120401128173,323.9380438790304,256.94690975747505,321.91407382678045,259.6881017417595,0.7809784362425769,19.780925883492912,19.780925883492912,0.23646721096431528,-0.8335363882743354,38.695633000315866
406,13.533333333333333,track,1,325.1694904376845,259.1960595558978,323.93304147957184,257.273749669465,324.8020836548104,259.2632563467234,0.373501208564482,19.852784502617663,19.852784502617663,0.23700154428068687,-0.8506692678411212,38.93421499924443
407,13.566666666666666,track,1,323.1098682575193,258.0626398210291,323.69173518904256,257.440588906604,322.85520861824233,257.68572922979183,0.4548770445554496,17.914721171237872,17.914721171237872,0.2249888610325728,-0.85940543311193,36.845094999080175
408,13.6,track,1,322.6673917215789,257.8103128398695,323.42194017924106,257.5620349872203,322.329527023496,258.07863879731684,0.43145263198953643,18.228106783674704,18.228106783674704,0.21150326752698947,-0.8658523057834936,38.20019200065872
409,13.633333333333333,track,1,323.92990106743036,259.7485680812288,323.32965292264373,257.9026488401975,323.66608497804845,259.5881284446498,0.3087714462225803,19.92824515682127,19.92824515682127,0.20732624308587053,-0.8838486698817851,37.22554200066952
410,13.666666666666666,track,1,321.1141866330391,255.62616645649433,322.91623329556893,257.72357216994993,320.7406853723797,256.11554691730873,0.615626857066092,16.132559228617023,16.132559228617023,0.18626080613004387,-0.8745961921310684,38.32902300018759
411,13.7,track,1,318.99299596163553,259.1916330136295,322.28485607125486,257.9763470994076,319.426124081469,259.24917056347044,0.43693310452768575,19.257723150763354,19.257723150763354,0.15393455237775505,-0.8882064229832178,36.54502199970011
412,13.733333333333333,track,1,317.48631270690095,257.0037560478737,321.52373507385295,257.94649031386086,317.8631978807253,256.7339072664695,0.4635307962519344,16.869782917979034,16.869782917979034,0.11505356683600065,-0.8869588156880198,36.4129289991979
413,13.766666666666667,track,1,321.9313566712346,255.52622399402017,321.35449443207654,257.73632412495886,322.04489526237927,255.91195540466475,0.40209418403774033,16.042815258991826,16.042815258991826,0.10735660607269074,-0.8764104892568133,36.70989900092536
414,13.8,track,1,320.01805391271864,255.8404407644898,320.9810684572961,257.57204325594967,319.87792423469057,255.8891699074399,0.14836056092136665,15.88963885177916,15.88963885177916,0.08876267485057343,-0.8684650489996564,37.84542699941085
415,13.833333333333334,track,1,322.03788563314833,257.4874144830257,320.88652691967064,257.61119155741375,321.53241341831017,257.1325005116203,0.6176294091703688,17.20089720524158,17.20089720524158,0.08472473692721698,-0.8712673554896716,36.19469800105435
416,13.866666666666667,track,1,321.7353970886309,258.9476690620969,320.7758825575092,257.8193516490342,321.8761301289237,259.3831670860029,0.45767271871511866,19.473752348855676,19.473752348855676,0.07964450899874473,-0.8828529924987714,37.581597000098554
417,13.9,track,1,323.2664450993917,260.69975543989466,320.8688784244932,258.2207450645353,323.03650226162614,260.7859037890373,0.24555090449780959,21.00652618383098,21.00652618383098,0.08508110201302524,-0.9043973009113442,38.03701899960288
418,13.933333333333334,track,1,319.89366948160017,260.2155581581705,320.5656471589794,258.53510270057257,320.21173153067815,259.8939086801088,0.4523514715363015,19.895035381059035,19.895035381059035,0.06957719116459235,-0.9211683703490026,37.921828999969875
419,13.966666666666667,track,1,321.6916845968865,257.6250474623465,320.5085937374558,258.51485332397806,321.418367433281,258.04487568880677,0.5009570956220868,18.100533273919908,18.100533273919908,0.06704300096369964,-0.9203480276396722,37.375992000306724
420,14.0,track,1,321.26720519017937,259.3066403765424,320.4166065411152,258.69135741506676,321.575005909063,259.2903876022026,0.3082295171118873,19.354578204052785,19.354578204052785,0.0408069344071567,-0.9299653267839816,37.23535099925357
421,14.033333333333333,track,1,325.5247505632443,256.9311232700354,320.8512687334904,258.56734254248516,325.0471638353473,256.7366583565118,0.5156604359994297,17.481121123184103,17.481121123184103,0.08589751844018237,-0.9238485089127533,38.19273100089049
422,14.066666666666666,track,1,322.25843711686133,255.98283538749436,320.8789032998922,258.33229271873483,322.2103344168662,255.45651661378972,0.5285123662704427,15.613759446934642,15.613759446934642,0.08720568610477215,-0.9121050053508155,36.72005100088427
423,14.1,track,1,319.54466075932993,256.8659853825755,320.5891880542345,258.21308345461495,319.8309791494696,257.0778027149172,0.35615278015555685,17.078639103205713,17.078639103205713,0.07195341762631295,-0.906613242687576,39.571542001795024
424,14.133333333333333,track,1,320.10984227129336,258.0671293375394,320.3937596071985,258.2415225712845,319.50802860755573,257.88849820323935,0.627764898670387,17.89526204944429,17.89526204944429,0.04126818057196405,-0.908901461413499,35.010059998967336
425,14.166666666666666,track,1,324.1894803548796,258.1294043092522,320.7074370191952,258.272680428907,323.8350802756435,257.767352999128,0.5066365238760577,18.176541841512428,18.176541841512428,0.07872588279532426,-0.9112782410350655,38.537768999958644
426,14.2,track,1,320.42740991283983,259.6075191882399,320.5601954001057,258.4757931808188,320.3174493944064,259.98049860430285,0.3888508202650487,19.983020257072184,19.983020257072184,0.07090330789498057,-0.9226071822441391,37.60228700048174
427,14.233333333333333,track,1,321.32728776886853,259.6736667939417,320.5371708231641,258.6711425550886,321.3593263821027,259.77216164032626,0.10357464700535682,19.818833067167947,19.818833067167947,0.06971466040723884,-0.9333936741621903,37.97299300094892
428,14.266666666666667,track,1,322.93239875389406,260.39919003115267,320.71487542634304,258.93752991970075,322.8840639286169,260.25941761450474,0.14789382607186533,20.463670902925852,20.463670902925852,0.0790380452673744,-0.9478062339941808,36.57576899968262
429,14.3,track,1,322.3462508457895,258.189272313465,320.81811237370516,258.91889753345447,322.33765725664864,258.71565867024617,0.526456499988075,18.86108482857555,18.86108482857555,0.08435096243479709,-0.947210902860515,36.85948900056246
430,14.333333333333334,track,1,318.32343778632946,257.4232484270967,320.4395379668298,258.80532725820143,318.2477651941792,257.5848819038638,0.178470507408234,17.671966455026052,17.671966455026052,0.041456581186849494,-0.9417627592845811,37.67474900087109
431,14.366666666666667,track,1,317.37489262486196,259.14050803779605,319.9766876554724,258.90018840566455,317.36844051737853,259.1109572259035,0.030246986205002553,19.291287966356442,19.291287966356442,0.04190520023380348,-0.9473511637142357,38.035748000766034
432,14.4,track,1,321.1808955591094,256.55461926436215,320.00455239660204,258.67628067307163,320.878452308359,256.1180171189444,0.5311246118453186,16.141937749373408,16.141937749373408,0.04221923356667127,-0.936234520623604,37.450791998708155
433,14.433333333333334,track,1,320.99907475943746,258.8258080434246,320.0162966222669,258.73461492752335,321.47722611838617,259.1554857324754,0.5807892050670185,19.212361402282436,19.212361402282436,0.042439056899678716,-0.9400536939864648,37.91070800070884
434,14.466666666666667,track,1,318.82484014725827,253.1048892333527,319.7740959621323,258.1024859635425,319.0326285321596,253.09106081415572,0.2082480205845729,13.126754389288893,13.126754389288893,0.04259293323278393,-0.9077124855759265,38.84353499961435
435,14.5,track,1,318.21873398257304,258.4109431060994,319.4811473965918,258.14247095603474,318.20187127792184,258.0909832372069,0.3204039146294351,18.180124900287773,18.180124900287773,0.015571141165250274,-0.9109148118588641,36.38341199985007
436,14.533333333333333,track,1,315.2310598904213,256.75508533282954,318.85631713390256,257.98168930164275,314.854570055811,257.15144643417943,0.5466687463429769,17.906634639012527,17.906634639012527,-0.01669350325721779,-0.9034642313308184,37.86796299937123
437,14.566666666666666,track,1,317.98849557522124,255.91137800252844,318.60838000632504,257.72989553999435,318.2154968548324,256.060946626715,0.2718461960119494,16.159779021425425,16.159779021425425,-0.02898070605822581,-0.8912745692797411,38.6548499991477
438,14.6,track,1,320.02107757545525,254.2776253429783,318.6284570925014,257.2989835901381,319.77782537312277,254.08964919404409,0.3074193658632148,14.091400781187623,14.091400781187623,-0.027311965098151765,-0.8697892762121068,38.28288000113389
439,14.633333333333333,track,1,318.7731301409169,256.3920805968246,318.50749053409777,257.1494755773309,319.01924696814984,256.90835030152493,0.571933475710744,16.93677024785309,16.93677024785309,-0.03323218666640677,-0.8631782545426407,38.194249998923624
440,14.666666666666666,track,1,315.50192355423184,256.5306527674361,318.0118001997565,257.02865328819604,315.15646312360445,256.72504487464124,0.3963977806104804,17.412265089061986,17.412265089061986,-0.058805536552010235,-0.8579951490081874,37.301365000530495
441,14.7,track,1,316.7424727738629,256.57892376681616,317.7046421866637,256.924261701473,316.8684178841492,256.31826024965187,0.28949549216781395,16.616029132247117,16.616029132247117,-0.07432530837506458,-0.853600802663054,36.948512999515515
442,14.733333333333333,track,1,317.8599898128104,253.50553928434994,317.56053945387885,256.4621703756602,318.34219749203254,253.01234160365416,0.689759521967253,13.117520465606761,13.117520465606761,-0.08130810707938353,-0.8304421445726017,35.76733699992474
443,14.766666666666667,track,1,317.88539226239476,254.59722661938832,317.43898827491256,256.1633888699394,317.7091206414546,254.84551073398382,0.3044941475781391,15.02122888409061,15.02122888409061,-0.08721129057751432,-0.8160066472321604,37.12056999938795
444,14.8,track,1,312.97996830427894,256.9632329635499,316.7487187631541,256.17137265960633,313.01284395562527,256.76513447787784,0.20080791437841738,18.162876524652432,18.162876524652432,-0.1229370160876894,-0.8176307007089473,37.207495000984636
445,14.833333333333334,track,1,314.03299508583825,257.21628693598825,316.23824075764395,256.2146941257432,314.3099999899476,257.68313894503746,0.5428466774826018,18.576046486373166,18.576046486373166,-0.14896068025883594,-0.8209172410806583,37.81921999870974
446,14.866666666666667,track,1,315.67038126839043,255.29506041444938,315.96784183455685,256.0306955102305,316.0926182924019,255.39604390574675,0.43414487208839986,15.88413673312321,15.88413673312321,-0.16234274295577858,-0.8121656824275494,37.31976000017312
447,14.9,track,1,314.3436103663986,256.8147580748117,315.568843549716,256.04484590353036,313.8634223008695,256.5625125942048,0.5424097720019296,17.662797323489237,17.662797323489237,-0.1825458115566208,-0.8138137738123797,40.50584600008733
448,14.933333333333334,track,1,314.2270878352612,256.75327316639124,315.1942987354032,256.05581277196745,313.8554495587362,257.1783976380102,0.5646643471548258,18.244255137846263,18.244255137846263,-0.2014591359553351,-0.81519427028116,38.684873999955016
449,14.966666666666667,track,1,314.08807579222474,258.3595557007514,314.8405578621997,256.2628783306718,313.7184623531596,258.2670215011711,0.38102056693768405,19.31687836408667,19.31687836408667,-0.21929695874813765,-0.8267596702544633,40.84082000008493
450,15.0,track,1,317.47006169106083,255.6710414902625,314.9278541161063,256.1396167324293,317.0510958963978,255.26396560602032,0.5841601772024446,15.54621116008699,15.54621116008699,-0.2141001280241797,-0.8208801747371538,39.447478999136365
451,15.033333333333333,track,1,318.28885093925345,260.01463771651623,315.1219874602136,256.5469919279569,317.821966239422,260.14601754481004,0.48501750712649766,20.26341170627521,20.26341170627521,-0.20362044638661309,-0.8428382236339597,37.339276999773574
452,15.066666666666666,track,1,313.75653514180027,259.0904438964242,314.774982829073,256.821522733946,314.235777105884,258.7844995573073,0.5685725976306605,19.649012422804596,19.649012422804596,-0.2217150186001484,-0.8575748150056629,37.54352900068625
453,15.1,track,1,319.5098322548219,258.91235785637997,315.1497766690719,257.05919878513697,319.7653546867592,259.20077219520044,0.38532394690755256,19.20220589711006,19.20220589711006,-0.20191704517386624,-0.8702808851001683,37.335585000619176
454,15.133333333333333,track,1,316.27395964691044,260.1041614123581,315.1259568705192,257.4250911864509,316.2122865581225,259.99271507943155,0.12737289744455685,20.34835200612347,20.34835200612347,-0.20331957704472675,-0.8896452161794934,36.11438699954306
455,15.166666666666666,track,1,314.4024790827394,256.96021072203285,314.889910599195,257.3916291024411,314.1784627186148,257.3881224378782,0.4830028653676059,18.336769023827557,18.336769023827557,-0.21581116425531086,-0.8880171395442596,36.75145600027463
456,15.2,track,1,314.8562103809703,257.7102868260842,314.7326456347467,257.44858789808706,315.3257336168405,257.6521142511361,0.4731132184774906,18.260501191256946,18.260501191256946,-0.22404303203024303,-0.8912978373837043,38.363379000657005
457,15.233333333333333,track,1,318.5391554702495,255.1905310300704,315.03558325603564,257.19938247533395,318.5724735212005,255.60109020906242,0.4119088879519145,15.666264633248636,15.666264633248636,-0.20816662641045952,-0.8786385788051532,37.393499000245356
458,15.266666666666667,track,1,314.74467676961444,258.7940405396765,314.875174367181,257.39563944850823,314.4606133888473,258.74447745686285,0.2883548221737187,19.54584966581543,19.54584966581543,-0.21678079833398134,-0.8895152793354185,36.42343600040476
459,15.3,track,1,318.68030547622004,258.0497951074134,315.203628850295,257.49006610347527,318.8913672148292,258.5073735974995,0.5039098452046852,18.54054864694617,18.54054864694617,-0.19971907807315686,-0.8949514321212468,37.23068900035287
460,15.333333333333334,track,1,318.94016031815073,254.33840800347977,315.5503498520167,257.13360615275417,318.5472805814693,254.15189023001017,0.4349061592055614,14.226257090016102,14.226257090016102,-0.18193558818448538,-0.876797709744139,37.32770600072399
461,15.366666666666667,track,1,317.14933813933254,257.59399664408676,315.66724507086496,257.1878395687968,317.2630177620429,257.9145149324862,0.3400809165744094,18.1223871782159,18.1223871782159,-0.17634040238518725,-0.8803967200550716,38.45076200013864
462,15.4,track,1,317.0146850444416,255.60904289578772,315.7653411879324,257.00129308983526,316.60683276583853,255.34424951169282,0.4862705187672155,15.714947564534615,15.714947564534615,-0.17169766199956518,-0.8713351467015846,36.434204999750364
463,15.433333333333334,track,1,314.4823705926482,252.3435858964741,315.55837111165954,256.43593057760506,314.32628312228604,252.4788846552638,0.2065648869824812,13.708159083109404,13.708159083109404,-0.182971411865144,-0.8425707738844851,37.956860000122106
464,15.466666666666667,track,1,311.50047066206463,255.57903984938815,315.0113467726229,256.29396057680344,311.7714030768587,255.05800697378942,0.5872645322517167,17.15964397492621,17.15964397492621,-0.21180590488225676,-0.8362571142951736,35.87862000131281
465,15.5,track,1,313.86830753615834,256.38321492007105,314.7861881580059,256.2596995657029,314.3203845191543,256.39864708308056,0.4523403035435493,17.354355596382394,17.354355596382394,-0.22344249677571512,-0.835517819551084,38.31566000008024
466,15.533333333333333,track,1,311.66926930834796,251.79237425987378,314.31797907441387,255.68144446928457,311.3706291463702,251.98614236743245,0.35599441828905226,14.769348333011662,14.769348333011662,-0.24774109054819532,-0.8062239441598595,36.17304100043839
467,15.566666666666666,track,1,314.2089589279067,254.73898746742773,314.18932665619116,255.49512812898783,314.0245555472718,254.3094368133171,0.46745948619794997,15.506963542936269,15.506963542936269,-0.2541001538783604,-0.7976926343345977,37.71176400005061
468,15.6,track,1,310.3767284776652,253.97655005416428,313.61790213605394,255.23415474202307,310.3428034409204,253.87418972134944,0.10783573550590787,16.904277145287725,16.904277145287725,-0.28370292530247215,-0.785189675353499,37.98766699947009
469,15.633333333333333,track,1,308.7892525708553,251.6506144971156,312.9002876137776,254.71665148625146,308.8240967206313,251.93704325839363,0.2885403785622946,16.352180767792557,16.352180767792557,-0.3207333698587325,-0.7592712954858577,37.211849999948754
470,15.666666666666666,track,1,312.4506096043792,253.325329684001,312.67506653374284,254.43797791601173,312.57385477168015,252.913083768193,0.43027440821342067,14.896152703180341,14.896152703180341,-0.33177965907998436,-0.7459998438813112,37.21895399939967
471,15.7,track,1,311.8607885670537,256.56086512696186,312.4045329343905,254.57110731009004,312.0925908900983,256.40503995678836,0.27930950687089456,18.21132765108517,18.21132765108517,-0.34535050738119666,-0.7542138486939834,37.53549999964889
472,15.733333333333333,track,1,309.204798090812,255.02556050995415,311.84457573420275,254.51985338846887,309.27504009967157,255.14836252864734,0.14147181911515316,18.56064794566665,18.56064794566665,-0.37413693572547485,-0.7524885676639088,37.92176400020253
473,15.766666666666667,track,1,311.63983724330853,253.9625532455973,311.6227001770358,254.35145129464436,311.63219786120106,254.2992957545374,0.33682915177619405,16.567738883439095,16.567738883439095,-0.3851220965778322,-0.7445481033930161,37.50399900127377
474,15.8,track,1,310.11725042142723,257.7353436973216,311.24539928610807,254.65142681023008,309.94165770293364,258.19199837408456,0.4892507502267841,20.787473502271737,20.787473502271737,-0.4043692096274077,-0.761109179996607,44.01060400050483
475,15.833333333333334,track,1,313.0523088714313,255.82384875774414,311.25564355715716,254.71040636966734,312.6449410853667,255.4215724919951,0.5725161195181758,17.08571888342971,17.08571888342971,-0.4033505725106037,-0.7647765679292438,41.14881200075615
476,15.866666666666667,track,1,310.89118342816954,259.55265008631164,311.01988682331614,255.2167479696668,311.34030594671094,259.4030668523072,0.47337741872231953,21.247807048532596,21.247807048532596,-0.4154446298561135,-0.7917875793746826,40.82885699972394
477,15.9,track,1,310.2497812226528,256.11001375171895,310.7346378622212,255.28383238632736,310.43190304367994,256.0433215667946,0.19394897582668827,18.679845991365067,18.679845991365067,-0.43014451298888323,-0.7955129276373066,38.16061500037904
478,15.933333333333334,track,1,312.2660408818625,254.21608102266413,310.72094137669757,255.1226834459787,312.1305764086214,254.31080908862663,0.16529981848597405,16.33178142248006,16.33178142248006,-0.4306292976919004,-0.7873676447964041,38.077907000115374
479,15.966666666666667,track,1,311.5654342540059,253.21048693808842,310.63685932809983,254.85364223121837,312.0401926016138,253.35813476492064,0.49718745900482536,15.549864893856313,15.549864893856313,-0.43495928242382415,-0.7737713825077458,38.289591000648215
480,16.0,track,1,312.69682975536693,257.6802296555167,310.70520968243557,255.13881527846607,312.67761790744964,257.9236387952273,0.24416614096767825,19.361665919312816,19.361665919312816,-0.4313896816061343,-0.7893538733385725,38.34670600008394
481,16.033333333333335,track,1,311.0141655325993,252.61845849313374,310.5793148517907,254.80388154265307,310.6869441356736,252.9161361265612,0.44236389550794314,15.923554313403887,15.923554313403887,-0.43812430408117436,-0.7722963848707354,37.93414500069048
482,16.066666666666666,track,1,309.6039741804835,258.2806606758638,310.3031381410021,255.16952332043329,309.7285448963911,258.5095049413779,0.26055241530334233,21.16848041594733,21.16848041594733,-0.45269552984545713,-0.7921174627253212,37.96265500022855
483,16.1,track,1,309.1667511725187,256.76917226517935,310.0023781793354,255.33436110856857,308.8350125410558,256.97177726442624,0.38871494095892156,20.314973996332775,20.314973996332775,-0.4684428815951407,-0.801161673985697,36.300562000178616
484,16.133333333333333,track,1,310.418343383053,254.57480165026976,309.8809062352435,255.22797865416118,310.4629748247618,254.69842782651733,0.1314359046934947,17.521376366155337,17.521376366155337,-0.4747266567700207,-0.7959624532375653,37.34930899918254
485,16.166666666666668,track,1,307.2454161678533,251.42461092558756,309.3985938677923,254.7526052644836,307.6966420025441,251.52701324808172,0.46269967532361994,16.859556709327023,16.859556709327023,-0.49993321719297495,-0.7716009737876419,36.67292499994801
486,16.2,track,1,311.9844835421671,255.3060442770889,309.5243276036869,254.77293643930318,311.7289926867209,255.28562923534093,0.2563051914148168,17.379874081725266,17.379874081725266,-0.4931566369048804,-0.7734846300507889,37.89423300077033
487,16.233333333333334,track,1,307.3206015605336,254.96388119808708,309.0959883966435,254.75397483088918,307.4613012016473,254.76002575699675,0.2476962451706908,19.36691322598981,19.36691322598981,-0.5156112499680295,-0.7732205936079579,37.29224800008524
488,16.266666666666666,track,1,308.45517197774404,255.00189681335357,308.8410447066779,254.7434254676198,308.83192289700963,254.74428023926018,0.45640722432393843,18.496479285317406,18.496479285317406,-0.5288268819694825,-0.7733564703962976,38.56579800049076
489,16.3,track,1,313.8051384933989,251.96796531193374,309.2534704529066,254.37326905197332,313.38699880326686,252.48439666979237,0.6644863789750836,14.127701335911544,14.127701335911544,-0.5071419989603984,-0.7546558578833152,37.396538000393775
490,16.333333333333332,track,1,311.9677154409907,250.3895628001011,309.4314855569245,253.84030161942914,311.7504604132509,250.67676214321395,0.36011555057046857,13.492522123610069,13.492522123610069,-0.4981383736071262,-0.7276479202547396,38.393775999793434
491,16.366666666666667,track,1,309.0451584617312,253.55392709507703,309.25800452506525,253.723235686904,308.9540695186124,253.56493069693104,0.09175115700774585,17.49342519383181,17.49342519383181,-0.5076566837253272,-0.7226300192233173,36.68774900143035
492,16.4,track,1,311.63591212989496,252.99337790512575,309.41348573564017,253.55184323938514,311.6729486563351,252.73660302817754,0.2594321524455324,15.217123275357027,15.217123275357027,-0.4998484560224682,-0.714670898289719,35.88396399936755
493,16.433333333333334,track,1,308.83419625246546,250.57889546351086,309.23222821808525,253.10794117533234,309.0280591604017,251.0089610218747,0.47174061894679914,15.542866806635175,15.542866806635175,-0.5097709724590092,-0.6924258113685603,38.25751199838123
494,16.466666666666665,track,1,306.80180353031466,253.59241493988233,308.82655758718175,253.05826660130302,306.94384220644446,253.67403856479945,0.1638212491141368,18.906152094010128,18.906152094010128,-0.5312975319815807,-0.6909397074583797,36.978004000047804
495,16.5,track,1,312.2953648915187,251.8579265285996,309.11097715055894,252.81116715390084,312.3879109413195,251.56749428629584,0.30482069926977107,13.847412173426862,13.847412173426862,-0.516509005953285,-0.6789765057470692,38.19806899991818
496,16.533333333333335,track,1,308.37105345420446,251.59924976555175,308.9163075694901,252.55542540588704,308.55251413803444,251.84753402954183,0.30752732483658074,16.47449529245291,16.47449529245291,-0.5270529536964729,-0.6665787479460924,38.05634400123381
497,16.566666666666666,track,1,310.58102226091285,251.71272229822162,309.00506419899176,252.33655897591174,310.6299699848916,251.64153219758995,0.08639392403779048,14.943986562880598,14.943986562880598,-0.5226661044966625,-0.6561239676774059,37.58470100001432
498,16.6,track,1,305.71634615384613,248.29858974358973,308.51342447403545,251.73081171900657,305.67409919385994,248.7649831953766,0.4683029548249156,16.794533763180166,16.794533763180166,-0.5487317996521479,-0.6254241725989549,37.00160100015637
499,16.633333333333333,track,1,305.70204081632653,253.2780045351474,308.0575742892429,251.76687801690133,305.49083078825265,253.27094992257048,0.21132781056353916,19.66301358038718,19.66301358038718,-0.5726286970183728,-0.628516189546768,36.443281000174466
500,16.666666666666668,track,1,306.07646874018224,251.6770342444235,307.6830850142339,251.6186717282239,305.66666002175,252.0757272316488,0.5717510680057593,18.742140302144925,18.742140302144925,-0.5920915660474872,-0.6217201728721258,37.35860199958552
501,16.7,track,1,305.46601389766266,254.69298799747315,307.26814356148026,251.8493208212787,305.81194298671176,254.54998824015377,0.37432053810035487,20.32247818551986,20.32247818551986,-0.6136006653782267,-0.6346744199631567,38.021428999854834
502,16.733333333333334,track,1,308.62711649438774,251.18935886866637,307.26715056392896,251.65502778463747,308.6415820014339,251.41846720590124,0.22956454666308157,16.10574595485699,16.10574595485699,-0.6133956205390683,-0.6251249219164479,37.848050000320654
503,16.766666666666666,track,1,310.267512753515,254.41252955082743,307.4728104819185,251.86589360249363,310.0660463375505,253.97614435895395,0.4806461821839782,17.146896118831936,17.146896118831936,-0.6026049015871505,-0.6368344544123687,37.519542000154615
504,16.8,track,1,308.0477024070022,251.56292591434823,307.4096795815833,251.7301385026891,308.45983853557385,251.50927374864793,0.4156136948638344,16.298426575787694,16.298426575787694,-0.6061541180992721,-0.6302115719663699,38.373905001208186
505,16.833333333333332,track,1,308.84268879878357,249.8658134820071,307.45403114927325,251.40638306200017,308.93560971407703,250.09357739221218,0.24598921783461228,14.976683109814516,14.976683109814516,-0.6041095521293908,-0.6138360331750224,37.360919999628095
506,16.866666666666667,track,1,305.78122839001696,250.42283271515686,307.13752259876463,251.17623249248834,305.4456925145324,250.97047635546505,0.6422599789082198,18.22578442337545,18.22578442337545,-0.6210210348312141,-0.6025273700928393,36.777948998860666
507,16.9,track,1,303.4372378388531,253.5812308270206,306.56821514363133,251.3455920338466,303.7486448463822,253.3101164260497,0.4128890198976567,21.00632627576791,21.00632627576791,-0.6509814956470908,-0.6121655342839375,37.24228899955051
508,16.933333333333334,track,1,304.6237692942895,250.3281458425967,306.1850550480237,251.12267316022866,304.3034286167356,250.3026519037051,0.32135352902359593,18.77570210242041,18.77570210242041,-0.6709327065932084,-0.6010753736081936,37.427164999826346
509,16.966666666666665,track,1,305.0420251901733,254.01022571392943,305.8858513621459,251.36071501508843,305.2989156431566,254.12829703316868,0.28272520450226335,20.389474204217944,20.389474204217944,-0.6864258715501501,-0.6141877327364742,36.380771998665296
510,17.0,track,1,306.91189702574354,251.9395151212197,305.8396289912738,251.34281921956517,306.58651043899386,252.0837098561093,0.3559052576269311,18.05374604036109,18.05374604036109,-0.6887013861102127,-0.6136914066682415,38.0097030010802
511,17.033333333333335,track,1,308.0048306067242,249.4579415174546,305.9378055467645,251.0348281838354,308.16098110977146,249.75954319106307,0.3396270736047628,15.343110883436054,15.343110883436054,-0.6835983605158998,-0.5980341222392196,38.181874000656535
512,17.066666666666666,track,1,307.80442345924456,249.56678677932405,306.01601142873204,250.76468178174977,307.46409940544737,249.80140177751588,0.4133577856645559,15.912770988133914,15.912770988133914,-0.6797523289261288,-0.5845455510378541,97.42376999929547
513,17.1,track,1,306.4537973490797,249.54042339342922,305.9369556948738,250.51456962021356,306.4681232022503,249.86186834692333,0.32176402563974527,16.744197113075476,16.744197113075476,-0.68426422247212,-0.5722098676983081,108.7377040003048
514,17.133333333333333,track,1,304.1341669923147,253.6427641005601,305.593878283826,250.77756294265245,304.3971310476825,253.89074303357518,0.3614466013600928,20.890243214668693,20.890243214668693,-0.7025745912466907,-0.5867611196331004,108.90557299899228
515,17.166666666666668,track,1,307.7949631137115,254.02582040193334,305.7185217775787,251.0767298690029,307.3792595252162,254.1731515033136,0.4410395979068112,18.977916473304617,18.977916473304617,-0.6962569880170697,-0.6029144329712599,112.50121500052046
516,17.2,track,1,303.4148551872742,248.23753089549402,305.3202385640473,250.6703339644887,303.22111988957045,248.33180106755006,0.21545354700223263,18.7336522544163,18.7336522544163,-0.7174635360561487,-0.5819529716551577,105.9627359991282
517,17.233333333333334,track,1,307.8195588794524,253.03897832424894,305.48185129213726,250.86823630746935,307.90775275382543,252.95470965391314,0.1219810160520399,17.721369746151304,17.721369746151304,-0.7091868917756111,-0.5928860561927415,108.30190999877232
518,17.266666666666666,track,1,303.4908268253378,251.70125201437958,305.12424946031,250.8990158790194,303.84583085028305,251.444578857524,0.4380741571669404,19.797362605755144,19.797362605755144,-0.7282747498552165,-0.5948990075989035,110.58895200039842
519,17.3,track,1,304.30682963709677,249.43775201612902,304.89456592022685,250.6615239662096,303.7347555282034,248.83326102664572,0.8322728773861828,18.509043143614115,18.509043143614115,-0.7404925125710445,-0.582866290080573,110.20698700122011
520,17.333333333333332,track,1,305.632860938884,246.80868024800708,304.84645992714036,250.12869862774082,305.3591619557051,247.11986833495558,0.41442630086885596,16.280253798586088,16.280253798586088,-0.7431745128509339,-0.5555497988293414,105.83149599915487
521,17.366666666666667,track,1,307.39133499967954,250.39095045824521,305.02039551336287,250.06273164218223,307.15113917987367,250.23105240321212,0.2885505499138482,16.42460525103267,16.42460525103267,-0.7343357851655948,-0.5529406979136082,62.292995000461815
522,17.4,track,1,307.9612403100775,250.52133358542886,305.25973800188814,250.02274570892789,307.81583811150466,250.14863579900023,0.40005679516616777,15.857131187759386,15.857131187759386,-0.7222816765543558,-0.5515940387305905,36.89598699929775
523,17.433333333333334,track,1,305.6617223962662,248.74157662553546,305.21601941726925,249.77849166506104,305.67623736343995,248.95609209030678,0.21500597409865593,16.893246034985975,16.893246034985975,-0.7252110716647935,-0.5394821758867403,39.617085001736996
524,17.466666666666665,track,1,304.5048058918986,250.69498189988767,305.0425637543841,249.78916722447175,304.48420379435964,250.4848884358035,0.2111011844445479,18.726260101958683,18.726260101958683,-0.734869013719709,-0.5407705413740047,38.53169200010598
525,17.5,track,1,306.6091692307692,245.4364923076923,305.1374246805735,249.17658477503423,306.72099120689256,245.75728376829392,0.3397224095332007,14.473368333462851,14.473368333462851,-0.7303765801953149,-0.5093544559333515,38.23592500157247
526,17.533333333333335,track,1,302.5554439912143,246.9747097583935,304.7473497190539,248.79274655812284,302.5112286944121,246.734337596416,0.2444049277838673,18.7405556118717,18.7405556118717,-0.7513286947515919,-0.4902151881784071,39.01551200033282
527,17.566666666666666,track,1,303.26769384943003,247.41319052987598,304.4724163388024,248.49340976228024,303.2560743832788,247.62131027138432,0.20844385047090716,18.396831665017757,18.396831665017757,-0.7660120540599404,-0.47556302001605366,36.72405900033482
528,17.6,track,1,304.7229311433986,244.47043588123816,304.39522660274855,247.86971448295577,304.7411525874623,244.06623844367343,0.40460794549497114,15.791349512942721,15.791349512942721,-0.7702598808015224,-0.4439408818896911,39.300958000239916
529,17.633333333333333,track,1,304.94290646772305,247.50317528824218,304.3560707537496,247.65742151380104,304.79878658581964,247.38849454349995,0.18417984030421086,16.901678640974847,16.901678640974847,-0.772580957007876,-0.43402630001932874,40.528315999836195
530,17.666666666666668,track,1,305.4405236907731,250.00586034912718,304.3855771649315,247.76864620440148,305.16958053794787,250.24312268271902,0.3601438698691407,18.02395360939568,18.02395360939568,-0.7713803327064587,-0.44089581281288953,38.804428000730695
531,17.7,track,1,302.73293250581844,248.85537884665115,304.09577828079546,247.74601340264653,302.4114596708194,248.36509664992374,0.5862775930139006,19.476436862880693,19.476436862880693,-0.7869675309231489,-0.44046533669155324,38.543184999070945
532,17.733333333333334,track,1,305.1184733963202,247.60498508204873,304.11555462802437,247.58499555818483,305.5407953638086,247.28287773973935,0.5311393265357949,16.18977785157193,16.18977785157193,-0.7862284279793744,-0.43267499738047865,38.080034999438794
533,17.766666666666666,track,1,303.96953050143725,244.10086234429895,304.0031964437887,247.02431835402083,304.2297069909981,244.10890291460817,0.2603007039773778,16.296785718400084,16.296785718400084,-0.7925013534216676,-0.4039885964562293,40.29890000128944
534,17.8,track,1,302.9652751180901,249.0757053491638,303.7839173774051,247.1033915109205,303.0500293554198,249.2365632040082,0.18182004897831672,19.30325373282363,19.30325373282363,-0.804352577092033,-0.4090069029372369,38.70072000063374
535,17.833333333333332,track,1,304.7833569798285,245.42088705200172,303.8020592419976,246.7509345261078,304.5604296679757,245.62997085774958,0.3056347889163258,16.434016669598282,16.434016669598282,-0.8037141266231234,-0.39122506094053516,41.266989001087495
536,17.866666666666667,track,1,302.32219555330977,249.04573016675087,303.5311654321525,246.86400768054733,301.96816993679494,249.24340185301844,0.4054728507564607,20.26295568876097,20.26295568876097,-0.8182895826667618,-0.39789505480329124,39.87198300092132
537,17.9,track,1,302.34679809302924,243.86374178585234,303.2864060881815,246.36044024633958,302.721290953246,244.0830516827262,0.43398356330644783,17.754579616712736,17.754579616712736,-0.8313847360673499,-0.37209901337461665,44.3057869997574
538,17.933333333333334,track,1,303.8729846388219,244.93620667766916,303.2462853295675,246.02634582439828,304.01666383544995,245.04632086184083,0.18102167024827412,16.761037831520564,16.761037831520564,-0.8337198999823774,-0.3554022641642988,40.52294000030088
539,17.966666666666665,track,1,305.76905858275774,245.00543617293425,303.44249121099904,245.73218602561172,305.449139373377,245.10220087447786,0.33423301452071474,15.419468173024953,15.419468173024953,-0.823789380729218,-0.34084647284586245,41.19288000038068
540,18.0,track,1,304.00551033187224,243.89292423293676,303.4220383471639,245.33462384244478,304.5072340980903,243.84754028073348,0.503772211128813,15.963375629961314,15.963375629961314,-0.8254023874269872,-0.3208918258682028,38.496483999551856
541,18.033333333333335,track,1,302.6593690851735,245.67968454258676,303.24748499660575,245.1873143445251,302.7883441161012,245.5032372174736,0.2185594133007752,18.07005030810747,18.07005030810747,-0.8350830833234698,-0.31409033345256193,38.9310230002593
542,18.066666666666666,track,1,305.0599028257256,248.5790819588288,303.3764159695741,245.4081180961993,304.78626208441904,248.180166305445,0.48374885407350265,17.27347510342732,17.27347510342732,-0.8288044456874217,-0.3264202010111618,39.67038800146838
543,18.1,track,1,301.8805738417588,247.38020121724009,303.12252024248966,245.48328061217143,302.2132686829067,247.84721211662819,0.5733978003739619,19.440847433942384,19.440847433942384,-0.8426746662355302,-0.33081706993479254,40.00743599863199
544,18.133333333333333,track,1,305.5606649258009,250.17553022100503,303.32964547315703,245.89819836248904,305.51739804904736,250.20099556150456,0.050204643119557954,17.714572241958678,17.714572241958678,-0.8322860159340619,-0.35285177323799155,39.369721000184654
545,18.166666666666668,track,1,302.1801115241636,245.15966542750928,303.12469629504636,245.6961997037452,301.7305562517273,244.73507173794428,0.6183686151428368,18.873088757137207,18.873088757137207,-0.8436331972042823,-0.34232472921340973,39.2004490004183
546,18.2,track,1,304.565612296748,247.27705792682926,303.22235466427594,245.76749868421354,304.6983612758552,247.52965892314282,0.28535864240040987,17.053911901470368,17.053911901470368,-0.8390254023944035,-0.3462723761223149,38.02345999974932
547,18.233333333333334,track,1,303.6118514845348,244.80307444368685,303.2044980096746,245.54589340189906,303.1991275081763,244.5355173222329,0.4918616613458576,17.40230541815635,17.40230541815635,-0.8405601486187855,-0.3348575400972829,40.90072899998631
548,18.266666666666666,track,1,306.4336620069895,247.90901148277584,303.52934682935364,245.7165828636513,306.68353901973023,248.2078492009226,0.38954140124433034,15.64279136037213,15.64279136037213,-0.8241727273303745,-0.3441092681781157,40.835519999745884
549,18.3,track,1,304.0390091671543,248.06013913269618,303.55107533354925,245.90162547585717,303.78501398310885,247.78123492285278,0.3772281959062028,17.98536595270163,17.98536595270163,-0.8238513166465739,-0.3539670225273588,39.50282500045432
550,18.333333333333332,track,1,305.58238945414985,243.24035323478594,303.7584975688951,245.50456059763795,305.7831999983634,243.4160919457385,0.2668500874922086,14.621459792656621,14.621459792656621,-0.8137751762210506,-0.3332794767338757,37.7998829990247
551,18.366666666666667,track,1,305.35786721091904,244.38152943427514,303.9281489757116,245.27421929646994,305.03804489190645,243.88448774614247,0.5910471685748626,15.457986469994648,15.457986469994648,-0.8057604251582492,-0.3216068169140049,39.36446599982446
552,18.4,track,1,304.73649266004753,247.24462447462994,304.01408482467656,245.4070342504938,304.9991222216621,247.0345503346658,0.3363115087467871,16.568380504188642,16.568380504188642,-0.8021570519394724,-0.3290200653842121,38.589462001255015
553,18.433333333333334,track,1,303.73963754938234,243.00790117263435,303.97602681309144,245.03127447674765,303.35659444784477,243.11445614487033,0.3975877006947395,16.93230006383752,16.93230006383752,-0.805005600886752,-0.309675272241534,40.29692500080273
554,18.466666666666665,track,1,302.3744762139512,241.56926300221838,303.77745687912744,244.5129965514477,302.34043240850684,241.91650990750375,0.34891172797629283,17.76325808358578,17.76325808358578,-0.8161449193387971,-0.2830881134324462,38.86946300008276
555,18.5,track,1,302.16638956388283,246.0875431640875,303.56706686925315,244.57464228004315,301.69171037198726,246.63497594737586,0.7245708988342614,19.473478757670783,19.473478757670783,-0.8277289834664815,-0.2870570272286453,39.4895789995644
556,18.533333333333335,track,1,301.8246426939894,243.02799712849963,303.33030310650474,244.27453453423178,301.8080306892907,242.65867536771054,0.36969517401835816,18.38521966452017,18.38521966452017,-0.8405654562304715,-0.271898544462343,39.769836999766994
557,18.566666666666666,track,1,302.2115494932755,244.6392376824527,303.15666218245536,244.19351961900227,302.57721722696897,244.23370512531133,0.5460490329321218,17.92979694933309,17.92979694933309,-0.8499983209091704,-0.2682786411908525,39.523982000901015
558,18.6,track,1,301.91834926261157,246.0992467877714,302.9615269641745,244.30019379636997,301.7528741344849,245.89475213705512,0.2630590811968069,19.17565396822925,19.17565396822925,-0.8605258220397289,-0.2743874176379351,39.74677599944698
559,18.633333333333333,track,1,303.4462783379359,242.77368184445444,302.9645154792085,244.0100941396552,303.6169288134525,242.44159869271175,0.37336417137347433,16.5640099516915,16.5640099516915,-0.8606617067919689,-0.2595697394236819,39.253169001312926
560,18.666666666666668,track,1,305.09137152667387,240.56285369110446,303.1675560497133,243.48087528866333,304.65418758912193,240.16427693688965,0.5916022517315431,15.34669167807359,15.34669167807359,-0.8504433136741427,-0.23237715977416382,39.00086899921007
561,18.7,track,1,304.6187571483035,243.94967594357607,303.3044405470112,243.3977699985471,304.5294805834727,244.47583785139255,0.5336821697087746,16.104971142138254,16.104971142138254,-0.8438857165849453,-0.2287495482089929,40.300795999428374
562,18.733333333333334,track,1,304.3580934695141,241.27007118539152,303.403787989841,243.00834392335483,304.69314786714915,241.5870415317682,0.4612284139737654,15.38890584286348,15.38890584286348,-0.8393875417737364,-0.20898200117607144,39.91104800115863
563,18.766666666666666,track,1,305.1402703552342,241.23470606727443,303.59206281845377,242.64802624456104,304.7617206881209,241.317217253834,0.38743766773387195,15.295104369720441,15.295104369720441,-0.8302817989353257,-0.19084457279314543,41.093475998422946
564,18.8,track,1,301.98253723677453,241.78197226502311,303.3919665730652,242.38548847197876,301.9631835678695,241.57468783142474,0.20818597674263217,18.105424291432918,18.105424291432918,-0.8415681380383109,-0.17787255297152152,40.78582900001493
565,18.833333333333332,track,1,305.88312797364887,238.66225448334757,303.67155226637794,241.77665728097958,306.1651134039931,238.20915994302078,0.5336763489235314,13.950311653653241,13.950311653653241,-0.8275829937066383,-0.14676424697101448,39.62842799955979
566,18.866666666666667,track,1,304.61624377807453,242.430617943426,303.78302955109984,241.6675951360667,304.2618384277633,242.6064830610977,0.3956408623270859,15.952538469523205,15.952538469523205,-0.8225627862624746,-0.14198479512765783,39.864465999926324
567,18.9,track,1,304.05876818866034,240.47039638735575,303.82084871752267,241.34295696393832,304.0757569381293,240.3003979567467,0.17084520484361365,15.927076192005696,15.927076192005696,-0.8214061411606676,-0.12574598575543142,39.39542199987045
568,18.933333333333334,track,1,300.70866747930967,241.192981330596,303.45530823544163,241.13691576582454,300.889643876639,241.368564951495,0.25215484194895926,19.159297512908484,19.159297512908484,-0.8413004669473925,-0.11571332022612495,39.04907500145782
569,18.966666666666665,track,1,305.78863842466643,241.91993781577924,303.72009993184975,241.04288132041762,305.3292747870814,241.82314212674015,0.4694511230702576,14.783572825513488,14.783572825513488,-0.8279509439969936,-0.11146145322349996,38.853735000884626
570,19.0,track,1,301.37125056201427,237.301111182478,303.4406856079085,240.41439161789503,301.1987801929791,237.55293733134982,0.3052252241390738,18.959799100629123,18.959799100629123,-0.8432627939617608,-0.05747000478658866,40.23986500033061
571,19.033333333333335,track,1,304.8354897181074,238.04012750796926,303.59322943789834,239.9257421651528,305.1280447680045,237.68912905691639,0.4569336602416209,15.050421154840382,15.050421154840382,-0.8357830621466042,-0.05852332006630702,40.936332999990555
572,19.066666666666666,track,1,301.33445882573625,239.96973675983241,303.31828999027664,239.7119426455403,301.82114030238546,239.91074532053162,0.4902436635227782,18.179078807886864,18.179078807886864,-0.8507899800794596,-0.05926064076210987,39.48614000000816
573,19.1,track,1,305.43288778364933,237.34317687286293,303.5512698870545,239.2115569357435,305.2509322198594,237.6134862461723,0.325845031407595,14.94089850980824,14.94089850980824,-0.8390590610933866,-0.01855104852685958,41.19569000067713
574,19.133333333333333,track,1,301.2665238280743,241.60953122971043,303.27244573454635,239.26701403754691,301.36990742933904,241.05628660071062,0.5628212758306137,18.660013145071403,18.660013145071403,-0.8542899850461516,-0.022314681331813156,40.12379500090901
575,19.166666666666668,track,1,299.11075401730534,238.8684177997528,302.7538796496685,239.00585654563454,299.5515912824548,238.62383725835963,0.5041399960057081,20.49466376819238,20.49466376819238,-0.8818681412806966,-0.00921992880265733,38.22187500009022
576,19.2,track,1,301.30587011079143,237.738813735692,302.53211279345834,238.6397925994705,300.9580939529231,237.58717614996263,0.3793971710325379,19.19416330130108,19.19416330130108,-0.8936459173312061,0.009370034092930213,40.67833199951565
577,19.233333333333334,track,1,301.21882411683936,237.92685058045188,302.31712128814087,238.33313533674652,301.2163261088707,237.865860495021,0.06104122020961266,18.904522111785965,18.904522111785965,-0.905067427238096,0.024796770083166393,39.244403000338934
578,19.266666666666666,track,1,303.3437996334759,241.43891264508247,302.3736110265528,238.48007638003733,303.70115313087723,241.42658331822463,0.35756612592041315,16.36115977634073,16.36115977634073,-0.902299275788138,0.01650807466625713,39.9057200011157
579,19.3,track,1,305.573265904976,242.27495785727663,302.69736006867464,238.731957218454,305.11889288935583,242.2762119943885,0.45437474641934444,15.054185128457215,15.054185128457215,-0.8857360813650168,0.0030264215390164236,39.56066600039776
580,19.333333333333332,track,1,298.9836929563492,237.21800595238096,302.2162214262445,238.3759149616207,298.73858982531965,237.20286661435213,0.2455702433041265,21.444615123454817,21.444615123454817,-0.9115536885531649,0.0216026505664319,39.61591299957945
581,19.366666666666667,track,1,299.72727272727275,240.7260953089174,301.8569387262383,238.47317931770326,299.8729312916616,240.48002656786443,0.2859479720215009,20.13279216343404,20.13279216343404,-0.9306896608398737,0.016275997756598177,40.508586000214564
582,19.4,track,1,303.23207913353787,240.82439116008263,301.94355884058,238.58772017294405,303.62251969640823,240.54003196738336,0.48301551073139437,16.386381407142096,16.386381407142096,-0.9263765210760266,0.010198559818062461,39.32838999935484
583,19.433333333333334,track,1,302.50877531340404,240.84930890388944,301.94312828766084,238.70857219611858,302.17852287854873,241.38720044544243,0.6311845856816515,17.87538452359128,17.87538452359128,-0.9268095699993673,0.003907838105122793,40.021438000621856
584,19.466666666666665,track,1,301.5858114919355,237.79290574596774,301.83667601596164,238.4657461443421,301.62478876548795,238.0377235900243,0.24790119931555465,18.479689299933725,18.479689299933725,-0.9328659291127022,0.016717366514373336,39.73085300094681
585,19.5,track,1,303.1285902008635,238.0605093548589,301.92555001341174,238.27884100889827,303.45809130402694,238.09754020292377,0.3315754223314903,16.650948819373646,16.650948819373646,-0.9286973716243903,0.026428828597569475,42.087851999895065
586,19.533333333333335,track,1,305.2832226429148,240.0379864688722,302.270633667956,238.34911826556944,304.9577196949433,239.68202613803675,0.4823483453548873,15.045640702635042,15.045640702635042,-0.9112497137629527,0.022609376740980184,53.91316799978085
587,19.566666666666666,track,1,301.7570808879816,237.61565450369991,302.17568341209983,238.13415581798236,301.61648313512404,237.8568320015559,0.27916717855196127,18.508021541773008,18.508021541773008,-0.917054886266037,0.03381200965009098,41.02500199951464
588,19.6,track,1,306.01,240.06746753246753,302.59752025714505,238.23417300047797,306.2366649921148,239.89616673331668,0.28411438267031364,13.76372667145596,13.76372667145596,-0.895725339513865,0.028437843831158393,41.951679000703734
589,19.633333333333333,track,1,303.350588675014,237.3662243817355,302.67684351640366,238.01313762822093,302.8384337824798,237.6264848828455,0.5744894797859853,17.32492219462159,17.32492219462159,-0.8925562422439012,0.03997882038650121,40.68467799879727
590,19.666666666666668,track,1,303.80253896430366,238.92395676219206,302.80586004412396,237.99990478518285,303.5272977488769,238.66119334267484,0.38052902820414986,16.527017962108427,16.527017962108427,-0.8867415993795755,0.040538200840702865,40.60530399874551
591,19.7,track,1,304.800554552489,240.2720531338664,303.0463911398571,238.15651272966596,304.93948500886137,240.42670246458545,0.20788960339487994,15.066558558330259,15.066558558330259,-0.8750938794384844,0.032270706929481335,39.17996500058507
592,19.733333333333334,track,1,303.5045280612245,236.4986607142857,303.11651664479547,237.859227793658,304.0088641768856,236.98801599043134,0.7027257671749931,16.272322286237763,16.272322286237763,-0.8724242995559937,0.04788213244693018,40.17275300066103
593,19.766666666666666,track,1,306.32247063281545,238.0997221169635,303.51821573883404,237.77861255275585,306.15309941198444,237.9274913937721,0.2415575137660202,14.001140946982654,14.001140946982654,-0.8523538665054075,0.051975519538839964,39.117659000112326
594,19.8,track,1,307.77372539121654,237.14304644119133,304.06678511784855,237.5956715661121,307.9278192821906,237.2281395353916,0.17602773053160284,12.386313322321037,12.386313322321037,-0.8247699532906514,0.061428490227488725,39.90294799950789
595,19.833333333333332,track,1,308.6660863076732,233.4267504041786,304.684693235668,236.98672028494306,308.1954882653806,233.66470990774243,0.5273397792182557,13.397104084309548,13.397104084309548,-0.7937658013655512,0.09309860676606975,39.72286600037478
596,19.866666666666667,track,1,303.8234890538265,236.58990831410216,304.6798771017201,236.80178169828181,303.73756045877064,237.07823765087284,0.495831891470448,16.522821643318586,16.522821643318586,-0.7955040932116578,0.10228812886637441,39.43698400144058
597,19.9,track,1,306.11820241691845,233.74987411883183,304.94354800693264,236.29769942006217,306.369644229849,233.35249159307457,0.4702508448339041,15.164958504428345,15.164958504428345,-0.7829271554406754,0.12822501406176018,39.2410620006558
598,19.933333333333334,track,1,306.4743652945526,233.59945772738476,305.22722381915827,235.81651455961492,306.1655542491251,233.20123485519917,0.5039302706821558,15.414768786072003,15.414768786072003,-0.7692817262733306,0.1528053731070087,40.61058999832312
599,19.966666666666665,track,1,307.14541972550273,234.67571018193425,305.5667227812267,235.504708001958,307.1932669338437,234.39627878573353,0.28349825489534664,13.979059456022123,13.979059456022123,-0.7527114916144749,0.1684381379817131,40.173006998884375
