frame_index,timestamp_s,state,detection_count,selected_x_px,selected_y_px,estimate_x_px,estimate_y_px,truth_x_px,truth_y_px,centroid_error_px,tracking_error_px,pointing_offset_px,pan_rate_deg_s,tilt_rate_deg_s,processing_time_ms
0,0.0,acquire,1,320.0,240.0,320.0,240.0,320.0,240.0,0.0,0.0,0.0,0.0,0.0,77.73933600037708
1,0.03333333333333333,acquire,1,324.0,242.0,323.6756761085404,241.8378380542702,323.62523114814655,241.69047304696278,0.4860644267749451,3.9999999999999507,3.9999999999999507,0.19543531359984936,-0.09771765679992468,27.127307001137524
2,0.06666666666666667,track,1,326.0,242.0,325.2068088317555,241.97966369638047,326.2504622962932,242.38094609392556,0.4559071049475037,6.6885860403797235,6.6885860403797235,0.2998525084991085,-0.11344757461324959,26.745250999738346
3,0.1,track,1,328.0,244.0,327.2157748761357,243.26802466521914,327.8756934444398,244.07141914088834,0.1433625245330013,8.865833353474653,8.865833353474653,0.4430815165487342,-0.19753611600748036,28.698293999696034
4,0.13333333333333333,track,1,330.0,245.0,329.3946309253615,244.5505478597934,329.50092459258644,244.76189218785123,0.5529661766250092,10.627473139120722,10.627473139120722,0.6069706575408892,-0.28934972751461174,21.327960001144675
5,0.16666666666666666,track,1,330.0,244.0,330.4773089030691,244.66087612966444,330.126155740733,244.452365234814,0.469627061175382,11.061762349181086,11.061762349181086,0.7183654291062759,-0.32065944672705315,19.638285999462823
6,0.2,track,1,330.0,245.0,330.99570279092694,245.1560052246531,329.75138688887955,245.1428382817768,0.2867250490660593,11.024442473391607,11.024442473391607,0.8000845104885321,-0.37179583628512614,22.7558719998342
7,0.23333333333333334,track,1,329.0,245.0,330.7952150877706,245.42482466512055,329.3766180370262,244.83331132873957,0.4118570855770853,10.549021955271858,10.549021955271858,0.8409146678804038,-0.4115280170892637,19.690631999765174
8,0.26666666666666666,track,1,328.0,244.0,330.2127155730537,245.16945187496003,328.0018491851729,243.52378437570235,0.47621921455460586,8.743377305635162,8.743377305635162,0.85626515430114,-0.4222784511506919,15.661478999390965
9,0.3,track,1,328.0,243.0,329.78780897145344,244.6106370007486,327.6270803333193,243.21425742266513,0.4300875735990606,8.276702555369761,8.276702555369761,0.8745676922880052,-0.4135871680521691,13.077343999611912
10,0.3333333333333333,track,1,326.0,243.0,328.7943758709602,244.20824039025965,326.252311481466,242.90473046962802,0.2696986597980467,6.894117634799752,6.894117634799752,0.8576974226262313,-0.4093821768289558,13.925257000664715
11,0.36666666666666664,track,1,325.0,243.0,327.7527105007517,243.91174280551928,324.87754262961266,242.5952035165908,0.4229137034226205,5.524988995121534,5.524988995121534,0.8315175447207768,-0.40809703080042803,12.681674999839743
12,0.4,track,1,325.0,242.0,326.9758189019959,243.3978784874015,324.5027737777591,242.28567656355358,0.5734500981321186,5.049682073839212,5.049682073839212,0.8132854281990873,-0.3929623095874481,13.454529000227922
13,0.43333333333333335,track,1,324.0,241.0,326.11459591211633,242.7350762286664,324.12800492590577,240.97614961051636,0.13020791886311364,4.241850154167818,4.241850154167818,0.7858445061930499,-0.3667588479404366,13.325338999493397
14,0.4666666666666667,track,1,323.0,242.0,325.19573548077204,242.47854896447345,322.75323607405244,241.66662265747914,0.41476847476071016,3.218375360626306,3.218375360626306,0.7505022451370501,-0.358897031914948,12.20226299847127
15,0.5,track,1,322.0,241.0,324.236786361414,242.03863961318092,322.3784672221991,241.35709570444192,0.520341023185734,2.738396442827487,2.738396442827487,0.7081739474094234,-0.3397466639748467,13.653268999405554
16,0.5333333333333333,track,1,323.0,241.0,323.70482344657074,241.69006924308542,323.00369837034555,241.0475687514047,0.04771230505241445,3.1811325324381072,3.1811325324381072,0.68400135905082,-0.32328834332654177,13.398410999798216
17,0.5666666666666667,track,1,323.0,241.0,323.2823360771746,241.4114575380804,322.6289295184922,240.73804179836748,0.4542195522530556,2.730563331867108,2.730563331867108,0.6631428497592327,-0.30889726200749523,13.068223999653128
18,0.6,track,1,322.0,240.0,322.73895633244274,240.98141051735033,322.2541606666389,240.42851484533026,0.4982194467649104,2.29452942532674,2.29452942532674,0.6338776489731968,-0.28510024979032605,13.126723000823404
19,0.6333333333333333,track,1,323.0,241.0,322.49393258574065,240.82579299381132,322.8793918147853,241.11898789229326,0.16942388513185216,3.0891796849894675,3.0891796849894675,0.6181895427678804,-0.2740599969003588,12.695858000370208
20,0.6666666666666666,track,1,324.0,241.0,322.4865978308924,240.70060204113827,323.504622962932,240.80946093925604,0.530757517632554,3.5968888118054845,3.5968888118054845,0.6142839139234583,-0.2640397397701737,13.064094000583282
21,0.7,track,1,323.0,241.0,322.3091619152438,240.5999085452427,323.12985411107866,241.49993398621882,0.5165230689336812,3.470704354976127,3.470704354976127,0.6014932973369174,-0.2548957117150237,13.376381999478326
22,0.7333333333333333,track,1,324.0,242.0,322.34088718242504,240.69326412013348,323.7550852592251,242.1904070331816,0.310222611254977,4.3472460564202065,4.3472460564202065,0.5993281192902501,-0.2558201570633678,13.354029000765877
23,0.7666666666666667,track,1,324.0,242.0,322.37704638673694,240.7786227386362,324.38031640737177,241.88088008014438,0.39853497339954497,4.767062167055745,4.767062167055745,0.5978180862590431,-0.2569170567550422,12.553863998618908
24,0.8,track,1,325.0,243.0,322.5793128653079,241.01976209620904,325.00554755551843,242.57135312710716,0.42868276967128227,5.6273762300774175,5.6273762300774175,0.6056106998268969,-0.2668903030065935,15.856689999054652
25,0.8333333333333334,track,1,326.0,243.0,322.92124478154363,241.23426639552235,325.6307787036651,243.26182617406994,0.4526337493993627,6.50731732740122,6.50731732740122,0.6220307747296956,-0.2767010477667647,13.253138000436593
26,0.8666666666666667,track,1,325.0,243.0,323.0752448581131,241.42602571235622,325.25600985181154,242.95229922103272,0.2604158377262273,6.028408600356347,6.028408600356347,0.6302179966981732,-0.286420842996301,12.753097000313574
27,0.9,track,1,326.0,244.0,323.3664889243227,241.7473836578107,325.8812409999582,243.6427722679955,0.3764509962850508,6.918004444640556,6.918004444640556,0.6466357998118606,-0.3040434004282804,13.396615999226924
28,0.9333333333333333,track,1,327.0,243.0,323.7760945354709,241.88940600180354,326.5064721481049,243.33324531495828,0.5955016209363797,7.310588495036209,7.310588495036209,0.6708521120801456,-0.3136577701417229,12.765311999828555
29,0.9666666666666667,track,1,326.0,243.0,324.003870589527,242.01768329339484,326.1317032962513,243.02371836192106,0.1338219673135927,6.836713980084132,6.836713980084132,0.6873650133253055,-0.32325964888956604,12.724989999696845
30,1.0,track,1,326.0,243.0,324.21165175927393,242.13386460975062,325.756934444398,242.71419140888383,0.3751898387162475,6.36467824804638,6.36467824804638,0.7039474471720298,-0.3328442816182656,13.413807000688394
31,1.0333333333333334,track,1,326.0,243.0,324.40168578864444,242.2393237766231,326.38216559254465,243.40466445584684,0.5566002712457346,7.233517657928797,7.233517657928797,0.7205864590378951,-0.34240332802958195,12.800785998479114
32,1.0666666666666667,track,1,326.0,243.0,324.5758507352932,242.33521121178816,326.0073967406911,243.09513750280962,0.0954246101050556,6.757861478409019,6.757861478409019,0.7372629782802157,-0.35192605341535854,12.932850999277434
33,1.1,track,1,326.0,243.0,324.7357227838698,242.42249546174244,325.63262788883776,242.7856105497724,0.42535291750344634,6.2837984586646485,6.2837984586646485,0.7539539149625536,-0.3614002017878583,14.09867699840106
34,1.1333333333333333,track,1,325.0,242.0,324.75207227914717,242.37143780930523,325.2578590369844,242.47608359673518,0.5414303962974757,5.811718474842001,5.811718474842001,0.763684004788389,-0.3638629656177147,13.385084999754326
35,1.1666666666666667,track,1,325.0,242.0,324.76789041092877,242.32460133333362,324.8830901851311,242.16655664369796,0.20349206464285124,5.342147269261247,5.342147269261247,0.7734022222570598,-0.3662767650919122,13.12655400033691
36,1.2,track,1,325.0,242.0,324.78319191729577,242.2816390011666,324.50832133327754,241.85702969066074,0.5120433777157403,4.87580972927378,4.87580972927378,0.7830812345124393,-0.3686282354136563,13.330065999980434
37,1.2333333333333334,track,1,323.0,242.0,324.5454333469486,242.24225176534637,323.1335524814242,241.54750273762352,0.47179448677657676,3.494841323549907,3.494841323549907,0.7792588560058368,-0.37091162196105093,12.969485998837627
38,1.2666666666666666,track,1,323.0,241.0,324.32713143923985,242.08098536664073,322.75878362957087,241.2379757845863,0.3388477702633828,3.0238173155814634,3.0238173155814634,0.7753123118288022,-0.366462726938212,12.440974000128335
39,1.3,track,1,322.0,241.0,324.0027129747297,241.9324397244625,322.3840147777173,240.92844883154908,0.3906237565893409,2.5584260187035635,2.5584260187035635,0.7646357887460381,-0.36190892893736537,13.937942998381914
40,1.3333333333333333,track,1,322.0,241.0,323.7045978329795,241.79583199410456,322.009245925864,240.61892187851186,0.3811902698417356,2.1024113494513017,2.1024113494513017,0.7538139904357491,-0.3572671536603445,12.925994000397623
41,1.3666666666666667,track,1,322.0,240.0,323.4312273515444,241.54769610054507,321.63447707401065,240.30939492547463,0.4788864472223796,1.663502487336842,1.663502487336842,0.742891834328242,-0.3460263262505778,13.035701000262634
42,1.4,track,1,321.0,241.0,323.0590043885484,241.4411660365399,321.2597082221573,240.9998679724374,0.25970825571666056,1.608291256979546,1.608291256979546,0.725420017914644,-0.3411800637590646,13.335515999642666
43,1.4333333333333333,track,1,321.0,241.0,322.7174258929621,241.34446034730263,320.88493937030375,240.69034101940042,0.3303447180931866,1.1223584152045276,1.1223584152045276,0.7078807760042636,-0.33635172560911847,13.117700000293553
44,1.4666666666666666,track,1,321.0,240.0,322.4049300087994,241.1357304163659,320.5101705184504,240.3808140663632,0.6204452225097745,0.6366265082731388,0.6366265082731388,0.6903537141012009,-0.3251163847449286,13.661058999787201
45,1.5,track,1,321.0,240.0,322.12003769638903,240.94400724336163,321.1354016665971,240.07128711332598,0.1530211222139632,1.1376373750179805,1.1376373750179805,0.672920573818142,-0.31386418486102324,13.625849000163726
46,1.5333333333333334,track,1,321.0,241.0,321.86133137018624,240.88917108307925,320.76063281474353,240.76176016028876,0.3377201068980684,1.0764946914257505,1.0764946914257505,0.6556614257080086,-0.30906647821980643,13.606178001282387
47,1.5666666666666667,track,1,321.0,240.0,321.6274389416967,240.7213268884209,321.3858639628902,240.45223320725154,0.5944794963649639,1.4577838651112647,1.4577838651112647,0.6386520905292227,-0.29804152135621903,13.320742000360042
48,1.6,track,1,321.0,240.0,321.4170224551925,240.56832111761608,321.01109511103687,240.14270625421432,0.14313691515748767,1.0211162512439678,1.0211162512439678,0.6219624515450745,-0.2871138011651224,13.205724999352242
49,1.6333333333333333,track,1,322.0,241.0,321.34886981537426,240.54955723436046,321.6363262591833,240.8331793011771,0.4001096541141808,1.8362329303230538,1.8362329303230538,0.6120492845031683,-0.2827191617476908,13.677278000614024
50,1.6666666666666667,track,1,322.0,241.0,321.29376714732683,240.53641557687067,322.26155740733,240.52365234813988,0.5434329422861955,2.32139046443322,2.32139046443322,0.6026880429819002,-0.2786175430503497,13.875943001039559
51,1.7,track,1,322.0,241.0,321.25057708088667,240.52833248413245,321.88678855547664,241.21412539510266,0.24221171730313504,2.24367366791849,2.24367366791849,0.5938981031935018,-0.2748173649249116,14.84741199965356
52,1.7333333333333334,track,1,323.0,241.0,321.3380424832715,240.52477341951712,322.5120197036231,240.90459844206543,0.4972184901111853,2.6699328330086898,2.6699328330086898,0.5920687166079304,-0.27132092413743647,13.812197999868658
53,1.7666666666666666,track,1,323.0,242.0,321.42759350665636,240.64501418885163,323.13725085176975,241.59507148902821,0.427556891313132,3.5194596122189985,3.5194596122189985,0.5909411024246719,-0.27450323705726737,13.335481999092735
54,1.8,track,1,324.0,241.0,321.6380790160049,240.64137613658505,323.7624819999164,241.285544535991,0.3714168579884556,3.976040185122799,3.976040185122799,0.5968560365282475,-0.2717265837408197,13.514209000277333
55,1.8333333333333333,track,1,324.0,242.0,321.84129090142716,240.76061586623692,324.3877131480631,241.97601758295377,0.38845416912213326,4.812138002782977,4.812138002782977,0.6035181676369109,-0.2755802928260609,14.34161699944525
56,1.8666666666666667,track,1,325.0,243.0,322.1562879424197,240.994705345081,325.0129442962095,242.66649062991678,0.33376047509803547,5.67800869991704,5.67800869991704,0.6172245145398804,-0.2861741714278187,13.800190999972983
57,1.9,track,1,325.0,242.0,322.45521901408097,241.09634117591096,324.6381754443562,242.35696367687956,0.508271655395235,5.2026867315607594,5.2026867315607594,0.6316446189277369,-0.2908428188801112,14.268888999140472
58,1.9333333333333333,track,1,325.0,242.0,322.7377504256515,241.1926938744956,325.26340659250286,242.04743672384234,0.26764393462744945,5.647605341748025,5.647605341748025,0.6466667597685013,-0.29576081976596685,13.922361000368255
59,1.9666666666666666,track,1,325.0,243.0,323.0037046256432,241.40334826884174,324.8886377406493,242.73790977080512,0.28476804779876247,5.603117781411599,5.603117781411599,0.6621792176965484,-0.30725525918377483,13.710183000512188
60,2.0,track,1,326.0,242.0,323.3727262568351,241.48128096462116,325.51386888879597,242.4283828177679,0.6479469853616339,6.024930973252926,6.024930973252926,0.6844456461159362,-0.3126631982941721,13.445121001495863
61,2.033333333333333,track,1,325.0,243.0,323.5979339490877,241.67352150061006,325.13910003694264,243.11885586473068,0.18296321176214542,6.011456653313632,6.011456653313632,0.7007423690261645,-0.3245345328248974,13.982159000079264
62,2.066666666666667,track,1,325.0,243.0,323.8068795364919,241.85286908547863,324.7643311850893,242.80932891169346,0.3031423003102896,5.530929449495011,5.530929449495011,0.7171896393356216,-0.33658353240822736,13.416282999969553
63,2.1,track,1,325.0,242.0,323.9999162525051,241.8998194800753,325.38956233323574,242.49980195865624,0.6336882588092398,5.941076668107816,5.941076668107816,0.7336968773809731,-0.3423739138220022,14.458388999628369
64,2.1333333333333333,track,1,325.0,242.0,324.1774758121899,241.94191472249665,325.0147934813824,242.19027500561901,0.19084922020990214,5.472244353202341,5.472244353202341,0.7501829343495725,-0.3480925425417641,13.774828001260175
65,2.1666666666666665,track,1,325.0,242.0,324.3400561707461,241.97941489727057,324.6400246295291,241.8807480525818,0.3792140481426167,5.006699691406174,5.006699691406174,0.7665756261182358,-0.3537134448359326,13.650621998749557
66,2.2,track,1,324.0,242.0,324.3685325691062,242.01258406510308,324.2652557776755,241.57122109954457,0.5041943802404089,4.545452957918327,4.545452957918327,0.7764392482893963,-0.35921666414282377,13.16540699917823
67,2.2333333333333334,track,1,324.0,242.0,324.39079216412796,242.0416877824231,323.8904869258222,242.26169414650735,0.2836845778890466,4.500127657338067,4.500127657338067,0.785966295300651,-0.3645869657276246,13.815215999784414
68,2.2666666666666666,track,1,323.0,242.0,324.28773687590865,242.06699088850368,322.51571807396886,241.95216719347036,0.48663842970005655,3.184304347727382,3.184304347727382,0.7887682194849669,-0.3698128794440133,13.768752998657874
69,2.3,track,1,322.0,242.0,324.0675327180243,242.08875555354243,322.1409492221153,241.64264024043314,0.3841518983066362,2.6985052401591383,2.6985052401591383,0.7847130322407783,-0.37488598178414345,13.942756999313133
70,2.3333333333333335,track,1,322.0,241.0,323.8579289992506,241.98757328771643,321.76618037026196,241.33311328739592,0.4069841292858331,2.2128226628743293,2.2128226628743293,0.7800777883612362,-0.37342897622921434,13.456918999509071
71,2.3666666666666667,track,1,321.0,241.0,323.5395929383658,241.89097646584275,321.39141151840863,241.0235863343587,0.39212152696763614,1.7273549135733766,1.7273549135733766,0.7685578703636804,-0.37168575591747355,12.911968000480556
72,2.4,track,1,321.0,241.0,323.24000712782316,241.79915266587497,321.0166426665551,240.71405938132148,0.28642453763656517,1.242353859217822,1.242353859217822,0.7564719020508005,-0.3696856114135913,14.426047999222646
73,2.433333333333333,track,1,321.0,240.0,322.95921028505234,241.59257680450145,320.64187381470174,240.40453242828426,0.5402784931216869,0.7587150186554364,0.7587150186554364,0.7439233058532347,-0.3610899950174228,13.769001001492143
74,2.466666666666667,track,1,320.0,240.0,322.57744375698843,241.39859141478368,320.2671049628484,240.09500547524704,0.2834979744286789,0.2834979744286789,0.2834979744286789,0.7246449867436466,-0.3521790812166407,13.557427999330685
75,2.5,track,1,320.0,240.0,322.2217301412271,241.21716714358698,319.8923361109951,239.78547852220981,0.24002286855412333,0.24002286855412333,0.24002286855412333,0.7049837760490948,-0.34301703475356216,13.833271001203684
76,2.533333333333333,track,1,320.0,239.0,321.89166017760175,240.92854239435377,319.5175672591415,239.4759515691726,0.6776955405269275,0.7122977658991336,0.7122977658991336,0.6850656289211839,-0.32729832823279575,13.392699000178254
77,2.566666666666667,track,1,319.0,239.0,321.4670426371092,240.65976637364278,319.1427984072882,239.16642461613537,0.219290989281019,1.195676582999239,1.195676582999239,0.6586415036556303,-0.31133171254475855,12.822312999560381
78,2.6,track,1,320.0,240.0,321.19407413331527,240.53014100960894,319.76802955543485,239.85689766309815,0.2725592889235717,0.2725592889235717,0.2725592889235717,0.6384398762760176,-0.301577078058669,13.933713000369607
79,2.6333333333333333,track,1,319.0,240.0,320.82504385525294,240.41198695039034,319.3932607035813,239.54737071006093,0.5996059164918213,0.7569714974352836,0.7569714974352836,0.6119809753290397,-0.2703344597360569,13.588394000180415
80,2.6666666666666665,track,1,320.0,240.0,320.6058894669568,240.30483090485907,320.01849185172796,240.2378437570237,0.23856152526231658,0.23856152526231658,0.23856152526231658,0.5919748669405066,-0.26488087683176254,13.677758999619982
81,2.7,track,1,321.0,240.0,320.52795790710996,240.20817254145464,320.6437229998746,239.92831680398672,0.3634168149783583,0.6477019230774805,0.6477019230774805,0.5786602013077032,-0.25937899358459066,13.634667000587797
82,2.7333333333333334,track,1,321.0,241.0,320.46294124018766,240.24110773127222,321.2689541480213,240.6187898509495,0.466537792120817,1.4117880540005106,1.4117880540005106,0.5416599283775588,-0.2539943587331171,12.705708999419585
83,2.7666666666666666,track,1,322.0,240.0,320.5294024661369,240.15626674674726,321.89418529616773,240.30926289791228,0.32686433205874466,1.9192658690872262,1.9192658690872262,0.5583499528387712,-0.24863326526434523,14.260613999795169
84,2.8,track,1,323.0,241.0,320.7187183999553,240.19999452074535,322.5194164443144,240.99973594487506,0.48058362822772216,2.7105223074819076,2.7105223074819076,0.5595055544190085,-0.2434384705900221,14.373178000823827
85,2.8333333333333335,track,1,323.0,242.0,320.90275539045996,240.36418947904812,323.14464759246107,241.69020899183784,0.34189676035744204,3.5701001270077386,3.5701001270077386,0.5614753023483787,-0.23852849257387995,13.605124000605429
86,2.8666666666666667,track,1,324.0,242.0,321.20035027437405,240.52119750238185,323.7698787406075,242.38068203880061,0.4448309889045257,4.458658171328266,4.458658171328266,0.5705587386686253,-0.26113876554555576,13.938924999820301
87,2.9,track,1,324.0,242.0,321.4836628870681,240.67068355883382,324.3951098887542,242.0711550857634,0.40146590194104215,4.858670015910561,4.858670015910561,0.5804379237146902,-0.2664110325434153,13.73115400019742
88,2.933333333333333,track,1,325.0,243.0,321.8718476176192,240.93201177771556,325.02034103690085,242.76162813272617,0.2392381760710704,5.729783073577507,5.729783073577507,0.5973738963087595,-0.27844198276824333,13.060334000329021
89,2.966666666666667,track,1,326.0,242.0,322.35701836920555,241.05822691535255,325.6455721850475,242.45210117968895,0.5744689310033545,6.155102394925214,6.155102394925214,0.6213828196467819,-0.2845540172693409,14.396030999705545
90,3.0,track,1,325.0,243.0,322.69229629039535,241.29611520909026,325.27080333319395,243.14257422665173,0.30604224442761924,6.13654141575075,6.13654141575075,0.6397164491559351,-0.29726555817673195,14.61420999839902
91,3.033333333333333,track,1,326.0,243.0,323.1246414042638,241.5185236406959,325.8960344813406,242.8330472736145,0.19667750740148607,6.541359144680269,6.541359144680269,0.6648214253923245,-0.31027389370818137,13.463770999806002
92,3.066666666666667,track,1,327.0,244.0,323.6467658885203,241.845207902417,326.5212656294873,243.52352032057752,0.6754402137959757,7.412293899991752,7.412293899991752,0.6966929967327009,-0.3298624689061813,13.16695300010906
93,3.1,track,1,326.0,243.0,324.0123779431542,242.02962999671433,326.14649677763373,243.2139933675403,0.25933466256615784,6.936077854526637,6.936077854526637,0.7225696050040344,-0.343340022844968,13.804015001369407
94,3.1333333333333333,track,1,326.0,243.0,324.3493962777464,242.19938349890242,325.7717279257804,242.90446641450308,0.2474566746451146,6.46132868705885,6.46132868705885,0.7485220307166819,-0.35684412362448714,13.361651001105201
95,3.1666666666666665,track,1,325.0,243.0,324.5390801886252,242.35493054732652,325.39695907392706,242.59493946146586,0.5671424391196654,5.988395282069845,5.988395282069845,0.7680506135736372,-0.3703047944932856,14.050480000150856
96,3.2,track,1,325.0,242.0,324.7095880351275,242.37719152866575,325.02219022207373,242.28541250842864,0.28627383031497533,5.517744553744317,5.517744553744317,0.787280069817682,-0.3772926082348575,13.822062999679474
97,3.2333333333333334,track,1,325.0,242.0,324.8619151382956,242.39391853714474,324.6474213702202,241.97588555539141,0.3534023155218445,5.050014764372832,5.050014764372832,0.806136168031874,-0.3839966990071103,16.032180001275265
98,3.2666666666666666,track,1,323.0,242.0,324.7578883309518,242.40564602973612,323.27265251836684,241.6663586023542,0.4308781475020832,3.67246586064631,3.67246586064631,0.811823912434397,-0.3904012102989123,16.157760999703896
99,3.3,track,1,323.0,241.0,324.6529188101286,242.29328892918608,322.8978836665133,241.35683164931697,0.371155724082281,3.199800285835457,3.199800285835457,0.8167820881743706,-0.3901308478877196,14.741029999640887
100,3.3333333333333335,track,1,323.0,241.0,324.54791838822865,242.18452249272403,322.52311481465995,241.04730469627975,0.4792256402645161,2.731841044937668,2.731841044937668,0.8210356390027542,-0.38942709205434234,14.910455000062939
101,3.3666666666666667,track,1,321.0,241.0,324.20450336847006,242.0797453255981,321.1483459628066,240.73777774324253,0.3012756820920025,1.3649228728094114,1.3649228728094114,0.8118862565967587,-0.3883237563980946,14.612270000725402
102,3.4,track,1,321.0,240.0,323.8777605483705,241.85968475140882,320.7735771109533,240.4282507902053,0.4844234346062701,0.8842060200554518,0.8842060200554518,0.8018644765584921,-0.38049183470764003,14.430965000428841
103,3.433333333333333,track,1,320.0,240.0,323.4485904365037,241.6517828967319,320.3988082590997,240.1187238371681,0.416105007225421,0.416105007225421,0.416105007225421,0.7847134355663525,-0.3722152652273893,14.061786001548171
104,3.466666666666667,track,1,320.0,240.0,323.04448959951003,241.45616850138032,320.0240394072464,239.80919688413087,0.19231152364360943,0.19231152364360943,0.19231152364360943,0.7667916967223992,-0.3635664013293517,14.470227999481722
105,3.5,track,1,319.0,239.0,322.54594344560826,241.15326828045286,318.64927055539306,239.49966993109365,0.6104761939284982,1.4404166794299518,1.4404166794299518,0.7418781713908313,-0.34825079825173055,15.560104000542196
106,3.533333333333333,track,1,318.0,239.0,321.96042900590476,240.87019841172526,318.2745017035395,239.19014297805666,0.33392444856635034,1.9060988345516168,1.9060988345516168,0.7099930530505375,-0.33258301004813806,13.922623998951167
107,3.566666666666667,track,1,319.0,239.0,321.53437737847173,240.60674251366066,318.89973285168617,238.88061602501944,0.1559039271896262,1.5695885706458057,1.5695885706458057,0.6839169293059233,-0.3166622238567767,13.762575999862747
108,3.6,track,1,319.0,239.0,321.1399824288322,240.36256076146128,318.52496399983283,238.57108907198221,0.6400185822520287,2.0536595730543556,2.0536595730543556,0.6576007605940869,-0.2816272389650272,14.036532000318402
109,3.6333333333333333,track,1,319.0,239.0,320.77646105080396,240.1372072323342,319.1501951479795,239.261562118945,0.30161784520081003,1.1258147230759539,1.1258147230759539,0.6311989239793513,-0.27598153171333734,13.158898000256158
110,3.6666666666666665,track,1,319.0,239.0,320.4428887383528,239.93014598549684,318.77542629612594,238.95203516590777,0.2296387898008687,1.6117726420664222,1.6117726420664222,0.5816947963526999,-0.27017230478667803,13.737266999669373
111,3.7,track,1,319.0,240.0,320.1382235307133,239.860358952139,319.4006574442726,239.64250821287055,0.5369606740870938,0.6978623624833518,0.6978623624833518,0.569890436288067,-0.2643883340991068,14.79869699869596
112,3.7333333333333334,track,1,320.0,240.0,319.9809210360101,239.7999811577516,320.0258885924193,240.33298125983333,0.3339861353673898,0.3339861353673898,0.3339861353673898,0.5580939165465717,-0.25866965951545207,13.889578998714569
113,3.7666666666666666,track,1,321.0,240.0,319.9621691348524,239.74834702540647,320.6511197405657,240.0234543067961,0.34966775649209875,0.6515420332270626,0.6515420332270626,0.5465064495659653,-0.25304457204120473,13.649453001562506
114,3.8,track,1,321.0,241.0,319.95356163607,239.82439704903837,321.2763508887124,240.7139273537589,0.3977529039737065,1.462451318014405,1.462451318014405,0.5351734224250086,-0.2476470841560947,14.180468999256846
115,3.8333333333333335,track,1,322.0,241.0,320.07354391616286,239.90030278720917,321.90158203685905,241.40440040072167,0.41620401196127343,2.363970120042175,2.363970120042175,0.5242378184701247,-0.24247401782485942,13.647062000018195
116,3.8666666666666667,track,1,323.0,241.0,320.31343777604604,239.97550356466846,322.5268131850057,241.09487344768445,0.4826041161863038,2.753821479029313,2.753821479029313,0.5138140315647645,-0.23751898387563783,13.622832999317325
117,3.9,track,1,324.0,242.0,320.66468988611257,240.1691041617771,324.15204433315216,241.78534649464746,0.26304677645586205,4.519616604360478,4.519616604360478,0.5387475722897942,-0.23288772591618706,14.044186000319314
118,3.933333333333333,track,1,325.0,242.0,321.11892197692396,240.35349148083813,324.77727548129883,242.47581954161024,0.5253669645198892,5.380710308763898,5.380710308763898,0.5557061973664905,-0.22855369826647493,13.541084001190029
119,3.966666666666667,track,1,325.0,242.0,321.5483806714962,240.5283634820327,325.40250662944527,242.16629258857301,0.4355052373527852,5.820644419693275,5.820644419693275,0.57363677323856,-0.25211777147416614,14.102940000157105
120,4.0,track,1,326.0,243.0,322.07235191176875,240.81311971179574,326.02773777759194,242.8567656355358,0.14589539906797883,6.670437212940934,6.670437212940934,0.5987468391680403,-0.26517807985153585,13.703606000490254
121,4.033333333333333,track,1,327.0,244.0,322.6831570129771,241.20006446598734,326.6529689257386,243.54723868249857,0.5704589180025547,7.539555543761032,7.539555543761032,0.6310020603694619,-0.2850611895867503,13.138513000740204
122,4.066666666666666,track,1,326.0,243.0,323.1341884760949,241.44245835385698,326.2782000738853,243.23771172946135,0.36592642352429083,7.063892228143396,7.063892228143396,0.6576075249827311,-0.299056303655409,13.904961000662297
123,4.1,track,1,327.0,244.0,323.672692305428,241.78731535801222,326.9034312220317,243.92818477642413,0.1203451503615337,7.942795369078357,7.942795369078357,0.6909654687335023,-0.3196460652278384,14.37630399959744
124,4.133333333333334,track,1,327.0,244.0,324.1721281448925,242.1077767123416,326.5286623701784,243.6186578233869,0.6062846006207561,7.464456898297591,7.464456898297591,0.7246642448063327,-0.34049417258094516,13.681282000106876
125,4.166666666666667,track,1,326.0,243.0,324.5137726991169,242.28472707907082,326.15389351832505,243.3091308703497,0.34531885263567547,6.987184880335166,6.987184880335166,0.7521506701152616,-0.3551169233317393,13.601313999970444
126,4.2,track,1,326.0,243.0,324.82587472815425,242.44596133449195,325.7791246664715,242.99960391731247,0.22087568866406807,6.511213832410629,6.511213832410629,0.7794953895639078,-0.36964816393373023,13.834794999638689
127,4.233333333333333,track,1,325.0,243.0,324.9899980879825,242.59213141889109,325.40435581461816,242.69007696427525,0.5094663020145279,6.036851484401568,6.036851484401568,0.800204403758471,-0.38401809591167735,13.270375999127282
128,4.266666666666667,track,1,325.0,242.0,325.13456960308264,242.6043330499293,325.0295869627648,242.38055001123803,0.3816984404198043,5.564509266055658,5.564509266055658,0.8204114492968606,-0.39180007068812195,13.718524998694193
129,4.3,track,1,324.0,242.0,325.14123386385853,242.6104742133068,323.6548181109115,242.0710230582008,0.35241284220485825,4.200813246437655,4.200813246437655,0.8336863704019539,-0.3991875074590515,13.97398900007829
130,4.333333333333333,track,1,323.0,242.0,325.0188191252421,242.61123294108697,323.28004925905793,241.7614961051636,0.36784738051403265,3.7231158550806582,3.7231158550806582,0.839857947418659,-0.4061700877414917,14.182536000589607
131,4.366666666666666,track,1,322.0,241.0,324.7760806178584,242.4876542285678,321.9052804072046,241.45196915212637,0.4617877388293816,2.3954765389801436,2.3954765389801436,0.838799074743604,-0.40637880351837347,13.492358999428689
132,4.4,track,1,322.0,241.0,324.54123554456413,242.36752803361813,321.53051155535127,241.14244219908937,0.49062121819189836,1.9098795248192804,1.9098795248192804,0.8367933766801559,-0.4060617373076004,14.028382998731104
133,4.433333333333334,track,1,321.0,240.0,324.1955350377647,242.131763151124,321.1557427034977,239.83291524605215,0.22841432681552112,1.167757899433784,1.167757899433784,0.8275550223004156,-0.3988921358251403,13.083756999549223
134,4.466666666666667,track,1,320.0,240.0,323.747254954442,241.90796337332324,319.7809738516444,239.52338829301493,0.5245294776261104,0.5245294776261104,0.5245294776261104,0.8110487409297905,-0.3911586765238371,13.868762000129209
135,4.5,track,1,319.0,239.0,323.2044624309526,241.57680880303172,319.40620499979104,239.2138613399777,0.4590633666415824,0.9851936332796686,0.9851936332796686,0.7872732992041201,-0.37657269650702657,13.781009000013
136,4.533333333333333,track,1,319.0,239.0,322.6945723287634,241.26563879940377,319.0314361479377,238.9043343869405,0.10069826671404734,1.4623949778232999,1.4623949778232999,0.7626271882435458,-0.3614579488564943,13.785081000605715
137,4.566666666666666,track,1,319.0,239.0,322.2175319232932,240.97443251810506,318.65666729608415,238.59480743390327,0.531091669298456,1.943993030137551,1.943993030137551,0.7372954750312828,-0.3459249827331685,13.680013000339386
138,4.6,track,1,318.0,238.0,321.65345178809974,240.58342671058665,318.2818984442308,238.28528048086605,0.40106319405166146,2.427372238704943,2.427372238704943,0.7050916074286443,-0.3237151758074462,14.176045000567683
139,4.633333333333334,track,1,318.0,239.0,321.12901516920505,240.33910575656222,317.9071295923775,238.97575352782883,0.0959833528520395,2.330061668466548,2.330061668466548,0.6724312980287801,-0.28981248512335517,13.727110999752767
140,4.666666666666667,track,1,318.0,239.0,320.6434739098655,240.11380823853287,317.5323607405239,238.66622657479184,0.5745356180242613,2.8050303143993185,2.8050303143993185,0.6395070780377725,-0.28414260510573564,14.163924999593291
141,4.7,track,1,318.0,239.0,320.1958731887271,239.9069744465791,318.1575918886706,239.35669962175461,0.38996131030481784,1.9514873879538759,1.9514873879538759,0.5962583548401794,-0.27829855755462257,13.982375001432956
142,4.733333333333333,track,1,319.0,239.0,319.9046763956085,239.71797103020063,318.78282303681726,239.0471726687174,0.22224107183686162,1.545768314768382,1.545768314768382,0.5842347492254586,-0.27235931708188177,13.872758998331847
143,4.766666666666667,track,1,319.0,240.0,319.6414166894138,239.6656975164958,319.40805418496393,239.73764571568017,0.48511646886860665,0.6474794347619739,0.6474794347619739,0.5721301967425622,-0.266498969919798,13.653535999765154
144,4.8,track,1,320.0,239.0,319.52435027413304,239.50262795042397,320.03328533311037,239.42811876264295,0.4294107454724454,0.5728490752731435,0.5728490752731435,0.5601626863426309,-0.2606323488819931,13.69988700025715
145,4.833333333333333,track,1,321.0,240.0,319.5444985343609,239.47482634854234,320.6585164812568,240.11859180960573,0.3614899872455559,0.6691098365682678,0.6691098365682678,0.5485066084263949,-0.22745037238957297,13.12005600084376
146,4.866666666666666,track,1,321.0,241.0,319.5733190294563,239.5739410475031,321.2837476294035,240.8090648565685,0.34200723119445436,1.517430037310873,1.517430037310873,0.537187013288813,-0.2475972974087448,13.843586000803043
147,4.9,track,1,322.0,240.0,319.72914807587006,239.55246710350093,321.90897877755015,240.4995379035313,0.5077627201761694,1.9732557082652233,1.9732557082652233,0.5263311892536116,-0.2422576661538822,13.952245000837138
148,4.933333333333334,track,1,323.0,241.0,320.0032236605809,239.65656157927066,322.5342099256968,241.19001095049407,0.5030552202562135,2.79970462902715,2.79970462902715,0.5160411862759409,-0.23720637461841113,14.173835999827133
149,4.966666666666667,track,1,323.0,242.0,320.2673384607581,239.87802858544177,323.1594410738435,241.88048399745685,0.19926246734459793,3.676722448564828,3.676722448564828,0.5062834380242605,-0.23253646421806082,13.833883000188507
150,5.0,track,1,324.0,243.0,320.64026569642687,240.20875875792316,323.78467222199015,242.57095704441963,0.48004573710824666,4.575321185682462,4.575321185682462,0.5306149434830651,-0.22832559682715484,13.684621999345836
151,5.033333333333333,track,1,325.0,242.0,321.11376654988925,240.4015948835802,325.4099033701366,242.2614300913824,0.48617534442786003,5.863541637306337,5.863541637306337,0.5491701109009417,-0.22440878745062756,13.96686500083888
152,5.066666666666666,track,1,326.0,243.0,321.6798217651495,240.7031319222202,326.03513451828303,242.9519031383452,0.05956292870588843,6.718376350871058,6.718376350871058,0.5750072087560794,-0.2576350210499765,13.9726530014741
153,5.1,track,1,327.0,244.0,322.330666446447,241.1056879406014,326.6603656664297,243.64237618530797,0.49320003383477684,7.5912696623064395,7.5912696623064395,0.6080874753595304,-0.278085294448935,13.786923000225215
154,5.133333333333334,track,1,326.0,243.0,322.8196329901269,241.3625448084583,326.28559681457637,243.33284923227075,0.438581978562038,7.114535214647564,7.114535214647564,0.6356077867072922,-0.2926673793891264,13.663880999956746
155,5.166666666666667,track,1,327.0,244.0,323.3939300187399,241.72074348163264,326.91082796272303,244.02332227923375,0.09217147574375659,7.996665886038585,7.996665886038585,0.6699599245957798,-0.31385722773002417,13.528849000067567
156,5.2,track,1,327.0,244.0,323.9270009255459,242.05345783225846,326.5360591108697,243.71379532619653,0.545118577847024,7.517469283320154,7.517469283320154,0.7047206831617107,-0.3353126107666631,13.42206399931456
157,5.233333333333333,track,1,327.0,243.0,324.4197173926776,242.24160951595331,327.16129025901637,243.4042683731593,0.4352556320031294,7.929257300048692,7.929257300048692,0.7396923581007008,-0.3505445825565574,13.593228000900126
158,5.266666666666667,track,1,327.0,243.0,324.87315410387265,242.41303379290403,326.7865214071628,243.0947414201221,0.23355737258005316,7.458840209261649,7.458840209261649,0.7746904117079976,-0.3656823678269343,13.306005999766057
159,5.3,track,1,326.0,243.0,325.16896340048794,242.56842596029702,326.41175255530925,242.78521446708487,0.46440606364832554,6.9905643876709656,6.9905643876709656,0.8031780880076811,-0.38065213630747036,15.366551999250078
160,5.333333333333333,track,1,325.0,242.0,325.316130431253,242.5889273431185,325.0369837034559,242.47568751404765,0.47712305052485987,5.612506881607533,5.612506881607533,0.8248782096703752,-0.38902375088515595,13.986871999804862
161,5.366666666666666,track,1,325.0,242.0,325.44329039420575,242.60249296071268,324.6622148516026,242.16616056101043,0.37644141445006346,5.140865578730952,5.140865578730952,0.8459289559792174,-0.39698763260610875,13.719017999392236
162,5.4,track,1,323.0,242.0,325.3126820599286,242.60984899602167,323.28744599974925,241.8566336079732,0.3212150761322184,3.7754985837003003,3.7754985837003003,0.8535394831957595,-0.40453092793898116,13.687456999832648
163,5.433333333333334,track,1,323.0,242.0,325.1800853693377,242.61168206388504,322.9126771478959,241.547106654936,0.461234932006306,3.298064154867569,3.298064154867569,0.8601575252184537,-0.41164993688532736,13.99565499923483
164,5.466666666666667,track,1,322.0,241.0,324.92715478972394,242.48904583131684,321.53790829604236,241.23757970189877,0.5195891238476629,1.974022655793939,1.974022655793939,0.8594530585523765,-0.411980237773918,13.83342599910975
165,5.5,track,1,321.0,241.0,324.56259339793195,242.36973879637938,321.163139444189,240.92805274886177,0.17829998653015086,1.4880105077916133,1.4880105077916133,0.8513531710490837,-0.41177308495698095,14.168416999382316
166,5.533333333333333,track,1,320.0,241.0,324.09491337388056,242.2542711847018,319.78837059233547,240.61852579582455,0.4362448562902848,0.6537286641174893,0.6537286641174893,0.8358247700644809,-0.4110713480829789,14.055613000891753
167,5.566666666666666,track,1,319.0,239.0,323.5323940208621,241.90387720204868,319.41360174048214,239.30899884278733,0.5162815942620487,0.9062811473460243,0.9062811473460243,0.8128722103105038,-0.39718704245544395,13.424482000118587
168,5.6,track,1,318.0,239.0,322.8830465793799,241.57327845051208,318.0388328886288,238.9994718897501,0.038836479496642116,2.2016432358863813,2.2016432358863813,0.7825343787944692,-0.3826553174833749,13.182598999264883
169,5.633333333333334,track,1,318.0,239.0,322.27417817398816,241.26262465765137,317.66406403677547,238.6899449367129,0.45715108406036303,2.6782160280921885,2.6782160280921885,0.7512489035951674,-0.36758733123581167,17.519441000331426
170,5.666666666666667,track,1,317.0,238.0,321.5859906879962,240.85230290472688,317.28929518492214,238.38041798367567,0.4779221132391732,3.1576837242015676,3.1576837242015676,0.7128706274090425,-0.34572841877428034,13.728829000683618
171,5.7,track,1,317.0,238.0,320.94518894041744,240.469335991635,316.9145263330686,238.07089103063845,0.11104632350368486,3.6389021922825036,3.6389021922825036,0.6738584243069842,-0.2988918246206068,14.117214001089451
172,5.733333333333333,track,1,318.0,239.0,320.47057772258506,240.23296117260207,317.53975748121525,238.76136407760123,0.5184305928052915,2.754453157977641,2.754453157977641,0.6162098934678457,-0.2933577723499556,14.608597000915324
173,5.766666666666667,track,1,317.0,238.0,319.9143233833419,239.8958747574758,317.1649886293617,238.451837124564,0.48101770752532524,3.2301854065249507,3.2301854065249507,0.6041642749627013,-0.28748303836084865,13.55148099901271
174,5.8,track,1,318.0,239.0,319.5219970583073,239.70425964592005,317.79021977750836,239.1423101715268,0.25349541745094284,2.370392472478267,2.370392472478267,0.5918542674719144,-0.28149064145589037,13.498976000846596
175,5.833333333333333,track,1,318.0,239.0,319.16500206445113,239.53019828110885,318.415450925655,238.83278321848957,0.4478402881009291,1.9680423735395278,1.9680423735395278,0.5357638739978122,-0.27544865445061245,14.357575999383698
176,5.866666666666666,track,1,319.0,240.0,318.9614239806189,239.49250950351848,319.0406820738017,239.52325626545235,0.4784763521421408,1.0712494909944503,1.0712494909944503,0.5098311182897589,-0.24298746685880185,13.389042998824152
177,5.9,track,1,321.0,239.0,319.02167186291115,239.34359905751975,320.66591322194836,239.21372931241513,0.39660332103295526,1.0303698429791288,1.0303698429791288,0.49731231364927625,-0.22750084626019496,14.72939399900497
178,5.933333333333334,track,1,321.0,240.0,319.08977702354304,239.32947404767935,321.2911443700948,239.9042023593779,0.3064999709407116,1.2946933893305603,1.2946933893305603,0.48579492526196233,-0.21866990602333417,13.746668999374378
179,5.966666666666667,track,1,322.0,241.0,319.2838741361295,239.4417363895057,321.91637551824124,240.59467540634068,0.41386118466765015,2.006522854547347,2.006522854547347,0.48163896009885593,-0.21666665854058464,13.886752998587326
180,6.0,track,1,324.0,241.0,319.71462428694593,239.55243718406328,323.5416066663879,241.28514845330346,0.5398463565880256,3.7675700824844047,3.7675700824844047,0.5062318617452832,-0.2386579874648963,14.2416869985027
181,6.033333333333333,track,1,324.0,242.0,320.1264875653734,239.78051321694392,324.1668378145346,241.97562150026647,0.1686095122107014,4.611465893287123,4.611465893287123,0.4966509512819982,-0.23383685520443467,13.581262001025607
182,6.066666666666666,track,1,325.0,242.0,320.63817976665774,239.99821159734628,324.79206896268124,241.66609454722925,0.3933550148027791,5.0734402512890515,5.0734402512890515,0.5212753199121865,-0.2294252225402345,13.295912998728454
183,6.1,track,1,326.0,242.0,321.24147991564047,240.20511591756411,326.4173001108279,242.35656759419203,0.5488896352864363,6.836311252307629,6.836311252307629,0.54718606564489,-0.22537203829374466,14.04645999900822
184,6.133333333333334,track,1,327.0,243.0,321.9284527272592,240.52053463639024,327.0425312589746,243.0470406411548,0.06341711054769053,7.673441418456464,7.673441418456464,0.5805086809469462,-0.24896517694167114,13.428520998786553
185,6.166666666666667,track,1,328.0,244.0,322.69147485732316,240.93670243484954,327.667762407121,243.7375136881176,0.42341573193216564,8.530157612900517,8.530157612900517,0.6211574710682206,-0.2694349648640607,13.8400729993009
186,6.2,track,1,327.0,243.0,323.28406987122565,241.20682982491311,327.29299355526746,243.42798673508037,0.518669325132128,8.05846437313336,8.05846437313336,0.6562855063131712,-0.28408765609072795,13.690419998965808
187,6.233333333333333,track,1,328.0,244.0,323.95367978621135,241.57789753506358,327.9182247034141,244.11845978204315,0.14394415268921995,8.925244726620363,8.925244726620363,0.698244297646841,-0.30539748919954146,14.796426999964751
188,6.266666666666667,track,1,324.0,244.0,324.09564525676547,241.92302947090465,324.4565441484392,243.80893282900593,0.494913349290317,5.862487103855054,5.862487103855054,0.7151044264221595,-0.32701913483177103,13.416030998996575
189,6.3,track,1,317.0,243.0,323.3827542616458,242.12310673432813,316.83131300029254,243.4994058759687,0.527125727718136,4.720849371339798,4.720849371339798,0.6870369252562261,-0.3424597081141234,13.610889000119641
190,6.333333333333333,track,1,311.0,243.0,321.9889659569027,242.30593262715377,311.20608185214587,243.18987892293148,0.2802208685260492,9.354588389347802,9.354588389347802,0.5644898357350009,-0.3578440386288345,13.715782999497605
191,6.366666666666666,track,1,308.0,244.0,320.3194189213077,242.59177118364207,307.58085070399943,243.8803519698945,0.4358919401020181,13.011241318437511,13.011241318437511,0.4151415811194148,-0.3794611283785533,13.710433999222005
192,6.4,track,1,304.0,244.0,318.27736931634354,242.85414738535914,303.95561955585276,243.57082501685727,0.4314635442053804,16.436938131463172,16.436938131463172,0.28352392386213676,-0.40100030775099116,13.613782000902575
193,6.433333333333334,track,1,300.0,242.0,315.89245845319607,242.85468372853967,300.3303884077063,242.26129806382005,0.42122817819185165,19.799168899858653,19.799168899858653,0.12009229583919659,-0.40963792777914354,14.489037999737775
194,6.466666666666667,track,1,297.0,242.0,313.3129860969332,242.84864858044415,296.70515725955966,241.95177111078283,0.2987612212879955,23.376464847592604,23.376464847592604,-0.05073747472800383,-0.41777937231220763,14.44337000066298
195,6.5,track,1,293.0,242.0,310.4394257413548,242.836873794775,293.079926111413,241.6422441577456,0.3665752664225322,26.970119466562135,26.970119466562135,-0.23871011061211792,-0.425414359464122,14.615797999795177
196,6.533333333333333,track,1,291.0,241.0,307.5375575558145,242.70054255784112,291.4546949632663,241.3327172047084,0.5634254590704286,28.576398912177492,28.576398912177492,-0.44058357874376597,-0.42617654606992056,14.005958999405266
197,6.566666666666666,track,1,290.0,240.0,304.7372264382223,242.44797517658495,289.8294638151199,240.02319025167117,0.17210571787723572,30.17054509734508,30.17054509734508,-0.6493407595679143,-0.41995099062425667,13.898118999350118
198,6.6,track,1,289.0,240.0,302.03999654929856,242.20697478519526,289.2042326669732,239.71366329863395,0.3517096655029308,30.797098472688447,30.797098472688447,-0.8641906195699317,-0.41302721896979383,13.784922999548144
199,6.633333333333334,track,1,291.0,239.0,299.80523865159415,241.8584000870111,290.57900151882654,239.40413634559673,0.5835802489654981,29.427031877575583,29.427031877575583,-1.0652675284490851,-0.39912068781728627,13.828592000209028
200,6.666666666666667,track,1,293.0,239.0,298.0098867750016,241.52974929782388,292.9537703706801,239.0946093925595,0.10530012244785628,27.06137966390374,27.06137966390374,-1.251474857628531,-0.38456141021901996,13.128935999702662
201,6.7,track,1,295.0,239.0,296.6302879475958,241.22114192492768,295.32853922253344,238.78508243952228,0.3925908538727912,24.701356269906075,24.701356269906075,-1.4218560511862228,-0.36946754496446943,14.04737099983322
202,6.733333333333333,track,1,300.0,238.0,296.0012311360169,240.81293769405485,299.70330807438677,238.47555548648506,0.5605168324413933,20.353860424942468,20.353860424942468,-1.515952913390663,-0.34258517258810456,13.83480500044243
203,6.766666666666667,track,1,304.0,238.0,299.057055152825,239.8662508319641,304.0780769262401,238.16602853344784,0.18347065250318292,16.027198311210082,16.027198311210082,-1.4064442371642267,-0.28821493066253584,14.233907000743784
204,6.8,track,1,307.0,238.0,303.6426865921783,238.7041907495562,307.45284577809366,237.85650158041062,0.4750379933877941,12.72893021990003,12.72893021990003,-1.1919421455249166,-0.20289024305698844,14.31694900020375
205,6.833333333333333,track,1,311.0,239.0,308.80948221210014,238.34244615776208,310.827614629947,238.5469746273734,0.48471507512329387,9.286761335915719,9.286761335915719,-0.9217311596696771,-0.16457702143270858,13.933697000538814
206,6.866666666666666,track,1,312.0,240.0,312.41600732422285,238.67442017702803,312.20238348180055,240.2374476743364,0.3119943457075523,7.801230977412772,7.801230977412772,-0.715558295679187,-0.165366580098668,13.300819000505726
207,6.9,track,1,313.0,241.0,314.91745063945126,239.36703437517104,312.5771523336539,240.9279207212992,0.42894704959048835,7.480621922193126,7.480621922193126,-0.5579484291070483,-0.18987392486349702,14.277002001108485
208,6.933333333333334,track,1,312.0,242.0,316.03027048024137,240.22897834648555,311.9519211855072,241.61839376826197,0.3846230472869933,8.209188205507091,8.209188205507091,-0.4699978943350167,-0.21670435382490466,13.848258000507485
209,6.966666666666667,track,1,310.0,241.0,315.98917405546877,240.47973308717008,310.32669003736055,241.30886681522475,0.44958324041017683,9.761457779107392,9.761457779107392,-0.445286650240767,-0.2134445509540337,14.157261999571347
210,7.0,track,1,309.0,242.0,315.5679705843252,240.97494609279045,308.7014588892139,241.99933986218753,0.29854184063769146,11.474074739021706,11.474074739021706,-0.4465335993389532,-0.26230359498267664,13.963766999950167
211,7.033333333333333,track,1,308.0,243.0,314.9154121322688,241.62755986186116,308.07622774106744,242.6898129091503,0.31941618593621984,12.22339716973646,12.22339716973646,-0.46650551104358207,-0.2989347732060128,13.674568999704206
212,7.066666666666666,track,1,306.0,242.0,313.8444531728481,241.8424058179502,306.450996592921,242.38028595611308,0.5899282458428262,13.75649863002601,13.75649863002601,-0.543828041808603,-0.31304628650480504,12.943813999299891
213,7.1,track,1,306.0,243.0,310.9818227825397,242.2406175504113,305.82576544477433,243.07075900307586,0.18805455791066578,14.503050923220425,14.503050923220425,-0.7327961793179392,-0.33991724027401127,14.037618999282131
214,7.133333333333334,track,1,306.0,243.0,308.0862685333762,242.66004189318954,306.20053429662767,242.76123205003887,0.3118078543792524,14.073011622702198,14.073011622702198,-0.9413982562337107,-0.37075932506145176,13.827733000653097
215,7.166666666666667,track,1,308.0,242.0,306.99875600663034,242.50172405698498,307.575303148481,242.45170509700165,0.6200039599449532,12.664278492468888,12.664278492468888,-1.0611750925614993,-0.37096798581979396,13.7443940002413
216,7.2,track,1,310.0,242.0,307.39875347864955,242.35369670070094,309.95007200033433,242.14217814396443,0.15068984627965168,10.27569851635123,10.27569851635123,-1.0750794477365897,-0.3677624260613257,13.9700140007335
217,7.233333333333333,track,1,312.0,242.0,309.72223883876165,242.14158374971822,312.32484085218766,241.8326511909272,0.36541374241821906,7.890923794579081,7.890923794579081,-0.9774231708290573,-0.36011194030847155,13.524820999009535
218,7.266666666666667,track,1,314.0,242.0,312.2906882002478,242.00429512832724,313.6996097040412,241.52312423789,0.5635998779224557,6.481884396181368,6.481884396181368,-0.851575829001306,-0.3555970922799599,13.164224999854923
219,7.3,track,1,314.0,241.0,313.903522884713,241.47098047191298,314.0743785558948,241.21359728485277,0.2261768548580234,6.048620327698013,6.048620327698013,-0.7660712418471671,-0.32822225381261355,14.084853000895237
220,7.333333333333333,track,1,314.0,241.0,314.82625844993623,241.12911925925172,314.4491474077481,240.90407033181555,0.4592775796017374,5.62399392476366,5.62399392476366,-0.7128313671327797,-0.30860325064985417,13.6412100000598
221,7.366666666666666,track,1,315.0,242.0,315.73539753097117,241.32047193143094,314.82391625960145,241.59454337877833,0.4420413502436636,5.416125134671842,5.416125134671842,-0.6581990922817264,-0.3170278957243354,13.918478000050527
222,7.4,track,1,315.0,241.0,316.27862961508373,241.09304793314155,315.1986851114548,241.2850164257411,0.3474336432414582,4.970300984185007,4.970300984185007,-0.6212494229009201,-0.3040161613738737,13.911287000155426
223,7.433333333333334,track,1,315.0,241.0,316.6001474304666,240.94156824819945,314.5734539633081,240.97548947270388,0.42724967801730607,5.513527146908098,5.513527146908098,-0.5957694380906642,-0.29422571087884697,13.156107999748201
224,7.466666666666667,track,1,314.0,242.0,316.4656378637523,241.15990503008496,313.94822281516144,241.66596251966666,0.33802650064344064,6.276897180284745,6.276897180284745,-0.5953684786695513,-0.30409063529856495,13.90215199899103
225,7.5,track,1,313.0,241.0,316.0323502053373,241.0288875798473,313.322991667015,241.35643556662944,0.4810092827790156,6.813395462261707,6.813395462261707,-0.613522810307619,-0.29640800564096326,14.062564001505962
226,7.533333333333333,track,1,314.0,242.0,315.95698211626484,241.21271757745922,313.69776051886856,242.04690861359222,0.3058580095138016,6.626315518440839,6.626315518440839,-0.6158105446942151,-0.30529621043140925,13.71486899915908
227,7.566666666666666,track,1,313.0,242.0,315.61687090241963,241.3576714869581,313.0725293707219,241.737381660555,0.27244981525074,7.1420126262800485,7.1420126262800485,-0.6337769416293758,-0.3131867385701368,13.832937998813577
228,7.6,track,1,312.0,241.0,315.08746695169515,241.2270984342367,312.4472982225752,241.42785470751778,0.618979281288222,7.686486401763553,7.686486401763553,-0.6644404708257128,-0.3070677681059368,14.061799000046449
229,7.633333333333334,track,1,313.0,242.0,314.88616576528904,241.3577406340805,312.82206707442856,242.1183277544808,0.21368571192964045,7.483985138908695,7.483985138908695,-0.6806626768515164,-0.314453568012033,13.288501999340951
230,7.666666666666667,track,1,312.0,242.0,314.49296417054666,241.46481445956186,312.1968359262819,241.80880080144357,0.27441121588570805,8.010064288173215,8.010064288173215,-0.708628475249836,-0.3212792204496612,14.138630998786539
231,7.7,track,1,313.0,241.0,314.3736110333366,241.3433507155932,312.5716047781352,241.49927384840635,0.6578729678433777,7.578184323750552,7.578184323750552,-0.7241198036329974,-0.3164079464810723,14.491128000372555
232,7.733333333333333,track,1,313.0,242.0,314.2685057534111,241.44426738545317,312.9463736299888,242.18974689536913,0.19717928862535702,7.385704870457276,7.385704870457276,-0.7396477339546386,-0.32291588369467417,14.035383999726037
233,7.766666666666667,track,1,313.0,242.0,314.17512804961376,241.52952243916232,313.32114248184234,241.8802199423319,0.3427531996332525,6.938469916299533,6.938469916299533,-0.755194904871726,-0.32908316794145875,14.790475999689079
234,7.8,track,1,314.0,242.0,314.2754820654168,241.60207408091637,313.6959113336957,241.57069298929468,0.5260935529119096,6.496815402891335,6.496815402891335,-0.7609055564030343,-0.334981372597179,13.924484001108794
235,7.833333333333333,track,1,314.0,241.0,314.3563913009796,241.48723896879244,314.070680185549,241.26116603625746,0.27056124468163806,6.061961170533056,6.061961170533056,-0.7672364154970659,-0.3312041357975869,13.405014000454685
236,7.866666666666666,track,1,314.0,242.0,314.42137419213566,241.55974408741935,314.44544903740234,241.95163908322024,0.4480665388024981,5.887438450399913,5.887438450399913,-0.7740542671656432,-0.336902602359446,13.527805000194348
237,7.9,track,1,315.0,242.0,314.63810329508823,241.62286009117872,314.8202178892557,241.64211213018302,0.40050634789703293,5.4338453201099846,5.4338453201099846,-0.7724601694889182,-0.34241718632403634,14.381234999746084
238,7.933333333333334,track,1,315.0,241.0,314.82229452331865,241.5183104714618,315.19498674110923,241.33258517714603,0.38552915488410816,4.986375003192739,4.986375003192739,-0.7715900424610209,-0.3392577635618178,13.475899999320973
239,7.966666666666667,track,1,317.0,241.0,315.28912454150696,241.42700587513878,316.56975559296257,241.0230582241088,0.4308618473316546,3.5795565119059476,3.5795565119059476,-0.7547808409778648,-0.3363158069733764,13.814555000863038
240,8.0,track,1,317.0,241.0,315.6953131932889,241.34703270693694,316.9445244448161,240.7135312710716,0.29179079813595765,3.1376834995141314,3.1376834995141314,-0.7390752781815102,-0.3335467174973057,14.374988000781741
241,8.033333333333333,track,1,317.0,241.0,316.04925240565973,241.27682845921774,317.31929329666946,241.40400431803437,0.5149443642651739,3.0261223627507956,3.0261223627507956,-0.7243109490638404,-0.3309203399732276,14.628103001086856
242,8.066666666666666,track,1,317.0,241.0,316.3578408973454,241.21510843856868,316.6940621485228,241.09447736499715,0.3201935999724165,3.4823994286010405,3.4823994286010405,-0.7103775851937261,-0.3284167260021169,13.145775999873877
243,8.1,track,1,317.0,241.0,316.6267911002882,241.1608090978993,317.0688310003761,240.78495041195993,0.22579643914150463,3.0344519857120997,3.0344519857120997,-0.6972017597595039,-0.3260231210632523,14.064443999814102
244,8.133333333333333,track,1,317.0,240.0,316.8608683785863,240.97515541590025,317.4435998522297,240.4754234589227,0.6502371061330047,2.600232524374337,2.600232524374337,-0.6847359140201963,-0.316389541272757,14.054762999876402
245,8.166666666666666,track,1,318.0,241.0,317.1995184014381,240.94422229368246,317.81836870408324,241.16589650588548,0.24599101268423185,2.4736268461025843,2.4736268461025843,-0.6657395275288371,-0.3141739729376975,14.10252700043202
246,8.2,track,1,317.0,241.0,317.3646704759995,240.9177519044301,317.1931375559366,240.85636955284826,0.2406903007230674,2.9345946212278196,2.9345946212278196,-0.6545820492697811,-0.31206718096424596,14.394879999599652
247,8.233333333333333,track,1,318.0,241.0,317.63719385055526,240.8952681718689,317.5679064077899,240.54684259981104,0.6261441541490566,2.492812883117684,2.492812883117684,-0.6371022852194849,-0.31007400303775845,16.312068000843283
248,8.266666666666667,track,1,317.0,241.0,317.747072458759,240.87635946000665,316.94267525964324,241.23731564677382,0.24414102903987267,3.298209298657207,3.298209298657207,-0.6272252476626681,-0.30819783509353593,13.868334999642684
249,8.3,track,1,316.0,241.0,317.7099769391559,240.86066622957674,316.31744411149657,240.9277886937366,0.3255537385380687,3.797632121753864,3.797632121753864,-0.6248540863875854,-0.3064409309937177,14.666707998912898
250,8.333333333333334,track,1,317.0,241.0,317.79322066746863,240.84787116265898,316.6922129633499,240.61826174069938,0.4903641081316156,3.365070973968166,3.365070973968166,-0.6164282479393226,-0.304804598834486,14.284116999988328
251,8.366666666666667,track,1,316.0,241.0,317.735117322414,240.83769127518303,316.06698181520323,241.30873478766216,0.3159172877205674,4.14504750110046,4.14504750110046,-0.6153592068989873,-0.30328933029504257,13.868465999621549
252,8.4,track,1,315.0,241.0,317.54795121599386,240.82987164210178,315.4417506670568,240.99920783462494,0.44175137732790876,4.666481895181105,4.666481895181105,-0.6216202715250754,-0.3018948881928571,13.93093300066539
253,8.433333333333334,track,1,316.0,242.0,317.49034659671,240.94795635208126,315.81651951891035,241.68968088158772,0.3605038726464154,4.511821186312807,4.511821186312807,-0.6220164498509451,-0.3072085354657306,13.680751000720193
254,8.466666666666667,track,1,315.0,241.0,317.30648713116545,240.93574721361503,315.1912883707637,241.38015392855073,0.42556814986788677,5.002852426331059,5.002852426331059,-0.6295878794566145,-0.3061489846336774,13.551624999308842
255,8.5,track,1,315.0,241.0,317.12898738850174,240.92548241021746,314.566057222617,241.0706269755135,0.43965270806972273,5.538409178506935,5.538409178506935,-0.6378188162934,-0.3051799638146475,13.45237200075644
256,8.533333333333333,track,1,315.0,242.0,316.95804527892693,241.0388767490301,314.94082607447035,241.76110002247628,0.24611938713441509,5.356931406871386,5.356931406871386,-0.6466555588432993,-0.3107838943965261,13.826596999933827
257,8.566666666666666,track,1,314.0,241.0,316.67241455586174,241.02394308723552,314.3155949263237,241.45157306943906,0.550925035339536,5.866815611348101,5.866815611348101,-0.6625030555492915,-0.3100893169143581,13.353798000025563
258,8.6,track,1,315.0,241.0,316.52312428397323,241.01064441629302,314.69036377817724,241.14204611640184,0.34066360100474125,5.43106860020022,5.43106860020022,-0.672481415256039,-0.30944516111051634,14.05002899991814
259,8.633333333333333,track,1,314.0,242.0,316.26000506956916,241.11963491657218,314.0651326300308,241.83251916336462,0.17970000037511233,6.2113426232356295,6.2113426232356295,-0.6892812612515861,-0.3152752820436666,13.778851000097347
260,8.666666666666666,track,1,314.0,242.0,316.0120053529135,241.22195305744657,314.43990148188414,241.5229922103274,0.6488834603934635,5.764911170510104,5.764911170510104,-0.7065113600106101,-0.3212503446965307,13.223552999988897
261,8.7,track,1,315.0,241.0,315.89928656517503,241.197399321136,314.81467033373747,241.21346525729018,0.2826915302355998,5.325424084377941,5.325424084377941,-0.7176803338327405,-0.3209387677693208,13.654479998876923
262,8.733333333333333,track,1,314.0,242.0,315.67327666493895,241.29447945765386,314.1894391855908,241.90393830425296,0.212403047122922,6.114539888196768,6.114539888196768,-0.735394034911798,-0.3270034004749062,13.88545199915825
263,8.766666666666667,track,1,315.0,242.0,315.5819201126469,241.3851772594269,314.56420803744413,241.59441135121597,0.595329141442574,5.664802010403656,5.664802010403656,-0.7469228922345069,-0.3331583403158723,13.966866999908234
264,8.8,track,1,315.0,241.0,315.49715464490305,241.34968302022034,314.93897688929746,241.28488439817875,0.2913467699588939,5.221578577762507,5.221578577762507,-0.7584643201658037,-0.33299165886251036,14.148144000500906
265,8.833333333333334,track,1,315.0,241.0,315.4188058992551,241.31581041327087,315.3137457411508,240.97535744514153,0.31471200422007356,4.786679551043218,4.786679551043218,-0.7699731550201971,-0.3327432895783931,13.64721699974325
266,8.866666666666667,track,1,317.0,241.0,315.58627355189407,241.28361105711792,316.68851459300436,240.6658304921043,0.4568286536311973,3.377760477736834,3.377760477736834,-0.7686548344451245,-0.3324155780799023,13.552497999626212
267,8.9,track,1,317.0,241.0,315.74438683368226,241.25312103722837,317.0632834448579,241.35630353906708,0.3618798230695026,3.2347895473015686,3.2347895473015686,-0.766991996593847,-0.332014292731822,14.170844000545912
268,8.933333333333334,track,1,317.0,241.0,315.89309271014224,241.22436173492076,317.43805229671125,241.04677658602986,0.4405426922042957,2.767547155053884,2.767547155053884,-0.7650168861882047,-0.331547255383715,13.86397200076317
269,8.966666666666667,track,1,318.0,241.0,316.1521129263367,241.1973407928969,317.8128211485646,240.73724963299264,0.3226045222670993,2.308091928306615,2.308091928306615,-0.7563961093815982,-0.33102339091306143,13.51333899947349
270,9.0,track,1,318.0,240.0,316.3941844163212,241.05235906374395,318.1875900004179,240.42772267995542,0.4670510670205579,1.8621967397494255,1.8621967397494255,-0.7474242428698055,-0.3240792410763301,14.286776999142603
271,9.033333333333333,track,1,319.0,241.0,316.73919420792964,241.0364045080973,318.5623588522715,241.1181957269182,0.45332108272930005,1.8213109985228564,1.8213109985228564,-0.7318046871588378,-0.32334622393524237,13.673993000338669
272,9.066666666666666,track,1,319.0,241.0,317.06013522986916,241.02208209632144,318.9371277041248,240.80866877388098,0.20139653342802372,1.3355308694257793,1.3355308694257793,-0.715862963578326,-0.3226156008269984,13.75931399888941
273,9.1,track,1,319.0,240.0,317.3574507440726,240.88962573190642,319.31189655597836,240.49914182084376,0.5885762643416655,0.8500758242590251,0.8500758242590251,-0.69970474377222,-0.31552525601899056,14.103469000474433
274,9.133333333333333,track,1,319.0,241.0,317.63170617962174,240.88591842219785,318.6866654078317,241.18961486780654,0.3662408561897054,1.7720133421315583,1.7720133421315583,-0.6834331418209979,-0.3147032950737613,14.42160800070269
275,9.166666666666666,track,1,319.0,241.0,317.88357216650707,240.88352466772014,319.06143425968503,240.88008791476932,0.13473335313654747,1.2866469549243094,1.2866469549243094,-0.6671458515191482,-0.31393888993474717,13.891054000851
276,9.2,track,1,318.0,241.0,317.9941289377694,240.88230556435877,318.43620311153836,240.5705609617321,0.612120120649704,1.6646322474994169,1.6646322474994169,-0.6573054846335621,-0.31323800566887594,14.133128999674227
277,9.233333333333333,track,1,319.0,241.0,318.211178384667,240.88212980334973,318.8109719633919,241.26103400869488,0.3222892370514766,1.7332035203417793,1.7332035203417793,-0.6413740564563482,-0.31260383264350056,13.961138000013307
278,9.266666666666667,track,1,318.0,241.0,318.2885871649969,240.88287378210114,318.185740815245,240.95150705565788,0.19196670570402155,2.0486341953688365,2.0486341953688365,-0.6320140377108957,-0.31203756467082266,14.114600999164395
279,9.3,track,1,319.0,241.0,318.47420961461364,240.88442164354197,318.5605096670986,240.64198010262066,0.5668597706958097,1.576156994298938,1.576156994298938,-0.6166686775177666,-0.31153895850690294,14.11366299907968
280,9.333333333333334,track,1,318.0,241.0,318.52194901755416,240.88666525006485,317.9352785189519,241.33245314958344,0.33869450361204373,2.457337215389093,2.457337215389093,-0.6079831917277405,-0.31110673874409883,14.052212000024156
281,9.366666666666667,track,1,317.0,241.0,318.4403233750387,240.8895040988798,317.3100473708055,241.02292619654622,0.3108938446342505,2.877885187232292,2.877885187232292,-0.606129152719303,-0.31073889301715324,14.251804999730666
282,9.4,track,1,318.0,241.0,318.47716206189585,240.8928451859315,317.6848162226588,240.713399243509,0.42600564212258146,2.422604879773637,2.422604879773637,-0.5984977834636923,-0.31043288906290145,14.810202999797184
283,9.433333333333334,track,1,317.0,241.0,318.3862891619172,240.89660282555113,317.05958507451214,241.40387229047178,0.40824405459913393,3.2583580745501637,3.2583580745501637,-0.5976807852487996,-0.3101858358073849,15.619347999745514
284,9.466666666666667,track,1,316.0,241.0,318.1760664265918,240.90069843279903,316.4343539263657,241.09434533743456,0.44448214367389716,3.7298020912628123,3.7298020912628123,-0.6037982545781388,-0.30999460409597884,13.805225999021786
285,9.5,track,1,316.0,241.0,317.9744252567186,240.9050602750795,315.80912277821903,240.78481838439734,0.28764082027450616,4.263729797317203,4.263729797317203,-0.6105650173416952,-0.30985591808836443,14.448861000346369
286,9.533333333333333,track,1,315.0,241.0,317.66222003318296,240.90962319912873,315.18389163007237,241.47529143136012,0.5096254274808346,5.037001552345561,5.037001552345561,-0.6242791279978595,-0.3097664251205411,14.950848000808037
287,9.566666666666666,track,1,316.0,241.0,317.4867500549157,240.91432833894066,315.5586604819259,241.1657644783229,0.4714429260128084,4.591786529633744,4.591786529633744,-0.6322469626238094,-0.30972274957812174,13.752613000178826
288,9.6,track,1,315.0,241.0,317.2013082230774,240.9191228096357,314.93342933377926,240.85623752528568,0.15842759461993783,5.138412304935819,5.138412304935819,-0.6469783530551457,-0.30972153474004616,13.75200400070753
289,9.633333333333333,track,1,315.0,242.0,316.93325827514417,241.04360124040986,315.3081981856326,241.54671057224868,0.548139970206822,4.940173869370102,4.940173869370102,-0.6621511496185376,-0.31612951493106234,13.88859700091416
290,9.666666666666666,track,1,315.0,241.0,316.6825598616359,241.04083081412293,314.6829670374864,241.23718361921146,0.3959368239282783,5.459071608991914,5.459071608991914,-0.6776634751458177,-0.3163272500154332,14.022295001268503
291,9.7,track,1,315.0,241.0,316.4490451191678,241.03808100643653,315.0577358893397,240.92765666617424,0.09255804053064282,5.02857051554597,5.02857051554597,-0.6934173124672635,-0.3165264108830885,13.983225000629318
292,9.733333333333333,track,1,314.0,242.0,316.11280656714814,241.15499903855525,314.43250474119304,241.61812971313702,0.5769621019991463,5.797874371299783,5.797874371299783,-0.7156896035594145,-0.32309191456172937,13.723162999667693
293,9.766666666666667,track,1,315.0,241.0,315.92033298483943,241.144737978899,314.8072735930464,241.3086027600998,0.3638394309011468,5.355076910858921,5.355076910858921,-0.7317798904064584,-0.3234063545574793,13.285378001455683
294,9.8,track,1,315.0,241.0,315.7438780053268,241.13460265724657,315.1820424448997,240.99907580706258,0.1820447908555709,4.920453990335215,4.920453990335215,-0.7478238242659623,-0.3236823673192278,14.333260998682817
295,9.833333333333334,track,1,316.0,241.0,315.70248561237133,241.12465515128437,315.55681129675304,240.68954885402536,0.541106404252148,4.496376705164848,4.496376705164848,-0.75738038681697,-0.32391795265004275,14.064009999856353
296,9.866666666666667,track,1,316.0,241.0,315.6683089206816,241.1149486795537,315.9315801486064,241.38002190098814,0.38613199983343266,4.296102947372266,4.296102947372266,-0.7666314397830125,-0.3241133115928663,13.78840899997158
297,9.9,track,1,316.0,241.0,315.6407448865055,241.10552825932632,316.3063490004597,241.07049494795092,0.31435528907473903,3.8456491181585286,3.8456491181585286,-0.7755536811694573,-0.324270087799606,13.93618099973537
298,9.933333333333334,track,1,317.0,241.0,315.73882122826706,241.09643134739312,316.68111785231304,240.7609679949137,0.39852493468919586,3.405003817841943,3.405003817841943,-0.7777647321566548,-0.3243908367755241,13.575928000136628
299,9.966666666666667,track,1,318.0,240.0,315.95437350473674,240.96808190607888,318.05588670416637,240.45144104187648,0.45488717061827477,1.9958395530021005,1.9958395530021005,-0.773133679230901,-0.31811051207660834,13.522625999030424
300,10.0,track,1,318.0,241.0,316.1597161103596,240.96731904475703,318.4306555560197,241.14191408883926,0.4534355704416171,1.9408270840395403,1.9408270840395403,-0.7679342096426867,-0.31804479499351623,14.057054999284446
301,10.033333333333333,track,1,319.0,241.0,316.47411036274366,240.96689619624297,318.8054244078735,240.83238713580204,0.2568145893364072,1.4559804906499005,1.4559804906499005,-0.7558645834563607,-0.31798439140987306,13.788196998575586
302,10.066666666666666,track,1,319.0,241.0,316.770130580454,240.96677591706478,319.1801932597268,240.52286018276482,0.5100313873108222,0.9723506888557201,0.9723506888557201,-0.7432392522425108,-0.3179341684766178,13.911757998357643
303,10.1,track,1,320.0,241.0,317.16732129416505,240.966922939968,319.55496211158015,241.2133332297276,0.49352790096934074,1.292376202384737,1.292376202384737,-0.7237930364856127,-0.3178972431465532,13.89574399945559
304,10.133333333333333,track,1,320.0,241.0,317.5385726644835,240.96730418151316,319.92973096343394,240.90380627669037,0.11912585741177686,0.906533795997061,0.906533795997061,-0.7038722282796218,-0.3178754950656841,13.760108999122167
305,10.166666666666666,track,1,319.0,241.0,317.76456412349233,240.96788873226464,319.3044998152873,240.59427932365315,0.5072764578859587,0.9148160588102336,0.9148160588102336,-0.6899750258806907,-0.3178699293465059,13.589428999694064
306,10.2,track,1,320.0,241.0,318.09252954597923,240.96864783171753,319.6792686671406,241.28475237061593,0.42889684126740585,1.324181725323615,1.324181725323615,-0.6696167347949067,-0.3178809338756136,13.9013360003446
307,10.233333333333333,track,1,320.0,241.0,318.3957932378161,240.9695548299672,320.05403751899394,240.97522541757894,0.05944605447931732,0.9767213873725908,0.9767213873725908,-0.6491293114559767,-0.31790846243234067,14.098879999437486
308,10.266666666666667,track,1,319.0,241.0,318.55540581848624,240.97058513798316,319.42880637084727,240.66569846454172,0.5437209029354763,0.8771639571242486,0.8771639571242486,-0.6349899576874919,-0.3179521655323979,14.074021000851644
309,10.3,track,1,319.0,241.0,318.69931436579213,240.97171616821413,318.8035752227006,241.35617151150473,0.4067441932525648,1.8084892635437264,1.8084892635437264,-0.6210567946580308,-0.3180114843568893,13.87827700091293
310,10.333333333333334,track,1,319.0,241.0,318.82830147833255,240.97292726711774,319.17834407455393,241.0466445584675,0.18434295148751317,1.330632665911322,1.330632665911322,-0.6073910387392721,-0.31808571853950485,13.427633999526734
311,10.366666666666667,track,1,319.0,241.0,318.94316971219064,240.97419964108096,318.55311292640727,240.73711760543029,0.518473924049209,1.6238302152518973,1.6238302152518973,-0.5940429850939355,-0.3181740753732641,13.683808998393943
312,10.4,track,1,318.0,240.0,318.9251393395276,240.85592251915486,317.9278817782606,240.42759065239306,0.4336298005450962,2.11577590752858,2.11577590752858,-0.5874210261695704,-0.3119082409466033,16.556421000132104
313,10.433333333333334,track,1,317.0,241.0,318.7826281542045,240.8648675538038,317.30265063011393,241.11806369935584,0.32486372683626336,2.919890419012681,2.919890419012681,-0.5876820056401781,-0.311898208292973,14.745368000149028
314,10.466666666666667,track,1,317.0,241.0,318.64358819322473,240.87377166235194,316.67741948196726,240.80853674631862,0.37512180438429366,3.419542801158979,3.419542801158979,-0.5885768442128265,-0.31193107154003047,13.855827000952559
315,10.5,track,1,317.0,240.0,318.5086628231758,240.7629786602517,317.05218833382105,240.4990097932814,0.501731398237907,2.9897498880427213,2.9897498880427213,-0.5900608466691056,-0.30563990072126157,14.248464000047534
316,10.533333333333333,track,1,316.0,241.0,318.2587939606122,240.77921990046377,316.4269571856744,241.18948284024418,0.4671147451601063,3.765833822706373,3.765833822706373,-0.5984501170798716,-0.30563439078187826,14.257998998800758
317,10.566666666666666,track,1,316.0,241.0,318.021609951788,240.7951997502048,315.80172603752817,240.87995588720696,0.2317825558806114,4.2895019090098465,4.2895019090098465,-0.6074466906792587,-0.3057003696469461,13.632725000206847
318,10.6,track,1,315.0,242.0,317.67780645392486,240.93042091727384,315.1764948893815,241.57042893416974,0.46441548916496506,5.072716095883967,5.072716095883967,-0.6233311086156407,-0.3122038227139943,13.690192001377
319,10.633333333333333,track,1,315.0,241.0,317.35473137930995,240.93802097559976,314.55126374123483,241.26090198113252,0.5190703937708562,5.5927274762503965,5.5927274762503965,-0.6397724137882421,-0.3125304809779096,14.430693001486361
320,10.666666666666666,track,1,315.0,241.0,317.052365518723,240.94518401214356,314.92603259308817,240.9513750280953,0.08851872783763748,5.162388951879443,5.162388951879443,-0.6566536682812005,-0.31288758855307564,14.354642000398599
321,10.7,track,1,314.0,242.0,316.65094125324464,241.0715008068971,314.3008014449415,241.64184807505808,0.46771178156905274,5.9309804646072495,5.9309804646072495,-0.6802278107702914,-0.31963571981792493,14.24917300028028
322,10.733333333333333,track,1,315.0,241.0,316.3969339478202,241.0701873168973,314.67557029679483,241.33232112202086,0.46442648553134425,5.488591006493051,5.488591006493051,-0.6977748002611014,-0.3201585233095693,13.995932999023353
323,10.766666666666667,track,1,315.0,241.0,316.1626682188192,241.0684965212329,315.05033914864816,241.02279416898364,0.055259424773304304,5.054230946000778,5.054230946000778,-0.7154043597092637,-0.32066339547107237,13.506562998372829
324,10.8,track,1,315.0,241.0,315.94756675248266,241.0664864161669,315.4251080005015,240.71326721594642,0.5127694428702811,4.6301605726388555,4.6301605726388555,-0.7330208792550472,-0.3211451283304301,13.226568999016308
325,10.833333333333334,track,1,315.0,241.0,315.7509753684383,241.06421049328182,314.7998768523548,241.4037402629092,0.45061677079021134,5.386257279074916,5.386257279074916,-0.7505389597015827,-0.32160076772278,13.935537999714143
326,10.866666666666667,track,1,315.0,241.0,315.57217719159263,241.06171787090088,315.17464570420816,241.09421330987198,0.19843706749344228,4.947862856569262,4.947862856569262,-0.7678830168305861,-0.322028930326084,13.56890999886673
327,10.9,track,1,317.0,241.0,315.64959169670965,241.0590534430935,316.5494145560615,240.78468635683475,0.49938683124643224,3.538682323199259,3.538682323199259,-0.7722519543838116,-0.3224293211789221,14.778980999835767
328,10.933333333333334,track,1,317.0,241.0,315.7280296627447,241.05625804302858,316.9241834079153,241.47515940379753,0.48117004754303716,3.4112670629483057,3.4112670629483057,-0.7760750829943,-0.32280239214862605,15.386064998892834
329,10.966666666666667,track,1,317.0,241.0,315.8067714799148,241.05336861771613,317.2989522597686,241.16563245076054,0.3417697505129768,2.9418290068042894,2.9418290068042894,-0.7793660468557411,-0.32314909963309485,13.926076999268844
330,11.0,track,1,318.0,241.0,316.00477432233555,241.05041841144453,317.67372111162194,240.85610549772332,0.3565999730603935,2.4788081994671423,2.4788081994671423,-0.7757815668748675,-0.32347073225120143,14.225248000002466
331,11.033333333333333,track,1,318.0,241.0,316.1942885789131,241.04743715547608,318.04848996347573,240.5465785446861,0.4560068998346994,2.0266078871271884,2.0266078871271884,-0.7715957927434114,-0.3237687880079637,14.492520998828695
332,11.066666666666666,track,1,318.0,241.0,316.3748865056697,241.0444512618079,318.42325881532906,241.23705159164888,0.48512006952612147,2.004098152246674,2.004098152246674,-0.766874814843939,-0.3240448865339746,14.124440000159666
333,11.1,track,1,319.0,241.0,316.66585242092543,241.04148401903524,318.7980276671824,240.92752463861166,0.21458215497136726,1.518235635232779,1.518235635232779,-0.7553206835512113,-0.32430070627934704,14.509238000755431
334,11.133333333333333,track,1,319.0,241.0,316.9397924755935,241.03855578857434,319.1727965190357,240.61799768557444,0.4192665085805821,1.0325631885239612,1.0325631885239612,-0.743246625040904,-0.3245379395407017,13.964280999061884
335,11.166666666666666,track,1,320.0,240.0,317.31625013286657,240.91609119606895,319.54756537088906,240.30847073253722,0.547586784401158,0.547586784401158,0.547586784401158,-0.7243848304656338,-0.3183908346983488,13.749335999818868
336,11.2,track,1,320.0,241.0,317.66811949762507,240.92089061492675,319.9223342227424,240.9989437795,0.07767295899328733,1.0019584061021518,1.0019584061021518,-0.7050766957939214,-0.3184718114311934,13.90834999983781
337,11.233333333333333,track,1,320.0,241.0,317.99566211092764,240.92571837608452,320.2971030745957,240.68941682646278,0.4298047750068476,0.7507101954444453,0.7507101954444453,-0.6854475616706375,-0.31857047631570073,13.326158999916515
338,11.266666666666667,track,1,321.0,240.0,318.41888643227423,240.81094135452992,320.67187192644906,240.37988987342578,0.5019804264946088,0.7718343096039616,0.7718343096039616,-0.6592510612940107,-0.3123223077364875,13.909930999943754
339,11.3,track,1,320.0,241.0,318.69155508021544,240.8233095238587,320.0466407783024,241.07036292038856,0.08441743164927289,1.071378618203379,1.071378618203379,-0.6392121497087269,-0.31233926614738816,14.457753999522538
340,11.333333333333334,track,1,320.0,241.0,318.94157664661356,240.83554382389983,320.4214096301557,240.76083596735134,0.4845467066246054,0.8697456212039428,0.8697456212039428,-0.6192245569607868,-0.3124093968421245,13.844481998603442
341,11.366666666666667,track,1,320.0,240.0,319.16975596325796,240.7279741622992,319.79617848200905,240.45130901431412,0.4951999975740265,0.4951999975740265,0.4951999975740265,-0.599386026881316,-0.30616591643226826,13.736445998802083
342,11.4,track,1,319.0,241.0,319.25737496533736,240.74731940825288,319.17094733386284,241.1417820612769,0.22209264700736972,1.4110260800859975,1.4110260800859975,-0.5861503461456885,-0.306218103304407,14.06576000044879
343,11.433333333333334,track,1,319.0,241.0,319.33255576575056,240.76627494535336,318.5457161857162,240.83225510823968,0.48426452753835275,1.6755864578346753,1.6755864578346753,-0.5733496717430565,-0.3063511070490146,13.36812500085216
344,11.466666666666667,track,1,318.0,241.0,319.27662054658697,240.78474305746948,317.9204850375695,240.52272815520246,0.48385022794948856,2.144207826497624,2.144207826497624,-0.5673852961286395,-0.306562590226751,14.2089559994929
345,11.5,track,1,317.0,241.0,319.0980619931051,240.80264142577192,317.2952538894233,241.21320120216524,0.3641834864793906,2.9643732355449104,2.9643732355449104,-0.5684041416878619,-0.30684808824388177,14.36410399946908
346,11.533333333333333,track,1,317.0,241.0,318.9248836665979,240.81990191406828,316.6700227412766,240.90367424912802,0.3437493877167556,3.4504167418084335,3.4504167418084335,-0.5701456114199008,-0.3072018351958695,13.974522000353318
347,11.566666666666666,track,1,316.0,242.0,318.63816774949623,240.9560623066488,316.04479159312996,241.5941472960908,0.40831691623729205,4.264384966605273,4.264384966605273,-0.5789201370225271,-0.31398476055415464,14.540655000018887
348,11.6,track,1,315.0,241.0,318.2460617717913,240.9642942480494,315.4195604449833,241.28462034305358,0.5069908349018857,4.757171002071374,4.757171002071374,-0.5947880337104289,-0.3145792700832177,14.499516999421758
349,11.633333333333333,track,1,316.0,241.0,317.995727101447,240.97181356221,315.7943292968366,240.97509339001635,0.2071733027216482,4.317229804249518,4.317229804249518,-0.605040409543265,-0.3151904602055401,14.032490998943103
350,11.666666666666666,track,1,315.0,242.0,317.6405428164188,241.09824112721617,315.16909814868995,241.66556643697913,0.3747532414338822,5.109963234014722,5.109963234014722,-0.622156772328959,-0.3221776252360173,13.182927999878302
351,11.7,track,1,315.0,241.0,317.3077316238881,241.09682171751405,314.5438670005433,241.3560394839419,0.5786375612756242,5.622119741678397,5.622119741678397,-0.6397941615931947,-0.3229237764082007,14.34109699948749
352,11.733333333333333,track,1,315.0,241.0,316.99715179966694,241.09483488299833,314.9186358523966,241.0465125309047,0.09372054228601498,5.188010223379439,5.188010223379439,-0.6578271684871344,-0.32363609070729427,14.23719700142101
353,11.766666666666667,track,1,314.0,241.0,316.58891641034205,241.0923636108725,314.29340470424995,240.7369855778677,0.39403414411138227,5.753987974566994,5.753987974566994,-0.6825028849086472,-0.3243094657648743,14.24608599882049
354,11.8,track,1,315.0,241.0,316.3293846071357,241.08948465204634,314.6681735561033,241.42745862483048,0.5411373807187084,5.519602463351797,5.519602463351797,-0.7010974228934906,-0.3249412788576387,14.624618001107592
355,11.833333333333334,track,1,314.0,241.0,315.97117647140897,241.08626868259188,314.0429424079566,241.11793167179326,0.125506691507127,6.061048290330658,6.061048290330658,-0.7260855472431252,-0.32553063789889947,14.830082000116818
356,11.866666666666667,track,1,314.0,241.0,315.64079943931347,241.08278049214204,314.4177112598104,240.80840471875604,0.45955570757781616,5.640519990936526,5.640519990936526,-0.7511270687293675,-0.32607785056914174,14.583161999325966
357,11.9,track,1,315.0,240.0,315.4570334041908,240.95948630609394,314.79248011166374,240.49887776571882,0.540317988950668,5.231361430119921,5.231361430119921,-0.7697374357401489,-0.32021662760672504,14.757183998881374
358,11.933333333333334,track,1,315.0,241.0,315.29176474212426,240.9632248271869,315.1672489635175,241.1893508126816,0.2526379743048665,4.97695066644716,4.97695066644716,-0.7880519777683235,-0.32055942679563576,13.92990199929045
359,11.966666666666667,track,1,317.0,241.0,315.3832253862179,240.96679624469903,316.54201781537085,240.87982385964438,0.4734870496100809,3.5681550993772793,3.5681550993772793,-0.7932693592186354,-0.3208963305883911,14.313555000626366
360,12.0,track,1,317.0,241.0,315.47605770487155,240.9701933511597,316.9167866672242,240.57029690660715,0.43768619720415974,3.1355131983603934,3.1355131983603934,-0.7978217705459482,-0.32123100238404867,14.179354000589228
361,12.033333333333333,track,1,317.0,241.0,315.56939085380543,240.97341112821888,317.2915555190775,241.26076995357016,0.3911592890237248,2.9875093944730535,2.9875093944730535,-0.8017278505388108,-0.3215655788973854,13.86987000114459
362,12.066666666666666,track,1,318.0,241.0,315.7820472074057,240.9764465230527,317.66632437093085,240.95124300053294,0.3372190244214028,2.520100233676073,2.520100233676073,-0.7986506711559772,-0.3219011656755436,13.814805999572854
363,12.1,track,1,319.0,241.0,316.10575119686956,240.97929823654425,319.0410932227842,240.64171604749572,0.3606328376352877,1.1538204769390912,1.1538204769390912,-0.7885041134238793,-0.3222381824933982,14.315872000224772
364,12.133333333333333,track,1,319.0,240.0,316.4127785792428,240.86237363884396,319.4158620746375,240.3321890944585,0.5322507488007668,0.6719871355345609,0.6719871355345609,-0.7776052203347827,-0.3162091843566911,13.290725999468123
365,12.166666666666666,track,1,320.0,241.0,316.82237901301636,240.87245937813105,319.79063092649085,241.02266214142128,0.21059197894477952,1.0438741612083497,1.0438741612083497,-0.7596952107204576,-0.3164246401376704,14.140627999950084
366,12.2,track,1,320.0,241.0,317.2071877616538,240.8823099971907,320.1653997783442,240.71313518838406,0.331132159144584,0.7320648083249666,0.7320648083249666,-0.7411278401730039,-0.3166721187839392,14.279850000093575
367,12.233333333333333,track,1,321.0,240.0,317.68683278101594,240.77228573037098,320.54016863019797,240.40360823534684,0.611836985065304,0.6743009392620902,0.6743009392620902,-0.7156754357813848,-0.3105850422833119,14.232569999876432
368,12.266666666666667,track,1,321.0,241.0,318.1343412967197,240.7891324764662,320.91493748205085,241.09408128230962,0.12683422109538106,1.426227348062642,1.426227348062642,-0.6897179314059347,-0.3107733431169075,13.643102000060026
369,12.3,track,1,320.0,241.0,318.43055650385946,240.80556996426367,320.28970633390463,240.7845543292724,0.36103545108441865,0.8363344160588644,0.8363344160588644,-0.6697842979506764,-0.311023138678638,14.206105999619467
370,12.333333333333334,track,1,321.0,240.0,318.8228887149721,240.7019291031289,320.66447518575796,240.47502737623518,0.5815736489431299,0.8168098191506741,0.8168098191506741,-0.6434182456231978,-0.3049658260142779,13.314124000316951
371,12.366666666666667,track,1,320.0,241.0,319.06528388298824,240.72493152266992,320.0392440376113,241.16550042319795,0.17008963685874282,1.1661609369905375,1.1661609369905375,-0.6233437272199353,-0.3052089782473104,13.902661999964039
372,12.4,track,1,320.0,241.0,319.28580700887136,240.74727731921317,320.4140128894651,240.85597347016073,0.4383495339803261,0.9508402885144471,0.9508402885144471,-0.6034489696610956,-0.30553618552017575,14.426054000068689
373,12.433333333333334,track,1,320.0,242.0,319.4853948252146,240.88846776895824,319.7887817413184,241.5464465171235,0.5003238097771,1.5608042744444048,1.5608042744444048,-0.5838233473915546,-0.3123111033910345,13.793812999210786
374,12.466666666666667,track,1,319.0,241.0,319.5454385501979,240.90164289038367,319.16355059317175,241.2369195640863,0.2878883053784399,1.493190415922483,1.493190415922483,-0.5471426895433406,-0.3129172043977186,14.203624001311255
375,12.5,track,1,319.0,241.0,319.5941486400208,240.9139912275115,318.5383194450251,240.92739261104907,0.4673550767587963,1.731059530986789,1.731059530986789,-0.5356992332662942,-0.3135595294986234,14.536495000356808
376,12.533333333333333,track,1,318.0,242.0,319.51291676626465,241.04511052477994,317.9130882968784,241.61786565801185,0.39189322457298253,2.6405851139472785,2.6405851139472785,-0.5245273238145123,-0.3205965851413198,13.459069999953499
377,12.566666666666666,track,1,317.0,241.0,319.3102877920372,241.04822629307122,317.28785714873175,241.30833870497463,0.42182282425374135,3.011223839673861,3.011223839673861,-0.5498343654309068,-0.3214101330461836,13.664989000972128
378,12.6,track,1,317.0,241.0,319.1143018469079,241.05060225469404,316.6626260005851,240.9988117519374,0.3373760919429205,3.4836317439963467,3.4836317439963467,-0.5521852092598933,-0.32220582018038724,14.196145999449072
379,12.633333333333333,track,1,316.0,241.0,318.80606377585815,241.0523087952833,316.0373948524384,240.6892847989002,0.3129573632036579,4.022108040502702,4.022108040502702,-0.5616652622642094,-0.3229768685990396,14.221235000150045
380,12.666666666666666,track,1,315.0,241.0,318.39373123180934,241.05341297965737,315.41216370429174,241.37975784586297,0.5604417370520984,4.790821807314324,4.790821807314324,-0.5783120695137743,-0.3237189236635105,13.979846000438556
381,12.7,track,1,315.0,241.0,318.0048717038132,241.05397843834947,314.78693255614553,241.07023089282598,0.2243437405808583,5.321791647381027,5.321791647381027,-0.5957659312548084,-0.3244293670485063,13.931935000073281
382,12.733333333333333,track,1,314.0,241.0,317.5200457814956,241.05406529385658,314.16170140799886,240.76070393978875,0.2888078076878089,5.887648166574885,5.887648166574885,-0.6202481798660014,-0.32510682784614586,13.880938000511378
383,12.766666666666667,track,1,314.0,240.0,317.0664008399922,240.9341372384009,313.5364702598522,240.45117698675176,0.6468543061431155,6.479257470972238,6.479257470972238,-0.6453722544384447,-0.31938341387293157,15.355956998973852
384,12.8,track,1,314.0,241.0,316.6436617951767,240.94103232133452,313.9112391117055,241.14165003371454,0.16716227846662804,6.194866742255632,6.194866742255632,-0.6709697837738925,-0.31987007240669735,14.026798000486451
385,12.833333333333334,track,1,313.0,241.0,316.13175826725734,240.9475517665931,313.28600796355886,240.83212308067732,0.33163717412310584,6.765361622765702,6.765361622765702,-0.7032467723375728,-0.32035547989640056,14.137345999188256
386,12.866666666666667,track,1,314.0,241.0,315.77682321723853,240.9536908603415,313.66077681541265,240.5225961276401,0.5856507716257311,6.3607277332577485,6.3607277332577485,-0.7294409025455181,-0.3208420026798301,14.772184000321431
387,12.9,track,1,314.0,241.0,315.4508075852587,240.95944834838718,314.035545667266,241.21306917460288,0.21601381351046903,6.086563259314845,6.086563259314845,-0.7556242057313516,-0.3213305915206953,14.624114000980626
388,12.933333333333334,track,1,314.0,241.0,315.15273501630844,240.96482603198064,314.4103145191193,240.90354222156566,0.4214998311038805,5.662240927523324,5.662240927523324,-0.7816678907286487,-0.32182127646015746,14.193180000802386
389,12.966666666666667,track,1,315.0,241.0,315.00112605290906,240.96982838869192,314.78508337097264,240.59401526852844,0.4593612517621826,5.248638831825921,5.248638831825921,-0.8010902819998946,-0.32231350974700085,14.106720000199857
390,13.0,track,1,315.0,240.0,314.8676398691833,240.85486933434277,315.159852222826,240.28448831549122,0.3263224399170786,4.848501222701061,4.848501222701061,-0.8200343977315097,-0.31643898315643104,13.599679999970249
391,13.033333333333333,track,1,317.0,241.0,314.9903112078942,240.86674268712557,316.5346210746793,240.974961362454,0.46605201158540527,3.599916770473305,3.599916770473305,-0.8257096591258597,-0.31680740189580026,14.19875000101456
392,13.066666666666666,track,1,317.0,241.0,315.1136131959644,240.87821065930572,316.90938992653264,240.66543440941678,0.3466184066319361,3.161435366958144,3.161435366958144,-0.8305608533353694,-0.3172056659003201,13.920495999627747
393,13.1,track,1,317.0,240.0,315.23653162167784,240.7696415333756,317.284158778386,240.35590745637955,0.45542982866779025,2.739062551042699,2.739062551042699,-0.8346201961437771,-0.3112666171470801,14.329882000311045
394,13.133333333333333,track,1,319.0,241.0,315.59736225388184,240.7877895277587,318.65892763023976,241.04638050334233,0.34421143575447144,1.7009959608151055,1.7009959608151055,-0.825197295381142,-0.31159969137635074,14.402608998352662
395,13.166666666666666,track,1,319.0,241.0,315.9409469441593,240.8053828686916,319.0336964820931,240.7368535503051,0.26529513167880314,1.2151936649425543,1.2151936649425543,-0.8148307202151157,-0.31199058685000214,14.373354000781546
396,13.2,track,1,320.0,240.0,316.38632510026054,240.7027610536415,320.4084653339464,240.4273265972679,0.5911446098616814,0.5911446098616814,0.5911446098616814,-0.797271718582553,-0.3060703532597147,14.272877999246703
397,13.233333333333333,track,1,321.0,241.0,316.92554570024595,240.72665431408117,320.7832341858002,241.11779964423067,0.24670665655099455,1.3648926091265703,1.3648926091265703,-0.7725193222890617,-0.30644628243335703,14.409035000426229
398,13.266666666666667,track,1,321.0,241.0,317.43130123107403,240.74977129638324,321.1580030376531,240.80827269119345,0.24844379817134687,1.4121882942946684,1.4121882942946684,-0.7469708358180394,-0.30690174381009155,14.202841999576776
399,13.3,track,1,322.0,241.0,318.0233360643939,240.77202883095953,321.5327718895069,241.49874573815623,0.6834101393482386,2.143741694538767,2.143741694538767,-0.7144417156049999,-0.3074328082191825,14.169644000503467
400,13.333333333333334,track,1,322.0,241.0,318.5748450706882,240.79336023833304,321.9075407413602,241.189218785119,0.21060024489571255,2.2478774430179653,2.2478774430179653,-0.6813533061857557,-0.30803360629593546,14.294683998741675
401,13.366666666666667,track,1,321.0,241.0,318.96688291485395,240.81371386471886,321.28230959321354,240.8796918320818,0.306875808248599,1.5550484276314003,1.5550484276314003,-0.6542734442234975,-0.30869714649903535,14.097118999416125
402,13.4,track,1,322.0,242.0,319.44710835217654,240.95264456213255,321.6570784450669,241.57016487904457,0.5498667329858428,2.2828330470032823,2.2828330470032823,-0.6207816657275474,-0.3157833008000666,14.09417300055793
403,13.433333333333334,track,1,321.0,241.0,319.7697464401954,240.9633415557249,321.0318472969202,241.26063792600758,0.2625764246741396,1.62908465852767,1.62908465852767,-0.5815950626405401,-0.3166735821811042,15.26678100162826
404,13.466666666666667,track,1,320.0,241.0,319.94357326840225,240.97303837324475,320.40661614877354,240.95111097297035,0.4095446610655896,1.0343832826124166,1.0343832826124166,-0.5693497695266093,-0.3175723376640005,13.406600999587681
405,13.5,track,1,320.0,242.0,320.09704126398617,241.1013736832712,319.78138500062687,241.64158401993313,0.4198267889477824,1.6560768739556575,1.6560768739556575,-0.5571417062609016,-0.3248382507904094,14.166950000799261
406,13.533333333333333,track,1,319.0,241.0,320.1118238476797,241.10161003603736,319.1561538524802,241.3320570668959,0.36694130500657157,1.5768488672511862,1.5768488672511862,-0.5451678449186323,-0.3258538519680212,14.031540998985292
407,13.566666666666666,track,1,319.0,241.0,320.11637339046604,241.10104448925776,318.53092270433353,241.0225301138587,0.46961805261323886,1.789903889707648,1.789903889707648,-0.5334703471069976,-0.3268259499930931,14.370674998644972
408,13.6,track,1,318.0,241.0,319.99228616835507,241.0997772503435,317.9056915561873,240.71300316082147,0.3020948001420001,2.212351998477298,2.212351998477298,-0.52218968764019,-0.32774918087415267,14.47755600020173
409,13.633333333333333,track,1,317.0,241.0,319.7482772418931,241.09790188512102,317.28046040804065,241.40347620778425,0.49137672993975845,3.0603334880451953,3.0603334880451953,-0.5114382619633137,-0.32862075548762154,13.967639999464154
410,13.666666666666666,track,1,317.0,241.0,319.5125253500853,241.09550539973162,316.655229259894,241.09394925474703,0.35734202901529977,3.519121520469408,3.519121520469408,-0.5011907693368786,-0.32943970081583746,13.323122999281622
411,13.7,track,1,315.0,241.0,319.0466521988177,241.0926683626801,315.0299981117478,240.7844223017098,0.21765484306242294,5.031524333306003,5.031524333306003,-0.5414954168554417,-0.3302063197921438,14.120683999863104
412,13.733333333333333,track,1,314.0,240.0,318.48609107822926,240.9698721775263,314.4047669636011,240.47489534867282,0.6239886914151046,5.61535024052825,5.61535024052825,-0.5653969911837725,-0.32455438604863196,14.10837699950207
413,13.766666666666667,track,1,314.0,241.0,317.95841310152736,240.9739700615149,313.77953581545444,241.1653683956356,0.2755923854942857,6.32868534284652,6.32868534284652,-0.5903078967395403,-0.32509647860439717,14.768318998903851
414,13.8,track,1,313.0,241.0,317.34411040325745,240.9777760531905,313.15430466730777,240.85584144259838,0.21116727972173846,6.898986096732842,6.898986096732842,-0.6223987488710008,-0.32562285332638896,14.713146001668065
415,13.833333333333334,track,1,314.0,241.0,316.8897918482995,240.98129608292652,313.5290735191611,240.54631448956115,0.6539130620636541,6.493947108032722,6.493947108032722,-0.6488666011542595,-0.3261373908629608,15.681853999922168
416,13.866666666666667,track,1,313.0,240.0,316.3482115223061,240.86494466533463,312.90384237101443,240.23678753652393,0.255567265245765,7.10010714235096,7.10010714235096,-0.6821076422748001,-0.32027506342459133,14.466679000179283
417,13.9,track,1,313.0,241.0,315.8459079029857,240.87551546041763,313.27861122286777,240.9272605834867,0.2879500585562811,6.785048215233791,6.785048215233791,-0.715705646279241,-0.3206480360447577,14.501401001325576
418,13.933333333333334,track,1,314.0,241.0,315.5016010738019,240.885769857827,313.6533800747211,240.6177336304495,0.5160164240503162,6.376611899287542,6.376611899287542,-0.7431038994280312,-0.3210450778984398,13.673264000317431
419,13.966666666666667,track,1,314.0,240.0,315.1870380756753,240.7760747382783,314.02814892657443,240.30820667741227,0.30948944742721873,5.979799043377263,5.979799043377263,-0.7703702751646768,-0.31510047141038416,14.282250000178465
420,14.0,track,1,314.0,241.0,314.9010567621801,240.7931824189551,314.40291777842776,240.99867972437505,0.4029199415527732,5.685480682133907,5.685480682133907,-0.7973760027493786,-0.31542477808965935,13.892630000555073
421,14.033333333333333,track,1,315.0,241.0,314.7620092412984,240.80981880017404,314.7776866302811,240.68915277133783,0.3821638835927919,5.267588487513753,5.267588487513753,-0.817642276340295,-0.3158045880674868,14.212202000635443
422,14.066666666666666,track,1,315.0,240.0,314.6414028166187,240.70632069697103,315.1524554821349,240.3796258183006,0.4090946540268982,4.862386617146415,4.862386617146415,-0.8373168900554662,-0.30987166637172747,14.346476998980506
423,14.1,track,1,317.0,241.0,314.7771360990095,240.7294153647872,316.5272243339882,241.0700988652634,0.47794422403048403,3.6339073196604215,3.6339073196604215,-0.8436152767092263,-0.3102338846494524,14.079384000069695
424,14.133333333333333,track,1,317.0,241.0,314.91356097731256,240.7518082385129,316.901993185842,240.76057191222617,0.2587105425691687,3.1900024849891198,3.1900024849891198,-0.8489889927946928,-0.3106750862224984,14.132468999378034
425,14.166666666666666,track,1,318.0,240.0,315.169148920401,240.65381987020558,318.27676203769533,240.45104495918895,0.5291869052792537,1.781289036046002,1.781289036046002,-0.8471100208600035,-0.3048243122064333,13.810644999466604
426,14.2,track,1,319.0,241.0,315.5353166412009,240.68216507601522,318.65153088954867,241.14151800615173,0.37610911582133155,1.7667575669032878,1.7667575669032878,-0.8379061010463352,-0.30528678774960394,14.25115300116886
427,14.233333333333333,track,1,320.0,241.0,316.00366542588154,240.70954031265228,320.026299741402,240.8319910531145,0.17005494003816665,0.8324066247095817,0.8324066247095817,-0.821343778654757,-0.3058438235719772,13.861782999811112
428,14.266666666666667,track,1,320.0,241.0,316.446430122145,240.7358531533125,320.40106859325533,240.5224641000775,0.6236157087586789,0.6586537423909598,0.6586537423909598,-0.8037937027940795,-0.3064894848536648,14.430764998905943
429,14.3,track,1,321.0,241.0,316.98289218886157,240.76103031359733,320.77583744510866,241.2129371470403,0.3091780710287692,1.4398403605618868,1.4398403605618868,-0.7790497074559539,-0.307215979904488,14.498877000733046
430,14.333333333333334,track,1,322.0,241.0,317.6053753493513,240.7850159201876,322.150606296962,240.90341019400307,0.17891854936570745,2.332650300229603,2.332650300229603,-0.7471484804980862,-0.3080144978269417,14.054373999897507
431,14.366666666666667,track,1,323.0,241.0,318.30646641187474,240.80776985400763,322.52537514881533,240.59388324096585,0.6246595643472308,2.5942661671760177,2.5942661671760177,-0.7081529833689851,-0.3088757871052166,13.789926999379531
432,14.4,track,1,322.0,241.0,318.83985448118983,240.82926617158665,321.90014400066866,241.28435628792863,0.30137969255908886,2.293494778197438,2.293494778197438,-0.6748856885760957,-0.3097905516905604,14.511520999803906
433,14.433333333333334,track,1,322.0,241.0,319.33351369185254,240.8494916072843,322.274912852522,240.9748293348914,0.27606274443283335,2.4749789329880327,2.4749789329880327,-0.641337503835386,-0.31074971838797405,14.87992399961513
434,14.466666666666667,track,1,322.0,241.0,319.7884367347005,240.86844415811365,321.6496817043753,240.66530238185442,0.48450531869289465,1.7787852554627945,1.7787852554627945,-0.5966379660100493,-0.3117446133961625,14.176524000504287
435,14.5,track,1,322.0,241.0,320.2057925093187,240.88613175205825,322.0244505562291,241.3557754288172,0.3566146175494955,2.436498936589305,2.436498936589305,-0.5841588257553503,-0.31276707466872,15.040056001453195
436,14.533333333333333,track,1,321.0,241.0,320.4673032672443,240.902571000037,321.39921940808244,241.04624847577998,0.401889359527804,1.7471264479214175,1.7471264479214175,-0.5716076192625036,-0.31380951891969583,14.425627001401153
437,14.566666666666666,track,1,321.0,241.0,320.70159501937286,240.9177860310155,320.7739882599358,240.73672152274276,0.3469825114234888,1.0685581072598793,1.0685581072598793,-0.5224072948805046,-0.3148649765900132,13.739672000156133
438,14.6,track,1,320.0,241.0,320.7905462424418,240.93180740918933,320.14875711178956,241.42719456970553,0.4523537097160468,1.4349261368115567,1.4349261368115567,-0.5029821924879604,-0.31592710422193016,15.073328000653419
439,14.633333333333333,track,1,319.0,241.0,320.7432476268059,240.94467113166806,318.5235259636429,241.1176676166683,0.490788320291785,1.8517981751221342,1.8517981751221342,-0.4907035218758092,-0.31699018096647735,13.511904000552022
440,14.666666666666666,track,1,318.0,241.0,320.56874005318815,240.9564177046645,317.89829481549623,240.8081406636311,0.21714960167327857,2.251722899200551,2.251722899200551,-0.4857303289358613,-0.31804909403025805,14.37695800086658
441,14.7,track,1,316.0,241.0,320.15635883077607,240.9670912958337,316.27306366734956,241.49861371059387,0.568488697177509,4.016951266969745,4.016951266969745,-0.5027167366904679,-0.31909931651279655,14.67169999887119
442,14.733333333333333,track,1,316.0,241.0,319.7616499898879,240.97673896010932,315.6478325192029,241.18908675755665,0.39971957221815957,4.511683621211091,4.511683621211091,-0.4926824210914218,-0.3201368801256351,14.077697998800431
443,14.766666666666667,track,1,315.0,241.0,319.26591237021603,240.98540993614074,315.0226013710562,240.87955980451943,0.12254249328709961,5.054515066862263,5.054515066862263,-0.5218345133859071,-0.321158344601729,14.182584000081988
444,14.8,track,1,314.0,242.0,318.6773889669359,241.11274789401912,314.39737022290956,241.5700328514822,0.5854697625494512,5.818458865874525,5.818458865874525,-0.5468036231064508,-0.3285281842801197,14.505937999274465
445,14.833333333333334,track,1,313.0,241.0,318.0040434194421,241.11201957046958,312.7721390747629,241.260505898445,0.34609814269155365,7.336950911283519,7.336950911283519,-0.579185408061966,-0.3296331425571468,14.209598999514128
446,14.866666666666667,track,1,313.0,241.0,317.3731256709236,241.11052546020122,313.1469079266162,240.95097894540777,0.15487092269374492,6.918759420653708,6.918759420653708,-0.6125303925849013,-0.33068312635431035,13.43542900031025
447,14.9,track,1,313.0,241.0,316.78436530871306,241.1083685216385,312.52167677846955,240.64145199237055,0.5977874020337938,7.505783028052279,7.505783028052279,-0.6466060460033162,-0.3316750791605767,14.673764999315608
448,14.933333333333334,track,1,312.0,241.0,316.1176103999899,241.10564444672013,311.8964456303229,241.33192503933333,0.3477035220064003,8.212284562331977,8.212284562331977,-0.6875553784236857,-0.3326079558487762,14.17736499934108
449,14.966666666666667,track,1,312.0,241.0,315.49924417636714,241.10244180134447,312.2712144821767,241.0223980862961,0.27213777689267876,7.796115919313765,7.796115919313765,-0.728923245726105,-0.33348212318743975,14.065714000025764
450,15.0,track,1,313.0,239.0,315.0477806652132,240.8596564357281,312.64598333403,239.2871288667411,0.45581880819087106,7.388487421387292,7.388487421387292,-0.7641144111721718,-0.29488552329768125,14.392828999916674
451,15.033333333333333,track,1,313.0,238.0,314.6347176867291,240.51215462870192,313.02075218588334,237.59665581977833,0.4038776806628762,7.381460783575128,7.381460783575128,-0.7991598971721656,-0.2532393415231587,13.888845998735633
452,15.066666666666666,track,1,313.0,236.0,314.2586077688293,239.94789887942085,313.3955210377371,235.90618277281555,0.4064954654227163,7.7703591842697355,7.7703591842697355,-0.8338965581922757,-0.20501313741289293,13.381769000261556
453,15.1,track,1,315.0,234.0,314.15708096296123,239.18188001876348,314.77028988959046,234.21570972585278,0.3151149324482156,7.7979408701601445,7.7979408701601445,-0.8554467448948895,-0.14252108170807892,20.159866000540205
454,15.133333333333333,track,1,315.0,233.0,314.07411381561445,238.34842513862597,315.1450587414438,232.52523667888977,0.4964295010783232,8.913054545476887,8.913054545476887,-0.8761733764830123,-0.08090925234764616,16.141862000949914
455,15.166666666666666,track,1,317.0,231.0,314.24730418238966,237.33473819032727,316.5198275932971,230.834763631927,0.5078076382773232,9.803731823291795,9.803731823291795,-0.8832983293613645,-0.011190850779701944,14.570560999345616
456,15.2,track,1,318.0,229.0,314.54033343599747,236.15486410540527,317.89459644515046,229.1442905849642,0.17868878611774994,11.057990370427612,11.057990370427612,-0.8829168371278844,0.06608087172015834,15.09308200002124
457,15.233333333333333,track,1,318.0,227.0,314.8246595132959,234.82243344888548,318.2693652970038,227.45381753800143,0.5277385915655769,12.664982860034801,12.664982860034801,-0.8813256575064723,0.15564042539373246,15.252654999130755
458,15.266666666666667,track,1,320.0,227.0,315.33834423204263,233.5897939623958,319.6441341488571,226.76334449103842,0.4273714238592809,13.241438349625485,13.241438349625485,-0.8658888276493061,0.2455539495575742,14.656191000540275
459,15.3,track,1,321.0,226.0,315.94568148045647,232.3348034575599,321.01890300071045,226.07287144407564,0.07528327036951292,13.964350079330595,13.964350079330595,-0.842834135540506,0.3417816385099008,14.990993999163038
460,15.333333333333334,track,1,321.0,226.0,316.5188678347909,231.18166927490967,321.3936718525638,226.38239839711287,0.5488224317714161,13.688732397398336,13.688732397398336,-0.8185800724853821,0.4376938106452724,14.999982000517775
461,15.366666666666667,track,1,322.0,228.0,317.17721628497816,230.36617556635986,321.7684407044171,227.6919253501501,0.3853955075646162,12.434471605633968,12.434471605633968,-0.7869684208330487,0.5201664679790419,15.627921000486822
462,15.4,track,1,323.0,228.0,317.9131432999591,229.63019363230936,323.14320955627045,228.0014523031873,0.14321692006088788,12.40342344465104,12.40342344465104,-0.7480823830486156,0.6013287113070391,14.572046999091981
463,15.433333333333334,track,1,324.0,230.0,318.7193816212062,229.20900378053113,323.51797840812424,230.31097925622453,0.5736313387851172,10.307923896369227,10.307923896369227,-0.7020290031937254,0.6681861933012068,13.546874999519787
464,15.466666666666667,track,1,323.0,232.0,319.34981200232454,229.08339345295155,322.89274725997757,231.62050620926175,0.39435857725071405,8.864756223333423,8.864756223333423,-0.6616717867027291,0.7202710068145182,12.77117400059069
465,15.5,track,1,323.0,234.0,319.93263901591905,229.23419730804602,323.26751611183136,233.93003316229897,0.2765144272316522,6.893559236843313,6.893559236843313,-0.6175171363737059,0.7572146174608251,14.463416999205947
466,15.533333333333333,track,1,323.0,236.0,320.46911818666996,229.64243749419947,322.6422849636847,236.2395601153362,0.4305218880219142,4.59593058645195,4.59593058645195,-0.6046473727288981,0.7787476494118545,13.939176000349107
467,15.566666666666666,track,1,322.0,239.0,320.84111488456705,230.40903860364313,322.017053815538,238.5490870683734,0.4512353094921656,2.4846839698315257,2.4846839698315257,-0.5476183962879221,0.7783290833881424,14.923441998689668
468,15.6,track,1,321.0,241.0,321.05785400267024,231.3885548777126,321.39182266739135,240.85861402141063,0.4165513145140078,1.6353557335415785,1.6353557335415785,-0.520322245141267,0.7621190300504195,16.326430999470176
469,15.633333333333333,track,1,321.0,243.0,321.24823217868584,232.56329288609257,320.7665915192447,243.16814097444785,0.2876645723351721,3.2595674239618444,3.2595674239618444,-0.49373038049015106,0.7301493325520916,14.447690000451985
470,15.666666666666666,track,1,320.0,245.0,321.2943596180391,233.91618883729495,320.141360371098,245.47766792748507,0.4981459660228648,5.479491644150539,5.479491644150539,-0.4742957180047706,0.6825295757892681,14.274701999966055
471,15.7,track,1,319.0,248.0,321.205522729263,235.55045608155572,318.51612922295135,247.7871948805223,0.5285990425242807,7.927312065903018,7.927312065903018,-0.46220572535399995,0.6130703697786861,14.368467000167584
472,15.733333333333333,track,1,318.0,249.0,320.9909249172012,237.20365719508823,317.8908980748047,249.0967218335595,0.1458024113944591,9.33802222357716,9.33802222357716,-0.45759860530901597,0.5346202014911969,13.661835000675637
473,15.766666666666667,track,1,316.0,250.0,320.54003355345895,238.8685545117252,316.265666926658,250.40624878659673,0.48540394779114987,11.05600548621435,11.05600548621435,-0.46693254696342346,0.4476237174060199,14.808390000325744
474,15.8,track,1,316.0,251.0,320.1084989065818,240.53868688669877,315.64043577851135,250.71577573963395,0.458333786181389,11.568649441633696,11.568649441633696,-0.48331602094897524,0.3525393918516656,14.3554629994469
475,15.833333333333334,track,1,314.0,251.0,319.4581058804577,242.08873313997643,314.0152046303647,251.02530269267118,0.029519604349287246,12.544922282797556,12.544922282797556,-0.5026984659028169,0.2561968035726017,13.99294499969983
476,15.866666666666667,track,1,313.0,251.0,318.7243456931399,243.52125305210774,313.38997348221847,251.33482964570817,0.513994366193496,13.121387642433245,13.121387642433245,-0.5350596453397654,0.15917848367414833,14.062914999158238
477,15.9,track,1,313.0,251.0,318.03475426418106,244.83939508831352,312.7647423340718,250.6443565987454,0.42641341235230107,12.870558686149849,12.870558686149849,-0.5686338566484057,0.0620265135472165,13.823166000292986
478,15.933333333333334,track,1,312.0,249.0,317.26970681753625,245.8076162568142,312.13951118592513,248.9538835517826,0.14693569271767642,11.914668063151375,11.914668063151375,-0.6095375030580098,-0.022027914981502805,13.29276199976448
479,15.966666666666667,track,1,312.0,247.0,316.55603136967045,246.4451653086135,311.5142800377789,247.26341050481983,0.5525477135501405,11.169806419037192,11.169806419037192,-0.6512816992488283,-0.09228857382328592,13.531611999496818
480,16.0,track,1,312.0,245.0,315.8930179417226,246.77150663598397,311.88904888963225,244.57293745785705,0.44123980304754296,9.311245078304403,9.311245078304403,-0.6936008894774554,-0.14817089124589375,14.36821199968108
481,16.033333333333335,track,1,311.0,243.0,315.1600628515111,246.80614628628453,311.2638177414856,242.88246441089404,0.28881553875966787,9.199428326480556,9.199428326480556,-0.7426106106614334,-0.1892040450451122,14.048164999621804
482,16.066666666666666,track,1,312.0,240.0,314.60268317842036,246.44888558236227,311.6385865933389,240.1919913639315,0.40924361245918833,8.363617329894764,8.363617329894764,-0.7854657009901196,-0.2086614441896416,14.000215000123717
483,16.1,track,1,312.0,237.0,314.0921459680961,245.72647186075972,312.01335544519225,236.5015183169685,0.4986605621404342,8.71928123937675,8.71928123937675,-0.8281634088145301,-0.2061666465873826,13.974262001283932
484,16.133333333333333,track,1,313.0,234.0,313.7463291819179,244.66523385078787,313.3881242970456,233.81104527000593,0.4316762211939117,9.05649275168014,9.05649275168014,-0.8641409149632187,-0.1814747941804753,12.779328999386053
485,16.166666666666668,track,1,314.0,231.0,313.55578014223516,243.29093127660298,313.7628931488989,231.12057222304293,0.26600248083164074,10.851070892692986,10.851070892692986,-0.8931013527147623,-0.13446636800608794,13.55160000093747
486,16.2,track,1,315.0,229.0,313.5109944745338,241.74821966184075,315.13766200075224,229.43009917608015,0.45159287828300926,11.634652304492397,11.634652304492397,-0.9148009683367437,-0.07150617198856875,13.992999000038253
487,16.233333333333334,track,1,317.0,227.0,313.7220875377195,240.05375784976087,316.5124308526056,226.73962612911737,0.5527370316247421,13.71133304071651,13.71133304071651,-0.9226820174752419,0.00998801508191627,14.108206001765211
488,16.266666666666666,track,1,318.0,225.0,314.05248546333,238.22336779261963,317.88719970445936,225.0491530821546,0.12304443164707182,15.099395638557333,15.099395638557333,-0.9228494955837291,0.10148010574130531,13.919687999077723
489,16.3,track,1,319.0,224.0,314.49301842177954,236.39160705725882,319.26196855631224,224.3586800351918,0.44416088542499715,15.65872219095093,15.65872219095093,-0.9152457836458189,0.20431010984837877,13.581679999333574
490,16.333333333333332,track,1,321.0,224.0,315.15436757298596,234.6845652693178,320.6367374081665,223.66820698822903,0.4919820253684637,16.344200730114938,16.344200730114938,-0.8934932484245057,0.3089694268775566,13.181250998968608
491,16.366666666666667,track,1,322.0,224.0,315.90072414113234,233.1003239200496,322.01150626001936,223.97773394126625,0.025063347565077138,16.14803910977889,16.14803910977889,-0.8638670336825897,0.41481649165942747,13.551908999943407
492,16.4,track,1,322.0,224.0,316.6042601380538,231.6362589688305,322.38627511187315,224.28726089430347,0.4813806014461348,15.892906565925257,15.892906565925257,-0.8328347109561103,0.5212467652865423,13.895895001041936
493,16.433333333333334,track,1,324.0,226.0,317.5039258195232,230.52833096608805,323.7610439637265,225.5967878473407,0.46870035985019776,14.886167136358376,14.886167136358376,-0.7879193407133107,0.6149657745071294,13.85563199983153
494,16.466666666666665,track,1,324.0,227.0,318.34545737411617,229.63801857096408,324.1358128155798,226.9063148003779,0.1649910224950014,13.731334230595245,13.731334230595245,-0.7418618170776262,0.7015823908357156,13.248449000457185
495,16.5,track,1,325.0,229.0,319.2489929024022,229.07328175562955,324.51058166743314,229.21584175341513,0.534899959590428,11.689457475262413,11.689457475262413,-0.6886014645248907,0.774208538753918,13.33421999879647
496,16.533333333333335,track,1,324.0,232.0,319.96866585921106,228.93430414694828,323.8853505192865,231.52536870645235,0.48828205807974534,9.32283884979767,9.32283884979767,-0.6394058218079031,0.8259174029686422,13.615128000310506
497,16.566666666666666,track,1,324.0,234.0,320.63296462305544,229.07447448137677,324.2601193711398,233.83489565948958,0.30809337950944604,7.493806014685803,7.493806014685803,-0.5931447328071477,0.862506669113254,13.845835001120577
498,16.6,track,1,324.0,237.0,321.24345374848076,229.59416181374968,323.63488822299314,237.14442261252657,0.39263787478808776,4.622416533535659,4.622416533535659,-0.5453813475811713,0.8773054587960852,14.772829999856185
499,16.633333333333333,track,1,323.0,239.0,321.6823274898171,230.3472702092569,323.0096570748465,239.45394956556402,0.45405227360993344,3.058791719800672,3.058791719800672,-0.5042475895217365,0.8763605055554811,14.0911620001134
500,16.666666666666668,track,1,322.0,243.0,321.9591546004426,231.5545634586339,322.3844259266998,242.763476518601,0.4513608870649985,3.649971159992553,3.649971159992553,-0.4700762244068116,0.8468700137435958,14.583628999389475
501,16.7,track,1,321.0,246.0,322.08359326149963,233.0633943733822,320.7591947785536,246.07300347163846,0.2516280221817925,6.120273513358353,6.120273513358353,-0.44314447355842557,0.7949770878370404,14.327705999676255
502,16.733333333333334,track,1,319.0,248.0,321.9457139682182,234.72946169975313,319.13396363040647,248.38253042467545,0.405309486780241,8.427148706061164,8.427148706061164,-0.430040810269654,0.7270918653986489,13.505015998816816
503,16.766666666666666,track,1,319.0,251.0,321.801896126777,236.6560964455964,318.50873248226026,250.6920573777129,0.5798037880242115,10.795553240930754,10.795553240930754,-0.4183206617532332,0.6371182100042921,14.974845998949604
504,16.8,track,1,317.0,252.0,321.4147591708555,238.58112316922362,316.8835013341136,252.0015843307499,0.11650943848992944,12.399620574137465,12.399620574137465,-0.4206773374797772,0.5380001991693838,14.735455999471014
505,16.833333333333332,track,1,315.0,253.0,320.80112239862973,240.49769125620233,315.2582701859674,253.3111112837871,0.4043435666104863,14.13045240743022,14.13045240743022,-0.43729853909093935,0.4562993073074491,14.054612000109046
506,16.866666666666667,track,1,315.0,254.0,320.21670392048287,242.3998337787827,314.6330390378207,253.62063823682433,0.5278027047328401,14.639878959472226,14.639878959472226,-0.4668932402117588,0.3162587872634663,14.431130000957637
507,16.9,track,1,313.0,254.0,319.4232732851535,244.16281436018295,313.00780788967404,253.93016518986155,0.07026993559293127,15.586540755553658,15.586540755553658,-0.4887639769519504,0.1993650825513807,14.40699299928383
508,16.933333333333334,track,1,312.0,253.0,318.5562332252366,245.67026000064845,312.3825767415274,253.23969214289855,0.45146127909821937,15.274638625429057,15.274638625429057,-0.5290484303071061,0.08833106178475503,13.9391529992281
509,16.966666666666665,track,1,311.0,253.0,317.6233745803147,247.0532326795767,310.7573455933807,252.549219095936,0.5119419737826962,15.58555614657378,15.58555614657378,-0.5770097870034234,-0.02246974870063423,13.793134001389262
510,17.0,track,1,311.0,250.0,316.75165047103866,247.9573102174932,311.13211444523404,249.858746048973,0.19340864851458608,13.26025142561661,13.26025142561661,-0.6261061712357248,-0.11340506890898672,15.27385700137529
511,17.033333333333335,track,1,311.0,248.0,315.9403867316456,248.52963327778733,310.50688329708737,248.1682730020102,0.5210373171827053,12.523575710254946,12.523575710254946,-0.6760167494327498,-0.18999882249500388,14.750336998986313
512,17.066666666666666,track,1,310.0,245.0,315.0689366078711,248.67069942603132,309.8816521489407,245.47779995504743,0.49223877426883017,11.505966086450712,11.505966086450712,-0.7328019849445093,-0.24531537362096345,13.935097000285168
513,17.1,track,1,310.0,243.0,314.26311210010823,248.52776151059263,310.25642100079403,242.78732690808465,0.3331389705108796,10.13442267750365,10.13442267750365,-0.7899309210840344,-0.28515145459767033,14.219901999240392
514,17.133333333333333,track,1,312.0,239.0,313.7603859657811,247.8814594219972,311.63118985264737,239.09685386112187,0.3813156110159742,8.417401988179183,8.417401988179183,-0.8343723262438489,-0.29647354302815193,14.114805999270175
515,17.166666666666668,track,1,312.0,235.0,313.30437916052284,246.7664577149965,312.0059587045007,235.4063808141591,0.40642449763262745,9.21987166172468,9.21987166172468,-0.8783394108283342,-0.2788458268552186,14.355598001202452
516,17.2,track,1,313.0,233.0,313.01256919074194,245.45602963965672,313.3807275563545,232.7159077671963,0.4750388077905243,9.842396422578998,9.842396422578998,-0.9152791901295239,-0.24473139456548257,13.22922299914353
517,17.233333333333334,track,1,315.0,230.0,312.99474768562817,243.84870368674737,314.7554964082078,230.02543472023353,0.24582296758569125,11.269284380325299,11.269284380325299,-0.9385434887683763,-0.18789630095949414,13.028745001065545
518,17.266666666666666,track,1,316.0,227.0,313.11391787978306,241.96938325726177,316.1302652600616,227.33496167327075,0.35940000075022466,13.243037520712791,13.243037520712791,-0.9541518947469374,-0.10843416385496549,13.223771000411944
519,17.3,track,1,318.0,225.0,313.4799958427639,239.9616572644394,317.5050341119145,224.64448862630798,0.609409195198657,15.556882217536247,15.556882217536247,-0.955600236053339,-0.014911716292345056,13.89631700112659
520,17.333333333333332,track,1,319.0,223.0,313.95630055301206,237.84094092367198,318.87980296376827,222.9540155793452,0.12869302413825592,17.082752303688906,17.082752303688906,-0.9490494896787018,0.09814127547548264,13.348992999453912
521,17.366666666666667,track,1,320.0,222.0,314.5336369610951,235.74125906435142,320.2545718156216,222.26354253238242,0.36641707886425856,17.738284311339594,17.738284311339594,-0.9344979556206159,0.21815620777645928,13.697067999601131
522,17.4,track,1,322.0,222.0,315.32273333371745,233.7880616989851,321.62934066747493,221.57306948541964,0.5653830604711996,18.498824805912957,18.498824805912957,-0.9056222065508308,0.34002308755795607,14.107496999713476
523,17.433333333333334,track,1,323.0,222.0,316.187891320072,231.97870148143772,323.00410951932827,221.88259643845686,0.11747546302153383,18.36477568106768,18.36477568106768,-0.8687488064811275,0.4630071286106118,14.599643000110518
524,17.466666666666665,track,1,323.0,222.0,317.0014482620698,230.30975252921297,323.3788783711816,222.19212339149408,0.424806094245844,18.125597599831327,18.125597599831327,-0.830393295813789,0.5864200284061615,13.239392999821575
525,17.5,track,1,325.0,224.0,318.0025668255887,229.01631538222173,324.75364722303493,223.5016503445313,0.555915523999981,17.169528335838812,17.169528335838812,-0.7781228728591962,0.6968930014836434,14.033375000508386
526,17.533333333333335,track,1,325.0,226.0,318.93723544166414,228.0785569086798,325.12841607488826,225.8111772975683,0.22835214306706522,15.087191293220013,15.087191293220013,-0.7247185596603545,0.7936024195890284,13.635343000714784
527,17.566666666666666,track,1,326.0,228.0,319.9258776015032,227.4763078296391,325.5031849267416,228.1207042506055,0.5112677704794146,13.092085847545372,13.092085847545372,-0.6602800851657544,0.8758473489938077,12.999196998862317
528,17.6,track,1,325.0,231.0,320.72293916157173,227.30884936742206,324.87795377859493,231.43023120364273,0.44720707591353154,9.86079967797375,9.86079967797375,-0.6091096853538793,0.936684564503395,14.444989999901736
529,17.633333333333333,track,1,325.0,235.0,321.45724230414595,227.66789277975053,325.2527226304487,234.73975815667995,0.3627596242080054,7.433790371179641,7.433790371179641,-0.554194921562441,0.9691697935178125,14.520313001412433
530,17.666666666666668,track,1,324.0,238.0,322.011108804848,228.39860063948447,323.6274914823016,238.04928510971695,0.3757547309052485,4.118735611488389,4.118735611488389,-0.5058069859874065,0.979118837685595,13.950995000413968
531,17.7,track,1,323.0,241.0,322.3942868505627,229.4738023471584,323.00226033415584,241.3588120627544,0.35881918216360803,3.2954419029824153,3.2954419029824153,-0.46432379523323264,0.9662792124888865,14.57267200021306
532,17.733333333333334,track,1,322.0,245.0,322.61665839366043,230.98654670730357,322.3770291860087,244.6683390157914,0.5021454127527374,5.238669384251821,5.238669384251821,-0.4300642148037669,0.9241676644109686,14.167396000630106
533,17.766666666666666,track,1,321.0,248.0,322.68814791587914,232.78385119180868,320.7517980378625,247.97786596882884,0.24918693654521923,8.013210698985219,8.013210698985219,-0.40328719901984134,0.8590366004693754,14.234897998903762
534,17.8,track,1,319.0,251.0,322.4990488958167,234.84084145807392,319.12656688971583,251.28739292186583,0.31402845270917557,11.321136178437548,11.321136178437548,-0.39056044359028236,0.7710392388402699,13.904245000958326
535,17.833333333333332,track,1,318.0,254.0,322.18633100471095,237.13364077517775,317.50133574156916,253.59691987490328,0.6412017076430504,13.824599566023585,13.824599566023585,-0.3857848018965463,0.6604308722758105,14.13167499958945
536,17.866666666666667,track,1,316.0,255.0,321.6399525017386,239.40024674053896,315.8761045934225,254.90644682794027,0.15524905079723345,15.4663722429858,15.4663722429858,-0.39538791939558016,0.5402902364900338,13.97687499957101
537,17.9,track,1,314.0,256.0,320.8767900222635,241.63414827114525,314.25087344527583,256.2159737809775,0.3310319616204427,17.20494875922576,17.20494875922576,-0.41950409739515393,0.4112855077896095,14.868964999550371
538,17.933333333333334,track,1,314.0,257.0,320.1525381827593,243.82986196657663,313.62564229712916,256.5255007340147,0.6043949396870454,17.712272881651007,17.712272881651007,-0.45343316834377256,0.2740867309334529,14.276642999902833
539,17.966666666666665,track,1,312.0,257.0,319.22887205265863,245.8632580709484,312.0004111489825,256.83502768705193,0.1649728252862286,18.63898009573294,18.63898009573294,-0.48626254449334366,0.1357198623002912,14.109969999481109
540,18.0,track,1,311.0,256.0,318.2410381085439,247.61867395919558,311.3751800008358,256.14455464008915,0.4020647671687676,18.303938498170456,18.303938498170456,-0.5344650450378307,0.003314208742216218,14.333660001284443
541,18.033333333333335,track,1,310.0,254.0,317.1966177350274,248.98878215482088,309.74994885268916,254.45408159312638,0.5183779214893851,17.71959433009805,17.71959433009805,-0.59039145389151,-0.1159351767586872,15.135720999751356
542,18.066666666666666,track,1,310.0,252.0,316.2223093557869,249.99400355381482,310.12471770454295,251.7636085461636,0.2672740639743225,15.359156436547574,15.359156436547574,-0.6474558162248112,-0.22117175250251248,14.279211000030045
543,18.1,track,1,309.0,249.0,315.19755333213055,250.53550213149256,309.4994865563958,249.07313549920082,0.5048124614780326,13.877412235938301,13.877412235938301,-0.7116648809964228,-0.30530172962317337,14.809800999501022
544,18.133333333333333,track,1,310.0,245.0,314.3677570970613,250.52217886787957,309.8742554082496,245.38266245223804,0.40279306685604743,11.46750882328396,11.46750882328396,-0.7700653181177055,-0.36123856787082903,14.210258999810321
545,18.166666666666668,track,1,310.0,242.0,313.6039435750074,250.10962582973937,310.24902426010294,241.69218940527526,0.3959298477566668,9.896718287563147,9.896718287563147,-0.8285500275497624,-0.3946660909373608,14.206100999217597
546,18.2,track,1,311.0,238.0,313.02363007220634,249.20629499837509,310.62379311195673,238.00171635831248,0.3762108032700003,9.586782208855379,9.586782208855379,-0.8804577193765665,-0.3988438194427269,14.32973700138973
547,18.233333333333334,track,1,312.0,234.0,312.61690340450696,247.84730263971983,311.99856196381006,234.3112433113497,0.3112466334083138,9.817584392794933,9.817584392794933,-0.9254001891480153,-0.3734231784230509,13.480700999934925
548,18.266666666666666,track,1,313.0,231.0,312.37371428722935,246.18662754103582,313.3733308156634,230.62077026438692,0.5321570165816305,11.484019109703928,11.484019109703928,-0.9630501711774648,-0.32459126197339655,13.164158999643405
549,18.3,track,1,315.0,227.0,312.4035630083365,244.13055864211512,314.7480996675167,226.9302972174239,0.2613661328558716,14.085438861718687,14.085438861718687,-0.9867745344505332,-0.24608169967025428,13.930205001088325
550,18.333333333333332,track,1,316.0,224.0,312.56920354137173,241.83117450562443,316.12286851937006,224.23982417046136,0.26946670627309494,16.230073650358634,16.230073650358634,-1.0026110392380945,-0.144352041262147,13.584487000116496
551,18.366666666666667,track,1,318.0,222.0,312.98034164032543,239.43183247205937,318.4976373712234,221.54935112349835,0.6713623188192217,18.51171351961498,18.51171351961498,-1.004075401604139,-0.026113335130918555,13.303508998433244
552,18.4,track,1,320.0,220.0,313.61971474102313,236.94752728509405,319.8724062230767,219.8588780765358,0.19025133164259794,20.141526071967824,20.141526071967824,-0.9909817967310259,0.1080810632703961,13.941726998382364
553,18.433333333333334,track,1,321.0,219.0,314.35079415104707,234.51170019576858,321.24717507493006,219.1684050295728,0.2990915773673553,20.868895387141475,20.868895387141475,-0.9695925404439629,0.2512703473067538,13.17141900108254
554,18.466666666666665,track,1,324.0,218.0,315.40384571015966,232.12948559744376,323.62194392678384,218.47793198261024,0.6093811405822952,21.82470823525294,21.82470823525294,-0.9272684126721955,0.40271101621913225,13.76993899975787
555,18.5,track,1,325.0,219.0,316.51600165218485,230.04418142200157,324.9967127786367,218.78745893564724,0.21256648338930703,21.79309608566538,21.79309608566538,-0.8766316073191776,0.5489410128186919,13.77169999977923
556,18.533333333333335,track,1,325.0,220.0,317.559746702422,228.24377003117792,325.37148163049005,220.09698588868423,0.3839334114080431,20.615110613865905,20.615110613865905,-0.824280120937102,0.6890113147448731,13.784467000732548
557,18.566666666666666,track,1,327.0,222.0,318.7745012701128,226.83509479198858,326.74625048234384,222.40651284172168,0.47920925303604944,18.842576415103874,18.842576415103874,-0.7578625763479871,0.8157012358120757,13.562748999902396
558,18.6,track,1,327.0,225.0,319.9066067289709,225.91685253410196,327.1210193341972,224.71603979475867,0.3086730914903728,16.861445842910697,16.861445842910697,-0.6853546753533964,0.9217687734077828,13.821042999552446
559,18.633333333333333,track,1,326.0,228.0,320.83773487227165,225.4602234809492,326.49578818605096,228.0255667477959,0.49644695992679705,13.622860047344341,13.622860047344341,-0.6278584456090271,1.006351350392419,13.027877001150046
560,18.666666666666668,track,1,327.0,231.0,321.8164037969221,225.4363198884987,326.87055703790384,231.3350937008331,0.3592259299859361,11.058261851865868,11.058261851865868,-0.5591634973028478,1.0687537376144085,13.672970000698115
561,18.7,track,1,326.0,236.0,322.59790460571753,226.0555998852963,326.2453258897576,235.64462065387033,0.4318324580678469,7.614028153216255,7.614028153216255,-0.4967783852588916,1.0957105485818153,14.692714999910095
562,18.733333333333334,track,1,323.0,240.0,322.95306753245023,227.15490411534543,322.62009474161096,239.95414760690755,0.38266231497751474,2.620495925768572,2.620495925768572,-0.41415275986022093,1.092968317572946,14.240252001400222
563,18.766666666666666,track,1,321.0,244.0,323.02692706510567,228.6989102694483,321.0051364065357,244.26367455994477,0.26372458405346066,4.380550187917471,4.380550187917471,-0.35270940917040444,1.060241229116678,14.240874001188786
564,18.8,track,1,325.0,248.0,323.554892541905,230.65313448584092,324.6303675546824,247.573201512982,0.5646105676945316,8.87658069572333,8.87658069572333,-0.272792699921378,0.9974146934073522,14.177215000017895
565,18.833333333333332,track,1,328.0,252.0,324.3894984433881,232.98409362935786,328.25559870282905,251.88272846601922,0.2812175484746601,14.469075497048733,14.469075497048733,-0.18168531137932817,0.9045314158015574,13.468948000081582
566,18.866666666666667,track,1,332.0,255.0,325.63015241051335,235.53984766010794,331.8808298509757,255.19225541905644,0.22619387828815452,19.28623194576082,19.28623194576082,-0.07354302339033097,0.7881440513071967,14.202435000697733
567,18.9,track,1,336.0,258.0,327.2493029557019,238.29689508712798,335.5060609991219,257.50178237209366,0.7015672037268066,23.382692614594635,23.382692614594635,0.050706121994138764,0.6486894270602768,14.13071600109106
568,18.933333333333334,track,1,339.0,259.0,329.10021889103876,240.99382666534,339.1312921472686,258.8113093251309,0.22987344065150989,26.83042485220644,26.83042485220644,0.18780988562726098,0.4994205104294392,13.817987000948051
569,18.966666666666665,track,1,342.0,260.0,331.16393156423925,243.62491180923902,341.75652329541526,260.1208362781681,0.2718130088810344,29.634344238346028,29.634344238346028,0.3437033863165244,0.34116908577541394,14.034004001587164
570,19.0,track,1,343.0,260.0,333.18293489008516,246.06601372509883,343.38175444356193,260.4303632312053,0.5752816405490123,31.050059301360672,31.050059301360672,0.5055058083604516,0.1811236106934893,13.980536999952164
571,19.033333333333335,track,1,344.0,260.0,335.1548173515333,248.32126711471201,344.0069855917086,259.7398901842423,0.2602036024827811,31.080518362576424,31.080518362576424,0.6727533020160914,0.020204006340274083,14.019284000823973
572,19.066666666666666,track,1,345.0,258.0,337.0778145983111,250.15654143567662,344.63221673985527,258.04941713727976,0.3710883720889344,30.537314232177234,30.537314232177234,0.8449829914988429,-0.12800116035142828,14.088769999943906
573,19.1,track,1,343.0,255.0,338.5919668323788,251.47326949135152,343.25744788800193,255.35894409031675,0.4417242069549491,27.871240478898702,27.871240478898702,0.9918088444726882,-0.23115455571595023,14.319896999950288
574,19.133333333333333,track,1,342.0,253.0,339.5592042502987,251.21640446857538,341.88267903614815,252.6684710433542,0.35167550050263524,25.285209122634946,25.285209122634946,1.1213139970625756,-0.2616974000051428,13.909372999478364
575,19.166666666666668,track,1,340.0,250.0,340.1314706431795,250.44596285709468,339.50791018429527,249.9779979963912,0.4925814398483944,21.911618009049853,21.911618009049853,1.232315352706645,-0.26265115378552617,14.33904100122163
576,19.2,track,1,336.0,246.0,338.60285808844293,248.10261620651318,336.1331413324415,246.28752494942864,0.31685518923987566,17.315057587031568,17.315057587031568,1.224255565195841,-0.17004655839104682,14.351142999657895
577,19.233333333333334,track,1,334.0,244.0,336.5162232615379,245.630597035777,333.75837248058815,243.59705190246564,0.4698414918285596,14.220815578005256,14.220815578005256,1.1731025153529766,-0.05716447719764764,13.833340999553911
578,19.266666666666666,track,1,330.0,242.0,333.47796821941,243.25035112165037,330.3836036287348,241.90657885550286,0.39481546856433575,10.557190310443659,10.557190310443659,1.056150446243333,0.06286880462722488,13.728731999435695
579,19.3,track,1,329.0,240.0,331.0992981533615,240.97367663905865,329.0088347768815,240.21610580854008,0.2162863235789692,9.011426399723522,9.011426399723522,0.958540390084321,0.18799854376245875,14.790884000831284
580,19.333333333333332,track,1,328.0,240.0,329.15828976040297,239.46685203876896,327.6340659250277,239.5256327615773,0.5991093590611097,7.648789892823426,7.648789892823426,0.8729356468622516,0.2807580809962474,14.267085000028601
581,19.366666666666667,track,1,326.0,240.0,327.18392020164856,238.4451808680987,326.2592970731748,239.8351597146143,0.3072576961494538,6.261467253762565,6.261467253762565,0.7765924312254427,0.35243136759671256,13.747818000410916
582,19.4,track,1,326.0,240.0,325.7761956670964,237.73717874958044,325.88452822132103,240.14468666765174,0.1851160810611797,5.886306704489654,5.886306704489654,0.7022069089044716,0.4099134566571607,14.58055400144076
583,19.433333333333334,track,1,326.0,240.0,324.7520260232919,237.2385336109328,325.5097593694677,240.45421362068873,0.6683157106068016,5.52844990233757,5.52844990233757,0.6429426378783589,0.4574238203257176,13.788937998469919
584,19.466666666666665,track,1,326.0,241.0,323.9949303184213,237.13684490595736,326.13499051761437,240.76374057372618,0.27210467902818064,6.182346505589429,6.182346505589429,0.5944859763521722,0.48399158899631645,14.056267000341904
585,19.5,track,1,327.0,242.0,323.66558027787676,237.3187152008034,326.76022166576104,242.07326752676317,0.2507225160379586,7.070999590422533,7.070999590422533,0.5667795889544988,0.4939783391290994,13.644343000123627
586,19.533333333333335,track,1,327.0,242.0,323.42774447126004,237.4855763810025,327.3854528139077,242.3827944798004,0.5432361231683908,7.760323627235173,7.760323627235173,0.5437733400547369,0.5022587074967088,14.071700999920722
587,19.566666666666666,track,1,328.0,244.0,323.4688118791275,238.06147831576266,328.0106839620544,243.69232143283762,0.3078640085107007,8.820674299808783,8.820674299808783,0.5514558312734789,0.46723575597236594,14.423587001147098
588,19.6,track,1,329.0,245.0,325.0718851320848,240.3798136400242,328.63591511020104,245.00184838587484,0.36408958171068706,9.979855563377527,9.979855563377527,0.6514254631174591,0.3463255100797834,14.841766000245116
589,19.633333333333333,track,1,328.0,245.0,326.68957479477456,243.02066554246085,328.26114625834725,245.31137533891206,0.40638893923354863,9.821264963975262,9.821264963975262,0.7626764438401861,0.15424626262966856,14.147433999823988
590,19.666666666666668,track,1,328.0,244.0,327.8646839753052,244.44939034316582,327.8863774064939,243.62090229194928,0.3957589746352672,8.677896173929561,8.677896173929561,0.8565887490424968,0.036871944431592224,14.065017001485103
591,19.7,track,1,328.0,243.0,328.53486703581,244.74234926279627,327.5116085546406,242.9304292449865,0.4933216940834892,8.062981994152151,8.062981994152151,0.9262649747302729,-0.020606600792570096,14.110487998550525
592,19.733333333333334,track,1,326.0,240.0,328.06144220292083,243.5530344988461,326.13683970278726,240.23995619802372,0.2762319337602064,6.141529167453003,6.141529167453003,0.9180698359540274,0.03037999838700403,14.056583999263239
593,19.766666666666666,track,1,325.0,240.0,326.5394022262324,241.57180397291003,324.76207085093347,239.54948315106094,0.5094857320411468,4.783334006787336,4.783334006787336,0.8474925178243625,0.13276072282982315,13.851657000486739
594,19.8,track,1,323.0,238.0,324.5082623190798,239.28660798542052,323.3873019990806,237.85901010409816,0.4121662155468761,4.007200090752787,4.007200090752787,0.7386950144192342,0.26321265502665014,15.376418001324055
595,19.833333333333332,track,1,323.0,238.0,323.1881331338514,237.861122773238,323.0125331472268,238.16853705713538,0.16900242426445722,3.5255655538121204,3.5255655538121204,0.6591898327517958,0.3562482219010833,14.663428000858403
596,19.866666666666667,track,1,324.0,238.0,322.8626003397718,237.07044236803026,323.6377642953735,238.4780640101726,0.5997998862358903,3.9433004229738766,3.9433004229738766,0.6300892215982804,0.41858619842285655,14.04985699991812
597,19.9,track,1,323.0,239.0,322.3295201965509,237.06291146569,323.26299544352014,238.78759096320982,0.3380594655123354,3.480958910548023,3.480958910548023,0.5902720580208805,0.43865977327312944,14.115394000327797
598,19.933333333333334,track,1,324.0,239.0,322.4002112978727,237.13398989609217,323.8882265916668,239.09711791624704,0.14807155184770077,3.9916791060037577,3.9916791060037577,0.5827392351307339,0.45157588133078574,14.125927000350202
599,19.966666666666665,track,1,325.0,240.0,322.83942895172595,237.5808777430246,324.513457739813,240.40664486928426,0.6341004815193494,4.531739270831154,4.531739270831154,0.5975251575259718,0.4413661078826071,14.08277900009125
600,20.0,track,1,325.0,241.0,323.1822092958502,238.25757214582643,325.13868888796014,240.71617182232126,0.31590036734397275,5.1883548034354785,5.1883548034354785,0.6107412409525044,0.41457504145818663,14.382818999365554
601,20.033333333333335,track,1,326.0,241.0,323.7531206364229,238.77662003058487,325.7639200361068,241.02569877535848,0.23747458054860343,5.854471125593277,5.854471125593277,0.6390985894485656,0.39159519138872206,14.034132000233512
602,20.066666666666666,track,1,325.0,241.0,323.9136548594637,239.1805202276207,325.389151184253,241.3352257283957,0.513629178672666,5.552096741998071,5.552096741998071,0.6488501428939228,0.3713512346500807,15.121849999559345
603,20.1,track,1,326.0,242.0,324.30811002127876,239.76282046594224,326.01438233240015,241.6447526814327,0.35553833665939694,6.235223029159988,6.235223029159988,0.6725115709442124,0.3264468948155855,14.591434000976733
604,20.133333333333333,track,1,326.0,242.0,324.6220229564087,240.22356379183861,325.63961348054636,241.95427963447014,0.36327509579944184,5.968622043626565,5.968622043626565,0.6941218228587791,0.3204594582285892,13.972410999485874
605,20.166666666666668,track,1,326.0,242.0,324.8749060767752,240.59249825210884,326.264844628693,242.26380658750713,0.37381358049127367,6.66131357070845,6.66131357070845,0.7141925878376032,0.2827616176665399,14.12430799973663
606,20.2,track,1,326.0,242.0,325.0808768803987,240.8910724098758,325.8900757768397,241.57333354054458,0.44059914033236497,6.096586839102374,6.096586839102374,0.7330781355937678,0.2578754687872268,13.847067999449791
607,20.233333333333334,track,1,326.0,242.0,325.2502950990219,241.1349762866555,325.51530692498636,241.88286049358157,0.49864721089175706,5.827844722973731,5.827844722973731,0.7510257697709816,0.23448223434173388,14.09805199909897
608,20.266666666666666,track,1,325.0,241.0,325.1895511247441,241.13453215191336,325.1405380731326,241.19238744661902,0.23825171482363838,5.2770180503936315,5.2770180503936315,0.7574221682654675,0.22309128692373287,14.078096999583067
609,20.3,track,1,325.0,241.0,325.1392479209003,241.13328281684645,324.76576922127924,240.50191439965602,0.5504119575101538,4.792126285384664,4.792126285384664,0.7640342111918821,0.21186063564300095,15.188039998975
610,20.333333333333332,track,1,324.0,240.0,324.9127043731165,240.94677305969105,324.3910003694259,239.81144135269346,0.4340917556983419,4.395047054102214,4.395047054102214,0.7609013058653258,0.21069583814849574,14.615520000006654
611,20.366666666666667,track,1,324.0,239.0,324.7208238415998,240.6100713948537,324.0162315175726,239.12096830573046,0.12205241969746569,4.111302995678343,4.111302995678343,0.7584792219886436,0.21858753816277707,14.389171999937389
612,20.4,track,1,324.0,238.0,324.5575093360421,240.1503217088477,323.6414626657188,238.4304952587679,0.5602456495994603,3.965298914151848,3.965298914151848,0.7566028102974833,0.24262678773544322,14.976648999436293
613,20.433333333333334,track,1,323.0,239.0,324.25261367287703,239.91943692722984,323.2666938138659,238.7400222118049,0.37244333892441067,3.5012615583950373,3.5012615583950373,0.7463305888055645,0.23730977292354366,13.759448000200791
614,20.466666666666665,track,1,323.0,238.0,323.98934630097364,239.56011915497194,322.8919249620121,238.04954916484212,0.11889210895863464,3.4881927191995734,3.4881927191995734,0.7368158381720888,0.23251460549360814,14.079837001190754
615,20.5,track,1,323.0,237.0,323.7613456133853,239.0923240725292,322.5171561101588,237.35907611787934,0.6017257518074861,3.6483631718984624,3.6483631718984624,0.727926917786477,0.27574374221418585,14.792687999943155
616,20.533333333333335,track,1,322.0,238.0,323.41230072335173,238.8344676266441,322.1423872583059,237.66860307091656,0.36069108102891856,3.166265119267689,3.166265119267689,0.7115150636665513,0.2884984453450523,14.656500001365202
617,20.566666666666666,track,1,322.0,237.0,323.10659124859774,238.4624830155936,321.76761840645213,236.97813002395378,0.23340844216118212,3.5008817436408703,3.5008817436408703,0.6958281246895281,0.3085616845428913,14.053844999580178
618,20.6,track,1,321.0,237.0,322.6945850578946,238.13558138570278,321.3928495545988,237.28765697699077,0.4869058522547704,3.04907109727092,3.04907109727092,0.6731162225007347,0.327910913313748,14.38336600040202
619,20.633333333333333,track,1,322.0,238.0,322.4715124154628,237.98889213708577,322.01808070274546,237.59718393002822,0.40322164877307576,3.137861499318962,3.137861499318962,0.65866388558201,0.3391069454875828,14.277100999606773
620,20.666666666666668,track,1,322.0,237.0,322.27644587825876,237.72447548592007,321.64331185089213,236.906710883065,0.36868590297502635,3.5027005867232086,3.5027005867232086,0.6447696963640471,0.3571770129647729,13.932668000052217
621,20.7,track,1,322.0,237.0,322.1061666071252,237.4915606331449,322.26854299903835,237.21623783610266,0.34478129893437,3.591047079005268,3.591047079005268,0.6314200696392243,0.3746586263112538,15.271682999809855
622,20.733333333333334,track,1,322.0,238.0,321.9579507734651,237.42008575290765,321.89377414718547,237.52576478913943,0.4859865914057136,3.1158017265561515,3.1158017265561515,0.6186085929040812,0.3844658598279111,15.1302879985451
623,20.766666666666666,track,1,323.0,238.0,321.9608920710383,237.36159581904872,322.5190052953317,237.8352917421771,0.5084139220300883,3.321347545710277,3.321347545710277,0.6133290205840672,0.3937621081362308,14.303803000075277
624,20.8,track,1,323.0,238.0,321.96999629205914,237.3147123035789,323.14423644347835,238.14481869521387,0.20439326336924846,3.6507424568333136,3.6507424568333136,0.6085499323996636,0.4025397296187622,14.564723998773843
625,20.833333333333332,track,1,324.0,239.0,322.1127028257896,237.4063996026647,323.769467591625,239.45434564825155,0.5094851905563973,3.808756305658492,3.808756305658492,0.6110974517952728,0.40397372033348256,14.250430000174674
626,20.866666666666667,track,1,323.0,240.0,322.1227533158399,237.62367336519293,323.3946987397717,239.7638726012883,0.45993830412317654,3.4029010685339953,3.4029010685339953,0.6073960372343755,0.3981346264116887,14.335220999782905
627,20.9,track,1,324.0,240.0,322.2630242013462,237.829358714658,324.0199298879179,240.073399554326,0.07605718248576918,4.020599930153565,4.020599930153565,0.6108543546580133,0.39176524672876556,14.81054399846471
628,20.933333333333334,track,1,325.0,240.0,322.5221473993056,238.02397937396753,324.645161036065,240.38292650736275,0.5220568938032404,4.6609176951559315,4.6609176951559315,0.6214344332125934,0.38489221443329236,14.9154560003808
629,20.966666666666665,track,1,325.0,241.0,322.76607420962426,238.3317761609284,325.27039218421123,240.69245346040043,0.4095080063957129,5.315686744929142,5.315686744929142,0.6325171562092777,0.3709647230273718,13.977739999972982
630,21.0,track,1,325.0,241.0,322.9954130685713,238.62012480151765,324.8956233323579,241.0019804134372,0.10439545385433048,4.997108420000394,4.997108420000394,0.644054216398569,0.35656236407509323,14.47769399965182
631,21.033333333333335,track,1,326.0,241.0,323.3331254830965,238.88981777330517,325.52085448050457,241.31150736647442,0.5715043903771639,5.674494318194707,5.674494318194707,0.6625049904936273,0.34175182840171203,14.794893000726006
632,21.066666666666666,track,1,325.0,242.0,323.52664931264576,239.26346385481705,325.14608562865124,241.62103431951164,0.40614775376263623,5.395363709931457,5.395363709931457,0.6748780391562449,0.3201181690756756,14.432332000069437
633,21.1,track,1,326.0,241.0,323.828653561423,239.48985598048924,325.7713167767979,240.93056127254886,0.2389932079456113,5.8458567909346435,5.8458567909346435,0.6939589251691641,0.3046069696611854,14.444664999246015
634,21.133333333333333,track,1,325.0,241.0,323.98869714251157,239.69974158599555,325.3965479249441,241.24008822558608,0.4635651117616118,5.537196792010906,5.537196792010906,0.7068622053851841,0.27324194174992117,14.081541001360165
635,21.166666666666668,track,1,325.0,242.0,324.13677748275165,240.01451524594222,325.02177907309124,241.5496151786233,0.4509110947306983,5.255432642585843,5.255432642585843,0.7198507643750689,0.26646438711814474,13.561473000663682
636,21.2,track,1,325.0,241.0,324.2733460810817,240.18540753423252,324.64701022123745,240.85914213166052,0.38005621029523456,4.725762287576421,4.725762287576421,0.7328636897089356,0.25956682165166123,13.642617999721551
637,21.233333333333334,track,1,324.0,240.0,324.27853841864186,240.22144358619795,324.2722413693841,240.16866908469774,0.320257120665433,4.2755696203441556,4.2755696203441556,0.7394411801471698,0.252731121273856,14.529609999954118
638,21.266666666666666,track,1,324.0,240.0,324.28103724356566,240.2515044344642,323.8974725175308,240.47819603773496,0.4890637332361608,3.9266988012086164,3.9266988012086164,0.7458295653914822,0.24599138815724717,14.401772001292557
639,21.3,track,1,324.0,240.0,324.2811373999909,240.27607903605232,323.52270366567745,239.78772299077218,0.5223727782000577,3.5290937427084708,3.5290937427084708,0.7520124254490383,0.2393709006114099,14.624381999965408
640,21.333333333333332,track,1,323.0,239.0,324.15919070543725,240.17570959482296,323.14793481382367,239.0972499438094,0.17703745567527496,3.2748207975452908,3.2748207975452908,0.7515961987472376,0.23299939880838053,14.714028000526014
641,21.366666666666667,track,1,323.0,239.0,324.04313392098027,240.0785196595517,322.7731659619708,239.40677689684662,0.4657479196054503,2.8359060461778873,2.8359060461778873,0.7508450794573648,0.2268700941476715,13.863148000382353
642,21.4,track,1,322.0,239.0,323.81330914680177,239.98482970289243,322.398397110117,238.71630384988384,0.4890846173621781,2.7203280139793127,2.7203280139793127,0.743410910578457,0.22097355746085195,14.242534000004525
643,21.433333333333334,track,1,322.0,238.0,323.59728218444184,239.77515099648028,322.02362825826367,238.02583080292106,0.03500749874129187,2.8270860167915917,2.8270860167915917,0.7355860643708068,0.21541302226916983,14.17256999957317
644,21.466666666666665,track,1,323.0,237.0,323.5147307573368,239.45738762288778,322.64885940641034,237.33535775595828,0.4855559091885057,3.7572296234939113,3.7572296234939113,0.7338120021181684,0.23864592736099696,14.253167999413563
645,21.5,track,1,322.0,237.0,323.31844530375014,239.1589954108041,322.274090554557,236.6448847089955,0.44858945819376317,4.053182264129948,4.053182264129948,0.7255323500345673,0.2514100737354486,14.272734999394743
646,21.533333333333335,track,1,322.0,237.0,323.1356261461496,238.8798979854053,321.8993217027037,236.95441166203273,0.11051884954660861,3.5892939771943233,3.5892939771943233,0.7170355289090129,0.2645952507040065,14.404251998712425
647,21.566666666666666,track,1,322.0,236.0,322.9660424057239,238.50020771605605,321.52455285085034,236.2639386150695,0.543795535251384,4.035147589246863,4.035147589246863,0.7083858221547894,0.284474378229338,14.310381000541383
648,21.6,track,1,321.0,237.0,322.68971418244854,238.2665935674786,321.149783998997,236.57346556810717,0.452069538838526,3.614296813668835,3.614296813668835,0.6932729562120299,0.29832965425925173,13.994896999065531
649,21.633333333333333,track,1,321.0,236.0,322.43357829250164,237.93160546841477,320.7750151471432,235.88299252114393,0.2535920624215968,4.189319641571674,4.189319641571674,0.6780035610247505,0.318658613058492,14.045423000425217
650,21.666666666666668,track,1,321.0,236.0,322.19716690630065,237.6219818770817,321.4002462952899,236.1925194741816,0.4441405687757475,4.056796475294189,4.056796475294189,0.6626626110390705,0.33912626472518703,14.052814000024227
651,21.7,track,1,321.0,237.0,321.97992036587186,237.45672460353126,321.02547744343656,236.50204642721837,0.4986049145065145,3.6451725863575946,3.6451725863575946,0.6473315720539706,0.35325127909904924,14.335628000480938
652,21.733333333333334,track,1,322.0,237.0,321.90088037115436,237.30776238940402,321.6507085915832,236.81157338025605,0.3968741349872848,3.59039039156169,3.59039039156169,0.6384586365005795,0.36717983527970216,14.21498699892254
653,21.766666666666666,track,1,321.0,237.0,321.71237640443985,237.17428105948372,321.2759397397299,237.12110033329282,0.30134370855525083,3.1489816624408475,3.1489816624408475,0.6234931367785285,0.3808500765078753,13.957185999970534
654,21.8,track,1,322.0,237.0,321.6606796506664,237.0554457893141,321.90117088787656,237.4306272863305,0.44182242262641025,3.196267649409036,3.196267649409036,0.6150864463217688,0.3942108890447514,14.456180999331991
655,21.833333333333332,track,1,323.0,238.0,321.7374347778612,237.07008781212775,322.5264020360228,237.74015423936726,0.5401988992974562,3.389632739614986,3.389632739614986,0.6134162743250645,0.40084844886550797,14.015329001267673
656,21.866666666666667,track,1,323.0,238.0,321.8146281129009,237.09006585008996,323.15163318416944,238.04968119240493,0.15956454311700805,3.706283202727101,3.706283202727101,0.6122512578856466,0.4069773432913162,14.195919000485446
657,21.9,track,1,323.0,238.0,321.89161746384514,237.11458791174582,322.7768643323161,238.3592081454417,0.4228711599818559,3.225395081237996,3.225395081237996,0.6115694957087344,0.4126025778678725,14.32824800031085
658,21.933333333333334,track,1,323.0,239.0,321.96783925653745,237.26259376029995,323.4020954804628,238.66873509847892,0.5209771687784047,3.6532889149651417,3.6532889149651417,0.6113419998286616,0.4113652043213524,14.485720999800833
659,21.966666666666665,track,1,324.0,239.0,322.1624716986436,237.40612483508772,324.027326628609,238.97826205151614,0.03491823356672832,4.154913742651591,4.154913742651591,0.6179070241990378,0.4095312571101199,14.073169999392121
660,22.0,track,1,324.0,240.0,322.347810962404,237.66428617804175,323.6525577767561,240.28778900455336,0.45115253477562334,3.6638778396233906,3.6638778396233906,0.624981275284928,0.40078253823422727,15.240411999911885
661,22.033333333333335,track,1,324.0,241.0,322.52355621276087,238.02900593814218,324.2777889249028,240.59731595759058,0.4892045837988772,4.319289807273092,4.319289807273092,0.6324970623748211,0.38505244073696465,14.572776000932208
662,22.066666666666666,track,1,325.0,241.0,322.8091721848406,238.37271014463718,324.903020073049,240.9068429106278,0.1344743452548571,4.986177885041532,4.986177885041532,0.6467562899047197,0.3686777287365493,14.124687999355956
663,22.1,track,1,325.0,241.0,323.07729594104575,238.6952952521382,324.5282512211961,241.21636986366502,0.5190017612738683,4.688775401690357,4.688775401690357,0.6614439662600283,0.35177986190387417,15.067432999785524
664,22.133333333333333,track,1,325.0,242.0,323.3279786157472,239.11647842630592,325.1534823693423,241.52589681670224,0.49832787009357726,5.374638743798903,5.374638743798903,0.676463594604178,0.32810928248706006,14.478217999567278
665,22.166666666666668,track,1,325.0,241.0,323.56139845255836,239.38958088186828,324.778713517489,240.83542376973946,0.27577716168831345,4.8511891075568006,4.8511891075568006,0.6917209491340021,0.31039927592633715,14.15943500069261
666,22.2,track,1,324.0,241.0,323.65820644239847,239.64226959344904,324.40394466563566,241.14495072277668,0.42916430994316257,4.550345127082963,4.550345127082963,0.7007565122496233,0.2738399786667537,16.841119999298826
667,22.233333333333334,track,1,325.0,240.0,323.86566805020493,239.75543052016968,325.02917581378233,240.4544776758139,0.45541320350102965,5.049669229142279,5.049669229142279,0.7161022551024356,0.2669627668911734,14.40462200116599
668,22.266666666666666,track,1,325.0,241.0,324.05694575863146,239.97654479849862,324.65440696192854,240.76400462885113,0.4184834084729691,4.716694524786913,4.716694524786913,0.7314665802792893,0.2599138332539739,14.210434001142858
669,22.3,track,1,324.0,240.0,324.1128951859695,240.0593735913591,324.27963811007567,240.07353158188835,0.2891441961058409,4.28026976331481,4.28026976331481,0.7404118746222572,0.25289006515085655,14.734911999767064
670,22.333333333333332,track,1,324.0,240.0,324.16129254982735,240.13184236616394,323.9048692582219,240.38305853492557,0.39469443777506846,3.923612845960418,3.923612845960418,0.7491206977265226,0.24593741730642155,14.305272999990848
671,22.366666666666667,track,1,324.0,240.0,324.2026730293173,240.1946390515532,323.53010040636855,239.6925854879628,0.561524095926508,3.543460534739234,3.543460534739234,0.7575676385470946,0.2390885530325108,14.17334799953096
672,22.4,track,1,323.0,239.0,324.1179465450444,240.1288282343281,323.1553315545152,239.002112441,0.15534591798657466,3.3093650145196074,3.3093650145196074,0.7593664034954171,0.23248075802752713,15.023592000943609
673,22.433333333333334,track,1,323.0,238.0,324.0348448850589,239.942685216693,322.7805627026619,238.31163939403723,0.38114543074651813,3.2530125236772953,3.2530125236772953,0.7607500610324296,0.22622750523023893,13.672913999471348
674,22.466666666666665,track,1,322.0,239.0,323.834196915376,239.88362834593602,322.4057938508081,238.62116634707445,0.5551428518341733,2.7729093557175757,2.7729093557175757,0.7553747331052829,0.22019319599766815,14.165371001581661
675,22.5,track,1,322.0,238.0,323.643586103028,239.70530234427787,322.03102499895476,237.93069330011167,0.0759339792817025,2.8994987091878355,2.8994987091878355,0.7495144546029373,0.2144862742866964,14.321065000331146
676,22.533333333333335,track,1,322.0,237.0,323.46326223003575,239.41571962221613,321.6562561471019,237.24022025314844,0.41936333462516673,3.2186283842570056,3.2186283842570056,0.7432330122683236,0.23974726979010366,14.483513999948627
677,22.566666666666666,track,1,321.0,237.0,323.17376431375754,239.14238297102668,321.2814872952481,236.5497472061861,0.5310015778915368,3.680550777954684,3.680550777954684,0.7302288241291646,0.2511979580663659,14.722261999850161
678,22.6,track,1,321.0,237.0,322.90234333462826,238.88542923610024,320.90671844339477,236.85927415922288,0.16883486329879704,3.2689902328574476,3.2689902328574476,0.7168120371145934,0.26313864088222483,14.121107999017113
679,22.633333333333333,track,1,321.0,236.0,322.6489027421229,238.5252546895093,320.53194959154143,236.16880111226055,0.4975590420830785,3.867952337523961,3.867952337523961,0.7030780412030457,0.28183683567942913,15.646136000214028
680,22.666666666666668,track,1,320.0,235.0,322.293622370886,238.06933427616818,320.1571807396881,235.47832806529732,0.5034913335698787,4.524403040181852,4.524403040181852,0.682752602897601,0.30732009981809727,13.855987001079484
681,22.7,track,1,321.0,236.0,322.08296933684363,237.7641722069311,320.7824118878343,235.787855018335,0.30389155927974143,4.284195806541777,4.284195806541777,0.6685362883579138,0.3268548811443481,14.871481000227504
682,22.733333333333334,track,1,320.0,236.0,321.76966861625357,237.48207607241872,320.40764303598144,236.09738197137176,0.41911346092963087,3.923850191095263,3.923850191095263,0.6479325248691904,0.3465364610094339,14.270613999542547
683,22.766666666666666,track,1,321.0,236.0,321.59996073183675,237.22243443387916,321.03287418412765,236.40690892440944,0.4082347177128649,3.738600347419595,3.738600347419595,0.6336305281334517,0.3662537375094034,14.117721000729944
684,22.8,track,1,321.0,237.0,321.44598153849154,237.10413341377983,320.6581053322743,236.7164358774462,0.44418529401473944,3.348864878625351,3.348864878625351,0.6194873291646292,0.37953833294801986,14.55665899993619
685,22.833333333333332,track,1,321.0,237.0,321.30702209625235,236.99918778399453,321.283336480421,237.02596283048388,0.28452351344675497,3.239112472212534,3.239112472212534,0.6055651570901002,0.39254331554956245,14.704241999424994
686,22.866666666666667,track,1,322.0,237.0,321.30193830140695,236.9067992408745,321.90856762856765,237.33548978352064,0.3477258595394806,3.277536435577677,3.277536435577677,0.5982841628811608,0.405219848868021,13.912551001340034
687,22.9,track,1,323.0,238.0,321.42237112474777,236.94576340189877,322.53379877671387,237.64501673655786,0.5859664648403672,3.4592025687966377,3.4592025687966377,0.5978125032749595,0.41116293067112675,14.389148000191199
688,22.933333333333334,track,1,323.0,238.0,321.54041214493196,236.98809407829248,323.159029924861,237.95454368959508,0.16539889103896546,3.7634241833657964,3.7634241833657964,0.5979118741584641,0.4165876926641462,13.856479999958538
689,22.966666666666665,track,1,323.0,238.0,321.65544882136123,237.03306644486503,322.7842610730072,238.2640706426323,0.3409935320797782,3.281091351430836,3.281091351430836,0.5985477823259665,0.42150483332064564,13.92085499901441
690,23.0,track,1,323.0,240.0,321.76696470954886,237.31920904613133,323.40949222115387,239.57359759566953,0.5911876940569198,3.436052417604765,3.436052417604765,0.5996784392479915,0.413197921660043,13.943914000265067
691,23.033333333333335,track,1,324.0,240.0,321.99412519803275,237.59154143245485,324.03472336930054,239.8831245487063,0.12192449914061347,4.036415803394762,4.036415803394762,0.607625557747111,0.4041773183564676,14.25221199860971
692,23.066666666666666,track,1,325.0,240.0,322.3289840834436,237.84964189073636,324.6599545174472,240.19265150174397,0.3908267280122606,4.663935109518658,4.663935109518658,0.6224658595780798,0.3945325961807944,14.213919001122122
693,23.1,track,1,324.0,241.0,322.52453927236263,238.21284060260425,324.2851856655939,240.50217845478073,0.5737221930034767,4.314510330159978,4.314510330159978,0.6315098251079587,0.3779905445283971,14.24416800000472
694,23.133333333333333,track,1,325.0,241.0,322.82753424570365,238.5538238789806,324.91041681374054,240.8117054078184,0.20851858599470008,4.977053239995272,4.977053239995272,0.6472578751314584,0.3608891259454765,13.610333999167779
695,23.166666666666668,track,1,326.0,241.0,323.2304267632346,238.87265244085393,325.5356479618872,241.12123236085517,0.47991676426024515,5.648058105665598,5.648058105665598,0.6697557910125859,0.34335181614924953,14.094641001065611
696,23.2,track,1,325.0,241.0,323.4866298949945,239.16954840063468,325.1608791100334,241.43075931389285,0.45982135069022606,5.355534091262093,5.355534091262093,0.6862884301538043,0.325499100030176,14.40371100034099
697,23.233333333333334,track,1,325.0,242.0,323.7237153426987,239.56446732851893,324.7861102581801,241.74028626692962,0.33645214340399676,5.092685705432889,5.092685705432889,0.7029677609990671,0.2783052961739435,14.443998001297587
698,23.266666666666666,track,1,325.0,241.0,323.9421643486828,239.81110722200492,325.41134140632676,241.0498132199673,0.4143466054432964,5.512233994728863,5.512233994728863,0.7196985514322058,0.27138609284623944,14.51296400045976
699,23.3,track,1,325.0,241.0,324.14254248841286,240.0373026537568,325.0365725544734,241.35934017300406,0.3611965000872752,5.21678721076657,5.21678721076657,0.7363944778290078,0.264278965912343,14.697153001179686
700,23.333333333333332,track,1,325.0,241.0,324.32548528156474,240.24377644238666,324.66180370261964,240.66886712604173,0.47331354911691415,4.7095431831609185,4.7095431831609185,0.7529781323606848,0.25707488557250846,14.138087000901578
701,23.366666666666667,track,1,324.0,240.0,324.37209194568334,240.31172207107755,324.28703485076676,239.9783940790785,0.28784687139790416,4.287089295490313,4.287089295490313,0.7630134132263524,0.24995662456518392,13.659729998835246
702,23.4,track,1,324.0,240.0,324.41029175360836,240.36916849429193,323.91226599891297,240.28792103211617,0.3009913216050944,3.92284638585114,3.92284638585114,0.7726834329321914,0.24295952814273303,14.75978800044686
703,23.433333333333334,track,1,324.0,240.0,324.4407992626558,240.4169339603891,323.53749714705964,239.59744798515294,0.6131533361528754,3.560327820596372,3.560327820596372,0.7819673590769446,0.23610809593067947,14.334236999275163
704,23.466666666666665,track,1,322.0,239.0,324.22511605465064,240.33621952633257,322.1627282952063,238.90697493819061,0.1874410845716352,2.4232411074074713,2.4232411074074713,0.7781184730683984,0.22953317327579179,14.214936998541816
705,23.5,track,1,322.0,238.0,324.0182855412074,240.13539127104679,321.787959443353,238.21650189122738,0.3030416911387161,2.52540382415775,2.52540382415775,0.7736184735202021,0.22334305477758135,14.573660999303684
706,23.533333333333335,track,1,321.0,239.0,323.701230727596,240.0619153466484,321.41319059149964,238.5260288442646,0.6287886142202113,2.0419839901044905,2.0419839901044905,0.7621629400144808,0.21739790213775756,14.371331000802456
707,23.566666666666666,track,1,321.0,238.0,323.40152693086935,239.8695484268201,321.0384217396463,237.83555579730182,0.1688731058472255,2.4006537476203893,2.4006537476203893,0.7500650933593368,0.2118025587809159,14.051329999347217
708,23.6,track,1,321.0,237.0,323.11938096790243,239.5663599288806,320.663652887793,237.14508275033904,0.36630367775377887,2.931038665368924,2.931038665368924,0.7374288241327357,0.20664390248852033,13.930850000178907
709,23.633333333333333,track,1,320.0,236.0,322.73524821899474,239.16029799566581,320.2888840359392,236.45460970337626,0.5386315703933161,3.5571401914479366,3.5571401914479366,0.7179917615786736,0.24589860218891912,14.133213999230065
710,23.666666666666668,track,1,320.0,236.0,322.3762295505446,238.77873649489266,319.9141151840863,235.76413665641348,0.2510133830144096,4.236733938677819,4.236733938677819,0.6980999118476883,0.2646249431425618,14.268470999013516
711,23.7,track,1,321.0,236.0,322.1616479805754,238.42165046445788,320.5393463322325,236.0736636094507,0.4665063011202874,3.963207276669282,3.963207276669282,0.6842499805506694,0.283876697595656,14.8760880001646
712,23.733333333333334,track,1,320.0,235.0,321.8442913676016,237.96923857967963,320.1645774803792,235.38319056248793,0.41703807287557887,4.619741889905596,4.619741889905596,0.6639556240927558,0.309885899248402,13.8888589990529
713,23.766666666666666,track,1,320.0,236.0,321.5508464052542,237.66791792860843,319.78980862852586,235.69271751552515,0.37229415508065405,4.312408006405012,4.312408006405012,0.6435459017155096,0.32991259550257246,14.021178998518735
714,23.8,track,1,320.0,236.0,321.28068764397995,237.38993400243058,320.41503977667253,236.00224446856237,0.4150458454912063,4.0192421307207375,4.0192421307207375,0.6231276337968545,0.3500478814646535,14.593696998417727
715,23.833333333333332,track,1,321.0,236.0,321.15268010789947,237.1346123917072,321.04027092481874,236.3117714215996,0.3143615223146505,3.832126517164167,3.832126517164167,0.6091670155970217,0.37017899569971313,13.65234600052645
716,23.866666666666667,track,1,321.0,236.0,321.0388189043727,236.9011867961263,320.6655020729654,235.6212983746368,0.505275948609432,4.428986445348362,4.428986445348362,0.595510503082279,0.39020495082956713,14.437137000641087
717,23.9,track,1,321.0,237.0,320.93827914117946,236.80840880246132,321.2907332211121,236.93082532767403,0.29884936196955414,3.3295383189459753,3.3295383189459753,0.5822071635316357,0.40366874232527006,14.324439000120037
718,23.933333333333334,track,1,322.0,237.0,320.9698260976581,236.72818512924846,321.91596436925875,237.24035228071125,0.25461972837386304,3.359549820860626,3.359549820860626,0.5756626842307919,0.4167350659051591,14.159340000333032
719,23.966666666666665,track,1,323.0,238.0,321.1250366827956,236.77921810942613,322.5411955174054,237.54987923374847,0.6427365381396574,3.529981080246514,3.529981080246514,0.5760304300413222,0.4229995814535577,14.357184001710266
720,24.0,track,1,323.0,238.0,321.2759606739369,236.83344262945596,323.1664266655521,237.8594061867857,0.21786338682973816,3.8220936280382567,3.8220936280382567,0.5770574206074841,0.42867986319486695,13.792662999549066
721,24.033333333333335,track,1,324.0,238.0,321.5415545475328,236.89006415229565,323.79165781369875,238.1689331398229,0.2682254132687894,4.2106382915920895,4.2106382915920895,0.585062275889191,0.43379036241882485,13.43273800011957
722,24.066666666666666,track,1,324.0,239.0,321.79410325416376,237.06795783241503,324.41688896184496,239.47846009285968,0.6346026055473304,4.44757371788347,4.44757371788347,0.593746232593788,0.43198661247865233,14.153281001199502
723,24.1,track,1,325.0,240.0,322.15283697871257,237.35887968339676,325.0421201099921,239.78798704589735,0.21615641645131983,5.0465755415225795,5.0465755415225795,0.609386812556487,0.4231730196818765,14.368956999533111
724,24.133333333333333,track,1,325.0,240.0,322.4903462708797,237.6351181643925,324.6673512581383,240.09751399893412,0.3466470329460466,4.668369816845412,4.668369816845412,0.6256486857183918,0.4136561862301042,13.951448001535027
725,24.166666666666668,track,1,325.0,241.0,322.8065997140262,238.0159190010183,325.29258240628496,241.4070409519718,0.5012851494405198,5.476421529415247,5.476421529415247,0.6424097183943793,0.3971665824652607,14.35846500135085
726,24.2,track,1,326.0,242.0,323.22132438814407,238.4934917014676,325.91781355443163,241.71656790500856,0.295107377587208,6.161746719682676,6.161746719682676,0.6659172308058847,0.37367993973072355,14.70343900109583
727,24.233333333333334,track,1,326.0,242.0,323.60760707007483,238.9406477662486,325.5430447025783,242.02609485804624,0.4576997765546842,5.901728979594264,5.901728979594264,0.6898128661315535,0.3495691900591391,14.341537998916465
728,24.266666666666666,track,1,325.0,242.0,323.84631526582893,239.35762027777307,325.1682758507245,242.335621811083,0.3754447522761402,5.671525765928321,5.671525765928321,0.7075898562791323,0.3249927577546307,13.926515999628464
729,24.3,track,1,326.0,242.0,324.18485241713614,239.74484425284075,325.79350699887164,241.64514876412068,0.4105590811565152,6.02256073460969,6.02256073460969,0.7317264381112137,0.28676332094051854,14.250811000238173
730,24.333333333333332,track,1,325.0,242.0,324.37713011504724,240.10292918067648,325.41873814701785,241.95467571715744,0.4211839578891069,5.760510417071684,5.760510417071684,0.7495197604631034,0.2795287127106202,14.371047000167891
731,24.366666666666667,track,1,325.0,241.0,324.55115514182063,240.31304062569083,325.0439692951645,241.26420267019512,0.2678364236908316,5.199984100157508,5.199984100157508,0.7671014822568516,0.27214733348930953,14.029542000571382
732,24.4,track,1,325.0,242.0,324.70778540473935,240.62284746162038,324.6692004433112,241.57372962323188,0.53956906955046,4.927276905843117,4.927276905843117,0.7844006691810645,0.23202615558426906,14.569602999472409
733,24.433333333333334,track,1,323.0,241.0,324.60872287365106,240.78649600838108,323.29443159145785,240.8832565762691,0.31673173038521774,3.41078021724035,3.41078021724035,0.7886230619888546,0.21373126844577486,14.472801000010804
734,24.466666666666665,track,1,323.0,240.0,324.50925910424826,240.81260603121967,322.91966273960406,240.19278352930633,0.2088529735956068,2.926020506114766,2.926020506114766,0.7922060748202645,0.20219205789285125,15.26894200105744
735,24.5,track,1,323.0,240.0,324.41019937361733,240.82940650240738,322.5448938877512,239.50231048234355,0.6744007928460223,2.5931023419638612,2.5931023419638612,0.7951721655696915,0.19122563210254234,14.56797699938761
736,24.533333333333335,track,1,322.0,239.0,324.19265669120034,240.71828997733712,322.17012503589785,238.81183743538077,0.25366844219045714,2.4741004327620204,2.4741004327620204,0.7911871464430541,0.18721550848576884,13.331792000826681
737,24.566666666666666,track,1,322.0,238.0,323.984436226766,240.48778668285323,321.79535618404407,238.121364388418,0.23792521132716865,2.5985718363534605,2.5985718363534605,0.7865342178093974,0.21579472979640787,14.072602998567163
738,24.6,track,1,320.0,237.0,323.54682267724013,240.14631567193086,320.42058733219073,237.4308913414552,0.6021304278479772,2.603308088453831,2.603308088453831,0.7685534665614349,0.20991532929742565,14.27803899969149
739,24.633333333333333,track,1,320.0,237.0,323.13453997378105,239.82172690369546,320.0458184803374,236.74041829449243,0.263594375840321,3.2599037145320837,3.2599037145320837,0.7498095545395973,0.2045935983852993,14.624237001044094
740,24.666666666666668,track,1,320.0,237.0,322.7476977444437,239.51447271941203,319.67104962848407,237.04994524752965,0.3327204151705546,2.968338152821098,2.968338152821098,0.7304431592701737,0.19975631241039576,13.94295600039186
741,24.7,track,1,319.0,236.0,322.2666059248635,239.10522649805847,319.2962807766303,236.35947220056687,0.465835337411227,3.7079190125710006,3.7079190125710006,0.7042281899649169,0.24224033442149662,15.106165999895893
742,24.733333333333334,track,1,320.0,236.0,321.93777102666763,238.7212807941057,319.9215119247774,235.6689991536041,0.34017927371748563,4.331711983665838,4.331711983665838,0.6839127301943413,0.2616512987545767,14.865260000078706
743,24.766666666666666,track,1,320.0,235.0,321.6335087379085,238.24294022797432,319.5467430729236,234.9785261066413,0.4537653248527311,5.041888723844031,5.041888723844031,0.6634150774667198,0.2879351081665691,14.938145999622066
744,24.8,track,1,319.0,235.0,321.23360404217044,237.79711485294266,319.1719742210703,235.28805305967853,0.3354842737042909,4.784147850869265,4.784147850869265,0.6364905360309566,0.3147057548543336,14.639036999142263
745,24.833333333333332,track,1,320.0,236.0,320.98411188318784,237.5029033705785,319.79720536921695,235.59758001271575,0.45063012376036937,4.407088313922727,4.407088313922727,0.615860946567451,0.33543067802671755,13.998102000186918
746,24.866666666666667,track,1,320.0,235.0,320.7569644289569,237.11284187291588,320.4224365173636,234.90710696575297,0.4325294521924774,5.110382771327818,5.110382771327818,0.5954138152141628,0.3625643154178443,14.186799999151845
747,24.9,track,1,321.0,235.0,320.6708117398431,236.75334230435013,321.04766766550983,235.2166339187902,0.22181627781917593,4.896753884383335,4.896753884383335,0.5816061067456472,0.38974949173231427,14.671335999082658
748,24.933333333333334,track,1,321.0,236.0,320.59746865649873,236.54307969962758,320.67289881365696,235.52616087182741,0.5757766107566215,4.524160624711393,4.524160624711393,0.5682714763734555,0.41048740144153145,13.927207000961062
749,24.966666666666665,track,1,321.0,237.0,320.53596165714987,236.47342101707176,321.29812996180317,236.83568782486464,0.34041146429354324,3.4202358017307817,3.4202358017307817,0.5554441060232805,0.4245339792966535,14.008868000018992
750,25.0,track,1,322.0,237.0,320.6049364133849,236.41610225814682,321.92336110994984,237.14521477790186,0.16419759800072062,3.4422545843643553,3.4422545843643553,0.5495137603178988,0.43805604100715656,13.828166000166675
751,25.033333333333335,track,1,324.0,237.0,320.91546971352983,236.37008406651424,323.54859225809696,237.45474173093862,0.6407487739411255,4.36701805245307,4.36701805245307,0.5569849943538829,0.45102208271578537,15.126999000131036
752,25.066666666666666,track,1,324.0,239.0,321.21235028406556,236.57355111390905,324.1738234062432,238.7642686839763,0.2928887671322441,4.352910946930231,4.352910946930231,0.5653454320284724,0.4506789802714684,14.110562999121612
753,25.1,track,1,325.0,239.0,321.6145434038384,236.77115932619031,324.79905455438984,239.07379563701306,0.21406743833107666,4.887614872105402,4.887614872105402,0.5808667738486786,0.44950523725784,14.431579000302008
754,25.133333333333333,track,1,324.0,239.0,321.8748202255072,236.96210483875655,324.4242857025365,239.38332259005074,0.5717994101257058,4.467056637833316,4.467056637833316,0.5908352680451873,0.447563186022667,14.381230001163203
755,25.166666666666668,track,1,325.0,241.0,322.2397432635781,237.38491641975114,325.0495168506832,240.6928495430875,0.3111162510752768,5.0968285153308726,5.0968285153308726,0.607725351939708,0.4321891143683913,14.302204001069185
756,25.2,track,1,326.0,241.0,322.70163289260233,237.7846870879577,325.6747479988294,241.00237649612518,0.32526068314402856,5.762596939766163,5.762596939766163,0.6315563712436832,0.4159450146754391,14.265973999499693
757,25.233333333333334,track,1,326.0,241.0,323.1333967522299,238.16112861854336,326.29997914697606,241.31190344916195,0.43274848378659997,6.435124545201606,6.435124545201606,0.6559545132397941,0.39896991041792973,13.960595000753528
758,25.266666666666666,track,1,326.0,242.0,323.5353503278975,238.63375776257826,325.9252102951227,241.62143040219962,0.38588656407598654,6.1430573487967335,6.1430573487967335,0.6807631505639534,0.3750369639657212,13.935270999354543
759,25.3,track,1,327.0,242.0,324.0275912273089,239.07549355191608,326.5504414432694,241.9309573552364,0.4548293995836919,6.829119958636157,6.829119958636157,0.7121990894023965,0.3505268984334605,14.754089999769349
760,25.333333333333332,track,1,326.0,242.0,324.36400191198516,239.48666734595685,326.17567259141606,242.24048430827406,0.29781464352997866,6.569528285348184,6.569528285348184,0.7375099239418689,0.3256021349748934,14.21295900036057
761,25.366666666666667,track,1,326.0,243.0,324.6726363535324,239.98739645126557,325.8009037395627,242.55001126131083,0.4920662413407139,6.336642772674256,6.336642772674256,0.7627767531981013,0.2933917527563513,14.507123998555471
762,25.4,track,1,325.0,243.0,324.8348736434446,240.45117912980302,325.42613488770894,242.85953821434805,0.4486874811617166,6.133506225555571,6.133506225555571,0.7815116324190902,0.2858082573079612,14.521597999191727
763,25.433333333333334,track,1,325.0,242.0,324.97896573880905,240.75930990186015,325.0513660358556,242.16906516738527,0.17669606804490284,5.49737596754667,5.49737596754667,0.7998511629468954,0.23832291415010642,13.776107000012416
764,25.466666666666665,track,1,324.0,241.0,324.9863927106074,240.92044384685548,323.6765971840023,241.4785921204225,0.5776156153756178,3.962776994985832,3.962776994985832,0.8113657611653372,0.21943479028429191,13.721875999181066
765,25.5,track,1,323.0,242.0,324.8658284377648,241.18250592327524,323.30182833214894,241.7881190734597,0.36877346585591564,3.7549221238065495,3.7549221238065495,0.8158831108410058,0.19460276564128243,14.657622999948217
766,25.533333333333335,track,1,323.0,241.0,324.7454768422875,241.29985855202875,322.9270594802956,241.09764602649648,0.1218813599583507,3.12610044635036,3.12610044635036,0.8196412270890405,0.1765073977465062,14.29318800001056
767,25.566666666666666,track,1,322.0,239.0,324.5066359325707,241.16170782556532,321.5522906284423,239.40717297953415,0.6051723032685229,1.6616407768660888,1.6616407768660888,0.8163097975666419,0.17172426452409773,14.693420000185142
768,25.6,track,1,321.0,239.0,324.15768091221946,241.02362023941214,321.17752177658895,238.71669993257092,0.3343245569332561,1.7416706340191517,1.7416706340191517,0.8058111840581385,0.1678070198722112,14.907875998687814
769,25.633333333333333,track,1,321.0,238.0,323.8264166352871,240.76704672296077,320.80275292473516,238.0262268856086,0.19898306015653677,2.1307727624655812,2.1307727624655812,0.7944719448330821,0.17108781212606397,14.389873000254738
770,25.666666666666668,track,1,319.0,237.0,323.27406381050275,240.40049708675446,319.4279840728823,237.33575383864536,0.543967836187031,2.7249605188276176,2.7249605188276176,0.7696758529832375,0.2025833105304082,13.699908000489813
771,25.7,track,1,319.0,237.0,322.75522679856897,240.05189364310215,319.0532152210285,236.64528079168304,0.3586886902289029,3.485762812404614,3.485762812404614,0.7440300528106211,0.19727288023211878,14.106963999438449
772,25.733333333333334,track,1,319.0,236.0,322.26984764219105,239.60215145079576,318.67844636917516,235.9548077447198,0.3247138393015403,4.255594480366429,4.255594480366429,0.7177155078675889,0.19265083348670486,14.162134000798687
773,25.766666666666666,track,1,318.0,235.0,321.698027691773,239.0591764589422,318.30367751732183,235.26433469775748,0.40260758433651866,5.03031170208201,5.03031170208201,0.6845436012090659,0.23792152737715622,13.909434999732184
774,25.8,track,1,319.0,236.0,321.2860303628376,238.66982474027964,318.9289086654685,235.57386165079424,0.4320276270208632,4.553892547394849,4.553892547394849,0.6572967269421506,0.2581739129544903,14.467023000179324
775,25.833333333333332,track,1,319.0,235.0,320.90589971836397,238.187116453895,318.5541398136147,234.88338860383192,0.4608573787190503,5.3169750665177276,5.3169750665177276,0.6299241637921381,0.28527362712142346,14.092581999648246
776,25.866666666666667,track,1,319.0,235.0,320.5567189494428,237.7378707348421,319.17937096176183,235.19291555686868,0.26342048896264586,4.876627201436953,4.876627201436953,0.6025762491020754,0.31282711057323737,13.755072999629192
777,25.9,track,1,320.0,235.0,320.3570381301648,237.32150614289276,319.80460210990805,234.50244250990636,0.5345500831546757,5.5010288757956065,5.5010288757956065,0.5630871350142969,0.34066430233873357,14.15516400084016
778,25.933333333333334,track,1,320.0,235.0,320.1785193167524,236.93726042524403,320.4298332580547,234.81196946294313,0.4691610731889711,5.205806131922757,5.205806131922757,0.5507397124474436,0.36862585557794725,15.26851699964027
779,25.966666666666665,track,1,321.0,235.0,320.1395837653468,236.58421794401792,321.0550644062014,235.1214964159808,0.13339215841454277,4.991288222545483,4.991288222545483,0.5385493953051189,0.3965649367882592,13.827709000906907
780,26.0,track,1,322.0,235.0,320.23144850692063,236.2613349914626,321.68029555434805,235.43102336901757,0.5366489329243788,4.868155770353431,4.868155770353431,0.5266912814422893,0.4243481618079147,14.929111999663291
781,26.033333333333335,track,1,322.0,236.0,320.32579218849514,236.08705593651325,322.3055267024947,235.7405503220548,0.40082502581945906,4.84338362458145,4.84338362458145,0.5151887943219136,0.4454885112370126,14.135856999928365
782,26.066666666666666,track,1,323.0,237.0,320.54119292104195,236.05254947795294,322.93075785064093,237.050077275092,0.08545296208151232,4.158291194952806,4.158291194952806,0.5324638383866699,0.45975602258564074,14.106295000601676
783,26.1,track,1,325.0,237.0,320.9887397693783,236.029383397926,324.55598899878805,237.35960422812923,0.5713676312897452,5.2658072115479895,5.2658072115479895,0.5474535849005915,0.4733328815076828,14.23120399886102
784,26.133333333333333,track,1,325.0,239.0,321.41330393306424,236.2555636161666,325.18122014693427,238.66913118116645,0.3772464935969397,5.3494162320706495,5.3494162320706495,0.5635031261972057,0.4734686487757027,14.037544999155216
785,26.166666666666668,track,1,326.0,239.0,321.9339943359077,236.47558974304818,325.80645129508093,238.97865813420367,0.19472179233849668,5.895592917508414,5.895592917508414,0.5868261673670708,0.4726476725905753,13.239421001344454
786,26.2,track,1,325.0,240.0,322.30377853977177,236.8081154239033,325.4316824432276,240.2881850872409,0.5190379333911832,5.439322090902046,5.439322090902046,0.6046567313796208,0.46457270835768705,14.326713000627933
787,26.233333333333334,track,1,326.0,241.0,322.7694604249057,237.24476849541102,326.05691359137427,240.5977120402781,0.4062939322957178,6.0863340309637755,6.0863340309637755,0.6294224894809136,0.44919984080087094,14.104765999945812
788,26.266666666666666,track,1,327.0,242.0,323.3236394757383,237.7773852454595,326.6821447395205,241.90723899331533,0.33111413587410565,6.949001287776807,6.949001287776807,0.6611011730908729,0.42652131290647133,14.419540000744746
789,26.3,track,1,326.0,242.0,323.7199406628304,238.27845475655488,326.3073758876676,242.21676594635255,0.37612153862490383,6.685584630325086,6.685584630325086,0.686914783231354,0.40293073862489875,14.216415998816956
790,26.333333333333332,track,1,327.0,243.0,324.2057997342322,238.86752771963987,326.9326070358138,242.52629289938977,0.4784769887782983,7.378563283358246,7.378563283358246,0.7192852448977418,0.37224218958103605,13.874315000066417
791,26.366666666666667,track,1,327.0,243.0,324.6548278611427,239.41761536016406,326.5578381839605,242.835819852427,0.4716589789460776,7.144726438599955,7.144726438599955,0.7518220103850892,0.3408773513259407,13.763376999122556
792,26.4,track,1,326.0,243.0,324.94841809063945,239.9291918153686,326.18306933210715,243.14534680546421,0.23375216409011268,6.937114161687692,6.937114161687692,0.7779934074905827,0.3053358963848298,13.949382000646438
793,26.433333333333334,track,1,326.0,242.0,325.2149034999659,240.28337484982723,325.8083004802538,242.45487375850144,0.4936181135697291,6.305771930469395,6.305771930469395,0.8038913264741903,0.2978512283119914,14.07445800032292
794,26.466666666666665,track,1,324.0,243.0,325.2163109118314,240.72786295274767,324.43353162840003,242.76440071153866,0.4934133131023887,5.224759706817039,5.224759706817039,0.8166748981833634,0.2519369798506791,14.043518998732907
795,26.5,track,1,324.0,242.0,325.2082893197467,241.0169000418698,324.05876277654716,242.07392766457542,0.09443708750859987,4.557930586809768,4.557930586809768,0.8287407527175471,0.22625831649269615,14.484078001260059
796,26.533333333333335,track,1,324.0,242.0,325.19202743988404,241.27885542953626,323.6839939246938,242.3834546176131,0.49688759634269375,4.387786133279765,4.387786133279765,0.840075904856274,0.20087674638753286,15.121902999453596
797,26.566666666666666,track,1,322.0,242.0,324.9294487983662,241.5149734316238,322.30922507284004,241.69298157064986,0.435752752869733,2.8633384423768606,2.8633384423768606,0.8379482079251603,0.17589888866832173,13.69812200027809
798,26.6,track,1,322.0,241.0,324.6759686022898,241.6069533883123,321.9344562209867,241.00250852368754,0.06559176517242679,2.1787942103329367,2.1787942103329367,0.8348581806365998,0.15778188318077457,13.963950999823282
799,26.633333333333333,track,1,321.0,239.0,324.3128357934586,241.44412623767272,320.55968736913337,239.3120354767243,0.5396678160083811,0.886873799620549,0.886873799620549,0.8245228194977754,0.15309200692907657,14.244968000639346
800,26.666666666666668,track,1,320.0,239.0,323.84831509631056,241.28216308878658,320.18491851728004,238.62156242976198,0.4212004897916248,1.390785746647105,1.390785746647105,0.8069106859765454,0.14937267679134303,14.323011999294977
801,26.7,track,1,320.0,238.0,323.41004765888806,241.00260087638375,319.8101496654267,237.93108938279875,0.2019698559207518,2.077603015858821,2.077603015858821,0.7883922999096609,0.15294540108694563,15.147955000429647
802,26.733333333333334,track,1,318.0,237.0,322.75904486941494,240.61401837821538,318.4353808135734,237.24061633583642,0.49744615175831713,3.1721020482618676,3.1721020482618676,0.7563924519382199,0.16387518430762454,13.999703000081354
803,26.766666666666666,track,1,318.0,237.0,322.149663201825,240.24439134826355,318.0606119617196,236.5501432888732,0.45392165673090507,3.957617628110611,3.957617628110611,0.7235559504996906,0.18859917430111933,15.137393998884363
804,26.8,track,1,318.0,236.0,321.5815647459489,239.7746742115382,317.68584310986625,235.85967024191086,0.34407410920303466,4.743169047996491,4.743169047996491,0.6900978678713378,0.18409901620153646,16.90658500046993
805,26.833333333333332,track,1,318.0,235.0,321.0541376832058,239.2127995912639,318.3110742580129,235.16919719494763,0.3541114016470468,5.117531231291946,5.117531231291946,0.6562275018114394,0.22152752952525911,16.528891999769257
806,26.866666666666667,track,1,318.0,234.0,320.5665337023336,238.56645308944107,317.9363054061596,234.47872414798485,0.4829428653042866,5.894346648331074,5.894346648331074,0.6221433969556377,0.25514117757556065,16.32693799911067
807,26.9,track,1,319.0,234.0,320.23729562483453,237.9626371963462,318.5615365543058,233.78825110102207,0.48691661445096895,6.376127466460496,6.376127466460496,0.5819900805960875,0.28951393568993133,16.317145000357414
808,26.933333333333334,track,1,319.0,234.0,319.93801161860125,237.40086285723862,319.1867677024529,234.0977780540593,0.2108144267719031,5.95798377548293,5.95798377548293,0.5693159662448689,0.32442652799114235,16.194638999877498
809,26.966666666666665,track,1,320.0,234.0,319.78697094732064,236.8803794109524,319.81199885059914,234.4073050070965,0.4485998227618172,5.595853975562962,5.595853975562962,0.5566883959669975,0.3596686274635983,14.557674001480336
810,27.0,track,1,320.0,235.0,319.6556156154883,236.51980447528322,320.4372299987458,234.71683196013373,0.5209167021750813,5.301229537500489,5.301229537500489,0.5441938499624598,0.3886754327953079,16.762212999310577
811,27.033333333333335,track,1,321.0,235.0,319.6621843870553,236.1907803242867,321.06246114689293,235.02635891317095,0.06779518548343852,5.085855812864839,5.085855812864839,0.5320077956510425,0.41750825095544497,15.942157000608859
812,27.066666666666666,track,1,322.0,235.0,319.79774625801605,235.8920388163497,321.68769229503914,235.33588586620817,0.4586451980521906,4.960067130167814,4.960067130167814,0.5202706800871723,0.4460330278210556,14.131869000266306
813,27.1,track,1,322.0,236.0,319.9338633038729,235.7418257898641,322.3129234431858,235.6454128192454,0.47291981355274426,4.930724527777926,4.930724527777926,0.5089800049071572,0.46776677019533947,14.480014999207924
814,27.133333333333333,track,1,324.0,237.0,320.30861853601436,235.73113573012617,323.9381545913325,236.95493977228261,0.0765197928329368,4.978097365024044,4.978097365024044,0.4983545640071282,0.48248661123504855,14.24233599936997
815,27.166666666666668,track,1,325.0,237.0,320.78625384954495,235.73138494110933,324.56338573947914,237.26446672531983,0.5104651420925529,5.3204916787984935,5.3204916787984935,0.5295718892834631,0.4963837564156094,14.090106998992269
816,27.2,track,1,325.0,239.0,321.2388497893361,235.98044903399835,325.18861688762536,238.57399367835706,0.4658945335343919,5.38100726963983,5.38100726963983,0.5467971957797375,0.4967179047482132,14.521551000143518
817,27.233333333333334,track,1,326.0,240.0,321.7855478176258,236.3423098244638,325.8138480357725,239.88352063139428,0.2195905214178241,5.815014739995619,5.815014739995619,0.5713186082857468,0.4896166760480858,14.145871999062365
818,27.266666666666666,track,1,326.0,240.0,322.29895243850757,236.68874337895377,326.4390791839187,240.1930475844315,0.47964351304436664,6.441972377046478,6.441972377046478,0.5967294713409712,0.48140444668436067,14.126536001640488
819,27.3,track,1,327.0,242.0,322.8987292557978,237.25814279409258,327.06431033206536,241.50257453746872,0.501565458923177,7.22234108225129,7.22234108225129,0.6292061433877261,0.459468648846054,13.90751500002807
820,27.333333333333332,track,1,328.0,242.0,323.57759596880663,237.7955494076332,327.68954148021203,241.81210149050594,0.3628916399960576,7.900174680840623,7.900174680840623,0.6686873957927676,0.43642411539192427,14.27083499947912
821,27.366666666666667,track,1,327.0,243.0,324.08935324992467,238.42029053501494,327.3147726283587,243.12162844354316,0.33745412405625347,7.953015952713994,7.953015952713994,0.7023554209296768,0.40609480932223835,14.193509001415805
822,27.4,track,1,327.0,243.0,324.5620689394168,239.0051858334358,326.9400037765049,243.43115539658038,0.4353096861247832,7.741865393649328,7.741865393649328,0.7362258075462733,0.3749150994175801,14.203907001501648
823,27.433333333333334,track,1,327.0,244.0,324.9968129946147,239.67014021753747,326.5652349246516,243.7406823496176,0.5062275323829873,7.556124274825385,7.556124274825385,0.7701144636146013,0.31948636327239555,14.14004399885016
824,27.466666666666665,track,1,326.0,243.0,325.2752236363338,240.16894437648565,326.19046607279824,243.05020930265437,0.19697283812806257,6.90113374660029,6.90113374660029,0.7974869265622049,0.31203414305188043,14.176765998854535
825,27.5,track,1,326.0,243.0,325.52585661275515,240.6296500580826,325.8156972209449,243.35973625569204,0.4042000594096424,6.7164098946921005,6.7164098946921005,0.8244368060939499,0.2712141431808004,14.506761999655282
826,27.533333333333335,track,1,325.0,243.0,325.6305327943165,241.05330587110458,325.4409283690916,242.6692632087288,0.5511847709889351,6.060418103980844,6.060418103980844,0.8444954213708078,0.23863750106160597,13.236488999609719
827,27.566666666666666,track,1,324.0,243.0,325.59829684647025,241.44111710662648,324.06615951723825,242.97879016176648,0.0694761754782886,5.040520215956282,5.040520215956282,0.857455411301955,0.2062115309400825,15.175828999417718
828,27.6,track,1,324.0,242.0,325.55774705557707,241.67482493937538,323.6913906653849,242.28831711480325,0.42233455944314463,4.343127935301049,4.343127935301049,0.8695238111421058,0.18045012180700598,14.451630000621662
829,27.633333333333333,track,1,322.0,242.0,325.2710006665361,241.8830587801439,322.3166218135311,241.59784406784092,0.5118386137978217,2.8142214362168954,2.8142214362168954,0.8679758877410502,0.15523949368253076,14.264158999139909
830,27.666666666666668,track,1,321.0,241.0,324.8740496391631,241.9476868128642,320.94185296167825,240.9073710208777,0.10936729784918474,1.3078261241276357,1.3078261241276357,0.8589541802576708,0.13702893223889265,14.406819000214455
831,27.7,track,1,321.0,239.0,324.4950750834697,241.75818457452604,320.56708410982446,239.21689797391537,0.4842116263113347,0.9668677111545632,0.9668677111545632,0.8487970896746602,0.13237483940456973,14.636447000157204
832,27.733333333333334,track,1,319.0,239.0,323.8956267914386,241.5703453268641,319.19231525797113,238.52642492695213,0.51113453049153,1.6804101101856865,1.6804101101856865,0.8249050305092868,0.12880961326379006,14.287875001173234
833,27.766666666666666,track,1,319.0,238.0,323.33059416962726,241.26580746537292,318.8175464061178,237.8359518799898,0.245359123733783,2.466029352502639,2.466029352502639,0.7999046973968265,0.132643212712361,13.935080000010203
834,27.8,track,1,318.0,236.0,322.6805704822784,240.73363935501,318.44277755426447,236.14547883302657,0.4660644305449583,4.157195589835622,4.157195589835622,0.7676307647948759,0.15029640762792845,14.52972500010219
835,27.833333333333332,track,1,317.0,235.0,321.95305542377736,240.10948113203153,317.0680087024107,235.4550057860638,0.46006026665548394,5.408654673193058,5.408654673193058,0.7281597474461263,0.1812648283126054,14.170061998811434
836,27.866666666666667,track,1,318.0,235.0,321.39442754592324,239.52106547763395,317.6932398505578,234.764532739101,0.3867125809190472,5.7211240003166965,5.7211240003166965,0.6943272051597295,0.17730034149767074,14.07217199994193
837,27.9,track,1,317.0,234.0,320.75717037959527,238.84900500102862,317.318470998704,234.07405969213823,0.32696882881269107,6.504411296737948,6.504411296737948,0.6537691040241068,0.23439205924231232,14.104526000664919
838,27.933333333333334,track,1,317.0,233.0,320.1675184785844,238.10080617808845,316.9437021468507,233.38358664517546,0.3876959667396385,7.288201578514806,7.288201578514806,0.6041731027043035,0.27534259525927096,13.886832999560283
839,27.966666666666665,track,1,318.0,234.0,319.7438609380093,237.5228432294895,317.56893329499735,233.69311359821268,0.5291481529437781,6.759208637793503,6.759208637793503,0.5912004628779516,0.31070573663096185,13.321383001311915
840,28.0,track,1,318.0,234.0,319.35759250279466,236.9871784881156,318.194164443144,234.0026405512499,0.19418239748321678,6.263334767990411,6.263334767990411,0.5444375085626354,0.3464645955086452,13.554164999732166
841,28.033333333333335,track,1,319.0,233.0,319.1267755371763,236.3732389231705,318.8193955912907,233.31216750428666,0.3606473390693526,6.791239228637374,6.791239228637374,0.5169663094993882,0.38877185312986784,13.801503999275155
842,28.066666666666666,track,1,319.0,234.0,318.92259740082244,235.92663204634522,319.44462673943735,233.62169445732434,0.5837876506417545,6.40243868024326,6.40243868024326,0.49015952889714937,0.42482102441781017,13.737065999521292
843,28.1,track,1,321.0,235.0,318.9826126082036,235.638360162385,321.069857887584,234.9312214103611,0.09803376382867991,5.180454834317873,5.180454834317873,0.476834677174,0.45428029271869225,14.48522800092178
844,28.133333333333333,track,1,322.0,235.0,319.17040319139153,235.3797032294937,321.69508903573023,235.24074836339878,0.3884977099174578,5.052108765609095,5.052108765609095,0.47093593004716355,0.4832344247443272,14.420146999327699
845,28.166666666666668,track,1,323.0,237.0,319.4768720843668,235.38827462710347,323.3203201838769,236.55027531643555,0.5521388513825857,4.788019059679506,4.788019059679506,0.4725720451468156,0.498841669242886,13.922269999966375
846,28.2,track,1,324.0,237.0,319.89310657845874,235.40809222101262,323.94555133202357,236.85980226947322,0.15039967117406527,5.04263989398792,5.04263989398792,0.4873933262453641,0.5135021608049798,13.791311001114082
847,28.233333333333334,track,1,326.0,238.0,320.53001701742926,235.5572530437369,325.57078248017024,238.16932922251,0.46141095015685246,5.863870133020304,5.863870133020304,0.5053960173596873,0.5208420547901133,14.384375001100125
848,28.266666666666666,track,1,326.0,239.0,321.1324045845878,235.82676664254268,326.19601362831645,239.47885617554766,0.5174210851385097,6.2178915854208965,6.2178915854208965,0.5299639613176657,0.520748632315125,13.977640001030522
849,28.3,track,1,327.0,241.0,321.8194044250149,236.32739430665967,326.8212447764636,240.78838312858443,0.2770110651386923,6.866653352097232,6.866653352097232,0.5620294454617525,0.5067856627091497,14.395123998838244
850,28.333333333333332,track,1,327.0,241.0,322.4636877342171,236.80372651748445,327.4464759246098,241.0979100816221,0.45708547924803944,7.526978825738825,7.526978825738825,0.5951357923581541,0.49153660397559396,14.19822500065493
851,28.366666666666667,track,1,328.0,242.0,323.1850505769164,237.37463504762374,328.07170707275645,242.40743703465887,0.4136989744910084,8.423075931287432,8.423075931287432,0.6354107165287978,0.46880064284460354,13.501434001227608
852,28.4,track,1,328.0,244.0,323.8568033793743,238.15166912137232,327.6969382209031,243.71696398769654,0.41467556741386047,8.547436999605923,8.547436999605923,0.6763794338403905,0.4322579901880885,14.083560001381557
853,28.433333333333334,track,1,328.0,244.0,324.4797645913011,238.88030318012844,328.3221693690498,244.0264909407333,0.32325666628064254,9.24505988639111,9.24505988639111,0.7177919819300609,0.3945969495572972,14.301062001322862
854,28.466666666666665,track,1,328.0,244.0,325.05502626863046,239.56077788351422,327.947400517196,244.336017893771,0.3401098800763333,9.053299186254117,9.053299186254117,0.7594126668925412,0.33311158837872745,14.254210000217427
855,28.5,track,1,328.0,245.0,325.5839130375212,240.31326466705065,327.5726316653436,244.64554484680775,0.5552316175178993,8.884021457800872,8.884021457800872,0.8010232690313811,0.32540823708371674,14.511027999105863
856,28.533333333333335,track,1,327.0,244.0,325.94835131146726,240.8918501346728,327.19786281348934,243.95507179984497,0.20289957153992796,8.212905820946785,8.212905820946785,0.8360573888474618,0.27049749995749095,14.320889000373427
857,28.566666666666666,track,1,326.0,244.0,326.15761946796465,241.42490557452052,325.823093961636,244.2645987528822,0.3182895638195752,7.217702252734319,7.217702252734319,0.8642119810902409,0.23078875225325252,14.678472000014153
858,28.6,track,1,325.0,244.0,326.2210676831081,241.91381750292635,325.4483251097827,243.5741257059194,0.6183561420575384,6.516028012800614,6.516028012800614,0.885235456797413,0.19118101049785424,14.622286998928757
859,28.633333333333333,track,1,324.0,243.0,326.1480381550841,242.24054983263412,324.07355625792934,242.88365265895663,0.13764892607074258,4.990923085364366,4.990923085364366,0.8989286651644129,0.1582288729438735,14.400774000023375
860,28.666666666666668,track,1,323.0,242.0,325.94779492910806,242.41439668093713,322.698787406076,242.19317961199386,0.3578370987314149,3.4775695929283694,3.4775695929283694,0.9051439027166768,0.1322226852171119,13.57337599984021
861,28.7,track,1,321.0,242.0,325.5098698260638,242.56429757048446,321.3240185542227,241.50270656503108,0.5935392016907933,2.0027860975434693,2.0027860975434693,0.8974152086911995,0.10703371791438873,14.74989199959964
862,28.733333333333334,track,1,321.0,240.0,325.0899804264629,242.4527891920571,320.94924970236934,239.8122335180683,0.19450409879128233,0.9676421080054832,0.9676421080054832,0.8883008734038143,0.09545926538389968,14.459802998317173
863,28.766666666666666,track,1,320.0,239.0,324.5695738377668,242.21634861407838,319.5744808505151,239.12176047110552,0.442597061560726,0.9758950848790839,0.9758950848790839,0.8715789226724006,0.09142301514045166,14.23313200029952
864,28.8,track,1,318.0,237.0,323.83742681226084,241.74451040405688,318.1997119986627,237.43128742414274,0.4752827838597983,3.136769227266548,3.136769227266548,0.8409119554200197,0.10138103907500251,14.738021998709883
865,28.833333333333332,track,1,318.0,237.0,323.1483946510419,241.292977168981,317.82494314680844,236.74081437717996,0.3127652297266198,3.918311273828618,3.918311273828618,0.8089738254151805,0.11276439075823189,14.87504299984721
866,28.866666666666667,track,1,316.0,235.0,322.2633814743984,240.62357267207616,316.450174294956,235.05034133021718,0.4529802924710735,6.0910084126971356,6.0910084126971356,0.7632779662123652,0.1381516652118635,14.107291999607696
867,28.9,track,1,316.0,234.0,321.4365217534733,239.87181482776742,316.0754054431018,234.3598682832544,0.3676835081178427,6.871210098539766,6.871210098539766,0.7165557039519495,0.16455648323977107,13.230513000962674
868,28.933333333333334,track,1,316.0,234.0,320.66715625220115,239.1652553403579,315.70063659124935,233.66939523629117,0.4460021976243875,7.652521309659778,7.652521309659778,0.6691043855679846,0.20515993801816035,14.173028999721282
869,28.966666666666665,track,1,316.0,233.0,319.9542668278294,238.3842754917035,316.3258677393951,232.97892218932884,0.3265487064454044,7.924315837466129,7.924315837466129,0.6236012914293337,0.24686332865507132,13.610470999992685
870,29.0,track,1,317.0,232.0,319.416119989262,237.5361078626853,316.9510988875418,232.2884491423656,0.2925649099449664,8.292394987181371,8.292394987181371,0.5796710920140188,0.29579995470397197,14.230689999749302
871,29.033333333333335,track,1,317.0,233.0,318.923935948845,236.8668173875055,316.57633003568844,232.59797609540328,0.5840543284035712,8.15545669528999,8.15545669528999,0.53817143884206,0.339085145433872,14.025612001205445
872,29.066666666666666,track,1,318.0,233.0,318.5955581331343,236.24812830849157,318.2015611838351,232.90750304844005,0.2217714969893454,7.316959422012382,7.316959422012382,0.5034301783397209,0.38267174804086035,13.368948000788805
873,29.1,track,1,319.0,233.0,318.4215104202609,235.67869960288175,318.8267923319818,233.21703000147772,0.27767412159171656,6.883683478570905,6.883683478570905,0.4757419719287725,0.4263176861942818,16.111391998492763
874,29.133333333333333,track,1,319.0,234.0,318.2726820504654,235.27656845228665,319.45202348012845,233.5265569545145,0.6545789057906055,6.4965947333564875,6.4965947333564875,0.4489795857434266,0.46343560128672123,14.499802999125677
875,29.166666666666668,track,1,321.0,235.0,318.3863758793659,235.03240273604933,321.0772546282751,234.83608390755217,0.18120916906518023,5.2750835959235625,5.2750835959235625,0.4359397823221719,0.49370399402289933,14.278553999247379
876,29.2,track,1,323.0,235.0,318.74555798424393,234.81719079559576,322.7024857764209,235.14561086058893,0.33123592189456236,5.555944860110587,5.555944860110587,0.43691168219470355,0.5232224433511053,14.903196999512147
877,29.233333333333334,track,1,323.0,236.0,319.09417672435217,234.748701419122,323.32771692456845,236.4551378136266,0.5608465137998188,4.862072382270677,4.862072382270677,0.4393701411784095,0.5455341562671512,13.87960300053237
878,29.266666666666666,track,1,325.0,238.0,319.6700268744732,234.93711572711533,324.9529480727142,237.76466476666337,0.23999282470714078,5.4340057247301,5.4340057247301,0.4731860833314395,0.5540800983079652,14.957065000999137
879,29.3,track,1,326.0,239.0,320.3371834124992,235.2459099443369,325.5781792208618,239.0741917197006,0.4282956700515459,5.654485333956145,5.654485333956145,0.46388874726039764,0.5549613792977476,16.26242599922989
880,29.333333333333332,track,1,327.0,240.0,321.08726093118486,235.6659501584937,327.20341036900754,240.3837186727378,0.43429920334655714,7.213623289591234,7.213623289591234,0.5125421613656881,0.5481149227714278,14.454498999839416
881,29.366666666666667,track,1,328.0,242.0,321.9122455186818,236.30794069274052,327.8286415171551,241.69324562577503,0.3513715636602502,8.009663460678675,8.009663460678675,0.5523936756840031,0.5271567747643375,14.134258999547455
882,29.4,track,1,328.0,243.0,322.6849184624831,237.03608452937678,328.4538726653009,243.00277257881226,0.45388113366892985,8.971321318578896,8.971321318578896,0.5934133015643046,0.49835538211087205,13.987623999128118
883,29.433333333333334,track,1,329.0,243.0,323.52524580786894,237.72255530768118,329.07910381344846,243.31229953184948,0.3221620879239049,9.664442779801872,9.664442779801872,0.6416796665209206,0.4681715745923116,14.048861999981455
884,29.466666666666665,track,1,330.0,245.0,324.4263522775675,238.6062959793631,329.7043349615942,244.6218264848867,0.48003439717237684,10.748739326228907,10.748739326228907,0.697039571096639,0.42412184795152275,14.164203999825986
885,29.5,track,1,329.0,245.0,325.1425363039236,239.43302762118333,329.3295661097409,244.93135343792392,0.33663952705320266,10.552679779361716,10.552679779361716,0.7465901549186298,0.3789408534228106,14.938127000277746
886,29.533333333333335,track,1,329.0,245.0,325.8024395824279,240.20327357918123,328.95479725788755,245.24088039096114,0.24508498657419922,10.375703407587908,10.375703407587908,0.7962694992716275,0.34355817147745665,13.983564000227489
887,29.566666666666666,track,1,329.0,246.0,326.40776855126654,241.0375175625965,328.5800284060342,245.55040734399836,0.6152314166789365,10.218801746421397,10.218801746421397,0.8458238068822361,0.28073087116793094,14.34179299940297
888,29.6,track,1,327.0,245.0,326.7212553183795,241.6901821203797,327.2052595541809,244.85993429703558,0.24849524287087,8.691071660883807,8.691071660883807,0.8822892932332338,0.23380097978109698,16.49795700177492
889,29.633333333333333,track,1,327.0,245.0,326.9993735913775,242.2899927682626,326.83049070232664,245.1694612500728,0.2396883753417153,8.566150410223658,8.566150410223658,0.9179486463110713,0.18687874071372007,13.923096001235535
890,29.666666666666668,track,1,325.0,244.0,327.00504989985,242.7191107655067,325.4557218504742,244.47898820311002,0.6611445407157297,7.058770164365785,7.058770164365785,0.9399502143910813,0.1465657570613612,13.924611999755143
891,29.7,track,1,324.0,243.0,326.8751885292778,242.98706879093493,324.08095299862,242.78851515614724,0.22644917126143757,4.942670751021987,4.942670751021987,0.9543227942825807,0.11319472370321079,14.590298000257462
892,29.733333333333334,track,1,323.0,242.0,326.6193738033523,243.10348651459506,322.70618414676755,242.09804210918446,0.30974184538748983,3.424209883772784,3.424209883772784,0.9609364818607639,0.08704217278975535,14.313994999611168
893,29.766666666666666,track,1,320.0,240.0,326.0078170386996,242.95839406868987,320.3314152949133,240.40756906222168,0.5253081364139909,0.5253081364139909,0.5253081364139909,0.9469791070658362,0.07469556870779637,14.302008999948157
894,29.8,track,1,319.0,240.0,325.3040632088816,242.80812917323024,318.9566464430609,239.7170960152589,0.2862065608641132,1.0810278948111758,1.0810278948111758,0.9249079349464081,0.06370920980088612,14.874625001539243
895,29.833333333333332,track,1,318.0,238.0,324.5168828824451,242.4152687282132,317.58187759120665,238.02662296829612,0.4189691291444406,3.121142882529565,3.121142882529565,0.8947995047890787,0.066775287647012,14.405128998987493
896,29.866666666666667,track,1,317.0,237.0,323.65463291886147,241.9161819595888,317.2071087393542,237.33614992133334,0.39483008944267445,3.859577546235325,3.859577546235325,0.8567717451472288,0.07771306090007257,14.26916499985964
897,29.9,track,1,316.0,236.0,322.725242318147,241.31975895149037,315.8323398875,235.6456768743701,0.3919882532419212,6.0273975060318445,6.0273975060318445,0.8109762275802315,0.09651049077118873,14.126306999969529
898,29.933333333333334,track,1,315.0,234.0,321.7362030203833,240.51497480729682,315.45757103564665,233.9552038274078,0.45975857767056477,7.561297617762556,7.561297617762556,0.757591753507094,0.12948183777200858,13.986953001221991
899,29.966666666666665,track,1,315.0,233.0,320.8141580169875,239.63724084489476,315.0828021837933,233.26473078044455,0.277378059254376,8.339225732860264,8.339225732860264,0.7031863820095628,0.15132711103957566,13.810549000481842
900,30.0,track,1,315.0,233.0,319.9581154874731,238.81394332411358,314.70803333194,232.57425773348223,0.5162373608697419,9.118473524916695,9.118473524916695,0.6502921014616065,0.21114498129779646,15.075414999955683
901,30.033333333333335,track,1,314.0,232.0,319.0471068159006,237.92524753184728,314.33326448008665,231.883784686519,0.3529464729600183,9.898729336002232,9.898729336002232,0.5864437415550741,0.2606444383557788,13.526433000151883
902,30.066666666666666,track,1,315.0,231.0,318.3262137715061,236.97812719353732,314.9584956282333,231.19331163955667,0.1977169766707804,10.147636483857243,10.147636483857243,0.530828964976243,0.31737751888513355,13.356945000850828
903,30.1,track,1,317.0,232.0,317.9053952118016,236.21835262413728,316.58372677638,231.50283859259343,0.6484233661100376,9.158202592318133,9.158202592318133,0.48819981558125575,0.3684195300784513,13.242246001027524
904,30.133333333333333,track,1,317.0,232.0,317.52801010417915,235.51732420317143,317.20895792452575,231.8123655456311,0.2808382144374576,8.650275939265532,8.650275939265532,0.4463199077469956,0.41968797528912616,14.008791999003734
905,30.166666666666668,track,1,319.0,232.0,317.43092320035504,234.87335376465182,318.8341890726733,232.12189249866788,0.20579369488016355,7.963899354011184,7.963899354011184,0.4180826357773742,0.47090984561448945,13.455972000883776
906,30.2,track,1,319.0,233.0,317.3573937582082,234.40411349377467,319.4594202208191,233.43141945170555,0.6302298648964312,6.590787275970261,6.590787275970261,0.3911291318245677,0.5154709874878391,14.301565999630839
907,30.233333333333334,track,1,321.0,235.0,317.544350075317,234.2194862181592,321.08465136896666,234.74094640474232,0.27253370339072036,5.369740525387983,5.369740525387983,0.3782332229519269,0.5466595491055168,14.633876000516466
908,30.266666666666666,track,1,323.0,236.0,317.9744439703405,234.182474571631,322.7098825171124,236.05047335777954,0.29447531937764676,4.789804166577249,4.789804166577249,0.3796568644984825,0.5704316980553574,14.070487000935827
909,30.3,track,1,324.0,237.0,318.5109579084048,234.28332032309834,324.33511366526,237.36000031081676,0.49183472064520967,5.075707719088204,5.075707719088204,0.38921295372703946,0.5865893571608548,14.5866950006166
910,30.333333333333332,track,1,326.0,239.0,319.26428656056373,234.63197552844142,325.96034481340575,238.66952726385398,0.3328434514297404,6.107034304498441,6.107034304498441,0.41324540206799143,0.5886246918172684,14.11993299916503
911,30.366666666666667,track,1,328.0,240.0,320.2179922741979,235.09178398351148,327.5855759615524,239.9790542168912,0.4149530208026451,7.585604879923024,7.585604879923024,0.4404121388511319,0.582693945561602,14.376250999703188
912,30.4,track,1,329.0,241.0,321.2364847182926,235.65356543414208,329.2108071096991,241.28858116992842,0.3573775722354999,9.300505848800773,9.300505848800773,0.49775484887650906,0.5687901276844745,14.5136459996138
913,30.433333333333334,track,1,330.0,243.0,322.311875064071,236.42805400608924,329.83603825784576,242.59810812296564,0.4340513030926812,10.17338755913808,10.17338755913808,0.5524082604297653,0.5405843148137599,14.182604998495663
914,30.466666666666665,track,1,330.0,244.0,323.31719184035296,237.27954929548164,330.4612694059924,243.90763507600286,0.4704261303218624,11.167263293751114,11.167263293751114,0.608424998399662,0.5043976078084419,15.609464999215561
915,30.5,track,1,331.0,245.0,324.37275400030944,238.1999725246873,331.0865005541391,245.21716202904008,0.23375562607812403,12.252725173372006,12.252725173372006,0.6717958158457777,0.46037285591034205,14.78872600091563
916,30.533333333333335,track,1,331.0,246.0,325.3525366334282,239.18168628026973,330.71173170228576,245.52668898207685,0.5541858272768398,12.053442959020606,12.053442959020606,0.7359182252457197,0.4086830522334153,14.181151000229875
917,30.566666666666666,track,1,330.0,246.0,326.13854972781564,240.09790699455635,330.3369628504315,245.83621593511452,0.37465875471066196,11.870729438938705,11.870729438938705,0.79405766127001,0.36101194567710865,13.917530999606242
918,30.6,track,1,330.0,246.0,326.859961367529,240.9494912935323,329.9621939985791,246.1457428881513,0.15056654073902584,11.705360520402074,11.705360520402074,0.8521157382116223,0.30268871553847976,14.463940000496223
919,30.633333333333333,track,1,329.0,246.0,327.39941189500485,241.7376854823338,328.58742514672485,246.45526984118897,0.614401039917116,10.74310845952726,10.74310845952726,0.9034434713031108,0.2487068383021481,14.676712000436964
920,30.666666666666668,track,1,328.0,246.0,327.76694157255497,242.46406945333896,328.21265629487243,245.76479679422573,0.31708555273831635,10.03397256805215,10.03397256805215,0.9476670346633654,0.19458460876908729,13.933554999312037
921,30.7,track,1,327.0,245.0,327.97269888098117,243.0109118788281,326.8378874430182,245.0743237472634,0.1783381634380467,8.515014161786649,8.515014161786649,0.9844745608176717,0.14696704737435798,14.433266000196454
922,30.733333333333334,track,1,324.0,244.0,327.7876645418695,243.38790737808606,324.46311859116577,244.38385070030017,0.6015149122044251,6.256003078750187,6.256003078750187,1.0008811904877915,0.10622911254337428,14.16551799957233
923,30.766666666666666,track,1,323.0,243.0,327.4763277773513,243.60488433499688,323.0883497393115,242.69337765333785,0.31909706972803664,4.097827143231551,4.097827143231551,1.0091835257475337,0.07268739088757725,14.677889999802574
924,30.8,track,1,322.0,242.0,327.0485501488286,243.6717140698897,321.7135808874591,242.0029046063746,0.28643384012177575,2.635903321463397,2.635903321463397,1.0093110449742553,0.04659912016227449,15.622755001459154
925,30.833333333333332,track,1,319.0,240.0,326.2747146292477,243.4786376631044,319.33881203560486,240.3124315594123,0.46087642029887343,0.7312885911716271,0.7312885911716271,0.9885141342703132,0.034530750761801315,15.285797999240458
926,30.866666666666667,track,1,318.0,239.0,325.41844358693425,243.162573458452,317.9640431837515,238.62195851244905,0.3797476253309001,2.4584788994498683,2.4584788994498683,0.9593129114087258,0.030382289551556696,13.543270999434753
927,30.9,track,1,317.0,237.0,324.48850140739,242.6134297212437,316.5892743318982,236.93148546548673,0.4164010277091587,4.587900503669155,4.587900503669155,0.9218451338399709,0.04058087536525193,14.397377999557648
928,30.933333333333334,track,1,315.0,236.0,323.3735723478462,241.96762753146908,315.21450548004486,236.2410124185235,0.32264467584608025,6.085305698008541,6.085305698008541,0.8699196297789253,0.05889317470542743,14.2102440004237
929,30.966666666666665,track,1,314.0,235.0,322.20863369742307,241.2340297785461,313.83973662819153,234.55053937156117,0.4771783784498686,8.22468637401755,8.22468637401755,0.8099859493961492,0.08525398734844572,14.594801999919582
930,31.0,track,1,313.0,233.0,321.0009220490007,240.30151498310627,313.4649677763373,232.86006632459794,0.48556818938597407,9.679116646339706,9.679116646339706,0.7423047513229974,0.14169117269968287,14.414115999898058
931,31.033333333333335,track,1,313.0,232.0,319.87672709714525,239.3053375259281,313.09019892448487,232.16959327763516,0.19208780751849536,10.44320929316494,10.44320929316494,0.6799685877207551,0.17559578308098464,13.43877799990878
932,31.066666666666666,track,1,313.0,231.0,318.8346201788646,238.25308190443124,312.7154300726306,231.47912023067238,0.5572577850533497,11.210278813217403,11.210278813217403,0.6044937243793762,0.231949489130793,13.105904999974882
933,31.1,track,1,313.0,231.0,317.87271849130764,237.27144541302752,313.3406612207782,230.7886471837096,0.4008990899166254,11.366433639564715,11.366433639564715,0.534743539437269,0.2894342161387956,14.371772998856613
934,31.133333333333333,track,1,314.0,231.0,317.1083466226238,236.35945644137945,313.96589236892396,231.09817413674682,0.10393022478375874,10.754206553860369,10.754206553860369,0.4714263764057872,0.34769062756353075,13.960072001282242
935,31.166666666666668,track,1,316.0,231.0,316.65090778266864,235.5157292980107,315.59112351707154,231.40770108978404,0.577408137198502,9.657421622991201,9.657421622991201,0.42136614064888644,0.4063764218844338,14.014360998771735
936,31.2,track,1,317.0,232.0,316.36281240721513,234.85811716554602,317.2163546652173,231.71722804282126,0.3560467959805034,8.738019949879035,8.738019949879035,0.3787106228857692,0.4588046982299982,13.99155700164556
937,31.233333333333334,track,1,318.0,232.0,316.2336154594795,234.2573897741292,317.8415858133649,232.02675499585848,0.1606576619108357,8.260229276305559,8.260229276305559,0.3437528804266603,0.5109255196991542,13.609359999463777
938,31.266666666666666,track,1,320.0,233.0,316.372504125578,233.8309107856342,319.53318303848937,233.3362819488957,0.5753291446703442,6.68004912707738,6.68004912707738,0.29558612293452224,0.556137442246334,12.933178999446682
939,31.3,track,1,316.0,235.0,316.0440300080949,233.68829506958818,315.9079518903427,234.64580890193292,0.3659565390062642,6.738858957299121,6.738858957299121,0.2281967587279632,0.5877447375035434,14.59364099900995
940,31.333333333333332,track,1,312.0,236.0,315.2761322889887,233.69231505580782,312.28272074219603,235.95533585497014,0.28622701465641603,8.712962021552798,8.712962021552798,0.1424881085468949,0.6117216750420544,14.511268998830928
941,31.366666666666667,track,1,309.0,237.0,314.2163473682061,233.83301730087192,308.65748959404937,237.2648628080069,0.43297307681860936,11.667626912449775,11.667626912449775,0.04573219824173391,0.6278892505636933,14.07144699987839
942,31.4,track,1,305.0,240.0,312.7652176811185,234.33978382532572,305.0322584459027,239.57438976104459,0.42683097689336263,14.973791480642262,14.973791480642262,-0.06790225626629603,0.6233915493225144,15.232877000016742
943,31.433333333333334,track,1,301.0,241.0,310.95013881490087,234.94863303579686,301.40702729775603,240.88391671408135,0.4232570736423045,18.613971705786536,18.613971705786536,-0.20289408636039205,0.6106472848423234,14.75164300063625
944,31.466666666666665,track,1,299.0,242.0,309.0371868251547,235.65033469390198,298.78179614960936,242.19344366711903,0.2916048227889182,21.331276796234132,21.331276796234132,-0.35036076747688194,0.5896994145696488,14.517700999931549
945,31.5,track,1,297.0,245.0,307.0374038791569,236.67524124428408,297.1565650014636,244.5029706201558,0.5211053675712962,23.283025296089505,23.283025296089505,-0.5100583116054125,0.5479021532190919,14.768183998967288
946,31.533333333333335,track,1,297.0,245.0,305.2003584563178,237.64095889874832,296.531333853316,244.81249757319347,0.5047822472174922,23.957011992243594,23.957011992243594,-0.6689622146401338,0.5042367433719787,13.537355000153184
947,31.566666666666666,track,1,297.0,246.0,303.5205751119885,238.66680637878693,296.90610270517027,246.12202452623023,0.15396975994673257,23.891573337976478,23.891573337976478,-0.8265001212511041,0.4526810771137159,14.282307998655597
948,31.6,track,1,297.0,247.0,301.99203587154597,239.74539578890113,297.2808715570227,247.4315514792679,0.5149033994864206,23.903697508910824,23.903697508910824,-0.9821367558535035,0.38014083142422816,15.031277998787118
949,31.633333333333333,track,1,299.0,248.0,300.8474767000202,240.8698212094367,298.65564040887693,247.74107843230468,0.430840929133073,22.70475680667511,22.70475680667511,-1.122649033228686,0.3258883022442912,14.54572299917345
950,31.666666666666668,track,1,301.0,247.0,300.06491820182976,241.79446786810388,301.03040926072936,247.05060538534235,0.05903920869857449,20.237500070790393,20.237500070790393,-1.2473529589029129,0.26475982401632925,14.852794000034919
951,31.7,track,1,304.0,247.0,299.7418462617514,242.64816698794962,304.4051781125836,247.36013233837912,0.5420928002318589,17.244419901483948,17.244419901483948,-1.3493144657449128,0.20333525348357445,14.420366000194917
952,31.733333333333334,track,1,308.0,247.0,299.9682034808262,243.4329035378529,307.77994696443693,246.66965929141634,0.39692357225047437,13.92171150597334,13.92171150597334,-1.4215955685352863,0.14194054243175616,14.192041000569589
953,31.766666666666666,track,1,312.0,246.0,300.7070136151411,244.0313572785509,312.15471581629026,245.97918624445356,0.15610956482646907,9.8640332556733,9.8640332556733,-1.4636512115916438,0.08723965461707431,13.346379000722663
954,31.8,track,1,316.0,244.0,301.92182082791277,244.33404319705616,315.5294846681436,244.28871319749078,0.5520325967887149,6.195043843484464,6.195043843484464,-1.4751136086104397,0.04599033667173047,14.974374000303214
955,31.833333333333332,track,1,320.0,243.0,303.5769050181354,244.47839382844222,319.9042535199969,242.598240150528,0.41301133771452714,2.6000037054298097,2.6000037054298097,-1.455786308019266,0.01227797177364287,14.525079999657464
956,31.866666666666667,track,1,324.0,241.0,305.6374657957447,244.35503926262214,324.27902237185026,240.90776710356522,0.29387138543535285,4.374251201418389,4.374251201418389,-1.4056343486879614,-0.007294919946385953,14.557354999851668
957,31.9,track,1,329.0,239.0,308.18937033598615,243.98170682649106,328.6537912237036,239.21729405660244,0.4087508089525948,8.689115670612239,8.689115670612239,-1.318404615322579,-0.012431375030661884,14.980625999669428
958,31.933333333333334,track,1,332.0,238.0,310.95331084122995,243.49549993764444,332.02856007555783,237.52682100963966,0.4740401194353686,12.280182075590886,12.280182075590886,-1.2069579120213987,-0.009290984800353091,14.822753000771627
959,31.966666666666665,track,1,334.0,236.0,313.78613373322133,242.78641280118617,334.40332892741026,235.83634796267688,0.4352656809420146,14.993061144378691,14.993061144378691,-1.0781887643967965,0.00849165747720837,14.273033000790747
960,32.0,track,1,337.0,234.0,316.79285314696085,241.87127162052943,336.7780977792645,234.1458749157141,0.26555618351291244,17.770068812276044,17.770068812276044,-0.9264583832364723,0.04098934128335903,13.491532999978517
961,32.03333333333333,track,1,338.0,232.0,319.71343536845,240.76645914892825,338.15286663111783,232.45540186875132,0.48037388456442215,19.658268690024364,19.658268690024364,-0.7501515773438261,0.08820177899344579,13.578213000073447
962,32.06666666666667,track,1,339.0,232.0,322.5435589595453,239.72702875631575,338.52763548297116,231.7649288217881,0.5276236307954959,20.275346455734574,20.275346455734574,-0.5941304116982222,0.12305288991046287,13.728484000239405
963,32.1,track,1,338.0,231.0,325.0409222572256,238.63348229095487,337.9024043348236,231.07445577482576,0.12275412932415604,20.004035110023466,20.004035110023466,-0.4290897613374429,0.19338277423662809,13.790171000437113
964,32.13333333333333,track,1,336.0,230.0,327.0991000901377,237.4930038894679,336.2771731866778,230.38398272786299,0.4735691192531897,18.905400157815784,18.905400157815784,-0.27650293321801966,0.25804223997714726,13.438608000797103
965,32.166666666666664,track,1,335.0,230.0,328.8593108458162,236.43186872867454,334.65194203853116,229.6935096809002,0.46376789479624136,17.913769793043965,17.913769793043965,-0.13111906561723768,0.32373645904640136,13.366993000090588
966,32.2,track,1,331.0,230.0,329.9773950596521,235.4486671397059,331.0267108903845,230.00303663393697,0.02688294646796666,14.883804271842942,14.883804271842942,-0.01288481788716822,0.3900645857555828,12.87387100092019
967,32.233333333333334,track,1,327.0,230.0,330.4911786815793,234.54156467330657,327.4014797422378,230.31256358697465,0.5088044607998328,12.19132177539279,12.19132177539279,0.07710344298426414,0.4566512298929536,13.811209000778035
968,32.266666666666666,track,1,324.0,231.0,330.55815782465277,233.8279597513575,323.77624859409116,230.62209054001187,0.4391813424938553,10.109660690849635,10.109660690849635,0.14432781170932285,0.5167832485991213,13.313206000020728
969,32.3,track,1,319.0,232.0,329.969230144224,233.29775840441417,319.1510174459454,231.9316174930491,0.16577827432074144,8.112925961424802,8.112925961424802,0.17550205187623374,0.570022700378176,14.556523001374444
970,32.333333333333336,track,1,315.0,233.0,328.8888455096087,232.94067744093198,314.5257862977978,233.24114444608585,0.5320049616632815,8.69765164030235,8.69765164030235,0.17636512171363267,0.6159956491187957,13.654579999638372
971,32.36666666666667,track,1,310.0,235.0,327.2339565692228,232.8659382543084,309.90055514965206,234.55067139912353,0.460201553481004,11.475799252581485,11.475799252581485,0.14026625867399345,0.6480259285722194,14.733755000634119
972,32.4,track,1,306.0,237.0,325.16739399334745,233.05557132323574,306.2753240015045,236.8601983521603,0.3087844013921998,14.079243078072619,14.079243078072619,0.07334433681423058,0.6657447810735027,13.81689799927699
973,32.43333333333333,track,1,302.0,238.0,322.72367030955684,233.37215040518018,301.65009285335873,238.16972530519797,0.38889804640185693,18.440959783828745,18.440959783828745,-0.024310625928762403,0.6752436490882225,13.998198999615852
974,32.46666666666667,track,1,298.0,240.0,319.93604220320526,233.92528994031892,298.02486170521115,240.47925225823474,0.4798966882664451,21.980363641262137,21.980363641262137,-0.14911608596336617,0.67009373647273,14.384609001353965
975,32.5,track,1,295.0,243.0,316.9560003828965,234.81730789986412,295.3996305570654,242.7887792112724,0.4520163755121051,24.75793743869016,24.75793743869016,-0.30414150962259745,0.6437968431885491,14.471083999524126
976,32.53333333333333,track,1,294.0,244.0,314.04558997051095,235.78454071702922,293.7743994089187,244.09830616430918,0.24608886329414364,26.543892702076256,26.543892702076256,-0.46646187006525397,0.6089117439158844,14.435910999964108
977,32.56666666666667,track,1,292.0,245.0,311.0914360491516,236.8182427112353,292.14916826077206,245.4078331173464,0.43425686134618824,28.370997296391522,28.370997296391522,-0.6446474684947341,0.5656156491923712,14.555278999978327
978,32.6,track,1,293.0,247.0,308.464813372178,238.02980092712448,292.5239371126245,246.71736007038362,0.5536435699526084,28.285278116118967,28.285278116118967,-0.8188099738716265,0.5077561166423215,14.423483999053133
979,32.63333333333333,track,1,293.0,248.0,306.03457084908104,239.28435514130473,292.8987059644787,248.0268870234213,0.1048016872986459,28.265014659231124,28.265014659231124,-0.9941558527665901,0.4418197052308649,14.52891900044051
980,32.666666666666664,track,1,294.0,248.0,303.91531895432865,240.45523234236515,294.27347481633296,248.33641397645806,0.4335468126104418,27.04348158083089,27.04348158083089,-1.163381591170114,0.39827211240937876,14.145093999104574
981,32.7,track,1,298.0,249.0,302.4523932780572,241.66311782280368,297.6482436681854,248.64594092949528,0.49908951339247454,23.965669314107135,23.965669314107135,-1.3064054544394264,0.30138656417747745,14.534866999383667
982,32.733333333333334,track,1,301.0,249.0,301.48930234305186,242.78240998386448,301.0230125200387,248.9554678825325,0.050126695130154275,20.983957177083603,20.983957177083603,-1.4283585209438376,0.2260318563977122,14.299417998699937
983,32.766666666666666,track,1,304.0,248.0,300.9964434557835,243.69558906135305,304.39778137189205,248.26499483556972,0.4779668217595729,17.656142436876546,17.656142436876546,-1.5283397764308289,0.15675343117888665,14.282613001341815
984,32.8,track,1,309.0,248.0,301.18335973238595,244.53233112941476,308.7725502237463,247.57452178860694,0.48245736504700104,13.543596597816281,13.543596597816281,-1.592895534690002,0.0877002006444492,14.520389999233885
985,32.833333333333336,track,1,314.0,247.0,302.0054005180868,245.1758138815327,314.1473190755987,246.8840487416437,0.1874769435148423,9.035707004998391,9.035707004998391,-1.6212345016669152,0.025564691690277253,14.3341880011576
986,32.86666666666667,track,1,319.0,245.0,303.4184193792919,245.51704380563186,318.52208792745296,245.19357569468139,0.5156272865719871,5.399764123604431,5.399764123604431,-1.6127941922547193,-0.022874682272027158,13.777206999293412
987,32.9,track,1,324.0,244.0,305.37904992223963,245.69393553290178,323.8968567793054,243.5031026477186,0.5074894113964533,5.239963828011737,5.239963828011737,-1.5672321171995869,-0.06351806267091567,14.866097999401973
988,32.93333333333333,track,1,328.0,241.0,307.72534980290663,245.47799641498867,328.2716256311596,240.81262960075583,0.3299820449900028,8.311447373958485,8.311447373958485,-1.4907800089254373,-0.08338595509095506,14.240525000786874
989,32.96666666666667,track,1,333.0,239.0,310.54337945647893,245.01460196504505,332.64639448301205,239.1221565537926,0.37411106008617445,12.676825412381714,12.676825412381714,-1.3772497968056499,-0.08841915306247963,13.997915000800276
990,33.0,track,1,337.0,236.0,313.673743452546,244.20205386517245,337.0211633348663,236.43168350683027,0.4322019629894578,17.391172584608075,17.391172584608075,-1.233206509812635,-0.07207142034755465,15.152980000493699
991,33.03333333333333,track,1,339.0,235.0,316.8465242501816,243.30463946234528,339.3959321867196,234.7412104598675,0.47300562635403853,20.096194983609042,20.096194983609042,-1.0718611603094073,-0.04686451785841411,14.852116000838578
992,33.06666666666667,track,1,342.0,233.0,320.1673127254503,242.21213421757997,341.77070103857295,233.0507374129047,0.23484526561075467,22.85291391081942,22.85291391081942,-0.8964259472612695,-0.006580038256805643,13.609948999146582
993,33.1,track,1,343.0,231.0,323.37678004248374,240.94096016884396,343.1454698904263,231.36026436594148,0.388525291825189,24.705420625341524,24.705420625341524,-0.694717478086393,0.04871214679764512,13.762782000412699
994,33.13333333333333,track,1,344.0,230.0,326.4714170872874,239.62652861865047,343.5202387422796,229.66979131897915,0.582416206360171,25.688807716343504,25.688807716343504,-0.49282687242963497,0.09298134868556908,13.482570000633132
995,33.166666666666664,track,1,342.0,228.0,329.09023004862297,238.15681397586368,341.89500759413386,227.97931827201637,0.10700999561699576,24.977753036505483,24.977753036505483,-0.3026683087460261,0.18953663371066978,13.832778000505641
996,33.2,track,1,340.0,227.0,331.25495761247174,236.66594241683123,340.2697764459863,227.28884522505314,0.39523523988251136,23.92566180658154,23.92566180658154,-0.12555293488026198,0.2758360887485528,14.074519000132568
997,33.233333333333334,track,1,337.0,228.0,332.86860308170304,235.3993672991794,336.6445452978396,227.59837217809036,0.5363328748266438,20.756716040958842,20.756716040958842,0.030992255558813797,0.3570085735227347,13.999912000144832
998,33.266666666666666,track,1,333.0,228.0,333.8423519250997,234.22792861775423,333.01931414969295,227.90789913112803,0.09410423170789245,17.76855211747342,17.76855211747342,0.15947637954659255,0.43878062025811404,13.678855000762269
999,33.3,track,1,328.0,228.0,334.09526946019923,233.1491677733466,328.3940830015472,228.2174260841648,0.4500838968277791,14.46684753216759,14.46684753216759,0.25247729278370445,0.5206992252262399,13.199073999203392
1000,33.333333333333336,track,1,324.0,230.0,333.793160463463,232.39940033935855,323.7688518533996,229.52695303720202,0.5265006122400893,11.130541630030663,11.130541630030663,0.31540548756608383,0.5896161407074629,13.813875000778353
1001,33.36666666666667,track,1,318.0,231.0,332.7350615723141,231.84062420380494,318.14362070525385,230.83647999023924,0.2176366250652052,9.349665398036874,9.349665398036874,0.334940660607916,0.6512782178972476,13.763078000920359
1002,33.4,track,1,314.0,232.0,331.21294316508266,231.46186629871886,313.5183895571072,232.14600694327692,0.503256044363585,10.183146904001317,10.183146904001317,0.3231907887228501,0.7052927415878654,13.889249999920139
1003,33.43333333333333,track,1,308.0,234.0,329.0242469346863,231.37168812690186,307.8931584089605,234.45553389631368,0.46789556128111803,13.316032355226913,13.316032355226913,0.21231560852891285,0.7269468240696313,13.614829000289319
1004,33.46666666666667,track,1,303.0,237.0,320.5521889643583,233.27278590227962,303.26792726081294,236.7650608493509,0.3563445265391966,17.04192153067984,17.04192153067984,-0.28088980087769233,0.6350857872061326,13.99178600149753
1005,33.5,track,1,301.0,239.0,309.1029841482839,236.38260676862868,300.6426961126672,239.07458780238812,0.3650060385366704,19.379411795047833,19.379411795047833,-0.9928424231769744,0.46252331844931466,14.562320000550244
1006,33.53333333333333,track,1,303.0,239.0,301.6941432134244,238.74560674066922,303.0174649645205,239.3841147554258,0.3845115997229783,16.99369915191429,16.99369915191429,-1.459741464573974,0.3276437264122389,15.238218000376946
1007,33.56666666666667,track,1,306.0,240.0,301.86782997898126,240.13824972059808,306.39223381637385,239.69364170846256,0.4976974678466108,13.611214343732643,13.611214343732643,-1.5085981239209278,0.24664265771423388,14.48424999944109
1008,33.6,track,1,311.0,239.0,306.1961131855672,240.19536284890196,310.7670026682272,239.00316866149979,0.23301887697985887,9.286652381021923,9.286652381021923,-1.303895151687117,0.23898637323909416,14.625230000092415
1009,33.63333333333333,track,1,314.0,238.0,311.1706414630267,239.29154374163582,314.1417715200805,238.312695614537,0.343333236457839,6.096379008242718,6.096379008242718,-1.037419324636034,0.2743758572249715,14.236003000405617
1010,33.666666666666664,track,1,317.0,239.0,315.600154175855,239.12345556621025,316.51654037193475,238.62222256757423,0.6135543989078698,3.7460327859833566,3.7460327859833566,-0.776894370462152,0.2841323640568153,14.506043999062967
1011,33.7,track,1,317.0,238.0,318.137916874222,238.56301032073713,316.8913092237872,237.93174952061145,0.1283425602460604,3.7338476652913513,3.7338476652913513,-0.6037031154699671,0.31658003636072624,14.095012998950551
1012,33.733333333333334,track,1,316.0,238.0,319.105818169563,238.2054445880599,316.2660780756414,238.24127647364867,0.3591822365782806,4.127381903743264,4.127381903743264,-0.5112890411869839,0.34072191894522985,13.726478999160463
1013,33.766666666666666,track,1,316.0,239.0,319.5659318959124,238.3700834054858,315.64084692749384,238.5508034266859,0.5751247612194723,4.59373336379521,4.59373336379521,-0.4259714774501412,0.33753441298283116,16.70005000050878
1014,33.8,track,1,314.0,239.0,319.0317110758899,238.49421251458293,314.0156157793481,238.8603303797231,0.14053987118586253,6.09193740478099,6.09193740478099,-0.44228867118277204,0.33507972112917,14.361678000568645
1015,33.833333333333336,track,1,313.0,238.0,318.2273186027752,238.25465550788266,313.3903846312005,238.16985733276033,0.42573662488680397,6.858311563783146,6.858311563783146,-0.45964959719732,0.35143001460199,14.699743000164744
1016,33.86666666666667,track,1,312.0,238.0,317.26755388445343,238.08475028027522,311.76515348305475,238.4793842857971,0.5338184897420742,8.374065279655168,8.374065279655168,-0.4932065741248889,0.3649849289093796,14.591695999115473
1017,33.9,track,1,311.0,239.0,316.2175701697745,238.25181780460997,311.1399223349081,238.78891123883477,0.25325229494794216,8.942466786009408,8.942466786009408,-0.5392529585657861,0.3608665525461702,14.196173000527779
1018,33.93333333333333,track,1,311.0,239.0,315.3859303049569,238.383107876429,310.5146911867614,239.098438191872,0.4951916011263468,9.528058405382321,9.528058405382321,-0.5807814428371796,0.3575683637579308,14.451259999987087
1019,33.96666666666667,track,1,310.0,239.0,314.46345465143435,238.48773950798747,309.88946003861383,239.4079651449092,0.42267557597293215,10.127858785569087,10.127858785569087,-0.6327959365976674,0.35484578961942825,14.284012000643997
1020,34.0,track,1,309.0,240.0,313.4792127341579,238.81227752214204,309.2642288904681,239.71749209794598,0.38681729702917217,10.739487512492545,10.739487512492545,-0.6937117844250265,0.3396020936192566,14.726425000844756
1021,34.03333333333333,track,1,310.0,240.0,312.9070131164676,239.0733781028474,309.6389977423223,240.02701905098365,0.3620119599743099,10.361037487275013,10.361037487275013,-0.7379592506342479,0.32606928627645293,15.379875998405623
1022,34.06666666666667,track,1,310.0,239.0,312.4352672848064,239.06960950346735,310.01376659417474,239.33654600402042,0.336827451282232,10.008248040511468,10.008248040511468,-0.7799950531454947,0.325428248282976,14.102974000707036
1023,34.1,track,1,310.0,240.0,312.0426515612753,239.2717473848906,310.3885354460281,239.6460729570581,0.5255703040943562,9.617978749403868,9.617978749403868,-0.8202610578774949,0.31372628871595665,14.353007001773221
1024,34.13333333333333,track,1,311.0,240.0,311.90959145460414,239.43918273847217,310.7633042978814,239.95559991009486,0.24082405067808166,9.236802415420593,9.236802415420593,-0.8485464299897568,0.30292043950118047,14.854312999887043
1025,34.166666666666664,track,1,312.0,240.0,311.98387278002673,239.57876239161564,312.13807314973565,240.26512686313254,0.2989254894324353,7.866396001502981,7.866396001502981,-0.8663121006590946,0.27081190334782884,14.122840999334585
1026,34.2,track,1,313.0,240.0,312.22563231537265,239.69574100147938,312.51284200158807,239.5746538161693,0.646716546499358,7.499230245117367,7.499230245117367,-0.8746483475609572,0.26594975461931986,14.971747001254698
1027,34.233333333333334,track,1,314.0,239.0,312.60409968727214,239.62008473833794,313.8876108534423,238.88418076920652,0.16138591786633166,6.213401132613665,6.213401132613665,-0.8743823858506898,0.2612094134181684,14.4596249992901
1028,34.266666666666666,track,1,315.0,239.0,313.09527881606516,239.5534769435625,315.26237970529473,239.19370772224374,0.3261376878059492,4.805741700713074,4.805741700713074,-0.8661527299155107,0.25660024826450833,14.650115999756963
1029,34.3,track,1,316.0,239.0,313.68027510180235,239.49448004053195,315.637148557149,238.50323467528142,0.6151722989714566,4.612459121734,4.612459121734,-0.8504611680466445,0.27855776507407565,13.983713999550673
1030,34.333333333333336,track,1,317.0,239.0,314.3440727216149,239.44193622543264,317.0119174090014,238.81276162831819,0.1876172499195212,3.2153028662666605,3.2153028662666605,-0.8277095163094799,0.27875608681579245,16.303152000546106
1031,34.36666666666667,track,1,317.0,238.0,314.92140675619316,239.24168332225767,317.38668626085564,238.1222885813554,0.40556227815766344,3.2179510361267103,3.2179510361267103,-0.8063941408267508,0.2871851050113296,14.856104000500636
1032,34.4,track,1,319.0,238.0,315.7229616732359,239.0641743828611,318.761455112709,238.43181553439263,0.4933237466365049,1.9982982650262766,1.9982982650262766,-0.7703932217945311,0.2953992535412277,14.827151999270427
1033,34.43333333333333,track,1,319.0,238.0,316.4267456834559,238.90636210390787,319.1362239645623,237.7413424874303,0.29233658226403286,2.418189983951633,2.418189983951633,-0.7359249192691271,0.30344064496585543,13.904579000154627
1034,34.46666666666667,track,1,320.0,238.0,317.18768849652565,238.76573245213234,319.51099281641564,238.05086944046707,0.4916459351713825,2.0095367535086965,2.0095367535086965,-0.6952348146951572,0.3113344690601035,14.577640000425163
1035,34.5,track,1,319.0,237.0,317.719675582178,238.50076911513347,318.88576166826897,237.3603963935043,0.3780687197952072,2.865141228512814,2.865141228512814,-0.6633781933874682,0.3265191155741894,14.267862999986392
1036,34.53333333333333,track,1,319.0,238.0,318.1865210007925,238.39991700249203,319.2605305201232,237.6699233465415,0.42050772772212847,2.4446006468667982,2.4446006468667982,-0.6327167979784871,0.3341640465500689,17.85593899876403
1037,34.56666666666667,track,1,319.0,238.0,318.5955088844549,238.3102053960763,318.63529937197563,237.97945029957828,0.36527912377904864,2.4382429936338217,2.4382429936338217,-0.6032225831509962,0.3416680201428757,14.083756001127767
1038,34.6,track,1,318.0,238.0,318.8204081555472,238.23046410354104,318.01006822382897,238.28897725261595,0.2891525923462091,2.624390846631055,2.624390846631055,-0.5819346431992777,0.3490213433142273,14.57331600067846
1039,34.63333333333333,track,1,318.0,239.0,319.0108070179188,238.29027838149602,318.3848370756823,238.59850420565317,0.5561460668726288,2.138443764437671,2.138443764437671,-0.5617573523168263,0.3492633512974154,13.992266000059317
1040,34.666666666666664,track,1,317.0,239.0,319.0412597778599,238.34689191274393,316.75960592753654,238.9080311586904,0.25738604827651185,3.4194370436151287,3.4194370436151287,-0.5495664836214782,0.34936228982533013,14.424687999053276
1041,34.7,track,1,316.0,238.0,318.9270952725523,238.27296677042446,316.13437477938896,238.21755811172716,0.25571099568481404,4.256777822636951,4.256777822636951,-0.5452847423215654,0.3560980039532475,14.702796999699785
1042,34.733333333333334,track,1,316.0,239.0,318.8081254553861,238.3328790246521,315.5091436312432,238.52708506476483,0.6816072994896611,4.726232043736562,4.726232043736562,-0.5421309848631617,0.3559689419854564,14.720422999744187
1043,34.766666666666666,track,1,315.0,239.0,318.56011362721443,238.38973897866498,314.88391248309654,238.8366120178016,0.20042939980870247,5.246696396566043,5.246696396566043,-0.5467490820991017,0.355670472043748,14.49553400016157
1044,34.8,track,1,314.0,239.0,318.1945558138042,238.4436631931404,314.25868133494987,239.14613897083927,0.297107105013342,5.804465407836662,5.804465407836662,-0.5590921780051787,0.3552077450480233,14.922388001650688
1045,34.833333333333336,track,1,314.0,239.0,317.8453454456324,238.49474765386537,313.6334501868023,239.45566592387604,0.5847992815805091,6.389777469549115,6.389777469549115,-0.5725382588504765,0.35459030669981817,14.154542999676778
1046,34.86666666666667,track,1,313.0,240.0,317.38950116967044,238.66584715198823,313.00821903865653,239.76519287691372,0.23495092604306766,6.99572265005246,6.99572265005246,-0.5935366963210237,0.34729548100539676,13.727540999752819
1047,34.9,track,1,312.0,240.0,316.83628217841334,238.82542755956996,312.38298789050987,240.07471982995048,0.3902086329965376,7.617378586436883,7.617378586436883,-0.62202921017254,0.339800978971716,15.66787000047043
1048,34.93333333333333,track,1,313.0,240.0,316.43767639882475,238.97394379408223,312.7577567423632,240.38424678298816,0.45423274442430656,7.252429454536077,7.252429454536077,-0.6449893593495521,0.3321402464849768,14.94995699977153
1049,34.96666666666667,track,1,312.0,240.0,315.9414307873335,239.1118204667949,312.13252559421653,239.69377373602492,0.3336728305849583,7.873431783562113,7.873431783562113,-0.675112107359906,0.3243512247424795,15.171372000622796
1050,35.0,track,1,313.0,240.0,315.597562873983,239.23946222315465,312.50729444606986,240.0033006890626,0.4927166096468542,7.492706280940405,7.492706280940405,-0.699461011278365,0.3164737476043331,14.674777999971411
1051,35.03333333333333,track,1,312.0,240.0,315.1555408293533,239.35726184241582,311.8820632979241,240.31282764209936,0.3343205039449215,8.123961929537355,8.123961929537355,-0.7306426977820458,0.3085477147104419,13.900320998800453
1052,35.06666666666667,track,1,312.0,240.0,314.74352205452266,239.46560635590635,312.2568321497765,239.62235459513658,0.45670428613413044,7.752371534475682,7.752371534475682,-0.7622089752765956,0.30061182285516486,14.38898599917593
1053,35.1,track,1,313.0,240.0,314.48097024117766,239.56488143301337,312.63160100163077,239.9318815481738,0.37464375809380496,7.368713858106302,7.368713858106302,-0.787612773508376,0.2699514401186864,14.524650001476402
1054,35.13333333333333,track,1,314.0,239.0,314.3590210322264,239.53537406943735,314.0063698534832,239.24140850121103,0.24149252470905064,6.041445472341034,6.041445472341034,-0.8066115181377402,0.26541142271723794,14.103150999289937
1055,35.166666666666664,track,1,314.0,240.0,314.24901754412986,239.62538692529108,314.38113870533743,239.55093545424825,0.5890039719369676,5.636777555918657,5.636777555918657,-0.8253821545970839,0.2608044348279541,13.720699000259629
1056,35.2,track,1,315.0,239.0,314.2702300323902,239.58752416271713,314.75590755718986,238.86046240728547,0.2811616268582706,5.366474771574732,5.366474771574732,-0.837478906575321,0.25628940236204467,14.624232000642223
1057,35.233333333333334,track,1,316.0,239.0,314.4142319537886,239.54977004391276,316.1306764090441,239.1699893603227,0.21441246816259893,3.9573454124583827,3.9573454124583827,-0.8427382937604397,0.25188252027313923,14.614730998800951
1058,35.266666666666666,track,1,317.0,238.0,314.6727520701883,239.39260173094087,316.50544526089743,238.4795163133599,0.6888543276681129,3.8110081954678163,3.8110081954678163,-0.8410346211253512,0.27946640909856607,14.465811000263784
1059,35.3,track,1,318.0,238.0,315.0376908151922,239.2437039177907,317.88021411275076,237.78904326639713,0.2425930795312989,3.062975985156414,3.062975985156414,-0.8322808895729579,0.28544872931346166,14.809784999670228
1060,35.333333333333336,track,1,318.0,238.0,315.3814208908284,239.1031933327343,318.2549829646032,238.0985702194339,0.27337227437521217,2.580798261051946,2.580798261051946,-0.8228022777849283,0.29176564465147414,14.197784999851137
1061,35.36666666666667,track,1,320.0,238.0,315.9433126879733,238.97111783083898,319.62975181645743,238.40809717247157,0.5510236107426476,1.6343923426489677,1.6343923426489677,-0.7999611443432418,0.2983538920011225,14.304043999800342
1062,35.4,track,1,320.0,238.0,316.4688160391333,238.84746191208208,320.00452066831167,237.7176241255088,0.28241205876636855,2.2823803514974212,2.2823803514974212,-0.7763709598391083,0.3051541862226214,13.92675299939583
1063,35.43333333333333,track,1,320.0,238.0,316.9583136084715,238.73215253991683,320.3792895201641,238.027151078546,0.38026007044195387,2.0089781997295217,2.0089781997295217,-0.7522055580217938,0.3121115421860562,14.669067000795621
1064,35.46666666666667,track,1,321.0,237.0,317.53208438133424,238.50538345934456,320.7540583720174,237.33667803158278,0.41694050094128937,2.7680115490841715,2.7680115490841715,-0.7212654608134069,0.32554764735888825,14.309579000837402
1065,35.5,track,1,321.0,238.0,318.06361970153216,238.4139596745758,321.12882722387076,237.64620498462045,0.3765200745214786,2.6104792425486476,2.6104792425486476,-0.6899652362793586,0.33279587213559025,14.767804001166951
1066,35.53333333333333,track,1,322.0,238.0,318.6736079685247,238.3303213653163,321.503596075725,237.95573193765767,0.49837387309043846,2.537682617989977,2.537682617989977,-0.6521200772527913,0.3400315481539175,13.994846998684807
1067,35.56666666666667,track,1,321.0,238.0,319.1162774482463,238.25417414093542,320.8783649275774,238.2652588906949,0.29181735715329193,1.9444412210995725,1.9444412210995725,-0.6205268068898369,0.3472159981749197,14.198094999301247
1068,35.6,track,1,320.0,239.0,319.40065268675704,238.30488155981075,320.25313377943166,238.57478584373166,0.4948573420495587,1.4475192922780105,1.4475192922780105,-0.5955036394011789,0.3479442375810171,14.878996000334155
1069,35.63333333333333,track,1,320.0,238.0,319.65556401778423,238.23514124798058,319.6279026312841,237.88431279676934,0.3896664994538779,2.148159396720666,2.148159396720666,-0.5529417101750902,0.3548087717190259,13.921374000346987
1070,35.666666666666664,track,1,319.0,238.0,319.7629154056035,238.17195462713258,319.00267148313833,238.19383974980656,0.19385815801050768,2.063220545633535,2.063220545633535,-0.5397244756597641,0.36156944867369545,14.015552000273601
1071,35.7,track,1,318.0,239.0,319.7319263319255,238.23469642150584,318.37744033499075,238.50336670284332,0.6237834867344944,2.2073991693105692,2.2073991693105692,-0.5267794951923492,0.3618362035084788,14.6202939995419
1072,35.733333333333334,track,1,318.0,239.0,319.6914454297285,238.29576258879084,317.752209186845,238.81289365588054,0.3104981015944669,2.5420041329535064,2.5420041329535064,-0.5141611716526665,0.3618410090658863,14.249300000301446
1073,35.766666666666666,track,1,317.0,239.0,319.52324638520844,238.3548874939015,317.1269780386983,239.12242060891822,0.1763809167670386,3.0040640435538637,3.0040640435538637,-0.5020165782228313,0.3616011316435501,14.333973998873262
1074,35.8,track,1,317.0,239.0,319.35595026048816,238.41185225405715,316.50174689055166,239.43194756195498,0.6594200917122536,3.544073699873336,3.544073699873336,-0.5240221441015686,0.3611373205323416,15.174803000263637
1075,35.833333333333336,track,1,315.0,240.0,318.95139355347374,238.5861470320265,314.876515742405,239.7414745149922,0.2865026845813248,5.130002569611676,5.130002569611676,-0.5364831105158816,0.3541007759136914,13.908728999012965
1076,35.86666666666667,track,1,314.0,240.0,318.44548716234664,238.75035455521362,314.2512845942583,240.05100146802943,0.2564080674486012,5.748941638767335,5.748941638767335,-0.5564817163316493,0.34676247021831746,14.744629999768222
1077,35.9,track,1,314.0,240.0,317.96626009329964,238.90443051955842,313.62605344611256,240.3605284210671,0.5194388968506556,6.384134664479647,6.384134664479647,-0.5776169313618613,0.33917692192915494,13.672471999598201
1078,35.93333333333333,track,1,313.0,241.0,317.39451765418136,239.16806708072733,313.000822297965,240.67005537410387,0.3299456505724572,7.031177903383585,7.031177903383585,-0.606074687459417,0.3250286915648427,14.369291000548401
1079,35.96666666666667,track,1,312.0,240.0,316.7380739483618,239.29445942547983,312.3755911498183,239.9795823271411,0.3761457073885343,7.624436188735119,7.624436188735119,-0.641796378433757,0.3169892419078932,14.098035000642994
1080,36.0,track,1,313.0,240.0,316.24374116467726,239.41110126616067,312.75036000167165,240.2891092801783,0.38197421987694086,7.2554024203518495,7.2554024203518495,-0.6719587569949756,0.30889449280716347,15.147267999054748
1081,36.03333333333333,track,1,312.0,241.0,315.66421598702317,239.63791122435933,312.1251288535259,240.59863623321598,0.42041658301232404,7.897592095904259,7.897592095904259,-0.7089491759912836,0.27549116111930194,14.800610000747838
1082,36.06666666666667,track,1,312.0,240.0,315.12612869293287,239.72832015746403,312.4998977053783,239.90816318625275,0.5082634318950687,7.500664532569677,7.500664532569677,-0.7463339426194201,0.2707479893786853,14.676216000225395
1083,36.1,track,1,313.0,240.0,314.74824790921144,239.80998143976205,312.87466655723256,240.21769013928997,0.2511920950587946,7.128658055157661,7.128658055157661,-0.7775402858169456,0.26595133839693674,14.564952998625813
1084,36.13333333333333,track,1,313.0,240.0,314.40226435517593,239.88332023167467,313.2494354090859,239.5272170923272,0.534548127948645,6.767100263324826,6.767100263324826,-0.808625214187255,0.2611489010827383,13.940505999926245
1085,36.166666666666664,track,1,315.0,239.0,314.3262410868249,239.8291509736228,314.6242042609392,238.8367440453644,0.40972544980781067,5.500213108971248,5.500213108971248,-0.8267094206056116,0.2564894967823857,14.324257001135265
1086,36.2,track,1,315.0,239.0,314.2644401228217,239.77515019048462,314.99897311279165,239.14627099840163,0.14627460295878145,5.073373939968453,5.073373939968453,-0.8441606267262541,0.25198143444544163,14.622468001107336
1087,36.233333333333334,track,1,316.0,238.0,314.33524660958403,239.6020923773084,316.3737419646459,238.4557979514384,0.5894360259373436,3.94135856092187,3.94135856092187,-0.8545668017692307,0.2477417029212743,14.443424001001404
1088,36.266666666666666,track,1,317.0,238.0,314.52986843903267,239.43753995564208,316.7485108164992,237.76532490447607,0.34397559488581864,3.9453712997609536,3.9453712997609536,-0.8577792170658458,0.2731621171467708,14.14894300069136
1089,36.3,track,1,318.0,238.0,314.83962386235396,239.2817275395057,318.12327966835255,238.0748518575133,0.1442243987760248,2.688545066339584,2.688545066339584,-0.8536941366082396,0.27954566706548345,14.986915999543271
1090,36.333333333333336,track,1,318.0,237.0,315.1363863393623,239.01518732692688,318.4980485202059,237.38437881055052,0.6291259003407031,3.016178452007253,3.016178452007253,-0.8486190867064523,0.29263589359856645,14.018224999745144
1091,36.36666666666667,track,1,320.0,238.0,315.6586633544127,238.88479299859708,319.8728173720592,237.69390576358728,0.33146508476008296,2.30959867684104,2.30959867684104,-0.8299212474261727,0.29975387630113015,14.363252999828546
1092,36.4,track,1,320.0,237.0,316.15152071914207,238.64365550811434,320.24758622391346,237.00343271662496,0.24761001961785084,3.0067780799496013,3.0067780799496013,-0.8101982248210133,0.31341850072911337,13.892740000301274
1093,36.43333333333333,track,1,322.0,237.0,316.85393076766366,238.41884665877603,321.6223550757668,237.31295966966218,0.4904685959714093,3.138824896155927,3.138824896155927,-0.7768870881706973,0.327327064951845,14.500340999802575
1094,36.46666666666667,track,1,322.0,238.0,317.511506051376,238.32972469611929,321.9971239276201,237.6224866226994,0.3775243327697446,3.1050078649684836,3.1050078649684836,-0.7426491396763353,0.33502825130848346,14.27400800093892
1095,36.5,track,1,322.0,238.0,318.1246046398975,238.2487516076584,322.37189277947255,237.93201357573616,0.37805607164546107,3.146814771837314,3.146814771837314,-0.7077154868499769,0.34268691401169393,14.593414000046323
1096,36.53333333333333,track,1,322.0,238.0,318.69387992662786,238.17556907765285,321.7466616313268,238.24154052877384,0.3500316501151723,2.4785089401279436,2.4785089401279436,-0.672311500475376,0.3502610359811892,14.04135000120732
1097,36.56666666666667,track,1,322.0,238.0,319.22024038807433,238.10980239068084,322.1214304831792,237.5510674818106,0.4650653374881939,3.2400212612894115,3.2400212612894115,-0.6366512992866042,0.35771628360819885,13.94882000022335
1098,36.6,track,1,321.0,238.0,319.5852159705237,238.05106523518987,321.49619933503345,237.86059443484783,0.5154102168981881,2.6106835546191034,2.6106835546191034,-0.5856138909995857,0.365024654083201,14.019184000062523
1099,36.63333333333333,track,1,322.0,238.0,320.0369084788955,237.99896402169682,321.8709681868868,238.17012138788505,0.21351930922335396,2.6170551563576514,2.6170551563576514,-0.5722941873266894,0.37216344673982293,15.08571000158554
1100,36.666666666666664,track,1,321.0,238.0,320.32993110947336,237.95310174103471,321.2457370387401,238.47964834092272,0.5389334125461899,1.9655355343895533,1.9655355343895533,-0.5588786422066929,0.37911446431390916,14.814850001130253
1101,36.7,track,1,321.0,239.0,320.5930112292825,238.03267595710454,320.62050589059254,238.7891752939595,0.4341230652154175,1.3605601894139536,1.3605601894139536,-0.5144788189434207,0.3794958711436668,14.804072001425084
1102,36.733333333333334,track,1,319.0,239.0,320.58853863196316,238.1100981267209,318.9952747424468,239.0987022469967,0.09881529042179424,1.3497445990757522,1.3497445990757522,-0.4995564263221837,0.37954016698928483,14.220044000467169
1103,36.766666666666666,track,1,318.0,239.0,320.45291280970036,238.18503627246926,318.370043594301,239.40822920003393,0.5509839756685873,1.7340561017947516,1.7340561017947516,-0.5156338478012403,0.37927068324204544,14.350416999150184
1104,36.8,track,1,318.0,240.0,320.3148317590781,238.37681068439065,317.74481244615345,239.7177561530716,0.3805026632851959,2.272780784007411,2.272780784007411,-0.5034951691602528,0.37234724727679985,14.534762998664519
1105,36.833333333333336,track,1,316.0,240.0,319.936453228672,238.55800834791842,316.1195812980068,240.02728310610837,0.12265420788503992,3.8805146141533444,3.8805146141533444,-0.49210427598093504,0.3650425488272103,14.162474999466212
1106,36.86666666666667,track,1,315.0,240.0,319.4537623383112,238.72851471264715,315.4943501498601,240.3368100591456,0.5981831547347106,4.518221064534941,4.518221064534941,-0.5100764069561413,0.3574178814721671,13.486492000083672
1107,36.9,track,1,315.0,241.0,318.9948887031155,239.00790355217455,314.86911900171435,240.6463370121828,0.37710389107516257,5.17143030039912,5.17143030039912,-0.5261444232086191,0.34316819159916356,14.86929400016379
1108,36.93333333333333,track,1,314.0,241.0,318.44088427927045,239.26904655379573,314.2438878535677,240.9558639652205,0.24784929833249655,5.834938128404848,5.834938128404848,-0.5496219665540555,0.32859805595670244,14.600418999179965
1109,36.96666666666667,track,1,314.0,241.0,317.9193234334402,239.51213760047014,313.618656705421,241.26539091825725,0.4646020316505094,6.50559424028859,6.50559424028859,-0.5741015391425248,0.28828826637900246,14.38607099953515
1110,37.0,track,1,313.0,241.0,317.3107039399027,239.73748480193422,312.99342555727344,240.57491787129447,0.42513296677861406,7.0301220458966975,7.0301220458966975,-0.6057565895332968,0.28339781458869945,14.336182999613811
1111,37.03333333333333,track,1,312.0,241.0,316.622457486679,239.94549449621712,312.3681944091277,240.8844448243317,0.38590169931812385,7.682883522750888,7.682883522750888,-0.6445215364955797,0.2783070078694469,14.15824200012139
1112,37.06666666666667,track,1,312.0,240.0,315.98132630210773,240.01706335523198,311.7429632609801,240.19397177736846,0.32201387488967215,8.259314787555914,8.259314787555914,-0.683940688461042,0.2732072693663243,13.960391999717103
1113,37.1,track,1,312.0,241.0,315.38655709635077,240.19953621111836,312.11773211283435,240.50349873040614,0.5102689105763334,7.898332609897071,7.898332609897071,-0.723780395052444,0.26802661637024205,14.031003998752567
1114,37.13333333333333,track,1,312.0,240.0,314.8371337036062,240.24668807766702,312.4925009646877,239.81302568344336,0.5267984389404718,7.509826972724955,7.509826972724955,-0.7638189465640317,0.2629262257823684,15.116651000425918
1115,37.166666666666664,track,1,313.0,240.0,314.4514092938289,240.28632268289994,312.867269816541,240.12255263648058,0.1806556124492051,7.133782938857562,7.133782938857562,-0.797482702397069,0.2579262390894737,14.974741001424263
1116,37.2,track,1,313.0,239.0,314.100764143107,240.1994442240146,313.24203866839434,239.43207958951734,0.49525295423205984,6.781782579242724,6.781782579242724,-0.8308263455900278,0.2531547222575404,14.686181999422843
1117,37.233333333333334,track,1,315.0,239.0,314.02285883856183,240.11382353022304,314.6168075202477,238.74160654255502,0.46217275491866333,5.528319398135595,5.528319398135595,-0.8509762377716195,0.24860413576287343,14.259962999858544
1118,37.266666666666666,track,1,315.0,239.0,313.9617101959011,240.02996207841264,314.9915763721019,239.05113349559178,0.05182269655662862,5.097514578662395,5.097514578662395,-0.8703004612731705,0.24426487809326866,14.578303000234882
1119,37.3,track,1,316.0,238.0,314.03537284974794,239.8286949341505,316.36634522395434,238.36066044862946,0.5140863568698931,3.98633681419009,3.98633681419009,-0.8823939458254555,0.24024032137737908,14.707382000779035
1120,37.333333333333336,track,1,317.0,238.0,314.2347772208091,239.6375746806279,316.7411140758077,237.67018740166623,0.41928304492859103,4.006040964625006,4.006040964625006,-0.8871142964641809,0.23650217027259124,14.377613000760903
1121,37.36666666666667,track,1,318.0,237.0,314.55098101566705,239.3372499293618,318.115882927661,236.9797143547039,0.11764506079034867,3.559778437130735,3.559778437130735,-0.8843649952584217,0.2677909565388476,13.735390000874759
1122,37.4,track,1,319.0,237.0,314.97522208966467,239.0550466576976,319.49065177951525,237.28924130774067,0.5695609737727908,2.758196566122602,2.758196566122602,-0.8740932376283065,0.2818623676454972,14.571450001312769
1123,37.43333333333333,track,1,321.0,237.0,315.61855664594145,238.79094629527387,320.8654206313686,236.59876826077834,0.42320032492906706,3.5096054212813113,3.5096054212813113,-0.8499195945528135,0.2963235051506763,14.913861001332407
1124,37.46666666666667,track,1,321.0,237.0,316.225925891053,238.54479465994646,321.2401894832219,236.9082952138151,0.25710067222709765,3.3311722319947368,3.3311722319947368,-0.8244803098265034,0.31107257489986645,14.45381899975473
1125,37.5,track,1,322.0,237.0,316.91659967197916,238.31631935005674,321.61495833507524,237.21782216685278,0.4423839736026503,3.2169246057818546,3.2169246057818546,-0.7916227586737543,0.32601291127506504,14.252588000090327
1126,37.53333333333333,track,1,323.0,237.0,317.68297047005063,238.105145956879,322.9897271869286,236.52734911988955,0.4727625039674609,4.582332679694016,4.582332679694016,-0.7514379419097769,0.34105434903627363,14.277603000664385
1127,37.56666666666667,track,1,323.0,237.0,318.3981712352976,237.91081311486198,323.364496038781,236.83687607292677,0.39933291608735644,4.617920156628545,4.617920156628545,-0.7104093008815732,0.3561140109813121,14.295666000180063
1128,37.6,track,1,323.0,237.0,319.06287618222865,237.73278641403573,322.73926489063524,237.146403025964,0.2990261581649106,3.95557680133939,3.95557680133939,-0.6687990113306681,0.37111668639700385,14.003088001118158
1129,37.63333333333333,track,1,323.0,237.0,319.67806335893926,237.57047120471358,323.1140337424886,237.4559299790012,0.46997429735890417,4.0211314851795334,4.0211314851795334,-0.610023757714092,0.38599492413474995,14.759904999664286
1130,37.666666666666664,track,1,322.0,238.0,320.1253778890271,237.5428173038016,322.4888025943419,237.76545693203843,0.5421608866048911,3.344745293169286,3.344745293169286,-0.5965984753992204,0.3943215041651914,15.270293999492424
1131,37.7,track,1,322.0,238.0,320.53346964839733,237.52195148883067,321.86357144619524,238.0749838850752,0.15567701601145092,2.6792882595559564,2.6792882595559564,-0.5550329397614883,0.4022874063084351,14.66247200005455
1132,37.733333333333334,track,1,321.0,238.0,320.7843293411482,237.50722081902921,321.23834029804857,238.38451083811287,0.45238775657630903,2.0355077808610287,2.0355077808610287,-0.5263711050400213,0.40987872864552144,14.040871999895899
1133,37.766666666666666,track,1,321.0,240.0,321.0068300450239,237.73718962951625,320.6131091499019,239.6940377911501,0.4932518658190174,0.6852121590702739,0.6852121590702739,-0.49838131917542694,0.40435481747346225,14.000219000081415
1134,37.8,track,1,320.0,240.0,321.08307629009505,237.95688425802564,319.98787800175614,240.00356474418732,0.012635277699561942,0.012635277699561942,0.012635277699561942,-0.47751894786741844,0.39820260190427453,14.015844999448746
1135,37.833333333333336,track,1,318.0,240.0,320.9027718831605,238.16586072607944,318.36264685360857,240.31309169722408,0.47910244343235087,1.6670188171909104,1.6670188171909104,-0.4703439225665711,0.3914895735745215,13.932095000200206
1136,37.86666666666667,track,1,318.0,241.0,320.7219296396767,238.48340268665777,317.7374157054628,240.62261865026176,0.45974688130301977,2.346687383001863,2.346687383001863,-0.46439017632063084,0.37792195484522956,13.52989099905244
1137,37.9,track,1,316.0,241.0,320.30280492000395,238.78212960942594,316.11218455731614,240.93214560329898,0.13110909217852995,3.9980000427864812,3.9980000427864812,-0.48816798403632156,0.36381874461034674,14.380423999682534
1138,37.93333333333333,track,1,315.0,241.0,319.78145116486985,239.0620172105622,315.4869534091695,241.2416725563362,0.5436260177620688,4.680741422912134,4.680741422912134,-0.47763356883454583,0.349286156078372,14.285605000623036
1139,37.96666666666667,track,1,315.0,242.0,319.28604286662886,239.44278046123495,314.8617222610228,241.55119950937296,0.46961964767640796,5.367319446497247,5.367319446497247,-0.5052797104091715,0.32806168043138745,14.492552998490282
1140,38.0,track,1,313.0,241.0,318.57806322481633,239.67788424028066,313.23649111287614,240.86072646241064,0.2744543035589882,6.818057091965232,6.818057091965232,-0.5361199172598994,0.2960142148145502,14.48284700018121
1141,38.03333333333333,track,1,313.0,241.0,317.9122829627275,239.89493753034833,312.61125996472947,241.17025341544786,0.4243878420664221,7.4808403515365125,7.4808403515365125,-0.5681642100570871,0.29091892056358903,14.17668800058891
1142,38.06666666666667,track,1,312.0,241.0,317.16913151119576,240.09444645403244,311.9860288165828,241.47978036848463,0.4799837455053247,8.149446856541475,8.149446856541475,-0.6075372616043629,0.28564547830942905,13.847619999069138
1143,38.1,track,1,311.0,241.0,316.3559063346833,240.2769901833248,311.36079766843613,240.78930732152185,0.41781139562397,8.675184319281437,8.675184319281437,-0.654125327292424,0.28026990624646053,14.12683699891204
1144,38.13333333333333,track,1,312.0,241.0,315.71875148810216,240.44320779379098,311.73556652028947,241.09883427455952,0.28229998055176664,8.337163636603703,8.337163636603703,-0.6950591448694353,0.2748499516754518,14.604186999349622
1145,38.166666666666664,track,1,312.0,240.0,315.12948219636854,240.4741933408293,312.1103353721437,240.4083612275963,0.42300447580378847,7.90022574565124,7.90022574565124,-0.7363051552203803,0.26954414160246964,14.25577200097905
1146,38.2,track,1,312.0,241.0,314.58685823344035,240.61745573999886,312.48510422399613,240.7178881806335,0.5611712633101957,7.5491073620722915,7.5491073620722915,-0.7776332064058529,0.23197057034104016,15.220940000290284
1147,38.233333333333334,track,1,313.0,240.0,314.209025440874,240.6269046800772,312.85987307584946,240.02741513367073,0.14278355796825498,7.140179555342679,7.140179555342679,-0.8124663280696376,0.2241587285871764,14.508070000374573
1148,38.266666666666666,track,1,313.0,239.0,313.86717354752454,240.51085761013854,313.2346419277037,239.3369420867084,0.4105932342744155,6.7977728443044665,6.7977728443044665,-0.8468594139373029,0.22311280200711997,13.910190999013139
1149,38.3,track,1,315.0,239.0,313.7987880437584,240.39718565372047,314.60941077955704,238.64646903974517,0.5268245239023546,5.557922112077878,5.557922112077878,-0.8679415192782176,0.24337012817137707,14.491906000330346
1150,38.333333333333336,track,1,315.0,238.0,313.74772668647455,240.16687734634692,314.98417963140946,237.9559959927824,0.04676148750358453,5.416309292450845,5.416309292450845,-0.8880850572452015,0.2391000427465823,13.884747000702191
1151,38.36666666666667,track,1,316.0,238.0,313.8318992859652,239.94761421305424,316.3589484832637,238.2655229458196,0.4464823046818733,4.033071633259937,4.033071633259937,-0.9008904232135683,0.23521215817196772,16.846272999828216
1152,38.4,track,1,318.0,238.0,314.1616985889875,239.73974474372608,317.73371733511703,237.5750498988573,0.501486835398872,3.3190992920039446,3.3190992920039446,-0.8998539636271625,0.23165861914770156,16.474461001052987
1153,38.43333333333333,track,1,318.0,237.0,314.4812801080466,239.42389611758207,318.10848618697037,236.88457685189405,0.1584037748352508,3.644679121217157,3.644679121217157,-0.8974965061776236,0.25863524596411785,17.325539000012213
1154,38.46666666666667,track,1,319.0,237.0,314.9090254892483,239.12736580121216,319.4832550388237,237.19410380493127,0.520779914779068,2.853082335370336,2.853082335370336,-0.8875600547956946,0.2733902810270982,17.66472400049679
1155,38.5,track,1,321.0,237.0,315.5559489927533,238.85010116957358,320.85802389067703,236.5036307579685,0.5162747718545027,3.600111508494774,3.600111508494774,-0.8636733990139216,0.2885348365294437,18.760596998617984
1156,38.53333333333333,track,1,322.0,237.0,316.2865475763486,238.59190920721278,322.23279274253036,236.81315771100572,0.2985004219954007,3.891185835451527,3.891185835451527,-0.8321118398858964,0.3039638990591624,18.540615999881993
1157,38.56666666666667,track,1,323.0,236.0,317.09286545122484,238.2328818831238,322.6075615943837,236.12268466404294,0.41116837061475725,4.672574417058833,4.672574417058833,-0.7929713749179763,0.32594495122217626,19.176973000867292
1158,38.6,track,1,323.0,236.0,317.8477288922654,237.89979106751863,322.98233044623703,236.43221161708016,0.4325726471579384,4.6500977232580984,4.6500977232580984,-0.7527461813552423,0.34814131800031217,17.544199999974808
1159,38.63333333333333,track,1,323.0,237.0,318.5515441422819,237.7116638928644,323.35709929809036,236.74173857011738,0.4407027057571187,4.678288495026739,4.678288495026739,-0.711712833226507,0.364068376590425,15.040291000332218
1160,38.666666666666664,track,1,324.0,237.0,319.3246504125181,237.54061695849714,323.7318681499446,237.0512655231546,0.27298872298768045,4.756245883415583,4.756245883415583,-0.6637704390469896,0.3798588327117397,14.684533998661209
1161,38.7,track,1,324.0,237.0,320.040895618211,237.38590989783216,324.106637001797,237.36079247619182,0.37622155843184046,4.881586198998659,4.881586198998659,-0.6175518667031491,0.39544176124417013,14.841510999758611
1162,38.733333333333334,track,1,323.0,238.0,320.58203374195665,237.36635936324774,323.48140585365036,237.67031942922858,0.5834731139247089,4.18898535204658,4.18898535204658,-0.573418556067637,0.40438953582594794,14.417248999961885
1163,38.766666666666666,track,1,323.0,238.0,321.0768653880515,237.35397131504982,322.8561747055046,237.97984638226626,0.14523045012822317,3.4983931436599582,3.4983931436599582,-0.5315000116021522,0.41289481639067477,13.738542998908088
1164,38.8,track,1,322.0,238.0,321.4075680730715,237.34798349034529,322.23094355735793,238.28937333530348,0.3702321621223594,2.811290227295575,2.811290227295575,-0.4963582039642177,0.42094679822789055,16.281002999676275
1165,38.833333333333336,track,1,321.0,239.0,321.58363881489504,237.46726894182927,320.60571240921035,238.5989002883407,0.5624443820893541,1.5264232455918585,1.5264232455918585,-0.46828626154228936,0.42217627467353286,14.950246000807965
1166,38.86666666666667,track,1,320.0,240.0,321.6146161846313,237.7035514177535,319.9804812610646,239.90842724137747,0.09362986324548979,0.09362986324548979,0.09362986324548979,-0.44752333248025755,0.4164639893090284,14.550803000020096
1167,38.9,track,1,318.0,240.0,321.39040982878754,237.92906077697887,318.35525011291793,240.21795419441514,0.41678132586688077,1.6591281511443408,1.6591281511443408,-0.44062210555320935,0.41009431957369763,15.729217999250977
1168,38.93333333333333,track,1,318.0,241.0,321.16720322386425,238.26296131972433,317.73001896477126,240.52748114745236,0.5442093580563613,2.3304613837641246,2.3304613837641246,-0.4351049476485773,0.39677716739507074,14.514444999804255
1169,38.96666666666667,track,1,316.0,241.0,320.7073904779837,238.57776886259558,316.1047878166246,240.83700810048958,0.1937700849433759,3.9841260665045954,3.9841260665045954,-0.4436350656087248,0.3828368776436184,14.433851998546743
1170,39.0,track,1,314.0,241.0,320.02754140081674,238.87336992648702,314.4795566684779,241.14653505352635,0.5014450320759172,5.638247707001813,5.638247707001813,-0.46781317940119493,0.36838602584556435,14.410922998649767
1171,39.03333333333333,track,1,314.0,241.0,319.383105240517,239.14981083692308,313.85432552033126,241.45606200656403,0.4787625798430402,6.315808054161471,6.315808054161471,-0.490770783396794,0.35353643735199847,13.854771999831428
1172,39.06666666666667,track,1,312.0,242.0,318.53556767213536,239.52687114390034,312.2290943721846,241.7655889596008,0.32776938116256576,7.968957187152997,7.968957187152997,-0.5291405582982338,0.30728985710278534,14.051002999622142
1173,39.1,track,1,312.0,242.0,317.7396293857858,239.87766750679558,311.6038632240379,242.075115912638,0.4031956666447077,8.648769786018493,8.648769786018493,-0.5688583684159995,0.3021337769970376,14.791417999731493
1174,39.13333333333333,track,1,311.0,241.0,316.87558666584397,240.08307714649737,310.97863207589126,241.38464286567523,0.38523593069127376,9.12701019434094,9.12701019434094,-0.6160019937873427,0.2967678977240078,14.708890001202235
1175,39.166666666666664,track,1,311.0,242.0,316.0701420571968,240.39049536060648,311.3534009277455,241.6941698187129,0.4673588722999423,8.81100941384982,8.81100941384982,-0.6640454563127205,0.29116476699143373,14.606234000893892
1176,39.2,track,1,311.0,242.0,315.32242009681914,240.67340291025496,310.7281697795979,242.00369677174967,0.2718553564769557,9.485865083854048,9.485865083854048,-0.7126883536249683,0.2501960091925614,14.679071999125881
1177,39.233333333333334,track,1,311.0,241.0,314.63121053500026,240.8129842250868,311.10293863145216,241.3132237247869,0.32970511614868836,8.993456373778075,8.993456373778075,-0.7616466329088489,0.23477626810447905,14.169518999551656
1178,39.266666666666666,track,1,311.0,241.0,313.9950175879893,240.93729649933317,311.4777074833055,240.62275067782411,0.6087047647983655,8.545015397694586,8.545015397694586,-0.8106566413871419,0.2196743064994872,14.306011998996837
1179,39.3,track,1,312.0,240.0,313.53169835830795,240.92762643503832,311.8524763351588,239.9322776308618,0.1623254476964807,8.147805114779603,8.147805114779603,-0.8531099781960908,0.21131143788404075,14.169180998578668
1180,39.333333333333336,track,1,313.0,239.0,313.231719726667,240.7924572416919,313.22724518701216,239.24180458389856,0.33182801541543305,6.8150618519458215,6.8150618519458215,-0.8886652968058708,0.20985392292911811,14.514049000354134
1181,39.36666666666667,track,1,315.0,240.0,313.205037916405,240.77939888415116,314.6020140388655,239.55133153693578,0.5997467924120737,5.416600024586795,5.416600024586795,-0.9106690902770472,0.20269207621529753,14.305848999356385
1182,39.4,track,1,316.0,239.0,313.31480633767995,240.64237518090323,315.9767828907188,238.860858489973,0.14106521178507658,4.181377678263396,4.181377678263396,-0.9251348531257821,0.20239680085276818,14.781952000703313
1183,39.43333333333333,track,1,316.0,238.0,313.4318916307893,240.38964101917017,316.35155174257306,238.17038544301067,0.3906658762882956,4.08150267845911,4.08150267845911,-0.938286682071467,0.2294489561246966,14.291698000306496
1184,39.46666666666667,track,1,318.0,237.0,313.7937130594998,240.0293450509327,317.7263205944255,237.47991239604744,0.5524638675204128,3.394180250211975,3.394180250211975,-0.9374245908485843,0.22571748848185347,13.889829000618192
1185,39.5,track,1,319.0,237.0,314.26388172217526,239.6890732399702,319.1010894462788,236.78943934908466,0.23356982652485378,3.3340275758903455,3.3340275758903455,-0.9287205042814407,0.22250022209617368,14.885931999742752
1186,39.53333333333333,track,1,320.0,236.0,314.83347406411315,239.24942870029525,320.47585829813306,236.09896630212188,0.48604058355015306,3.929949749282137,3.929949749282137,-0.9121772924361922,0.2590778352447349,13.72053300110565
1187,39.56666666666667,track,1,322.0,236.0,315.6134696210343,238.8376221804356,321.8506271499855,236.40849325515865,0.43494710923463525,4.040265034190744,4.040265034190744,-0.8814716223954889,0.2810693544700871,14.823437999439193
1188,39.6,track,1,323.0,236.0,316.4684015909709,238.4534598433063,323.2253960018388,235.71802020819632,0.3609930201964711,5.360832986215192,5.360832986215192,-0.8429270331399794,0.30351983474174954,14.855645000352524
1189,39.63333333333333,track,1,324.0,236.0,317.3904126239365,238.0965605574562,323.60016485369306,236.0275471612331,0.4007829715872354,5.3611163510964825,5.3611163510964825,-0.796686472440808,0.3262842092577387,14.174269999784883
1190,39.666666666666664,track,1,325.0,236.0,318.37207432985826,237.76638119798125,324.9749337055464,236.33707411427076,0.33800484852891444,6.1779439475384414,6.1779439475384414,-0.7429212888665107,0.3492254057284976,14.30131900087872
1191,39.7,track,1,325.0,236.0,319.2867996521211,237.46224015500593,325.3497025573988,235.64660106730753,0.49717470197049296,6.897202311068406,6.897202311068406,-0.688192974379447,0.3722162123123718,14.839845998722012
1192,39.733333333333334,track,1,325.0,236.0,320.13562921574277,237.18333908510766,324.72447140925306,235.9561280203452,0.2789995607842921,6.218804602549171,6.218804602549171,-0.6399293147831613,0.3951403180265023,13.909563998822705
1193,39.766666666666666,track,1,325.0,237.0,320.9199809082401,237.04837583400354,325.0992402611064,237.26565497338197,0.28358630839135973,5.786094880407605,5.786094880407605,-0.5776545752755607,0.41152535733796036,15.111841001271387
1194,39.8,track,1,324.0,238.0,321.5220010824845,237.04877778958067,324.4740091129597,237.57518192641965,0.6365178982631866,5.088860406103567,5.088860406103567,-0.5283548384412358,0.42115374697272934,15.85304900072515
1195,39.833333333333336,track,1,324.0,238.0,322.0708907928551,237.05637404246812,323.84877796481305,237.8847088794564,0.1901582141330702,4.391759140376559,4.391759140376559,-0.47943185004401,0.4302179306113871,13.852067000698298
1196,39.86666666666667,track,1,322.0,238.0,322.3296391880063,237.07024636993194,322.2235468166664,238.1942358324941,0.29614310369540153,2.8644274601664357,2.8644274601664357,-0.44383506538832923,0.43871060162334535,14.957653998862952
1197,39.9,track,1,322.0,240.0,322.55493332595836,237.32872434524654,321.5983156685197,239.50376278553085,0.6384368999210963,1.67357830688012,1.67357830688012,-0.40926360885331586,0.4339010493704806,15.009086000645766
1198,39.93333333333333,track,1,320.0,240.0,322.5098729969431,237.57662861977167,319.97308452037396,239.81328973856853,0.18864030525661357,0.18864030525661357,0.18864030525661357,-0.38854881008433284,0.4282882107139865,14.507568999761133
1199,39.96666666666667,track,1,318.0,240.0,322.21190624891096,237.81333625164726,318.3478533722264,240.1228166916053,0.3688982357048292,1.6567052904486688,1.6567052904486688,-0.3820080318452888,0.42195278384034896,14.505265000479994
1200,40.0,track,1,317.0,240.0,321.79791291752736,238.0383840468671,316.7226222240797,240.43234364464251,0.5136725198385226,3.3057716365712517,3.3057716365712517,-0.38350645165278385,0.41498218157642636,14.503352998872288
1201,40.03333333333333,track,1,315.0,242.0,321.15771436429463,238.49063874877058,315.09739107593396,241.74187059767974,0.27589093862211306,5.202853778590474,5.202853778590474,-0.3994365051567939,0.3947310966536156,14.103653000347549
1202,40.06666666666667,track,1,313.0,242.0,320.3080099354184,238.91552640676488,313.4721599277864,242.05139755071696,0.47494916109720686,6.842581962935151,6.842581962935151,-0.44600388453789086,0.37377476017268,13.685856998563395
1203,40.1,track,1,312.0,242.0,319.38468986332117,239.31308493604158,311.8469287796397,242.36092450375418,0.3920424669762026,8.48802302286546,8.48802302286546,-0.4696453664395495,0.3522613800544891,14.545883999744547
1204,40.13333333333333,track,1,311.0,243.0,318.39597423324534,239.80314867834045,311.22169763149395,242.6704514567914,0.39718016332760214,9.17550562399687,9.17550562399687,-0.5163474161038907,0.3136772156126556,14.234218999263248
1205,40.166666666666664,track,1,311.0,242.0,317.46919085595493,240.13935142823098,310.5964664833473,241.97997840982862,0.4040299037634437,9.609722009621217,9.609722009621217,-0.5644982966878385,0.3082407672881916,14.155725999444257
1206,40.2,track,1,310.0,242.0,316.48439648813326,240.44951323525322,309.9712353351997,242.28950536286538,0.2909308527277416,10.286785479854057,10.286785479854057,-0.6201233069430241,0.3025152686251144,15.295415998480166
1207,40.233333333333334,track,1,309.0,243.0,315.44841305954213,240.85397980010035,309.34600418705395,242.59903231590306,0.5296168248355868,10.966430401975858,10.966430401975858,-0.683016038938136,0.2518357744734608,14.217183999789995
1208,40.266666666666666,track,1,310.0,242.0,314.6068221539624,241.10682142012195,309.7207730389073,241.90855926894028,0.29381814630449593,10.45490819666597,10.45490819666597,-0.740222184547618,0.22946882635760124,13.776076999420184
1209,40.3,track,1,310.0,241.0,313.8308043384223,241.21663253652713,310.0955418907606,241.2180862219775,0.23809631056892283,9.979079340392541,9.979079340392541,-0.7976311961202416,0.2137092263099872,13.816010001391987
1210,40.333333333333336,track,1,310.0,241.0,313.11842594382114,241.31166163882233,310.47031074261395,240.52761317501427,0.6665894591412198,9.544283786895054,9.544283786895054,-0.8549441153891819,0.19840779016939267,14.282698999522836
1211,40.36666666666667,track,1,311.0,240.0,312.5870929032393,241.27336013907797,310.8450795944673,239.83714012805194,0.22477470930102547,9.156368874697565,9.156368874697565,-0.905523246322338,0.18997996208052695,14.584935001039412
1212,40.4,track,1,312.0,239.0,312.2268126680131,241.11035129629244,312.2198484463206,239.14666708108916,0.2642812366113073,7.82680875380999,7.82680875380999,-0.9490031648456808,0.18858340236049506,14.232602999982191
1213,40.43333333333333,track,1,314.0,238.0,312.1470782576245,240.831176579617,313.59461729817485,238.45619403412638,0.6102852871498377,6.588798404649196,6.588798404649196,-0.9787108575586733,0.19433303906677818,14.542671000526752
1214,40.46666666666667,track,1,316.0,238.0,312.3301729662333,240.56383330100027,315.9693861500273,237.76572098716315,0.23627074229781744,4.608454265238525,4.608454265238525,-0.9942769240623526,0.20093457020579614,14.52166200033389
1215,40.5,track,1,317.0,237.0,312.63890488089817,240.18934910582576,317.3441550018806,237.07524794020082,0.35228527903378026,3.9506565612990596,3.9506565612990596,-1.0017894894791008,0.22456526853619646,14.403907000087202
1216,40.53333333333333,track,1,319.0,237.0,313.18310471216745,239.8353676479344,318.71892385373485,237.38477489323805,0.47650342964727677,2.912139840661441,2.912139840661441,-0.9948145738246063,0.22124670090930756,14.010466000399902
1217,40.56666666666667,track,1,320.0,237.0,313.82610338798014,239.50213207226201,320.0936927055873,236.6943018462748,0.3197337709270831,3.3070256434781973,3.3070256434781973,-0.9795823513239095,0.2184304734135298,13.778215999991517
1218,40.6,track,1,322.0,236.0,314.67839627229813,239.07010560760082,322.4684615574415,236.00382879931203,0.4684772038260789,4.697093433792275,4.697093433792275,-0.9497901526198711,0.2647686519182312,15.12017300046864
1219,40.63333333333333,track,1,324.0,235.0,315.7236916225057,238.54677853261006,323.84323040929485,235.3133557523497,0.35038340728480905,6.060944999169867,6.060944999169867,-0.9054204859969717,0.2937057257503223,14.402045999304391
1220,40.666666666666664,track,1,325.0,236.0,316.82658371612206,238.1786262495158,325.2179992611482,235.62288270538693,0.4355928509025768,6.810776174573923,6.810776174573923,-0.8528893434491206,0.3168029231422238,14.32545700117771
1221,40.7,track,1,326.0,236.0,317.9794009978035,237.83791484347714,325.5927681130015,235.9324096584237,0.4128029361120767,6.915514901487187,6.915514901487187,-0.7924307593496825,0.3401227740137255,15.102354998816736
1222,40.733333333333334,track,1,326.0,235.0,319.0554163739464,237.40436378865226,325.96753696485484,235.24193661146091,0.24410483939493138,7.632212302882108,7.632212302882108,-0.7306707266493816,0.3698929852831967,14.342545000545215
1223,40.766666666666666,track,1,326.0,236.0,320.05562229357645,237.12394901311862,326.3423058167082,235.55146356449814,0.5642324043556608,7.7468909564184525,7.7468909564184525,-0.6709175155228752,0.3933766951993927,14.129475001027458
1224,40.8,track,1,327.0,237.0,321.1010625939203,236.98810526594013,326.7170746685624,236.8609905175358,0.31523067646412095,7.41434236018563,7.41434236018563,-0.5986559416954167,0.41030574561322697,14.303408999694511
1225,40.833333333333336,track,1,326.0,237.0,321.94679582629755,236.86859802776368,326.09184352041484,237.17051747057258,0.19367870304362547,6.716883865421174,6.716883865421174,-0.535185447510906,0.4268223472990531,14.398502000403823
1226,40.86666666666667,track,1,325.0,237.0,322.6026525830205,236.7643834666313,325.4666123722682,237.4800444236098,0.6694548189329843,6.0194706524424175,6.0194706524424175,-0.47826924492535466,0.44287078468177205,15.156149998801993
1227,40.9,track,1,324.0,238.0,323.07873345958143,236.79401903460882,323.8413812241224,237.78957137664702,0.26351493617465915,4.431952663102166,4.431952663102166,-0.4283275748520363,0.45204213224664813,14.48961300047813
1228,40.93333333333333,track,1,323.0,239.0,323.385299860782,236.94888532119745,323.21615007597575,239.09909832968424,0.23778421791726928,3.3399468754422625,3.3399468754422625,-0.38571603093908113,0.4541822721884594,14.430739000090398
1229,40.96666666666667,track,1,322.0,239.0,323.532676641311,237.1008473768679,321.59091892782817,239.40862528272146,0.5782057983870851,1.6972763744182053,1.6972763744182053,-0.3507251974866244,0.4555452534030354,14.529784000842483
1230,41.0,track,1,320.0,241.0,323.4115730229505,237.48828129337875,319.9656877796824,240.71815223575868,0.28392867180148146,0.7189714613170076,0.7189714613170076,-0.3299497446145493,0.4434474474622071,14.713180000399007
1231,41.03333333333333,track,1,317.0,241.0,322.9201990192755,237.8561182197156,317.34045663153574,241.0276791887959,0.3415799400565915,2.851191933880706,2.851191933880706,-0.3300480837663463,0.4304343531734825,14.620169000409078
1232,41.06666666666667,track,1,316.0,241.0,322.3229220491871,238.20390119795758,315.71522548338817,241.33720614183312,0.4413666360311824,4.488586962949742,4.488586962949742,-0.3386125658031529,0.4166313513104229,14.045533000171417
1233,41.1,track,1,314.0,243.0,321.50974823749664,238.77056637239835,314.0899943352424,242.64673309487034,0.36454970393021835,6.475597503933421,6.475597503933421,-0.3619733508852183,0.3894329553055507,14.865454000755562
1234,41.13333333333333,track,1,312.0,243.0,320.4974611119034,239.30166427582455,312.46476318709574,242.95626004790756,0.46681688432236423,8.094397278204347,8.094397278204347,-0.42617814875499543,0.36145408299090925,14.8157359999459
1235,41.166666666666664,track,1,311.0,243.0,319.4219458924457,239.7974048539509,310.8395320389491,243.26578700094478,0.31047173203862527,9.725201180488785,9.725201180488785,-0.44855455719856724,0.32228798978208406,14.299716000095941
1236,41.2,track,1,310.0,243.0,318.2913391632251,240.25824214632289,310.2143008908024,242.57531395398155,0.47569224240204955,10.118900583429143,10.118900583429143,-0.5034156306428278,0.3166812914333498,15.407554999910644
1237,41.233333333333334,track,1,309.0,243.0,317.1132238837825,240.684841637488,308.58906974265574,242.88484090701922,0.4267614006645589,11.769946320896553,11.769946320896553,-0.5662048742488788,0.2748582561837376,15.372506000858266
1238,41.266666666666666,track,1,308.0,242.0,315.8946378638959,240.95845701907174,307.96383859450907,242.19436786005645,0.1977030911999136,12.234558908447745,12.234558908447745,-0.6366536425569516,0.25194064228414537,14.857927999401
1239,41.3,track,1,308.0,243.0,314.76167825925984,241.3268728800297,308.3386074463633,242.50389481309367,0.6006457851413359,11.927177600968745,11.927177600968745,-0.7081098448695564,0.22284865345726565,14.519649999783724
1240,41.333333333333336,track,1,308.0,242.0,313.7127308314179,241.54437471399916,307.71337629821574,241.81342176613043,0.3420008534761317,12.419727069912708,12.419727069912708,-0.7801543687416437,0.2002982931218861,14.511519999359734
1241,41.36666666666667,track,1,309.0,241.0,312.86532762938737,241.6197410097792,309.08814515006907,241.1229487191681,0.15128104648559423,10.969484495264238,10.969484495264238,-0.846026198558903,0.1845340685159672,13.760072000877699
1242,41.4,track,1,309.0,240.0,312.08983818080975,241.5617825958675,309.4629140019233,240.43247567220533,0.6335018391655258,10.545957355210255,10.545957355210255,-0.9116056246212806,0.1757562421226692,14.823149000221747
1243,41.43333333333333,track,1,311.0,240.0,311.6227522630545,241.49886457318792,310.83768285377664,239.74200262524255,0.30481059912646075,9.165948839774325,9.165948839774325,-0.9638593511718173,0.1677519678341468,14.568770000551012
1244,41.46666666666667,track,1,312.0,239.0,311.32637790074943,241.31246623399298,312.21245170562906,239.05152957827931,0.21861158400767003,7.845094300136786,7.845094300136786,-1.0086438770537471,0.16687401589535025,14.202575001036166
1245,41.5,track,1,315.0,238.0,311.42935524485375,241.01116038557728,314.5872205574833,238.36105653131654,0.5484055861957652,5.655467883992581,5.655467883992581,-1.0329342423294203,0.1732198711309054,14.46186800058058
1246,41.53333333333333,track,1,316.0,238.0,311.66679611257626,240.72296234933907,315.96198940933664,237.6705834843542,0.33160224031630153,4.6617283097229985,4.6617283097229985,-1.0489932487981848,0.18048033297496177,14.471401998889633
1247,41.56666666666667,track,1,318.0,237.0,312.14801844192084,240.32890590831678,318.33675826118906,236.98011043739098,0.3373451069451848,3.4476232468292927,3.4476232468292927,-1.0503546283040932,0.2121168826222492,14.041385000382434
1248,41.6,track,1,320.0,236.0,312.8554312987482,239.83703747148775,319.7115271130433,236.2896373904282,0.4087865267388191,3.721559794094085,3.721559794094085,-1.0368560171834083,0.20919817865282125,14.431984000111697
1249,41.63333333333333,track,1,322.0,236.0,313.7718253412763,239.37477875445626,322.08629596489664,235.59916434346542,0.4100197764827335,4.870316758586668,4.870316758586668,-1.0084188780238308,0.23961000939041877,14.68139499957033
1250,41.666666666666664,track,1,323.0,235.0,314.76086532820705,238.8225152840922,323.46106481674997,234.90869129650264,0.4700191959686862,6.156329586697943,6.156329586697943,-0.971410222627906,0.2690654172246335,14.916832999006147
1251,41.7,track,1,325.0,235.0,315.9335396521302,238.30719491805954,324.8358336686033,235.21821824953986,0.27307469453702854,6.80078848218579,6.80078848218579,-0.9196578907713336,0.2991215254108218,15.183445999355172
1252,41.733333333333334,track,1,326.0,235.0,317.1545931204233,237.82832304454044,326.21060252045663,234.52774520257708,0.5170860811428301,8.277509059796941,8.277509059796941,-0.8596337650478407,0.32959071288083386,14.729709000675939
1253,41.766666666666666,track,1,328.0,235.0,318.53614976957084,237.38518669405175,327.58537137230996,234.8372721556143,0.44541806231734526,9.175599034997932,9.175599034997932,-0.785255161254865,0.36029385075963793,14.801561999775004
1254,41.8,track,1,328.0,235.0,319.82453746698917,236.97688608183952,327.9601402241642,235.14679910865152,0.15211436497109948,9.322949709193043,9.322949709193043,-0.7002625781289278,0.391063471358669,15.152963998843916
1255,41.833333333333336,track,1,328.0,235.0,321.0210890941431,236.60236380039234,328.33490907601663,235.45632606168874,0.5660367159245677,9.492928007899001,9.492928007899001,-0.6320295002394687,0.4217456315578336,14.35594499889703
1256,41.86666666666667,track,1,328.0,236.0,322.127677346262,236.38002460461144,327.70967792786996,235.76585301472596,0.37297683075333193,8.795858937272158,8.795858937272158,-0.5547137426230194,0.445833444549935,14.713851998749305
1257,41.9,track,1,327.0,237.0,323.0270430324481,236.3009750657754,327.0844467797242,237.07537996776318,0.11319628150149917,7.664384418053776,7.664384418053776,-0.4836728989035143,0.4630781696156927,14.399462999790558
1258,41.93333333333333,track,1,326.0,237.0,323.7295072009801,236.23670149051597,326.45921563157754,237.3849069208004,0.5991930690230013,6.968513355665841,6.968513355665841,-0.41941254207680023,0.4796445473172631,14.494293998723151
1259,41.96666666666667,track,1,325.0,239.0,324.2456557351884,236.4251119092344,324.83398448343087,238.69443387383762,0.34775251142097674,5.007185726117319,5.007185726117319,-0.36237069425192114,0.48276616261368277,15.042183998957626
1260,42.0,track,1,323.0,239.0,324.4666341990222,236.61059433748488,323.2087533352842,239.00396082687485,0.2087909077086696,3.3597904698205987,3.3597904698205987,-0.3192830562866399,0.48491291787514823,14.716384001076221
1261,42.03333333333333,track,1,321.0,240.0,324.41083285707157,236.91167960898022,320.58352218713753,240.31348777991207,0.5212757012952939,0.6623992233056779,0.6623992233056779,-0.29057279742324615,0.47977466086852455,14.341034000608488
1262,42.06666666666667,track,1,319.0,241.0,324.09654996146566,237.31986380851183,318.95829103899086,240.62301473294883,0.3792855507425799,1.2137977248775993,1.2137977248775993,-0.276564914204276,0.4672960788526421,14.62543800153071
1263,42.1,track,1,317.0,242.0,323.5418634375867,237.8268446041244,317.3330598908442,241.9325416859865,0.33982277001209243,3.293521961957979,3.293521961957979,-0.27748841787429335,0.44745947486978344,14.822721999735222
1264,42.13333333333333,track,1,315.0,242.0,322.7645195927723,238.30496746730208,314.70782874269753,242.24206863902373,0.37942228399569045,5.747516715827117,5.747516715827117,-0.29348090196820503,0.4266499114359118,14.334215000417316
1265,42.166666666666664,track,1,313.0,243.0,321.78183765952156,238.87363617710957,313.08259759455086,242.55159559206095,0.45594832567382,7.372997769180348,7.372997769180348,-0.3245946016174001,0.3986742178151021,13.770653999017668
1266,42.2,track,1,310.0,244.0,320.491036122523,239.52530614335242,310.4573664464042,243.86112254509771,0.4779864158912226,10.294179056460713,10.294179056460713,-0.4028457920489259,0.3387600864840351,14.848546999928658
1267,42.233333333333334,track,1,309.0,243.0,319.15513625106075,240.01351733675122,308.8321352982575,243.17064949813494,0.23937378575106105,11.609229958806434,11.609229958806434,-0.44024225015634677,0.33320088823864336,14.480851999906008
1268,42.266666666666666,track,1,308.0,243.0,317.78208894273644,240.46608027875888,308.20690415011177,243.4801764511726,0.5228563393459006,12.295882963656878,12.295882963656878,-0.5100442050415954,0.3271436667018772,14.37656699999934
1269,42.3,track,1,308.0,244.0,316.4987699394585,241.00340542912198,307.5816730019651,243.78970340420983,0.46821163535929405,12.983708920104535,12.983708920104535,-0.5815538208894264,0.2681569551584858,14.854545001071529
1270,42.333333333333336,track,1,307.0,243.0,315.18462636107654,241.37969275411317,306.9564418538175,243.0992303572466,0.10836962627111578,13.406701231851262,13.406701231851262,-0.6606624263261572,0.23818589582788915,14.626579999458045
1271,42.36666666666667,track,1,306.0,243.0,313.8457364181662,241.72331540747643,306.33121070567177,243.40875731028382,0.526101767970846,14.08742088436189,14.08742088436189,-0.7470392367859248,0.2083935345988266,14.533243000187213
1272,42.4,track,1,307.0,243.0,312.7268255907576,242.03556359442703,306.7059795575251,242.71828426332104,0.4071999225020893,13.569084304445875,13.569084304445875,-0.8276162902389192,0.17891660464668258,14.783014999920852
1273,42.43333333333333,track,1,308.0,242.0,311.8177187998955,242.19821921439615,308.08074840937843,242.0278112163587,0.08540356768014822,12.090515986082854,12.090515986082854,-0.9018132086468076,0.15624120728044483,13.934629001596477
1274,42.46666666666667,track,1,308.0,241.0,310.988267554351,242.22032030434534,308.45551726123176,241.33733816939548,0.5668271480894141,11.621684692205337,11.621684692205337,-0.9754833168848742,0.14059345521837677,14.198749000570388
1275,42.5,track,1,311.0,240.0,310.5940395036973,242.11089416341997,310.8302861130851,239.6468651224327,0.39179975136061157,9.176511156732419,9.176511156732419,-1.0292055483582467,0.13215275266618487,14.878006999424542
1276,42.53333333333333,track,1,312.0,239.0,310.369642088088,241.87888990551474,312.2050549649384,238.95639207546992,0.20964062041436626,7.864495253973586,7.864495253973586,-1.075064808006006,0.13105163762716848,14.456398999755038
1277,42.56666666666667,track,1,315.0,238.0,310.5432727957983,241.53311967335497,314.57982381679176,238.26591902850714,0.4972534109059761,5.690812479137884,5.690812479137884,-1.1000570507151508,0.1373772063079808,15.092985000592307
1278,42.6,track,1,317.0,237.0,310.9692566818644,241.08220792581992,316.9545926686451,236.57544598154436,0.42697533924994346,4.582802203804009,4.582802203804009,-1.1101037071538813,0.151173559783051,14.205375999154057
1279,42.63333333333333,track,1,319.0,236.0,311.629398267535,240.53454821911924,319.3293615204984,235.88497293458158,0.34886994276349775,4.169316936779248,4.169316936779248,-1.1050108060120103,0.1724448801426057,14.828258999841637
1280,42.666666666666664,track,1,321.0,235.0,312.505895305591,239.8982669146685,320.70413037235267,235.1944998876188,0.3540749113505499,4.856812834706027,4.856812834706027,-1.0846776474782043,0.19583949235600637,14.59645700015244
1281,42.7,track,1,323.0,235.0,313.5814272945167,239.30078614537197,323.0788992242051,234.50402684065602,0.5022095801254784,6.299630259073948,6.299630259073948,-1.0490889938388126,0.23052218692487994,14.084618000197224
1282,42.733333333333334,track,1,325.0,234.0,314.83922973911444,238.6224218289208,325.4536680760584,233.81355379369325,0.4904864025441783,8.247097195216387,8.247097195216387,-0.9983069722558806,0.2673982248404374,13.642792999235098
1283,42.766666666666666,track,1,327.0,234.0,316.2631552967852,237.9899910919768,326.82843692791266,234.12308074673047,0.21114629506523225,9.009202561155535,9.009202561155535,-0.9324629530713242,0.3049812244660809,13.883079998777248
1284,42.8,track,1,328.0,233.0,317.71813002853014,237.28322289121178,328.203205779766,233.4326076997677,0.47795607625449704,10.508245652359717,10.508245652359717,-0.8581170047384507,0.3494035398174328,13.954844000181765
1285,42.833333333333336,track,1,330.0,234.0,319.31656949387957,236.74796063215865,329.5779746316184,233.7421346528049,0.49457046903515817,11.441087218772136,11.441087218772136,-0.7692720181728965,0.3878318582733695,13.774651000858285
1286,42.86666666666667,track,1,330.0,234.0,320.8051879456957,236.25578964429624,329.95274348347266,234.05166160584213,0.07001499748258375,11.59481920942367,11.59481920942367,-0.6789239615628928,0.42627140065455815,13.719131999096135
1287,42.9,track,1,329.0,235.0,322.0661923428062,235.9248966689914,329.327512335326,235.36118855887935,0.487566923463872,10.417344092998484,10.417344092998484,-0.5939874918270136,0.4581642567601373,16.20702099899063
1288,42.93333333333333,track,1,330.0,236.0,323.3487747511578,235.74612709035392,329.7022811871793,235.67071551191657,0.4439197738327501,10.62435712943864,10.62435712943864,-0.5023694614129471,0.4832160207561632,13.85081299849844
1289,42.96666666666667,track,1,328.0,237.0,324.2894244309591,235.71026288985854,328.07705003903266,236.98024246495334,0.07954287338318888,8.623089521946792,8.623089521946792,-0.4234969839377093,0.5011834254741766,14.305265998700634
1290,43.0,track,1,327.0,237.0,325.02623761481817,235.68850752876676,327.451818890886,237.289769417991,0.5367556480972451,7.929372900187131,7.929372900187131,-0.3516880435996673,0.5182424485900807,14.855072999125696
1291,43.03333333333333,track,1,325.0,239.0,325.4507751515206,235.91852509771988,324.8265877427393,238.59929637102823,0.4366179213447257,5.02572580773923,5.02572580773923,-0.29376663992266194,0.5216415351006378,15.171838998867315
1292,43.06666666666667,track,1,323.0,240.0,325.58192316297084,236.2640886663578,323.20135659459265,239.908823324065,0.2210376990934048,3.2026547163215118,3.2026547163215118,-0.25023634414312695,0.5175001485252622,14.77439199879882
1293,43.1,track,1,321.0,241.0,325.43854291986196,236.71636247091135,320.576125446446,241.21835027710222,0.47680864155469177,1.3477009786141867,1.3477009786141867,-0.22149453943899544,0.5057695392949194,14.69520299906435
1294,43.13333333333333,track,1,318.0,242.0,324.9197373249264,237.26675497699566,317.9508942982993,241.52787723013944,0.4746696532961901,2.556020932449656,2.556020932449656,-0.2142021153879643,0.48644416930572004,14.800523998928838
1295,43.166666666666664,track,1,316.0,243.0,324.1711062678872,237.9069550853108,316.32566315015356,242.8374041831771,0.36399709753821025,4.642371569020564,4.642371569020564,-0.22231007253673632,0.45955733768147633,14.142244999675313
1296,43.2,track,1,314.0,243.0,323.21060762792206,238.50936898846263,313.700432002006,243.14693113621388,0.33366112181560126,7.041855759487178,7.041855759487178,-0.24588864268167407,0.43154432653023506,14.199062999978196
1297,43.233333333333334,track,1,311.0,244.0,321.93607187274023,239.19352190246212,311.0752008538593,244.4564580892511,0.462611235989719,9.975573091316862,9.975573091316862,-0.29128866623622435,0.3962600920617092,15.855289999308297
1298,43.266666666666666,track,1,309.0,245.0,320.4915112365137,239.9520432041146,309.44996970571356,244.76598504228832,0.5071841248429838,11.576603674380397,11.576603674380397,-0.37787273096458207,0.3512905381864882,20.924578999256482
1299,43.3,track,1,308.0,245.0,319.0126233922594,240.65828463820532,307.8247385575669,245.075511995326,0.19083667006591817,13.190823067811063,13.190823067811063,-0.4237226941357403,0.3104705502712315,15.876145998845459
1300,43.333333333333336,track,1,306.0,244.0,317.3875668784469,241.1935284751922,306.1995074094202,244.38503894836276,0.43365677461544355,14.480406151807545,14.480406151807545,-0.508474740531491,0.2732402830686126,15.076102001330582
1301,43.36666666666667,track,1,306.0,245.0,315.87015346927143,241.805721615233,305.57427626127355,244.69456590139998,0.5239567637723831,15.170380825432273,15.170380825432273,-0.5951078868190047,0.2295763586186658,14.63964200047485
1302,43.4,track,1,305.0,244.0,314.3394701383784,242.24942836630098,304.9490451131269,244.0040928544372,0.05111899797233929,15.574466366256173,15.574466366256173,-0.6894313413877025,0.19228453998069872,14.62246499977482
1303,43.43333333333333,track,1,305.0,243.0,312.9207372480887,242.53380647889603,305.3238139649802,243.31361980747442,0.45079137919497164,15.045614402974593,15.045614402974593,-0.7846689717870048,0.16169436381806962,14.757372000531177
1304,43.46666666666667,track,1,306.0,243.0,311.7309610840392,242.7877244739608,305.69858281683355,242.62314676051164,0.4825667647288452,14.539994235698696,14.539994235698696,-0.8739237987599466,0.13171767862842576,14.429161999942153
1305,43.5,track,1,306.0,242.0,310.63983957611856,242.89329901281963,306.0733516686869,241.93267371354887,0.09956553694150588,14.060112425834625,14.060112425834625,-0.9629482232818027,0.1088246591172824,14.990155999839772
1306,43.53333333333333,track,1,308.0,240.0,309.88306762370047,242.7402604649966,308.4481205205402,240.2422006665861,0.5093850840218799,11.554418231605554,11.554418231605554,-1.0385908476750174,0.09958867924867833,14.534334999552811
1307,43.56666666666667,track,1,310.0,240.0,309.4416487723901,242.58466057964142,309.82288937239355,239.5517276196233,0.48199201385472995,10.186978396636993,10.186978396636993,-1.1002333656377972,0.09155582053780817,14.07731099970988
1308,43.6,track,1,312.0,238.0,309.29645738880396,242.1888046056152,312.1976582242469,237.86125457266053,0.2414934103035577,8.090164966712846,8.090164966712846,-1.1473653029769975,0.0974143463110775,14.757621000171639
1309,43.63333333333333,track,1,315.0,237.0,309.54799261102573,241.68880479320384,314.5724270761011,237.17078152569775,0.460418217245025,6.120704617899265,6.120704617899265,-1.1732174756510583,0.11098273155050516,14.430835000894149
1310,43.666666666666664,track,1,317.0,235.0,310.05014200080745,240.97371624404164,316.94719592795445,235.48030847873497,0.4832023435055871,5.454101589601433,5.454101589601433,-1.183737382585468,0.13861788528344543,14.72204700075963
1311,43.7,track,1,320.0,235.0,310.9039310313642,240.29866481309276,320.3219647798069,234.78983543177173,0.3844872756992921,5.220103078240632,5.220103078240632,-1.1723938538096763,0.18327554149358524,15.455774000656675
1312,43.733333333333334,track,1,323.0,234.0,312.08364681830756,239.54440913515867,322.6967336316611,234.0993623848094,0.3191290862338745,6.4876726602021355,6.4876726602021355,-1.138994487125896,0.18147117202881669,14.935658999092993
1313,43.766666666666666,track,1,320.0,233.0,312.84661272768176,238.71855043865034,320.07150248351445,233.40888933784663,0.4150940806050968,6.591498491686132,6.591498491686132,-1.0305494313089851,0.24769066569570947,13.781259000097634
1314,43.8,track,1,324.0,233.0,314.0511689829442,237.94791895042647,323.5537286646322,232.71841629088385,0.5276812390170336,8.102496450767157,8.102496450767157,-0.9048838112163118,0.29257118867483733,15.093498999704025
1315,43.833333333333336,track,1,327.0,233.0,315.5461954479151,237.2317772850701,327.1789598127789,233.02794324392062,0.18112824040071906,10.007349269586149,10.007349269586149,-0.7693563112502435,0.33808853742775724,13.55249699918204
1316,43.86666666666667,track,1,331.0,233.0,317.42800532896393,236.56906137131045,330.80419096092555,233.33747019695784,0.39016318844557923,12.693299243954286,12.693299243954286,-0.6182169483284999,0.3839688963362049,12.944222999067279
1317,43.9,track,1,334.0,234.0,319.5468765687364,236.07802050667217,334.4294221090722,233.6469971499955,0.5558906006322861,15.766066967190877,15.766066967190877,-0.4351667711282651,0.423590241955649,14.110038000580971
1318,43.93333333333333,track,1,338.0,234.0,322.00075989380144,235.62988310593857,338.054653257218,233.95652410303273,0.06983646713317354,19.039277957832226,19.039277957832226,-0.28585447236001243,0.46296279008496266,13.676947999556432
1319,43.96666666666667,track,1,342.0,234.0,324.7613619889973,235.2229302263833,341.67988440536556,234.2660510560695,0.4162417066607576,22.425332958991138,22.425332958991138,-0.09958095967113714,0.5019073098013571,14.638967999417218
1320,44.0,track,1,345.0,236.0,327.6818450544282,235.09452069748596,345.3051155535122,235.57557800910672,0.5227136188668564,25.688993423840223,25.688993423840223,0.09214171470039056,0.5275338551107263,15.648673999749008
1321,44.03333333333333,track,1,349.0,237.0,330.8632867696569,235.10795501149062,348.930346701658,236.8851049621444,0.13435941237502802,29.09755198251204,29.09755198251204,0.30241190775079685,0.5458287165314791,14.732184001331916
1322,44.06666666666667,track,1,351.0,238.0,334.041524868006,235.25378111891544,350.55557784980556,238.19463191518116,0.485172783645721,30.60886622626213,30.60886622626213,0.5261859561442506,0.5566178842435152,14.688559998830897
1323,44.1,track,1,351.0,240.0,336.9687859010963,235.6422622538571,351.1808089979522,239.50415886821838,0.5277786673473676,31.184751212647907,31.184751212647907,0.7499729262162738,0.5534126805403301,14.808271000219975
1324,44.13333333333333,track,1,351.0,241.0,339.65279750550684,236.13705542019792,350.806040146098,240.8136858212556,0.2689486905097142,30.81678429198467,30.81678429198467,0.9727696060005276,0.5423844584724947,14.538081999489805
1325,44.166666666666664,track,1,349.0,242.0,341.8630294203247,236.72929297417815,349.43127129424465,242.12321277429282,0.44852682973083335,29.507757666084178,29.507757666084178,1.1641702981995306,0.5117182730547905,14.582216999770026
1326,44.2,track,1,347.0,242.0,343.1961827914785,238.49568906642443,347.05650244239223,242.43273972733004,0.4364128751606313,27.16565013019395,27.16565013019395,1.3272965436334543,0.40833421043049944,14.60443399992073
1327,44.233333333333334,track,1,344.0,244.0,344.02771154344464,241.45354887373557,343.681733590538,243.74226668036727,0.4095362883075815,23.97559312634835,23.97559312634835,1.4407719269110004,0.23354128909923286,14.327955001135706
1328,44.266666666666666,track,1,339.0,243.0,341.13199032549915,242.98469002345638,339.30696473868466,243.0517936334045,0.3113035998137142,19.546670606568803,19.546670606568803,1.3512638819368366,0.12286334502308074,14.425074999962817
1329,44.3,track,1,336.0,241.0,337.7739233590575,242.8136360210477,335.9321958868313,241.3613205864417,0.36762747986129884,15.990248888476843,15.990248888476843,1.2194113532508184,0.10347402590974583,14.884293001159676
1330,44.333333333333336,track,1,333.0,241.0,334.39363973654713,242.53068296324358,332.557427034978,240.67084753947893,0.5515543233766269,12.575333401545308,12.575333401545308,1.069427190974233,0.09533350125449624,14.283839000199805
1331,44.36666666666667,track,1,331.0,240.0,331.51538895385573,241.85740061503213,331.18265818312466,239.98037449251615,0.18370947827044748,11.182675404443648,11.182675404443648,0.9317001548340316,0.11298589105691008,13.765615998636349
1332,44.4,track,1,330.0,238.0,329.3448994505774,240.60632364661242,329.8078893312713,238.28990144555337,0.34777774105498915,9.955859089018203,9.955859089018203,0.8210426068647676,0.16791225899322382,14.704338000228745
1333,44.43333333333333,track,1,328.0,238.0,327.2505352683096,239.73645318077803,328.4331204794171,237.5994283985906,0.5899584371345025,8.768139200187072,8.768139200187072,0.7068076111969284,0.1960355619809917,13.958456998807378
1334,44.46666666666667,track,1,328.0,237.0,325.853635484255,238.7930813418354,328.05835162756466,236.9089553516278,0.1081389866637406,8.630850941344335,8.630850941344335,0.6231602435462523,0.25982044155583967,14.229659000193351
1335,44.5,track,1,329.0,236.0,325.2119851496239,237.80714304541874,328.68358277571133,236.21848230466503,0.38451837053421817,9.471245213949535,9.471245213949535,0.5766939734091978,0.31805383903857465,14.782674999878509
1336,44.53333333333333,track,1,329.0,237.0,324.79555997790595,237.35860926926156,329.3088139238571,236.52800925770225,0.5640401584841195,9.935227042377887,9.935227042377887,0.5422320321636498,0.3520855209000652,14.317590999780805
1337,44.56666666666667,track,1,330.0,237.0,324.7943248296246,237.024407582817,329.93404507200466,236.83753621073902,0.17534119695013728,10.425278351727933,10.425278351727933,0.530794459610159,0.38186376203348477,14.158721000057994
1338,44.6,track,1,331.0,237.0,325.0869333309558,236.77252576408188,330.55927622015133,237.14706316377624,0.4646127680810908,10.937895724724013,10.937895724724013,0.5375366113495925,0.4084538508263196,14.639086999522988
1339,44.63333333333333,track,1,331.0,237.0,325.3590133904216,236.5811295749112,331.1845073682971,237.4565901168139,0.4924606621122761,11.470054006210283,11.470054006210283,0.5466298098730624,0.43257242280815594,14.026722999915364
1340,44.666666666666664,track,1,332.0,239.0,325.8331170145492,236.875801077793,331.80973851644376,238.76611706985113,0.3014973584296242,11.874021682315052,11.874021682315052,0.5696178422238851,0.4310422090787074,14.483212000413914
1341,44.7,track,1,332.0,239.0,326.25023950113444,237.1233457511389,332.4349696645904,239.0756440228879,0.4414981622980698,12.469278428670481,12.469278428670481,0.5932866150455514,0.4301714890243281,14.696948001073906
1342,44.733333333333334,track,1,333.0,239.0,326.8207576326144,237.33362497349816,333.0602008127371,239.38517097592512,0.3898471733247742,13.074664813977584,13.074664813977584,0.628387333641602,0.4296914437581869,14.411555999686243
1343,44.766666666666666,track,1,334.0,240.0,327.51119854520357,237.70474483182002,333.68543196088376,239.6946979289628,0.43836332626377555,13.688836959747835,13.688836959747835,0.6736106156166783,0.41921820600150217,14.46748799935449
1344,44.8,track,1,333.0,241.0,327.93110581615025,238.2044319801603,333.31066310903043,241.00422488200002,0.3106918359731493,13.348491301107087,13.348491301107087,0.7084185317249807,0.39979121302819,14.558717000909382
1345,44.833333333333336,track,1,334.0,241.0,328.4821836061436,238.63243702907022,333.9358942571771,241.31375183503678,0.3202339148994446,13.997681687739727,13.997681687739727,0.7528464890640911,0.381584348381939,14.581684001313988
1346,44.86666666666667,track,1,334.0,242.0,328.97114934765597,239.1707125427952,333.56112540532376,241.623278788074,0.5783854954675314,13.657933821875424,13.657933821875424,0.7969985277648928,0.35527546310915536,14.000564000525628
1347,44.9,track,1,332.0,242.0,329.0809344685813,239.63672442533223,332.18635655347043,241.93280574111122,0.1981005639794846,12.338679997519357,12.338679997519357,0.8235244310512272,0.31118269590945,14.570630999514833
1348,44.93333333333333,track,1,332.0,241.0,329.1895565467438,239.88352432582528,331.8115877016162,241.2423326941489,0.3069598163208562,11.87674174830463,11.87674174830463,0.850751884597386,0.28224869432996236,15.435833000083221
1349,44.96666666666667,track,1,330.0,240.0,328.98936912089476,239.94469533064816,330.43681884976377,240.44814035281433,0.625811859371087,10.446435635115206,10.446435635115206,0.8621655830753107,0.255969360988502,13.94835700011754
1350,45.0,track,1,330.0,242.0,328.8248008839344,240.29642565678816,330.0620499979095,242.1386133997771,0.15186795856382004,10.286812792801147,10.286812792801147,0.8746608780702707,0.23185773326253384,14.29410399941844
1351,45.03333333333333,track,1,329.0,244.0,328.5449160945147,240.8983534355329,328.6872811460562,243.8290864467399,0.35637694131344017,9.493721963868046,9.493721963868046,0.8802918916780476,0.1625500472883298,14.281404000939801
1352,45.06666666666667,track,1,327.0,246.0,328.0223171623353,241.71736156066538,327.31251229420377,245.51955949370267,0.5731378665903487,9.161788747695757,9.161788747695757,0.8717220252050417,0.09942567938595935,14.09495100051572
1353,45.1,track,1,327.0,247.0,327.56676430380656,242.58641916295525,326.93774344234953,247.21003254066545,0.21906516635209528,10.005840959625463,10.005840959625463,0.8643495927071367,0.03536730887456377,14.960866999899736
1354,45.13333333333333,track,1,326.0,249.0,327.0333263332769,243.63628574897683,325.5629745904962,248.90050558762823,0.4482079279142335,10.495984280185812,10.495984280185812,0.8507469973110307,-0.03678229274881914,13.660674001584994
1355,45.166666666666664,track,1,325.0,251.0,326.43093448244065,244.8460610840515,325.18820573864286,250.590978634591,0.4502442419611161,11.793485796186385,11.793485796186385,0.8310566967006313,-0.11903930875768838,15.245839000272099
1356,45.2,track,1,324.0,251.0,325.7671779578212,245.93307073406854,323.81343688678953,251.2814516815538,0.33766972659721506,11.9085453743419,11.9085453743419,0.8053998121677268,-0.19986869882066344,23.272681999515044
1357,45.233333333333334,track,1,323.0,252.0,325.04857092850887,247.04011519098242,323.4386680349362,251.97192472851657,0.4395655420340124,12.455979269401443,12.455979269401443,0.7738835609566611,-0.2862388627699383,36.13494199998968
1358,45.266666666666666,track,1,323.0,253.0,324.4096798342505,248.16464993733425,323.06389918308287,252.66239777547935,0.3435962275694395,13.027808550503044,13.027808550503044,0.7434684636181443,-0.3779996343212111,36.40967699902831
1359,45.3,track,1,323.0,252.0,323.84317695183927,249.0494170076132,322.6891303312286,252.35287082244213,0.47027414163762815,12.64218491773775,12.64218491773775,0.7141631299981746,-0.461430080156061,39.0842380002141
1360,45.333333333333336,track,1,322.0,251.0,323.21645383096694,249.7155804522845,322.3143614793762,251.04334386940536,0.31733551760025813,11.283249216212207,11.283249216212207,0.6792822673403232,-0.5364939040479844,36.490807000518544
1361,45.36666666666667,track,1,322.0,250.0,322.6600662549473,250.1818075036935,321.93959262752287,249.7338169163677,0.27295143278905465,9.925180669494475,9.925180669494475,0.6455640448161095,-0.603115746472047,37.15126600036456
1362,45.4,track,1,323.0,248.0,322.29248892243106,250.3405670608406,322.56482377566863,248.42428996333047,0.6077831185598004,8.806076446778413,8.806076446778413,0.6196767795558152,-0.6545959896939832,36.50277199994889
1363,45.43333333333333,track,1,323.0,247.0,321.9751007036689,250.3403549713479,323.1900549238153,247.11476301029325,0.2220167169336705,7.797198414148201,7.797198414148201,0.5951269251681326,-0.6974043934853384,36.4890809996723
1364,45.46666666666667,track,1,323.0,245.0,321.7037601180919,250.0716390235355,322.8152860719629,244.80523605725648,0.26842546191430156,5.569212622350303,5.569212622350303,0.5719642807572239,-0.7249508558562631,36.12059700026293
1365,45.5,track,1,323.0,242.0,321.47465663261113,249.43381669346203,323.44051722010863,242.4957091042188,0.6631613206585903,4.250379121295493,4.250379121295493,0.5502285262406175,-0.7306622919734986,38.6465749998024
1366,45.53333333333333,track,1,324.0,240.0,321.40585775727544,248.57751027793375,324.0657483682553,240.18618215118158,0.19745035159967783,4.070009040209767,4.070009040209767,0.5364215682794876,-0.7209177140587576,36.557710000124644
1367,45.56666666666667,track,1,326.0,238.0,321.6064198172902,247.52098782819246,325.6909795164029,237.87665519814482,0.33272751528434547,6.0741946794355,6.0741946794355,0.5370791510667848,-0.6957417970215158,36.37809900101274
1368,45.6,track,1,326.0,236.0,321.8145932084813,246.28141471180777,326.31621066454863,235.5671282451076,0.5360663583530663,7.716532197449886,7.716532197449886,0.5394721977563556,-0.6552122390678489,37.59291300048062
1369,45.63333333333333,track,1,327.0,234.0,322.14884412067033,244.87498940195462,326.9414418126953,234.25760129207038,0.264173213965268,9.008815535899625,9.008815535899625,0.5499448061819932,-0.5994596562182937,35.52195100019162
1370,45.666666666666664,track,1,328.0,233.0,322.5989487827423,243.4374048564047,327.56667296084197,232.9480743390327,0.4364270811170587,10.343316451900042,10.343316451900042,0.5684964558911463,-0.535073510100242,37.30630000063684
1371,45.7,track,1,328.0,232.0,323.03498214731235,241.97506397889688,328.19190410898864,231.63854738599593,0.40923731405761954,11.705604757854262,11.705604757854262,0.5886970246838037,-0.46238293585746193,36.65299900058017
1372,45.733333333333334,track,1,329.0,230.0,323.57571666352544,240.37384659575247,328.8171352571353,230.3290204329587,0.3764225810008089,13.08700576636033,13.08700576636033,0.6167700413758381,-0.3558013402468445,35.93703499973344
1373,45.766666666666666,track,1,328.0,231.0,323.97226656726616,239.00695107972626,328.442366405282,231.0194934799215,0.4427957003873734,12.32570679020908,12.32570679020908,0.6398785133021497,-0.29205948930086606,34.15551199941547
1374,45.8,track,1,329.0,231.0,324.47142171799646,237.7437010695343,329.06759755342773,230.70996652688427,0.29780672382769713,12.981758252353155,12.981758252353155,0.6704679550444129,-0.20938568712858002,34.70563500013668
1375,45.833333333333336,track,1,329.0,231.0,324.94493482500957,236.58092281809084,328.6928287015753,231.40043957384705,0.5046841179180493,12.227743469585356,12.227743469585356,0.7021007957419942,-0.12650584713263782,35.804820001430926
1376,45.86666666666667,track,1,329.0,232.0,325.3924117977544,235.6349354782725,329.318059849722,232.09091262080983,0.3307977820779309,12.222107123350947,12.222107123350947,0.7345801765121305,-0.050220081217717566,34.014339000350446
1377,45.9,track,1,329.0,234.0,325.81366131437994,235.01409514303975,328.94329099786773,233.7813856677726,0.22584981110920732,10.892824155632274,10.892824155632274,0.7677162680015077,0.012589687148103712,34.87098400000832
1378,45.93333333333333,track,1,329.0,235.0,326.20868227824275,234.57957068341105,328.5685221460144,235.4718587147354,0.6393932945783457,9.691420704213447,9.691420704213447,0.8013290402545817,0.06773538749027996,37.63825799978804
1379,45.96666666666667,track,1,327.0,237.0,326.3382737853315,234.4396261732864,327.193753294162,237.16233176169817,0.25276854997141107,7.733204218687965,7.733204218687965,0.822505062675097,0.10850570016867536,35.65273800086288
1380,46.0,track,1,327.0,240.0,326.4573929096093,234.69496055648384,326.81898444230774,239.85280480866095,0.2333089292761439,6.820572941387571,6.820572941387571,0.8435870056764077,0.12813935963868217,37.17382399918279
1381,46.03333333333333,track,1,326.0,243.0,326.44671353482596,235.31918047657337,326.4442155904544,242.54327785562373,0.6371205599934882,6.927927311047775,6.927927311047775,0.8581224038382422,0.12622310068082607,36.600184999770136
1382,46.06666666666667,track,1,325.0,244.0,326.31423214357915,236.04691629083928,325.0694467386011,244.23375090258696,0.24384899828079104,6.604841931543023,6.604841931543023,0.8659233992304324,0.11521486342232828,35.932447000959655
1383,46.1,track,1,324.0,247.0,326.0679092639711,237.10722718150407,323.69467788674774,246.9242239495493,0.31458480996820964,7.848281467323575,7.848281467323575,0.8668461007945121,0.08245711120604006,39.503465000962024
1384,46.13333333333333,track,1,323.0,249.0,325.7156183937066,238.35544203539544,323.3199090348944,248.61469699651207,0.5007995558143942,9.23226951197199,9.23226951197199,0.8607896427455097,0.03421502618156887,14.667548000943498
1385,46.166666666666664,track,1,322.0,251.0,325.265099448951,239.7748134406642,321.9451401830411,251.30517004347485,0.31006185665316155,11.471287636684998,11.471287636684998,0.8476941463317977,-0.041162347151696886,11.306240001431433
1386,46.2,track,1,322.0,252.0,324.84359611503993,241.22960628334292,321.57037133118774,251.99564309043808,0.42965076018357307,12.097996498221976,12.097996498221976,0.8339100832759049,-0.1025861838155831,12.86839800013695
1387,46.233333333333334,track,1,320.0,254.0,324.21149379691946,242.831784915318,320.1956024793344,253.6861161374004,0.3698424111999742,13.687513844973218,13.687513844973218,0.8068307119569323,-0.18979580572121135,12.65475399850402
1388,46.266666666666666,track,1,320.0,254.0,323.62292814955373,244.32737423418487,319.8208336274811,254.37658918436318,0.41703717198940016,14.377705559823864,14.377705559823864,0.7790901428843561,-0.27877705938322783,12.516132999735419
1389,46.3,track,1,319.0,254.0,322.95750222186086,245.71771612819364,319.44606477562684,254.06706223132596,0.45107773933706546,14.077964485421845,14.077964485421845,0.7445124566660004,-0.3689753444798144,13.890546999391518
1390,46.333333333333336,track,1,319.0,254.0,322.34154646565383,247.0047976716381,319.0712959237744,253.7575352782892,0.2527295986249816,13.788845789063341,13.788845789063341,0.709537159721732,-0.45986326263205635,12.779794000380207
1391,46.36666666666667,track,1,319.0,253.0,321.7738388136553,248.07148485304342,318.6965270719202,253.44800832525198,0.5411166949673837,13.511031403645077,13.511031403645077,0.6743769504735929,-0.5445773175208825,13.973712999359122
1392,46.4,track,1,318.0,252.0,321.13326259318075,248.92840229315686,318.32175822006684,252.1384813722143,0.35029336652431337,12.253947343428027,12.253947343428027,0.632861043075014,-0.622542930774453,13.335391999135027
1393,46.43333333333333,track,1,319.0,251.0,320.66514033141686,249.58650693151606,318.9469893682135,250.82895441917708,0.1790718230248775,10.880031489075305,10.880031489075305,0.5977944653178622,-0.6932600468035707,13.401054000496515
1394,46.46666666666667,track,1,320.0,249.0,320.36001559384476,249.93729951842667,319.5722205163602,248.5194274661403,0.6433857683563365,8.53016058685,8.53016058685,0.5506761164726061,-0.7499338818618284,13.825841000652872
1395,46.5,track,1,320.0,246.0,320.08866003829434,249.87999995354377,320.19745166450684,246.2099005131031,0.2881759622478339,6.213038833168081,6.213038833168081,0.5359707916996866,-0.7857221621965499,13.18468800127448
1396,46.53333333333333,track,1,321.0,244.0,319.9687531326473,249.56070097046884,320.8226828126535,243.90037356006587,0.20338832921880767,3.9861912796924863,3.9861912796924863,0.5214321437716393,-0.8065053075413996,13.805824999508332
1397,46.56666666666667,track,1,321.0,241.0,319.8710451169961,248.87831613143362,321.4479139608002,240.59084660702865,0.6066575766111144,1.5638268928872314,1.5638268928872314,0.5071479040720036,-0.8056789206061481,13.833439001246006
1398,46.6,track,1,323.0,238.0,320.0329132701636,247.85865871931276,323.07314510894685,238.28131965399143,0.2906732782432964,3.521091165022578,3.521091165022578,0.4934064403651792,-0.7829838327131354,14.699039000333869
1399,46.63333333333333,track,1,324.0,236.0,320.31764393427255,246.64666034412312,323.6983762570935,235.9717927009542,0.3029398191132629,5.468495312525997,5.468495312525997,0.48032811455418867,-0.7446521543066884,14.69652500054508
1400,46.666666666666664,track,1,324.0,234.0,320.5963419768158,245.25934234653002,324.3236074052393,233.662265747917,0.4677458473955323,7.672056858800387,7.672056858800387,0.4990715782939832,-0.6907836689104295,12.942544000907219
1401,46.7,track,1,326.0,231.0,321.1068708507013,243.59339027134584,325.94883855338685,231.35273879487977,0.3564297280429656,10.495894744319758,10.495894744319758,0.5162822524091193,-0.6151829454909081,13.334111001313431
1402,46.733333333333334,track,1,327.0,230.0,321.7131992917017,241.9112462072911,326.5740697015335,230.04321184184255,0.4281166691769576,11.931304323796516,11.931304323796516,0.5412398395688671,-0.5307024137404681,13.608301000203937
1403,46.766666666666666,track,1,327.0,229.0,322.2872377957184,240.22003861180755,327.1993008496793,228.73368488880533,0.3326327812070114,13.370108036546531,13.370108036546531,0.5675131446155006,-0.42628254476219235,13.201146999563207
1404,46.8,track,1,328.0,228.0,322.9481010979995,238.52611123245396,327.82453199782594,228.4241579357681,0.45901957938852334,13.97223749014604,13.97223749014604,0.6012527889577206,-0.336119740693212,13.424372998997569
1405,46.833333333333336,track,1,328.0,228.0,323.5683670590795,236.954685363006,328.4497631459735,228.1146309827309,0.4641413035680481,14.582883593436275,14.582883593436275,0.6359982929841766,-0.2340771496960471,13.324642000952736
1406,46.86666666666667,track,1,328.0,229.0,324.14817270439863,235.62267673026645,328.0749942941193,228.80510402969367,0.20882668266315055,13.803304989604479,13.803304989604479,0.671511070489224,-0.13785742231354178,12.568340000143507
1407,46.9,track,1,329.0,229.0,324.8075566711937,234.3995806657039,328.70022544226595,229.49557707665645,0.5791903179197629,13.639531652469495,13.639531652469495,0.7139310214323926,-0.04175731964921414,14.132764999885694
1408,46.93333333333333,track,1,328.0,231.0,325.3003771956517,233.52089178384054,328.3254565904126,231.18605012361922,0.37488216914349604,12.124311933557198,12.124311933557198,0.7504308488064053,0.04102181432489138,13.030207999690901
1409,46.96666666666667,track,1,328.0,233.0,325.7548028577754,232.96732130867707,327.9506877385593,232.876523170582,0.1329594920700233,10.675081154508005,10.675081154508005,0.7870250807432567,0.10981705466803077,13.253009999971255
1410,47.0,track,1,328.0,236.0,326.1719680964547,232.83901917780014,327.57591888670595,235.56699621754478,0.6060833822777572,8.777589049004867,8.777589049004867,0.8235311176698609,0.15770879596280743,14.425163999476354
1411,47.03333333333333,track,1,326.0,238.0,326.3139513643737,232.98932771874098,326.2011500348526,238.25746926450756,0.3267288764209163,6.441325571564321,6.441325571564321,0.8470499436103563,0.1905019740233045,13.659537000421551
1412,47.06666666666667,track,1,326.0,241.0,326.4365634944029,233.518603001704,325.8263811829993,240.9479423114708,0.18125533523659765,5.902991810555453,5.902991810555453,0.8699249615572462,0.20153080629002465,14.081199000429478
1413,47.1,track,1,324.0,244.0,326.3019901128207,234.40032640418661,324.45161233114595,243.63841535843358,0.578530164001671,5.749340715881781,5.749340715881781,0.87935678903077,0.1904794518724475,14.154410000628559
1414,47.13333333333333,track,1,324.0,246.0,326.1659871966894,235.48887210333845,324.0768434792926,246.3288884053959,0.3377462116940082,7.528311975642708,7.528311975642708,0.8877888152693592,0.16352866404561295,14.179863001118065
1415,47.166666666666664,track,1,323.0,249.0,325.9101637368227,236.88604069908035,322.7020746274384,249.01936145235868,0.2985538367755782,9.415417585032538,9.415417585032538,0.8888874124860382,0.11436934874299232,13.956786999187898
1416,47.2,track,1,321.0,251.0,325.4235887578355,238.44752813482663,321.32730577558596,250.70983449932191,0.4374072341830756,10.791769809663737,10.791769809663737,0.8762100393414456,0.04938475605748856,13.979462999486714
1417,47.233333333333334,track,1,320.0,252.0,324.84193353238777,240.0374267270644,319.9525369237326,252.4003075462847,0.40311149229615745,12.400398380134966,12.400398380134966,0.8559659233724863,-0.0228599968783436,13.780760998997721
1418,47.266666666666666,track,1,320.0,254.0,324.2929789077076,241.76744426574862,319.5777680718784,254.09078059324747,0.43188067476522135,14.097105288964997,14.097105288964997,0.8345575609017998,-0.11404517168907966,14.268216000346001
1419,47.3,track,1,318.0,256.0,323.5378037732628,243.62287978654248,318.20299922002505,255.7812536402098,0.29842696468691116,15.883235761640812,15.883235761640812,0.7994451703239784,-0.21824272914447992,14.597154000512091
1420,47.333333333333336,track,1,318.0,256.0,322.83078190126747,245.35064749331195,317.8282303681726,256.47172668717303,0.5020267660288192,16.614281910171616,16.614281910171616,0.7633107926867463,-0.324186771951866,14.178295999954571
1421,47.36666666666667,track,1,317.0,256.0,322.05194285928525,246.9528629351698,317.4534615163184,256.1621997341358,0.4815974465624752,16.361587896502318,16.361587896502318,0.7200388185206942,-0.4312367227463152,14.096742001129314
1422,47.4,track,1,317.0,256.0,321.3277850355216,248.43234400793963,317.07869266446505,255.8526727810986,0.16702647954690641,16.119592763256595,16.119592763256595,0.6761174798436067,-0.5387882287011878,14.756395999938832
1423,47.43333333333333,track,1,318.0,255.0,320.77687532685144,249.67291220246975,317.7039238126117,254.54314582806091,0.5444050359397193,14.723282800874848,14.723282800874848,0.6381777012668179,-0.6399140973536738,13.902975999371847
1424,47.46666666666667,track,1,317.0,252.0,320.15111540301206,250.44689519076087,317.3291549607584,252.23361887502415,0.403634447191273,12.521774794452607,12.521774794452607,0.585955845636175,-0.7212448994585571,13.449697000396554
1425,47.5,track,1,318.0,250.0,319.6957938502534,250.9009534458725,317.95438610890506,249.92409192198693,0.0885588130479404,10.132726023508521,10.132726023508521,0.5713362454808103,-0.7883480723727396,14.645024999481393
1426,47.53333333333333,track,1,319.0,248.0,319.4016075454478,251.05466359588493,318.5796172570517,247.6145649689497,0.5703348259833491,7.745907745566128,7.745907745566128,0.5253682076062469,-0.8406947080827296,14.187491999109625
1427,47.56666666666667,track,1,319.0,245.0,319.13954617044203,250.8079544750131,319.2048484051984,245.3050380159125,0.3674385122223182,5.364298128272909,5.364298128272909,0.49492976910228353,-0.8715056291891672,14.116115000433638
1428,47.6,track,1,321.0,242.0,319.146949188572,250.18775067431977,320.83007955334506,241.99551106287527,0.16997973040314165,2.161271955802672,2.161271955802672,0.47799673944380566,-0.880357079745347,14.511215998936677
1429,47.63333333333333,track,1,321.0,239.0,319.167575509701,249.22060035767768,321.4553107014917,238.68598410983805,0.5530947605673843,1.9607567410248659,1.9607567410248659,0.4621673234649894,-0.8669618816755533,13.77734000016062
1430,47.666666666666664,track,1,323.0,236.0,319.438872780614,247.9325182160675,323.0805418496375,236.37645715680083,0.3849765972751955,4.7560278409475165,4.7560278409475165,0.46017945654259074,-0.8311629256354165,14.49710400083859
1431,47.7,track,1,324.0,233.0,319.82443140620774,246.34885124165137,323.70577299778506,233.0669302037636,0.3017435682963717,7.861310979130533,7.861310979130533,0.4750779287372175,-0.7729244678429941,14.510339999105781
1432,47.733333333333334,track,1,325.0,231.0,320.31526475949283,244.6137586583336,325.3310041459308,230.75740325072638,0.41038631480778825,10.669826609351007,10.669826609351007,0.4634925726375508,-0.698689577459401,14.268751001509372
1433,47.766666666666666,track,1,326.0,228.0,320.9026594103958,242.62373988416113,325.9562352940775,228.44787629768916,0.4500094749182908,12.997242050216121,12.997242050216121,0.5000542511736771,-0.6023913021664947,13.544634999561822
1434,47.8,track,1,327.0,227.0,321.57820879220196,240.6407786080233,326.58146644222415,227.13834934465194,0.4408070781533897,14.447759622527563,14.447759622527563,0.5288967383252111,-0.49699947744556117,13.906744999985676
1435,47.833333333333336,track,1,328.0,227.0,322.3338405076945,238.79110789227244,328.2066975903708,226.82882239161518,0.268375981558433,15.51869211407379,15.51869211407379,0.565339141091944,-0.38944251594664464,13.156077000530786
1436,47.86666666666667,track,1,329.0,227.0,323.16183782682634,237.07287010269897,328.8319287385175,226.5192954385775,0.5092394567477261,16.116214217818293,16.116214217818293,0.6092648621771275,-0.2804118419333659,13.428636000753613
1437,47.9,track,1,328.0,226.0,323.8156698153321,235.3638360211188,328.45715988666416,226.20976848554028,0.5029890451099791,16.176960115268855,16.176960115268855,0.6477975630306627,-0.16419482465744906,12.762354999722447
1438,47.93333333333333,track,1,329.0,227.0,324.54275961700085,233.90748948017338,329.0823910348108,226.90024153250306,0.12938328506625876,15.940310499358846,15.940310499358846,0.6932611684885732,-0.054010878090765546,13.49554700027511
1439,47.96666666666667,track,1,329.0,229.0,325.2168309289155,232.81190591715924,328.7076221829575,228.5907145794663,0.5029904008626748,14.352507721242878,14.352507721242878,0.7391702715687625,0.0430600670725072,12.947867999173468
1440,48.0,track,1,328.0,230.0,325.71949912659636,231.93791660326622,328.33285333110416,230.28118762642862,0.4357267736594763,12.802021660283891,12.802021660283891,0.7789033641532768,0.13263295038145778,13.283837000926724
1441,48.03333333333333,track,1,328.0,233.0,326.1794149012582,231.51247458256708,327.9580844792499,232.9716606733914,0.05059672234818659,10.617375488736918,10.617375488736918,0.8184686860107572,0.20146350422712445,12.876587999926414
1442,48.06666666666667,track,1,328.0,236.0,326.5981894538389,231.50801719901992,327.5833156273975,235.66213372035463,0.5364508265372924,8.736347049242918,8.736347049242918,0.8576833618220969,0.24888313796680706,13.958966999780387
1443,48.1,track,1,326.0,238.0,326.7383685012086,231.77747979081255,326.20854677554416,238.3526067673174,0.40966240973257834,6.4233914349982,6.4233914349982,0.8836527273533699,0.2807382878977065,14.38594200044463
1444,48.13333333333333,track,1,325.0,242.0,326.73656834669174,232.5404653270065,324.8337779236899,242.0430798142802,0.1717138580640741,5.247817083614027,5.247817083614027,0.9023577439723413,0.28404241364841887,14.012719999300316
1445,48.166666666666664,track,1,324.0,245.0,326.60216867323265,233.643004699993,324.4590090718366,244.73355286124252,0.5307385474792068,6.503021189639337,6.503021189639337,0.9136187299896619,0.2647707089656103,13.99486799891747
1446,48.2,track,1,323.0,248.0,326.34443700017783,235.05893640814318,323.08424021998417,248.42402590820575,0.4323128329030857,8.97088347024359,8.97088347024359,0.9173086321693156,0.22281524631152574,14.2681769993942
1447,48.233333333333334,track,1,322.0,251.0,325.97247153534454,236.76284159384517,321.7094713681299,251.11449895516853,0.3122769550751096,11.245193612512784,11.245193612512784,0.9133496806076775,0.1581897948170862,14.46108100026322
1448,48.266666666666666,track,1,320.0,254.0,325.3755591752168,238.73014876335606,320.3347025162766,253.8049720021313,0.38737797350204833,13.809028849054924,13.809028849054924,0.8953421549085189,0.0710182918695752,14.806440000029397
1449,48.3,track,1,319.0,255.0,324.6895122158369,240.6980335960542,318.95993366442326,255.4954450490941,0.4970624788881075,15.530310854966634,15.530310854966634,0.8695385475477652,-0.02574194207618313,14.332672000819002
1450,48.333333333333336,track,1,319.0,257.0,324.0421931345208,242.7786507332073,318.58516481256993,257.18591809605687,0.45459187319127564,17.244058090019447,17.244058090019447,0.8423841148566439,-0.13790064241858888,13.893456000005244
1451,48.36666666666667,track,1,317.0,258.0,323.1947129694476,244.83831142912578,317.2103959607166,257.87639114301965,0.24401969143872207,18.092740284274726,18.092740284274726,0.8013805285317983,-0.25864352673082,13.993624999784515
1452,48.4,track,1,317.0,259.0,322.4014204783537,246.87145394193422,316.83562710886326,258.5668641899824,0.46327645878053203,18.8345879074487,18.8345879074487,0.759248630307812,-0.3873683916661763,14.112928998656571
1453,48.43333333333333,track,1,316.0,258.0,321.5422821849439,248.63419770701267,316.460858257009,258.2573372369452,0.5278378411709284,18.59720105985111,18.59720105985111,0.7099092292702189,-0.510746358865101,13.955378000900964
1454,48.46666666666667,track,1,316.0,257.0,320.743693227579,250.13784569230864,316.0860894051566,256.947810283908,0.10067349276737322,17.393877358535235,17.393877358535235,0.6598839883806054,-0.6279517272716738,14.035750000402913
1455,48.5,track,1,317.0,256.0,320.1240855058629,251.3943217964097,316.71132055330327,255.63828333087076,0.46279020265243487,15.98034161210942,15.98034161210942,0.6093462195275872,-0.7382437246443123,17.85820899931423
1456,48.53333333333333,track,1,316.0,253.0,319.43519956727346,252.17681996778597,316.336551701449,253.32875637783354,0.4704761457443562,13.823045974595988,13.823045974595988,0.56498576775964,-0.8282382492673575,16.084406001027673
1457,48.56666666666667,track,1,317.0,250.0,318.92213767954917,252.51322564800458,316.9617828495966,250.01922942479678,0.0427822552347443,10.469752705757614,10.469752705757614,0.5210439338968936,-0.8971313296331249,16.49207799891883
1458,48.6,track,1,318.0,248.0,318.57539259470644,252.55107871356765,317.58701399774327,247.7097024717591,0.504806985849811,8.078490802751174,8.078490802751174,0.4839366516189031,-0.9506413406705396,17.034428999977536
1459,48.63333333333333,track,1,319.0,243.0,318.38532777302134,251.95178953534457,319.212245145889,243.40017551872188,0.4529773148158537,3.4902365633708854,3.4902365633708854,0.45396261553423223,-0.9692953631507661,16.362352998839924
1460,48.666666666666664,track,1,320.0,240.0,318.3422662151765,250.99723572189455,319.8374762940357,240.09064856568466,0.18609437783301694,0.18609437783301694,0.18609437783301694,0.4313652333267483,-0.9652030420010866,16.968374000498443
1461,48.7,track,1,321.0,237.0,318.4365689787347,249.71433089440333,321.4627074421833,236.7811216126479,0.5118651438627616,3.5356316456866415,3.5356316456866415,0.4163329169136216,-0.9381894638949246,15.745467999295215
1462,48.733333333333334,track,1,323.0,233.0,318.77829691069815,248.00967707811844,323.08793859032903,233.47159465961022,0.4797235856635934,7.221872404444229,7.221872404444229,0.4153684070012278,-0.8818459814196,15.715622999778134
1463,48.766666666666666,track,1,325.0,230.0,319.350485381521,246.03582916340937,324.7131697384757,230.162067706573,0.32945036111670944,10.908660815780136,10.908660815780136,0.42868094205464896,-0.8024950439006586,13.630213999931584
1464,48.8,track,1,325.0,228.0,319.8972581611053,243.93676087729867,325.33840088662237,227.85254075353578,0.369133294941814,13.268733555648769,13.268733555648769,0.4490390761802919,-0.7067218027769762,13.947089999419404
1465,48.833333333333336,track,1,327.0,226.0,320.6566775776864,241.72820196285144,326.96363203476903,225.543013800499,0.4584310367213352,16.04670125253859,16.04670125253859,0.4732333064584272,-0.5949640845001825,13.214560000051279
1466,48.86666666666667,track,1,329.0,224.0,321.6127580739384,239.42483463187529,328.5888631829157,224.2334868474618,0.4728103111183733,17.954150154323795,17.954150154323795,0.5167059651895265,-0.4677106764378485,14.329244000691688
1467,48.9,track,1,329.0,224.0,322.5107427490008,237.27949283138145,329.21409433106237,223.92395989442412,0.22719700757060002,18.529398258383893,18.529398258383893,0.5616878176025548,-0.3382223217634758,13.936741001089104
1468,48.93333333333333,track,1,330.0,224.0,323.4703353089149,235.28961192145903,329.8393254792081,223.6144329413869,0.4177059471916334,19.112800258415856,19.112800258415856,0.6142241088188456,-0.20729908232715022,13.155287999325083
1469,48.96666666666667,track,1,329.0,224.0,324.2452897696731,233.4517503363206,329.4645566273557,224.30490598835013,0.555680233364366,18.32795155457779,18.32795155457779,0.661388326975884,-0.07569526646601299,13.62137999967672
1470,49.0,track,1,330.0,225.0,325.08335924897085,231.88131354692712,330.0897877755024,224.9953790353129,0.08990660678895547,18.081550476897842,18.081550476897842,0.7154584362926855,0.049523322478788656,13.679585999852861
1471,49.03333333333333,track,1,330.0,228.0,325.85863565342726,230.8050758806911,329.71501892364813,227.6858520822757,0.4241498887058575,15.6850193377769,15.6850193377769,0.7699075606149808,0.15486091637493105,13.298408000991913
1472,49.06666666666667,track,1,329.0,229.0,326.45313294338854,229.95578432058363,329.3402500717957,229.37632512923847,0.5073368843809143,14.145767535320585,14.145767535320585,0.8180772341113984,0.25213860918265046,14.260199999625911
1473,49.1,track,1,329.0,233.0,326.9959237964593,229.6791564236708,328.96548121994147,233.06679817620125,0.07519004269544018,11.333540533948316,11.333540533948316,0.8659431631636969,0.32174821345390336,13.525792999644182
1474,49.13333333333333,track,1,328.0,237.0,327.3694663765949,229.93926686543082,327.59071236808813,236.75727122316403,0.4758504226543373,8.254344563632312,8.254344563632312,0.9069268199198092,0.36290971421916496,13.402695998593117
1475,49.166666666666664,track,1,326.0,239.0,327.4639508790245,230.461214375373,326.2159435162348,239.4477442701268,0.49709811268524756,6.240427885025133,6.240427885025133,0.9343527641326033,0.38776322988793943,14.34769099978439
1476,49.2,track,1,325.0,244.0,327.4163966668796,231.5837172784943,324.84117466438147,244.13821731708958,0.21054575269470874,6.368815800014093,6.368815800014093,0.9542130471812913,0.37704217896746184,14.418291000765748
1477,49.233333333333334,track,1,323.0,248.0,327.11694599126736,233.14488283346776,323.46640581252814,247.82869036405236,0.4968715863566196,8.561796661527017,8.561796661527017,0.959976657540411,0.3366889304914112,14.250365000407328
1478,49.266666666666666,track,1,322.0,251.0,326.70236920303233,234.99122590113194,322.0916369606748,250.51916341101514,0.4894907127498012,10.725098789423837,10.725098789423837,0.957779060924072,0.27296160957618193,14.20695200067712
1479,49.3,track,1,321.0,254.0,326.181977299801,237.09742493637296,320.7168681088215,254.20963645797792,0.3522940707929365,14.22770776173522,14.22770776173522,0.9475947679070087,0.18602695806096808,14.382188001036411
1480,49.333333333333336,track,1,319.0,257.0,325.4451805159346,239.43920819220335,319.34209925696814,256.9001095049407,0.3563846413937411,16.912910295589842,16.912910295589842,0.9230785108350668,0.07615882690720761,13.538725999751478
1481,49.36666666666667,track,1,318.0,259.0,324.62783450539064,241.8738200863112,317.9673304051148,258.5905825519035,0.41071882016268585,18.70137709638274,18.70137709638274,0.8905370733503772,-0.04990983221487166,13.497641000867588
1482,49.4,track,1,317.0,260.0,323.73818170058144,244.26725706375726,316.59256155326057,260.28105559886626,0.4949730674850042,20.565307023543863,20.565307023543863,0.8501008859965372,-0.18524415925055948,14.511594999930821
1483,49.43333333333333,track,1,316.0,261.0,322.78402932355453,246.61383407044204,316.21779270140723,260.97152864582904,0.21964580304341988,21.30985935646588,21.30985935646588,0.8019322935017814,-0.32911866879554064,14.040070000191918
1484,49.46666666666667,track,1,315.0,261.0,321.7727419918128,248.78930984027397,314.8430238495548,260.6620016927918,0.37267193009963434,21.295838019885306,21.295838019885306,0.7462193087203106,-0.4744505348472154,14.171263999742223
1485,49.5,track,1,314.0,260.0,320.7112385783056,250.67799045025816,314.46825499770057,260.3524747397546,0.5860897414531597,21.090837603158718,21.090837603158718,0.6831703669920273,-0.6140542810973131,14.221941000869265
1486,49.53333333333333,track,1,315.0,258.0,319.8451786088815,252.1725879837552,315.09348614584724,258.0429477867174,0.10287940439802411,18.698177532454935,18.698177532454935,0.6338399265887047,-0.7406807989115517,13.922269999966375
1487,49.56666666666667,track,1,315.0,256.0,319.0458032689634,253.29362497944695,314.7187172939948,255.7334208336806,0.3875363371519374,16.596158535951762,16.596158535951762,0.5686084715378813,-0.8534225143244583,13.212521000241395
1488,49.6,track,1,315.0,253.0,318.31122379562345,253.94242093903756,315.3439484421406,253.4238938806434,0.5458814458266921,14.20843914820415,14.20843914820415,0.5109809538084832,-0.9451381840459732,14.066645999264438
1489,49.63333333333333,track,1,317.0,250.0,317.8784697371118,254.14767150877606,316.96917959028724,250.11436692760572,0.11844699989798527,10.558706866949935,10.558706866949935,0.46640728564297707,-1.0150651150394097,13.71451100021659
1490,49.666666666666664,track,1,318.0,246.0,317.6103744193988,253.81842469963186,317.5944107384339,245.8048399745685,0.45010008289729725,6.283552086655322,6.283552086655322,0.42901968551014635,-1.056236797000234,14.202545000443934
1491,49.7,track,1,319.0,242.0,317.4969007898408,252.99065439664082,319.2196418865806,242.49531302153173,0.5418279686760044,2.614487686068789,2.614487686068789,0.3991017020037813,-1.0680891702218938,14.179788000546978
1492,49.733333333333334,track,1,321.0,238.0,317.6476277889686,251.69982789758492,320.84487303472724,238.1857860684945,0.24203478799829825,2.0012952391083716,2.0012952391083716,0.3832418626960405,-1.0502406611855792,13.98426599917002
1493,49.766666666666666,track,1,322.0,234.0,317.92544592037376,249.9806964580632,322.4701041828739,233.8762591154573,0.48611701190450046,6.603152057560931,6.603152057560931,0.37535869830444035,-1.002483399081136,12.926014000186115
1494,49.8,track,1,324.0,231.0,318.4402473853764,247.9867092216484,324.09533533101967,230.5667321624196,0.44363255563835186,10.283886112215875,10.283886112215875,0.38189484060529333,-0.9311389510452649,13.94597599937697
1495,49.833333333333336,track,1,326.0,227.0,319.1749985943328,245.62348457192854,325.72056647916725,227.25720520938285,0.3797862718670368,13.967952602953362,13.967952602953362,0.4029972476500382,-0.8300667610389545,13.212003999797162
1496,49.86666666666667,track,1,326.0,225.0,319.8738426433581,243.16190444531483,326.3457976273139,224.94767825634563,0.3497335613219963,16.335285041936462,16.335285041936462,0.43259698068494296,-0.7122075207311531,13.407881000603084
1497,49.9,track,1,328.0,223.0,320.7749387171105,240.61724581278082,327.9710287754597,222.6381513033084,0.363006626866194,19.104216547820478,19.104216547820478,0.46383489411386947,-0.5781338171915408,13.404312001512153
1498,49.93333333333333,track,1,330.0,221.0,321.8624656926753,238.003591167265,329.59625992360634,221.32862435027073,0.5205766157610402,20.993057737612126,20.993057737612126,0.5156055501022662,-0.42846142266961085,13.026045000515296
1499,49.96666666666667,track,1,330.0,221.0,322.88188933469985,235.57304992199826,330.2214910717539,221.01909739723396,0.22231285488655522,21.558143318607833,21.558143318607833,0.5689434847035708,-0.2765685798990145,13.388695000685402
1500,50.0,track,1,331.0,221.0,323.9531855641559,233.3222285513352,330.8467222198997,220.70957044419674,0.32839519600103906,22.130794277726977,22.130794277726977,0.6298462785685112,-0.1233624290565038,13.249532999907387
1501,50.03333333333333,track,1,331.0,221.0,324.95001507314004,231.24677102890809,331.47195336804634,221.40004349115952,0.6186879475384868,21.85323994764591,21.85323994764591,0.6917116228049083,0.03030646370179374,13.135090999639942
1502,50.06666666666667,track,1,331.0,224.0,325.8736939406041,229.70028575318932,331.0971845161939,224.0905165381223,0.1328084103567705,19.39740106844765,19.39740106844765,0.7541679826373022,0.1645520448937583,13.261337000585627
1503,50.1,track,1,331.0,226.0,326.72593780253607,228.53453432714753,330.7224156643397,225.78098958508508,0.3535797296865126,17.808718506909358,17.808718506909358,0.8168661427961793,0.2846578781506791,12.919226001031348
1504,50.13333333333333,track,1,329.0,229.0,327.2696152376559,227.84767981621027,329.34764681248635,229.47146263204786,0.5857775342648542,14.079367884935413,14.079367884935413,0.866748801686055,0.38346506546911907,13.491410998540232
1505,50.166666666666664,track,1,329.0,233.0,327.761447437831,227.73011323045282,328.972877960633,233.16193567901064,0.16419125785516478,11.281474307660385,11.281474307660385,0.9160093396585052,0.4538314248417055,13.031086000410141
1506,50.2,track,1,328.0,237.0,328.0842971528638,228.1451019087117,327.5981091087797,236.85240872597342,0.4281348766623101,8.224268530224986,8.224268530224986,0.9580798829802984,0.49502622749037667,14.410101000976283
1507,50.233333333333334,track,1,326.0,242.0,328.1287087543219,229.17584429577326,326.22334025692635,241.5428817729362,0.5087611855064035,6.411742986017052,6.411742986017052,0.9863013393982939,0.5001454742353744,13.80391100065026
1508,50.266666666666666,track,1,325.0,246.0,328.0320087036796,230.65932868214608,324.848571405073,246.23335481989898,0.27818175952359747,7.89704735840235,7.89704735840235,1.0066856174969838,0.475082825881344,13.429942999209743
1509,50.3,track,1,322.0,250.0,327.56500968253204,232.56057046786077,322.4738025532188,249.92382786686176,0.47988650043886444,10.22751478138329,10.22751478138329,1.0063561166147355,0.41969590993547085,14.23500700002478
1510,50.333333333333336,track,1,321.0,255.0,326.99189694343346,234.96518114545944,321.09903370136635,254.614300913825,0.39821032016078756,14.655567756882194,14.655567756882194,0.9977143814509181,0.3276390654023831,13.757709999481449
1511,50.36666666666667,track,1,320.0,257.0,326.3221107189372,237.47394337223474,319.724264849513,257.3047739607873,0.4109951829256223,17.306970610339548,17.306970610339548,0.9807891807316453,0.21806031568924994,13.918959999500657
1512,50.4,track,1,317.0,260.0,325.32551253714746,240.19012065934643,317.3494959976588,259.9952470077501,0.3495283154693367,20.170153057608808,20.170153057608808,0.9429231001331918,0.09511460820885936,14.564948000042932
1513,50.43333333333333,track,1,316.0,263.0,324.26511914899476,243.09106859684547,315.97472714580545,262.6857200547129,0.3152944673932894,23.04006762037641,23.04006762037641,0.8967205565860659,-0.06983432979022491,13.9647319992946
1514,50.46666666666667,track,1,316.0,264.0,323.2686127111355,245.91625831991496,315.5999582939521,264.3761931016761,0.5491398877575681,24.77012630458639,24.77012630458639,0.8487627548462323,-0.2349846029674943,13.81523800046125
1515,50.5,track,1,314.0,264.0,322.09675418251015,248.54126054941767,314.2251894420988,264.0666661486389,0.23485029318078887,24.749805180843108,24.749805180843108,0.7866828600417652,-0.4023752470954217,13.8249329993414
1516,50.53333333333333,track,1,314.0,264.0,321.00339493056117,250.97003017365037,313.85042059024545,263.7571391956012,0.28522862783343866,24.540150563434786,24.540150563434786,0.7233259475695599,-0.5710192812867062,13.761557000179891
1517,50.56666666666667,track,1,313.0,262.0,319.8678786809049,252.96835740289646,313.4756517383921,262.44761224256445,0.6531472237780812,23.37653557803797,23.37653557803797,0.659636418640042,-0.727260824432498,13.637958998515387
1518,50.6,track,1,313.0,260.0,318.81587178112346,254.55727781955662,313.1008828865388,260.1380852895272,0.1710114147658421,21.28709224092211,21.28709224092211,0.5819848879551328,-0.87000625988138,15.002324000306544
1519,50.63333333333333,track,1,314.0,258.0,317.96498970880936,255.7584284212859,313.72611403468545,257.82855833649,0.3231188109401189,18.90024173029007,18.90024173029007,0.5169248363149086,-0.9983051018652527,14.154518001305405
1520,50.666666666666664,track,1,315.0,254.0,317.30527151967834,256.3546251897614,315.3513451828321,253.51903138345233,0.5956292870595901,14.295950516000927,14.295950516000927,0.45848688262372905,-1.0986193823249206,13.991515999805415
1521,50.7,track,1,316.0,249.0,316.82649205343733,256.26362912039986,315.9765763309788,249.20950443041556,0.2108098067789187,10.050020391734735,10.050020391734735,0.407094732879195,-1.1636763884040144,14.108071000009659
1522,50.733333333333334,track,1,318.0,245.0,316.63786426773,255.64984054027383,317.60180747912545,244.89997747737834,0.4105627707330817,5.455374106877881,5.455374106877881,0.3694730550753054,-1.199017798870425,14.899068999511655
1523,50.766666666666666,track,1,319.0,241.0,316.60175886791853,254.5499999453258,319.2270386272712,240.59045052434112,0.4682705535111711,0.9726772874008506,0.9726772874008506,0.3396694011687078,-1.2041721865831638,14.15763099976175
1524,50.8,track,1,321.0,235.0,316.827416793552,252.76096884073536,320.8522697754179,235.2809235713039,0.3173992315195827,4.7954192840632786,4.7954192840632786,0.32424638554766333,-1.1661239857504255,14.132075000816258
1525,50.833333333333336,track,1,322.0,231.0,317.1774495273082,250.57229400909733,322.47750092356546,230.97139661826668,0.4783568599408263,9.362354930834123,9.362354930834123,0.31709340057632324,-1.0972556757768903,14.21563099938794
1526,50.86666666666667,track,1,325.0,227.0,317.88111718319755,248.01797901876063,325.1027320717112,226.66186966522946,0.3533921360898057,14.28088216543349,14.28088216543349,0.33098987946145236,-0.9976869323190043,15.069085000504856
1527,50.9,track,1,327.0,223.0,318.79401835825934,245.13074474612577,326.7279632198579,223.35234271219224,0.4451397495001692,17.955778520021326,17.955778520021326,0.3598085360045302,-0.8676854976037609,13.77069299996947
1528,50.93333333333333,track,1,328.0,220.0,319.7798142277281,242.0615265316668,328.35319436800455,220.04281575915502,0.3557800596185165,21.634811276567547,21.634811276567547,0.4087026332886972,-0.7140154792773395,12.899453000500216
1529,50.96666666666667,track,1,330.0,219.0,320.94948813536433,239.071801137531,329.9784255161512,218.7332888061178,0.2675823598360152,23.4913171360265,23.4913171360265,0.45009150299627193,-0.5500437933279761,13.368069001444383
1530,51.0,track,1,331.0,217.0,322.16777858803897,236.04761817653548,330.6036566642979,217.42376185308058,0.5802259455434261,24.942414949654108,24.942414949654108,0.5104997664965873,-0.37034692561573357,13.666655999259092
1531,51.03333333333333,track,1,332.0,217.0,323.4272093839438,233.24008216928917,332.22888781244455,217.11423490004336,0.2558109518249157,25.948100919715657,25.948100919715657,0.5788892517148005,-0.188464137515497,13.528810000934754
1532,51.06666666666667,track,1,333.0,218.0,324.72088518950596,230.76425244357733,332.8541189605912,217.8047079470066,0.24376271991706575,25.648769240856435,25.648769240856435,0.6549608731493864,-0.011815130192388168,13.081090999548906
1533,51.1,track,1,332.0,219.0,325.8032888034806,228.60692338806192,332.4793501087379,219.49518099396892,0.6891884673549538,24.003786818053314,24.003786818053314,0.7256668866528,0.15849611051412027,13.346161000299617
1534,51.13333333333333,track,1,332.0,221.0,326.80342485926235,226.8736365877634,332.10458125688456,221.1856540409317,0.2130836976538123,22.371868524377458,22.371868524377458,0.7968057581895991,0.31511172638020024,14.765329000510974
1535,51.166666666666664,track,1,332.0,225.0,327.7235171852337,225.78128968738775,331.7298124050303,224.87612708789447,0.29723027239668137,19.1394887841531,19.1394887841531,0.8679920807258814,0.44430206801002664,13.373185000091325
1536,51.2,track,1,330.0,230.0,328.3269473211481,225.4115955772268,330.3550435531779,229.5666001348577,0.5602600893857602,14.699753730391617,14.699753730391617,0.9261401291027609,0.5386088534210557,13.605308999103727
1537,51.233333333333334,track,1,329.0,233.0,328.7513568284273,225.47982786844742,328.98027470132456,233.2570731818205,0.2578288351196289,11.229977550581943,11.229977550581943,0.9770538118123498,0.6097657487757515,13.087383998936275
1538,51.266666666666666,track,1,328.0,239.0,329.0073102020654,226.31471407826845,327.6055058494703,238.9475462287828,0.39796612031307355,7.677980083777016,7.677980083777016,1.0203918564216632,0.6381603117981526,12.989935999939917
1539,51.3,track,1,326.0,244.0,328.98579819779036,227.74430085633497,326.230736997617,243.6380192757456,0.4292663588042363,7.2150722646533225,7.2150722646533225,1.0495142710578105,0.6294508834357604,13.944349999292172
1540,51.333333333333336,track,1,324.0,248.0,328.7049399868261,229.6050575974886,323.85596814576456,248.32849232270883,0.3586814479634223,9.177814266510891,9.177814266510891,1.0640898316662708,0.5896723744678618,13.565731000198866
1541,51.36666666666667,track,1,322.0,254.0,328.1826624137038,232.10089287388698,322.4811992939103,254.0189653696716,0.4815728872212109,14.236844452762446,14.236844452762446,1.0638799854806473,0.5060917763445334,14.191038000717526
1542,51.4,track,1,320.0,258.0,327.43658650664884,234.94334987956296,320.106430442057,257.70943841663393,0.3094405802810034,17.709758227360027,17.709758227360027,1.0487356176083902,0.3913595759915782,13.737088000198128
1543,51.43333333333333,track,1,318.0,261.0,326.4839298889264,237.9801954818199,317.73166159020366,261.3999114635967,0.4815959726659804,21.51979483617665,21.51979483617665,1.0185919218004778,0.25221224181889723,13.751815999057726
1544,51.46666666666667,track,1,316.0,265.0,325.3414239325209,241.30749453838015,316.3568927383503,265.09038451055994,0.3681600011358568,25.353493357082588,25.353493357082588,0.9734621174816906,0.08290257007926095,13.453863000904676
1545,51.5,track,1,315.0,267.0,324.14483740561445,244.65644689246912,314.982123886497,266.7808575575227,0.21987033799237074,27.24689729504602,27.24689729504602,0.9197979515131867,-0.10326296814411509,14.104048001172487
1546,51.53333333333333,track,1,314.0,268.0,322.90213472030746,247.8945994936982,313.60735503464366,268.4713306044855,0.6134513897158841,29.180174366220097,29.180174366220097,0.857871734803066,-0.29900959017555606,13.843211001585587
1547,51.56666666666667,track,1,312.0,268.0,321.5010860348285,250.8985695853374,312.2325861827903,268.1618036514483,0.2833315267438002,29.21335143920508,29.21335143920508,0.7816136738299229,-0.4969278856297412,14.104464000411099
1548,51.6,track,1,312.0,267.0,320.1952539057998,253.55389936723418,311.857817330937,266.85227669841106,0.20503191267267779,28.059577732111713,28.059577732111713,0.6937396875086607,-0.6895211234538051,14.025628001036239
1549,51.63333333333333,track,1,311.0,266.0,318.8636005065751,255.87445297139732,311.48304847908366,265.54274974537384,0.6651418108198649,26.92527674443541,26.92527674443541,0.6182983593243236,-0.8756169809290594,14.069001999814645
1550,51.666666666666664,track,1,312.0,262.0,317.7509247710172,257.5162067291936,312.1082796272294,262.2332227923366,0.2571329394267336,23.592275137758094,23.592275137758094,0.5390992135105542,-1.0350627695351442,12.902296999527607
1551,51.7,track,1,313.0,258.0,316.84712391425154,258.51738536768306,312.733510775377,257.9236958392994,0.27719818141609726,19.340649890613314,19.340649890613314,0.4662597817582699,-1.166563484226254,13.953507999758585
1552,51.733333333333334,track,1,314.0,254.0,316.1417130514209,258.9165193875582,314.35874192352367,253.61416888626218,0.5268409779256248,14.736668115591074,14.736668115591074,0.4002906595557346,-1.2690464487525814,14.183470000716625
1553,51.766666666666666,track,1,316.0,248.0,315.7435436071916,258.5129293656384,315.9839730716694,248.30464193322496,0.3050632228092278,9.224724924254092,9.224724924254092,0.3479997444445304,-1.3289276751744168,14.138971999273053
1554,51.8,track,1,318.0,243.0,315.6341307574991,257.47959860087155,317.6092042198161,242.99511498018774,0.3908263108186489,3.832312383808262,3.832312383808262,0.32948054831396056,-1.297394737370032,14.479389999905834
1555,51.833333333333336,track,1,319.0,238.0,317.1025854638221,250.80667321232625,319.23443536796276,237.68558802715052,0.3921923385571672,2.437743215741838,2.437743215741838,0.3979174323012086,-0.9338671636020651,13.87454100040486
1556,51.86666666666667,track,1,321.0,234.0,319.37467202145393,241.15956558652326,320.8596665161094,234.3760610741133,0.4013918511431325,5.689263182611913,5.689263182611913,0.5202262429704504,-0.3618916528966555,12.593396999363904
1557,51.9,track,1,321.0,235.0,321.0288021542576,234.5233406169146,321.4848976642561,235.06653412107607,0.48944104248457027,5.1520876013340295,5.1520876013340295,0.6180951782616456,0.08436134118774949,14.592199000617256
1558,51.93333333333333,track,1,322.0,237.0,322.3881142478462,231.79238400961012,322.11012881240276,236.75700716803885,0.2667843168286714,3.8690626918006474,3.8690626918006474,0.6989980171334513,0.278962555950892,14.002002999404795
1559,51.96666666666667,track,1,322.0,239.0,322.84808000980286,233.89127656021256,321.73535996054943,239.4474802150021,0.5198777676518909,1.8211952958132365,1.8211952958132365,0.7343885199386837,0.2104530719991083,13.690572999621509
1560,52.0,track,1,321.0,243.0,322.4758595850748,237.76783512149177,321.3605911086961,243.1379532619644,0.38607907241561723,3.420227892894854,3.420227892894854,0.7153297793804608,0.0059867664376239,14.56531900112168
1561,52.03333333333333,track,1,321.0,245.0,321.8047475137264,242.12979556682131,320.98582225684277,244.8284263089272,0.1721584731268837,4.928036743250483,4.928036743250483,0.6759506832093592,-0.24998680796584863,13.500680001016008
1562,52.06666666666667,track,1,322.0,245.0,321.8071959866424,244.8562898254507,321.61105340498943,244.51889935589043,0.6186576464677054,4.79749356043288,4.79749356043288,0.6705461563340466,-0.43573229105977673,13.274980999995023
1563,52.1,track,1,321.0,244.0,321.37152832449465,245.89175057889258,321.2362845531361,244.2093724028532,0.3157011135983719,4.387164861527897,4.387164861527897,0.6412055484993276,-0.5360547368042429,13.80646799952956
1564,52.13333333333333,track,1,322.0,243.0,321.5235016094463,245.92550149508057,321.86151570128186,242.89984544981553,0.17090592416329115,3.4459170534031616,3.4459170534031616,0.6424435572907212,-0.5800330081483502,13.684378998732427
1565,52.166666666666664,track,1,321.0,242.0,321.2420620955613,245.41542389634844,321.4867468494285,241.5903184967783,0.6362086367777335,2.177045960810399,2.177045960810399,0.6212040396943033,-0.5888362167635636,13.754199999311822
1566,52.2,track,1,322.0,240.0,321.42072587567503,244.25004782745705,322.1119779975761,240.28079154374154,0.3022961511132966,2.130562121432354,2.130562121432354,0.6279100620243028,-0.5343709460259908,14.040691001355299
1567,52.233333333333334,track,1,323.0,239.0,322.14642390904953,241.85028840116289,322.73720914572186,238.97126459070432,0.26435725229246715,2.9241426862863853,2.9241426862863853,0.6668346381287477,-0.401475166552843,13.798885000142036
1568,52.266666666666666,track,1,322.0,239.0,322.27911706353274,239.92503607114446,322.36244029386853,238.6617376376671,0.4957664696109851,2.7151556663533047,2.7151556663533047,0.6761649022677352,-0.28517409937058485,13.224131000242778
1569,52.3,track,1,322.0,238.0,322.30470986668206,238.26936051803204,321.9876714420152,238.35221068462943,0.3524263890646015,2.581868972130887,2.581868972130887,0.6793063961683865,-0.16766018930871335,15.268928000296
1570,52.333333333333336,track,1,323.0,239.0,322.72685387835804,237.75257020822727,322.61290259016187,239.04268373159266,0.38944358467699336,2.782753022356088,2.782753022356088,0.7041252045577383,-0.11116812546231505,13.73382999918249
1571,52.36666666666667,track,1,322.0,241.0,322.5823187173855,238.34701607376127,322.23813373830853,240.73315677855544,0.3576492445842824,2.35515636264277,2.35515636264277,0.6995311380434517,-0.11687485937958274,13.849142000253778
1572,52.4,track,1,322.0,241.0,322.4693044423907,238.82218446502907,321.8633648864552,241.42362982551822,0.4451195157730076,2.3449628099778557,2.3449628099778557,0.6953188316670483,-0.12222978740841636,14.294759999756934
1573,52.43333333333333,track,1,322.0,243.0,322.3828838836277,239.893355641229,322.48859603460096,243.114102872481,0.5017425141805278,3.9863199725844924,3.9863199725844924,0.6916067236400569,-0.170343018679897,13.702898999326862
1574,52.46666666666667,track,1,322.0,244.0,322.31661156467436,241.00586393021518,322.11382718274854,243.80457591944378,0.22615746459870306,4.352362954228207,4.352362954228207,0.6883128528106934,-0.21704182776989503,13.076477000140585
1575,52.5,track,1,322.0,244.0,322.26518852394724,241.83118929065492,321.7390583308952,244.49504896640656,0.5596106090983239,4.819729150963638,4.819729150963638,0.6853340068248357,-0.2599901021574249,13.911821000874625
1576,52.53333333333333,track,1,322.0,244.0,322.2247025699658,242.45297878210673,322.36428947904096,244.18552201336934,0.4088095424333296,4.807125884049958,4.807125884049958,0.6825865900610063,-0.29656570363199186,13.937324001744855
1577,52.56666666666667,track,1,322.0,245.0,322.1923492709967,243.19223728758996,321.98952062718854,244.87599506033212,0.1244469457903936,5.26626244640275,5.26626244640275,0.6800101896194419,-0.34278933426221764,13.973642000564723
1578,52.6,track,1,322.0,245.0,322.1661235732114,243.76584137121702,321.6147517753352,244.5664681072949,0.5799707721944657,4.843558017706573,4.843558017706573,0.6775628714039332,-0.3837482576194917,14.039720999790006
1579,52.63333333333333,track,1,322.0,244.0,322.1445804811839,243.98147738285633,322.23998292348097,244.25694115425767,0.3515829351856219,4.810308876600233,4.810308876600233,0.6752159270808558,-0.40810472083177685,13.80675499967765
1580,52.666666666666664,track,1,322.0,244.0,322.1266658786536,244.14938279435145,321.86521407162763,243.94741420122045,0.14468072684529762,4.365902244553197,4.365902244553197,0.6729497466392765,-0.43069471043397745,13.001100000110455
1581,52.7,track,1,322.0,243.0,322.11160030822356,244.0697439953182,322.4904452197752,242.6378872481837,0.6096410079943251,3.6277770778854794,3.6277770778854794,0.6707508881856836,-0.4405070617800711,14.147417999993195
1582,52.733333333333334,track,1,322.0,242.0,322.09879950381156,243.79761872337616,322.11567636792097,242.328360295146,0.34814006595587904,3.1460051108972613,3.1460051108972613,0.668610076177108,-0.4392998563569985,14.062449999983073
1583,52.766666666666666,track,1,322.0,242.0,322.0878197463329,243.56617009018993,321.74090751606764,242.0188333421088,0.25977607666070557,2.665792010399713,2.665792010399713,0.6665208539168467,-0.43866117519772196,13.883726998756174
1584,52.8,track,1,322.0,241.0,322.0783199006204,243.18327758076424,322.3661386642143,240.70930638907157,0.46750432818022536,2.470167551375332,2.470167551375332,0.6644786802581966,-0.42852394442978425,13.907327000197256
1585,52.833333333333336,track,1,322.0,240.0,322.07003471556703,242.67790212076358,321.991369812361,240.3997794360348,0.3998725767228753,2.0311024905353445,2.0311024905353445,0.66248032352765,-0.4097775445446552,13.800878999973065
1586,52.86666666666667,track,1,323.0,240.0,322.23360402198387,242.2432211731651,322.61660096050764,240.09025248299713,0.3938785779536781,2.618157003927887,2.618157003927887,0.6696462957373615,-0.39222838844358027,12.889535999420332
1587,52.9,track,1,322.0,240.0,322.2095212410469,241.86740353187605,322.2418321086543,239.7807255299599,0.3264415138850318,2.2525302432164547,2.2525302432164547,0.6675655076797806,-0.3756190999288399,14.254731000619358
1588,52.93333333333333,track,1,323.0,239.0,322.34792922104884,241.38120548145625,322.86706325680007,239.4711985769227,0.4895919490622493,2.9154215241610584,2.9154215241610584,0.6740689109685991,-0.3512448675594921,13.751828999374993
1589,52.96666666666667,track,1,322.0,239.0,322.31343416861404,240.95694781579536,322.49229440494764,239.16167162388592,0.5181616495965954,2.6295105755884287,2.6295105755884287,0.6719955811322549,-0.3278587508949987,13.636742000016966
1590,53.0,track,1,322.0,239.0,322.2823675347039,240.5856128250424,322.1175255530943,238.8521446708487,0.18887417501755574,2.4086274773547696,2.4086274773547696,0.6699680782210731,-0.3053146421643369,14.302638999652117
1591,53.03333333333333,track,1,323.0,239.0,322.401325724145,240.2598541972963,322.74275670124007,238.54261771781103,0.5247596276556392,3.1059100821877705,3.1059100821877705,0.6758070819485229,-0.269927006348818,14.185173000441864
1592,53.06666666666667,track,1,322.0,239.0,322.363004219699,239.97364405372002,322.36798784938765,239.23309076477426,0.4355988543602869,2.4890793940575815,2.4890793940575815,0.6738056010604913,-0.2628494350893226,13.524576999770943
1593,53.1,track,1,323.0,240.0,322.4685158913771,239.86255878430455,322.9932189975343,239.92356381173704,0.07673638557171115,2.9941947929412494,2.9941947929412494,0.6793015353887224,-0.2557360288580977,14.21332599966263
1594,53.13333333333333,track,1,323.0,240.0,322.56262096696344,239.76759187860353,322.6184501456801,239.61403685869982,0.5427226158673155,2.6467430385011483,2.6467430385011483,0.6846599502222269,-0.24866111504227778,13.581545999841182
1595,53.166666666666664,track,1,322.0,240.0,322.51125954102616,239.68686981797438,322.24368129382674,240.3045099056626,0.39000878914162745,2.2642508763197324,2.2642508763197324,0.6826904237782419,-0.24167678645732613,13.925453999036108
1596,53.2,track,1,323.0,241.0,322.59678887656946,239.75196451298874,322.8689124419734,240.99498295262538,0.1311835303448362,3.0365522679059773,3.0365522679059773,0.6877772381370271,-0.23494535671453337,13.900751999244676
1597,53.233333333333334,track,1,322.0,241.0,322.54236525278833,239.81624079845085,322.4941435901201,240.68545599958816,0.5857608862427073,2.586619835907174,2.586619835907174,0.6857812347940888,-0.22846933427082525,14.42808699903253
1598,53.266666666666666,track,1,322.0,241.0,322.491575709254,239.8796449208491,322.11937473826674,241.37592904655094,0.3944274029234652,2.5268419068762085,2.5268419068762085,0.6837261081199293,-0.22224609015008676,13.999823999256478
1599,53.3,track,1,323.0,242.0,322.57214888761615,240.070116568009,322.7446058864134,242.06640209351372,0.2638851857867058,3.4355318487554456,3.4355318487554456,0.68842255148448,-0.2163897893498178,13.925582001320436
1600,53.333333333333336,track,1,322.0,243.0,322.51860771304973,240.3757162938485,322.3698370345601,242.7568751404765,0.4425936391889474,3.6354488183097557,3.6354488183097557,0.6863190072580988,-0.21099122544026108,13.993477999974857
1601,53.36666666666667,track,1,322.0,243.0,322.46835636768964,240.6603162350137,321.99506818270675,243.44734818743927,0.44737537217309853,3.983027313374796,3.983027313374796,0.6841396128035353,-0.24053038479729072,14.413881001019035
1602,53.4,track,1,323.0,243.0,322.54576898042006,240.92519274236275,322.6202993308534,243.13782123440205,0.40393971184134847,4.088017940559371,4.088017940559371,0.6885176498656764,-0.2521027246289752,14.48229400011769
1603,53.43333333333333,track,1,322.0,244.0,322.4930057152149,241.29515120989643,322.24553047899917,243.82829428136483,0.29961320052624785,4.438270410514093,4.438270410514093,0.6862936085874098,-0.2705986201136673,13.522472998374724
1604,53.46666666666667,track,1,322.0,245.0,322.44332238581023,241.76128219508092,321.87076162714675,244.5187673283276,0.498284498356812,4.8907062100647405,4.8907062100647405,0.683989317112594,-0.2959762327286565,13.900336000006064
1605,53.5,track,1,322.0,244.0,322.3966138559694,242.0707140763549,322.4959927752925,244.2092403752904,0.5383218069092384,4.893637141358888,4.893637141358888,0.6816124858244125,-0.31516685601052796,14.299292999567115
1606,53.53333333333333,track,1,322.0,244.0,322.3527862657938,242.35611547075897,322.1212239234392,243.89971342225317,0.15732970886058859,4.439296758392282,4.439296758392282,0.6791733449589672,-0.3345034224977419,14.495892999548232
1607,53.56666666666667,track,1,323.0,245.0,322.43313493729005,242.74002291571077,322.74645507158675,244.5901864692164,0.4819047216384121,5.349095931316054,5.349095931316054,0.6831448745856398,-0.3603593061053327,13.536337999539683
1608,53.6,track,1,322.0,244.0,322.38683889459116,242.97278508038968,322.3716862197325,244.28065951617873,0.4657471523914263,4.893765566342609,4.893765566342609,0.6807276397003696,-0.3798385583896051,14.215411998520722
1609,53.63333333333333,track,1,322.0,244.0,322.3433121748266,243.18493539355373,321.9969173678792,243.9711325631415,0.029031560956505126,4.444949134487408,4.444949134487408,0.6782560012997721,-0.39918403877648934,13.928592999945977
1610,53.666666666666664,track,1,323.0,243.0,322.4229829659371,243.25703773037068,322.62214851602585,242.6616056101043,0.5072302308166988,3.7362825460389324,3.7362825460389324,0.6821536218617226,-0.4119071554593685,14.00866200128803
1611,53.7,track,1,322.0,242.0,322.37705784329836,243.19828859223963,322.2473796641725,242.35207865706752,0.4302976632618118,3.2531506826411714,3.2531506826411714,0.6797218317743432,-0.4178448757664066,13.558456999817281
1612,53.733333333333334,track,1,322.0,242.0,322.3338457895269,243.13768674750867,321.8726108123192,242.0425517040303,0.1343080513366992,2.771044697952704,2.771044697952704,0.6772392096796483,-0.4232580258995521,13.688954999452108
1613,53.766666666666666,track,1,322.0,242.0,322.29332455838585,243.07585579471709,322.49784196046585,241.73302475099263,0.5649091972901736,3.0401627007475978,3.0401627007475978,0.674715828816675,-0.4281522301041554,13.438488998872344
1614,53.8,track,1,322.0,240.0,322.25546092643145,242.77355134899096,322.1230731086116,240.4234977979554,0.4410185652967482,2.16489949175079,2.16489949175079,0.6721631085323769,-0.4197762662684126,14.410292000320624
1615,53.833333333333336,track,1,323.0,240.0,322.3400465055914,242.4865859932176,322.7483042567592,240.11397084491864,0.2762971238667091,2.7506663994770646,2.7506663994770646,0.6759730837561965,-0.4106858549455926,14.127344000371522
1616,53.86666666666667,track,1,322.0,240.0,322.29970224385715,242.21521193944167,322.37353540490585,239.80444389188142,0.4216288535438062,2.3815777354023258,2.3815777354023258,0.6735194858417686,-0.40096760264387254,13.708930999200675
1617,53.9,track,1,322.0,239.0,322.2619197092401,241.8398156685088,321.9987665530516,239.4949169388442,0.4949184758586881,2.0615956519803604,2.0615956519803604,0.6710407571016551,-0.38433950066030365,13.725242999498732
1618,53.93333333333333,track,1,323.0,239.0,322.3463913494289,241.48781642682567,322.6239977011983,239.18538998580652,0.4192221076488248,2.747535879860014,2.747535879860014,0.6749201391732913,-0.3671505363852962,13.904876999731641
1619,53.96666666666667,track,1,322.0,239.0,322.30601796769366,241.15904810434424,322.24922884934585,238.87586303276976,0.27843312658407043,2.514500812849995,2.514500812849995,0.6725428913656439,-0.34952477987701847,13.989296001454932
1620,54.0,track,1,323.0,239.0,322.3878376204006,240.85320470663186,322.8744599974916,238.56633607973254,0.45146947623460726,3.2121507613211673,3.2121507613211673,0.6765112470342407,-0.3315841640047701,14.134723000097438
1621,54.03333333333333,track,1,322.0,238.0,322.3448438720369,240.4501721626198,322.4996911456383,238.25680912669532,0.5618204059869204,3.0474858891150203,3.0474858891150203,0.6742122823570698,-0.2835346564965669,13.771001000350225
1622,54.06666666666667,track,1,322.0,239.0,322.3043681150864,240.19638457603455,322.12492229378586,238.9472821736581,0.13559037096687704,2.371394015452973,2.371394015452973,0.6718731241956507,-0.27685668963093385,13.874914000552963
1623,54.1,track,1,323.0,239.0,322.38609407621897,239.96385014479353,322.7501534419316,238.63775522062087,0.4400506593178217,3.0690478642592063,3.0690478642592063,0.675874387254574,-0.2699795505527156,13.420837000012398
1624,54.13333333333333,track,1,322.0,239.0,322.34304232827236,239.75179586666917,322.3753845900783,239.32822826758365,0.4986455515786818,2.468547996546762,2.468547996546762,0.6736060514761992,-0.2629970196250799,14.164694999635685
1625,54.166666666666664,track,1,323.0,239.0,322.4222053061517,239.55938689445077,323.00061573822495,239.01870131454643,0.018711448349240857,3.156998878453422,3.156998878453422,0.6776675887305184,-0.25597977859553256,13.963335000880761
1626,54.2,track,1,323.0,240.0,322.4963004026779,239.5054182448267,322.6258468863716,239.7091743615092,0.473888282658884,2.641902992668561,2.641902992668561,0.6818202766452639,-0.2490959673612136,14.1529120010091
1627,54.233333333333334,track,1,322.0,240.0,322.445689692839,239.4616800313742,322.2510780345183,240.399647408472,0.4719727010282959,2.28627871629622,2.28627871629622,0.6796711839228768,-0.21422254594094375,13.61496800018358
1628,54.266666666666666,track,1,323.0,241.0,322.5174166752962,239.54695998688516,322.87630918266495,241.09012045543477,0.1530395856658736,3.075957919354563,3.075957919354563,0.6838188240130425,-0.2340237459332754,14.520228000037605
1629,54.3,track,1,323.0,241.0,322.58423864408826,239.63311154138023,322.5015403308107,240.78059350239755,0.5446111025295642,2.620501906631217,2.620501906631217,0.6880248370718295,-0.2278315489936425,13.867580000805901
1630,54.333333333333336,track,1,322.0,241.0,322.52655615435486,239.71937202505802,322.1267714789583,241.47106654936033,0.4878265078934522,2.5859608884044127,2.5859608884044127,0.685897929014595,-0.22193426578766487,14.103366000199458
1631,54.36666666666667,track,1,323.0,242.0,322.5914381675981,239.92474379197552,322.75200262710496,242.1615395963231,0.295969150661139,3.4993959315952314,3.4993959315952314,0.6900384697899229,-0.2164277855296373,13.964080999357975
1632,54.4,track,1,322.0,243.0,322.53199726519256,240.2410233462713,322.3772337752507,242.8520126432859,0.4052228756340601,3.7128448041434927,3.7128448041434927,0.6878390227118386,-0.21139207879776803,14.050089001102606
1633,54.43333333333333,track,1,322.0,244.0,322.47561644854767,240.66014220598007,322.0024649233974,243.54248569024867,0.4575209497657923,4.069283798784925,4.069283798784925,0.685530933065699,-0.24140962547836264,13.829102999807219
1634,54.46666666666667,track,1,323.0,243.0,322.5420238529394,240.93488416279308,322.62769607154496,243.2329587372119,0.4391810428358894,4.166150362256215,4.166150362256215,0.6895000013705436,-0.25397537900475875,13.940524999270565
1635,54.5,track,1,322.0,244.0,322.48431277731214,241.31213923153774,322.2529272196907,243.92343178417423,0.26426288073662413,4.524267678010653,4.524267678010653,0.6871439448346858,-0.2733527632521064,13.521431999834022
1636,54.53333333333333,track,1,322.0,245.0,322.42981897619137,241.7843782366084,321.8781583678374,244.613904831137,0.4048640052503969,4.981525533957143,4.981525533957143,0.6846959275276276,-0.2995621594094306,14.236258000892121
1637,54.56666666666667,track,1,323.0,244.0,322.49822381388026,242.10494719756753,322.50338951598405,244.30437787810024,0.5824670510092024,4.979420446820855,4.979420446820855,0.6885421545615464,-0.3198569671557754,14.508828000543872
1638,54.6,track,1,322.0,244.0,322.44261806064276,242.40158953967136,322.1286206641307,243.99485092506302,0.1287236894053871,4.52657263779575,4.52657263779575,0.6860820904326899,-0.34032921857708287,14.61582800038741
1639,54.63333333333333,track,1,322.0,244.0,322.390295398409,242.67490985496232,321.7538518122774,243.6853239720258,0.39951211859059516,4.081373415679665,4.081373415679665,0.6835479180577264,-0.3608615856560926,14.091491999352002
1640,54.666666666666664,track,1,322.0,244.0,322.3412613216005,242.9256182217148,322.37908296042406,244.37579701898812,0.5337858094444131,4.9807263811582185,4.9807263811582185,0.6809546480855467,-0.3813473743583371,14.03256100093131
1641,54.7,track,1,322.0,243.0,322.29549558141036,243.0348791118173,322.0043141085707,243.06627006595136,0.0664103393603532,3.6632345219989673,3.6632345219989673,0.6783180977523178,-0.39532112505566674,14.457146999120596
1642,54.733333333333334,track,1,323.0,243.0,322.3725841346909,243.13080376718128,322.6295452567174,242.75674311291414,0.44318238901753193,3.8097428847265356,3.8097428847265356,0.6820234103008342,-0.4089434994322322,13.469879999320256
1643,54.766666666666666,track,1,322.0,242.0,322.3256020383909,243.09463313422066,322.25477640486406,242.44721615987692,0.5146972995174066,3.3275942614889837,3.3275942614889837,0.6794711030373999,-0.4158018421034288,14.030629999979283
1644,54.8,track,1,322.0,242.0,322.28176161971834,243.05445731540195,321.8800075530098,242.13768920683924,0.18263763307355574,2.846777747631688,2.846777747631688,0.6768896282146898,-0.4221093140793601,14.170177999403677
1645,54.833333333333336,track,1,323.0,242.0,322.3606380868492,243.0110611243052,322.5052387011574,241.82816225380247,0.5237527602320259,3.1013542487121555,3.1013542487121555,0.6806596136443952,-0.42787413830353693,14.04073899902869
1646,54.86666666666667,track,1,322.0,241.0,322.3153321049438,242.84554566819259,322.13046984930315,240.51863530076525,0.4987327493222647,2.1926888411239904,2.1926888411239904,0.6781798908763459,-0.4267448415388593,14.079139000386931
1647,54.9,track,1,322.0,240.0,322.2730450318347,242.56616870743773,321.7557009974498,240.20910834772803,0.3215716152532128,1.7681098081103013,1.7681098081103013,0.6756760455605265,-0.41862078111838164,13.923287000579876
1648,54.93333333333333,track,1,322.0,240.0,322.23373751116316,242.30067463267463,322.3809321455965,239.8995813946908,0.39394567625624105,2.3830488409235224,2.3830488409235224,0.6731582727279343,-0.4098046845817115,13.26836199950776
1649,54.96666666666667,track,1,322.0,240.0,322.19735224227145,242.04942291556011,322.00616329374316,239.5900544416536,0.40999188650229706,2.0476197210347284,2.0476197210347284,0.6706375901598882,-0.4003897439029034,14.111436999883153
1650,55.0,track,1,323.0,239.0,322.28342087671405,241.6930174634597,322.6313944418898,239.28052748861637,0.4632124019703298,2.727980462438345,2.727980462438345,0.6744931482478548,-0.3841034763008321,14.353926000694628
1651,55.03333333333333,track,1,322.0,239.0,322.2450477125407,241.35873934502138,322.2566255900365,238.97100053557915,0.2582589057482314,2.4801610736776634,2.4801610736776634,0.67212366012609,-0.3672843711001114,13.75728600032744
1652,55.06666666666667,track,1,322.0,239.0,322.2093986367875,241.04648576097003,321.88185673818316,238.66147358254193,0.3585498091335676,2.309337080912723,2.309337080912723,0.6697518760327633,-0.3500546298598561,14.265964000514941
1653,55.1,track,1,323.0,238.0,322.29601863379776,240.63639928512072,322.5070878863298,238.3519466295047,0.6056639182108525,3.000261585559274,3.000261585559274,0.6737534222908759,-0.3261650579724676,13.980011999592534
1654,55.13333333333333,track,1,322.0,238.0,322.25803984270806,240.2552886147486,322.1323190344765,238.0424196764675,0.13895235095671601,2.8946338607624322,2.8946338607624322,0.6715253490330579,-0.28862343317806677,13.76312100001087
1655,55.166666666666664,track,1,323.0,238.0,322.3422361199129,239.9025888266445,322.75755018262225,237.73289272343027,0.36073288059588055,3.5698541165088877,3.5698541165088877,0.6756563315895097,-0.28179917161158285,13.683605999176507
1656,55.2,track,1,322.0,238.0,322.30177385075604,239.57758650991883,322.38278133076983,238.4233657703935,0.5707539949284685,2.8571703421798498,2.8571703421798498,0.6735420603293704,-0.2747207995105294,14.330760999655467
1657,55.233333333333334,track,1,323.0,239.0,322.3834490240597,239.39903864949062,323.0080124789165,239.11383881735583,0.11412044582527991,3.135828553180594,3.135828553180594,0.6777703865285348,-0.23617930015205002,14.047248998394934
1658,55.266666666666666,track,1,323.0,239.0,322.4600501168198,239.238806318776,322.63324362706226,238.8043118643186,0.415697105519041,2.8919962166768536,2.8919962166768536,0.682104780152891,-0.21857199241023156,13.882899000236648
1659,55.3,track,1,322.0,239.0,322.4120062246819,239.09591883432572,322.2584747752089,239.49478491128139,0.5582305239334665,2.3142926772826202,2.3142926772826202,0.6801549203593479,-0.20132847619011038,13.917358999606222
1660,55.333333333333336,track,1,323.0,240.0,322.48616564428335,239.08898388384972,322.8837059233565,240.18525795824462,0.21873459569836948,2.889650560793526,2.889650560793526,0.6845082381424983,-0.1908746701164442,13.549174998843228
1661,55.36666666666667,track,1,323.0,241.0,322.5553680692243,239.2094081946221,322.50893707150226,240.8757310052074,0.506542774908043,2.65738029311574,2.65738029311574,0.688929445375338,-0.1873808446238548,13.741500999458367
1662,55.4,track,1,322.0,242.0,322.5000857979286,239.4486568378539,322.1341682196489,241.56620405216972,0.4540705182212678,2.6472002422922856,2.6472002422922856,0.6870302804659261,-0.19097562181919608,15.176677999988897
1663,55.43333333333333,track,1,323.0,242.0,322.56720103149615,239.67871761746576,322.7593993677956,242.2566770991325,0.35181216214940053,3.564670587970201,3.564670587970201,0.6914006187214687,-0.21217768497739226,13.776387000689283
1664,55.46666666666667,track,1,322.0,243.0,322.50999150246093,240.01853129912968,322.38463051594226,242.94715014609574,0.3882444344117674,3.7910627377023434,3.7910627377023434,0.6894406430702587,-0.2070504484528976,14.131411999187549
1665,55.5,track,1,322.0,244.0,322.4557409636604,240.4599986048661,322.00986166408893,243.63762319305852,0.36251096897571006,4.155941097206692,4.155941097206692,0.6873759440127301,-0.2025643349004273,13.901627999075572
1666,55.53333333333333,track,1,323.0,244.0,322.5241017495786,240.8756218019187,322.6350928122356,244.32809624002084,0.49071824746787,5.067162045166728,5.067162045166728,0.6915873831219288,-0.24441287149110247,13.947964998806128
1667,55.56666666666667,track,1,322.0,244.0,322.46831726607934,241.2653273711694,322.26032396038227,244.01856928698408,0.260985407193974,4.610635912774925,4.610635912774925,0.6894795596847592,-0.2644309237693565,13.297179000801407
1668,55.6,track,1,322.0,245.0,322.4156385872261,241.74884095785248,321.88555510852893,244.70904233394685,0.3126563554750135,5.072513949729778,5.072513949729778,0.6872806685442927,-0.2913132942102407,14.523825000651414
1669,55.63333333333333,track,1,323.0,244.0,322.48568842043653,242.0796900613671,322.5107862566756,244.39951538090963,0.6316190515182711,5.065548658691526,5.065548658691526,0.6913729701409982,-0.31230376574975577,15.264030000253115
1670,55.666666666666664,track,1,322.0,245.0,322.4316835648226,242.50518571955746,322.13601740482136,245.0899884278724,0.1630909303587604,5.520013817878978,5.520013817878978,0.6891616366994517,-0.339845819863853,14.778092001506593
1671,55.7,track,1,322.0,245.0,322.38085058021346,242.8987899679941,321.76124855296894,244.7804614748352,0.3243445968271486,5.094586183167249,5.094586183167249,0.6868748339481848,-0.36756945500327814,14.344625000376254
1672,55.733333333333334,track,1,322.0,244.0,322.3331971600546,243.1417269634804,322.3864797011156,244.47093452179797,0.6092174350718231,5.067991797748067,5.067991797748067,0.6845269786415854,-0.38896212403385233,13.702202000786201
1673,55.766666666666666,track,1,322.0,244.0,322.2887058709576,243.36214507780508,322.01171084926136,244.16140756876075,0.16183184866916314,4.622152474159105,4.622152474159105,0.6821333616631284,-0.4101331765761304,13.73925999905623
1674,55.8,track,1,322.0,244.0,322.24733728978487,243.5610592011488,321.63694199740803,243.85188061572353,0.39211027179163677,4.1852793670990325,4.1852793670990325,0.6797093336134583,-0.43099221696531487,13.695804000235512
1675,55.833333333333336,track,1,322.0,243.0,322.2090329331673,243.61993353032088,322.2621731455556,242.5423536626863,0.5274229121939601,3.403085289358385,3.403085289358385,0.677269764444236,-0.44509551508956285,20.88920899950608
1676,55.86666666666667,track,1,322.0,242.0,322.1737179819361,243.54745382109462,321.88740429370137,242.2328267096491,0.25862341309887155,2.923663811590643,2.923663811590643,0.6748286953668021,-0.4522551713510581,25.390159999005846
1677,55.9,track,1,322.0,242.0,322.14130380421915,243.47186022104216,321.51263544184803,241.92329975661187,0.49336309132165573,2.4468649193852254,2.4468649193852254,0.6723991255126209,-0.45869320881470954,25.863065999146784
1678,55.93333333333333,track,1,322.0,241.0,322.11169028204347,243.27450764104634,322.1378665899947,240.61377280357465,0.4100958959747764,2.2242280932996628,2.2242280932996628,0.6699928928289862,-0.45806357611213355,18.637637000210816
1679,55.96666666666667,track,1,322.0,240.0,322.08476794720343,242.96384644245947,321.76309773814137,240.30424585053743,0.3856011141620028,1.7891559942633433,1.7891559942633433,0.6676206206284299,-0.45027362559062434,15.817400999367237
1680,56.0,track,1,322.0,239.0,322.0604199329265,242.54817909194233,322.38832888628804,238.9947188975002,0.38836479496643356,2.5912747758817574,2.5912747758817574,0.6652917095937809,-0.4352684902654377,15.755065998746431
1681,56.03333333333333,track,1,322.0,239.0,322.0385237484904,242.15520766709415,322.0135600344347,238.68519194446299,0.3150999624958185,2.404816881838971,2.404816881838971,0.6630143609357355,-0.4193973070101318,15.520171000389382
1682,56.06666666666667,track,1,323.0,238.0,322.13854591119923,241.66561686314017,322.6387911825814,238.37566499142622,0.521148726914137,3.0986582782468246,3.0986582782468246,0.667163047421639,-0.39643289183177144,15.232753999953275
1683,56.1,track,1,322.0,238.0,322.11357200436515,241.20666858281834,322.26402233072804,238.066138038389,0.2721801448397934,2.9775189672949476,2.9775189672949476,0.6651329281296672,-0.37275926985993196,14.083042000493151
1684,56.13333333333333,track,1,323.0,238.0,322.21031310504037,240.77819251868894,322.8892534788747,237.75661108535132,0.26740036595938976,3.657947441880236,3.657947441880236,0.6695083168985999,-0.3485445575575086,14.371227000083309
1685,56.166666666666664,track,1,323.0,237.0,322.30149712840824,240.26021371649688,322.51448462702047,237.4470841323141,0.6600071202392526,3.5832962990805943,3.5832962990805943,0.6740484141497209,-0.3039781377345157,14.308159999927739
1686,56.2,track,1,322.0,237.0,322.2675014133241,239.77935909213562,322.13971577516804,237.13755717927734,0.1960675276570408,3.573788256235908,3.573788256235908,0.672357729519545,-0.2968892463639871,14.219597998817335
1687,56.233333333333334,track,1,323.0,238.0,322.3551276452249,239.45444294864006,322.7649469233138,237.82803022624012,0.29124483162225184,3.516018229029681,3.516018229029681,0.6770178596215095,-0.26100146096804877,14.056448999326676
1688,56.266666666666666,track,1,322.0,238.0,322.3175913133483,239.15731073037333,322.39017807146047,237.51850327320244,0.6197402886414385,3.4453994279905316,3.4453994279905316,0.6754204242844117,-0.2360076985722024,14.285048000601819
1689,56.3,track,1,317.0,238.0,321.6841611545152,238.88690196379267,316.98459078039286,238.20897632016522,0.2095436623682464,3.5072009613680013,3.5072009613680013,0.587911517583497,-0.21124532895708256,14.411403999474715
1690,56.333333333333336,track,1,313.0,239.0,320.6124489185341,238.76167249591595,313.3593596322462,238.89944936712845,0.37316186174231386,6.731219517246138,6.731219517246138,0.48235813235198466,-0.19318626060538333,13.621763000628562
1691,56.36666666666667,track,1,310.0,240.0,319.2521677941355,238.77282710845253,309.73412848409953,239.58992241409123,0.48872414451505886,10.274058672571488,10.274058672571488,0.36607748875034674,-0.18204463075177615,14.136662000964861
1692,56.4,track,1,306.0,240.0,317.5057512528744,238.7919910914442,306.10889733595286,240.280395461054,0.30079934234855443,13.893932302903927,13.893932302903927,0.23329877953956812,-0.17162250393011494,14.475814999968861
1693,56.43333333333333,track,1,302.0,241.0,315.4022201722653,238.93765360921967,302.4836661878062,240.97086850801634,0.4845426968309087,17.543219085448996,17.543219085448996,0.0850417842072678,-0.16828775519387518,14.113822000581422
1694,56.46666666666667,track,1,299.0,242.0,313.0894366420648,239.20119103324816,298.8584350396595,241.66134155497957,0.3670560997720301,21.206740077970448,21.206740077970448,-0.07128820550406345,-0.17215258881854817,14.100024000072153
1695,56.5,track,1,295.0,242.0,310.4676005631232,239.45452066692613,295.23320389151286,242.35181460194235,0.4220871582464879,24.878207761036226,24.878207761036226,-0.2470978538456899,-0.17692177136159049,14.232224000807037
1696,56.53333333333333,track,1,294.0,243.0,307.9219582100401,239.81652742384662,293.6079727433671,243.04228764890513,0.39430142682095576,26.56679538170787,26.56679538170787,-0.4300143558290461,-0.19846543162576177,14.030977999937022
1697,56.56666666666667,track,1,292.0,244.0,305.3355725565495,240.27907180544148,291.9827415952195,243.7327606958679,0.26779600110638435,28.26482391476831,28.26482391476831,-0.6257265128685185,-0.19409044639441184,13.762098998995498
1698,56.6,track,1,291.0,244.0,302.83737370940554,240.71462936285482,291.35751044707285,244.4232337428307,0.5540221302770372,28.98201519103281,28.98201519103281,-0.8273218119565161,-0.22770320071020242,14.316032000351697
1699,56.63333333333333,track,1,293.0,245.0,300.7870007683202,241.242704212921,292.7322792989271,245.11370678979347,0.2908669933631229,27.743081828875816,27.743081828875816,-1.0150206579430319,-0.254733184206755,14.359381999383913
1700,56.666666666666664,track,1,294.0,245.0,299.0421425267698,241.73623215892297,294.10704815078043,244.80417983675625,0.22316998659837567,26.334864711440964,26.334864711440964,-1.1941717065891368,-0.28241611153368734,15.800047998709488
1701,56.7,track,1,297.0,245.0,297.8263460409232,242.19558717085465,297.48181700263285,245.49465288371903,0.6905281307793729,23.178864851745367,23.178864851745367,-1.3512775459167468,-0.3105687464753105,15.264637000655057
1702,56.733333333333334,track,1,301.0,245.0,297.22803017627734,242.62135867798534,300.8565858544871,245.1851259306818,0.23417776868012505,19.83320034849778,19.83320034849778,-1.4790691885481222,-0.3390161166159822,14.142396999886842
1703,56.766666666666666,track,1,305.0,245.0,297.2083590438109,243.01432131376075,305.2313547063404,244.8755989776446,0.26267968042644047,15.552631584421396,15.552631584421396,-1.5766928668556555,-0.36759448992210264,14.262197999414639
1704,56.8,track,1,310.0,246.0,297.8483284948164,243.49499976150463,309.60612355819376,245.56607202460737,0.5860308347163117,11.790412430048896,11.790412430048896,-1.637130305952354,-0.40252054737866316,15.332252998632612
1705,56.833333333333336,track,1,315.0,244.0,299.102246374692,243.69807914415864,314.9808924100471,244.2565450715706,0.25725565832644465,6.581004250555903,6.581004250555903,-1.6598052343700158,-0.4246792464498129,13.822122000419768
1706,56.86666666666667,track,1,320.0,244.0,300.92521054173835,243.8791704261896,320.3556612619004,243.94701811853292,0.35958589096402593,3.963009836127559,3.963009836127559,-1.6443620786194004,-0.44640324686611016,14.377016999787884
1707,56.9,track,1,325.0,244.0,303.2733562593956,244.03952444479842,324.73043011375375,243.6374911654957,0.4517527848995257,5.967269982175069,5.967269982175069,-1.5906548302264398,-0.46761396614856904,14.38026399955561
1708,56.93333333333333,track,1,330.0,242.0,306.1040661038345,243.94121455939148,330.105198965608,242.32796421245848,0.34442320917514424,10.369882521466305,10.369882521466305,-1.4987324030205929,-0.47551471350328256,14.135852999970666
1709,56.96666666666667,track,1,334.0,242.0,309.25655238502304,243.83988191581875,334.4799678174604,242.01843725942172,0.48032180705512667,14.619971168402191,14.619971168402191,-1.3751893944791564,-0.48254427618561546,14.399481999134878
1710,57.0,track,1,338.0,241.0,312.69878569054305,243.61706664949634,337.85473666931375,240.70891030638404,0.32532237084389853,17.868804530606816,17.868804530606816,-1.2205376808360089,-0.4823618420378755,14.160336000713869
1711,57.03333333333333,track,1,341.0,240.0,316.280768151293,243.2813799279842,341.229505521168,240.39938335334682,0.4606298374803175,21.233261919362103,21.233261919362103,-1.04176791769552,-0.47488274589776613,13.664971998878173
1712,57.06666666666667,track,1,343.0,239.0,319.861762811948,242.84126245914297,342.6042743730204,239.08985640031005,0.4057991430807429,22.62259006618924,22.62259006618924,-0.8388590787172651,-0.4600617849917913,13.986386999022216
1713,57.1,track,1,344.0,239.0,323.31025762669225,242.42453349636457,343.97904322487375,238.78032944727283,0.22066793640932728,24.010041862469823,24.010041862469823,-0.6403805319095763,-0.4442586831665568,14.688391000163392
1714,57.13333333333333,track,1,343.0,237.0,326.38427064043543,241.79238304135188,343.353812076728,237.4708024942356,0.588929515491496,23.490367782099344,23.490367782099344,-0.43948209524790055,-0.41488984622163394,13.896864000344067
1715,57.166666666666664,track,1,342.0,237.0,329.0975686973031,241.19934527593713,341.7285809285813,237.16127554119794,0.31571840699975773,21.91322855543904,21.91322855543904,-0.2442440051954457,-0.38459368658266724,14.120671001364826
1716,57.2,track,1,340.0,237.0,331.34542573305157,240.64525784175993,340.10334978043375,236.85174858816117,0.18071983352114196,20.34836994323159,20.34836994323159,-0.0622352119890488,-0.35358054190243493,14.110520998656284
1717,57.233333333333334,track,1,336.0,237.0,332.91197729221443,240.12968123941545,336.478118632288,236.54222163512395,0.6619353880021257,16.837001659451168,16.837001659451168,0.09261682799606064,-0.315275670456966,14.355395000166027
1718,57.266666666666666,track,1,333.0,236.0,333.95591321341294,239.53234243461984,332.8528874841413,236.23269468208673,0.27529785214148517,13.393629307934955,13.393629307934955,0.18845492230940497,-0.303846345241692,13.265769999634358
1719,57.3,track,1,328.0,237.0,331.57893735071684,238.62722289856478,328.22765633599465,236.9231677290495,0.24027194005526215,8.784146265107116,8.784146265107116,0.1000752673113448,-0.2163746082656436,15.197127000647015
1720,57.333333333333336,track,1,324.0,238.0,327.4433503787912,237.95682708245727,323.602425187848,237.6136407760123,0.5543818009441656,4.321131516160184,4.321131516160184,-0.10277499877696661,-0.16108886473158424,14.415675999771338
1721,57.36666666666667,track,1,321.0,238.0,322.95362923034213,237.6004884348244,320.9771940397013,238.30411382297507,0.30496775099944007,1.957278242011599,1.957278242011599,-0.3464987766004489,-0.12153636879904835,14.104728001257172
1722,57.4,track,1,318.0,239.0,318.8650931728033,237.90092957913075,318.35196289155465,238.99458686993785,0.35200451560822266,1.9305133703018706,1.9305133703018706,-0.5879391323648696,-0.11852662706800805,14.188081999236601
1723,57.43333333333333,track,1,319.0,240.0,316.8274058774425,238.560674066937,318.7267317434089,239.68505991690063,0.41696857915553304,1.3116399312254878,1.3116399312254878,-0.7320928597372584,-0.13867481190481407,14.11374000053911
1724,57.46666666666667,track,1,319.0,241.0,315.6320534865244,239.3959311087787,319.1015005952613,241.3755329638634,0.38900819758256466,1.6429826885851906,1.6429826885851906,-0.8343040680346502,-0.17310603162300928,14.127078000456095
1725,57.5,track,1,319.0,242.0,314.9142170406157,240.31854190252346,319.47626944711465,242.0660060108262,0.4808215674448029,2.131355092141037,2.131355092141037,-0.9109983204938001,-0.20067097786454516,13.517749999664375
1726,57.53333333333333,track,1,321.0,243.0,315.1109079792227,241.28696366737861,320.8510382989689,242.75647905778897,0.28546810271803147,2.884864465159672,2.884864465159672,-0.9091655502188318,-0.2745812561597104,14.655787001174758
1727,57.56666666666667,track,1,322.0,242.0,317.41833488907463,242.00803918191417,322.2258071508213,242.4469521047522,0.500754484058265,3.3078379760197594,3.3078379760197594,-0.7823613839927799,-0.3234635847772769,14.285048999227001
1728,57.6,track,1,323.0,243.0,320.2151593792368,242.84867110671885,322.60057600267555,243.13742515171452,0.4224040742729646,4.0750990329442125,4.0750990329442125,-0.6222805608093769,-0.38183661256764484,14.395214000614942
1729,57.63333333333333,track,1,322.0,243.0,321.7958896369932,243.33369366738626,321.9753448545289,242.8278981986773,0.1738588686743326,3.4494920664347206,3.4494920664347206,-0.49390817741645776,-0.42335670356692434,14.596590999644832
1730,57.666666666666664,track,1,321.0,242.0,322.25962065183035,243.12506901065348,321.3501137063822,241.51837124564008,0.5954375403205435,2.031811570925745,2.031811570925745,-0.43294059209778457,-0.42698175891891,14.121504000286222
1731,57.7,track,1,320.0,241.0,322.03610234529964,242.51581437274993,319.72488255823555,241.20884429260332,0.3454063481118951,1.2397556737206847,1.2397556737206847,-0.4111463279609939,-0.4054863611899374,14.403355999093037
1732,57.733333333333334,track,1,318.0,241.0,321.0516050749755,242.07797206316212,318.0996514100889,240.89931733956564,0.14165945660224327,2.102402540052832,2.102402540052832,-0.4355148816982394,-0.38889620261979335,13.028696999754175
1733,57.766666666666666,track,1,317.0,241.0,319.9781602577474,241.7649630215662,317.4744202619422,240.58979038652842,0.6271734305005446,2.593531513849288,2.593531513849288,-0.4712209432365145,-0.3761644211972882,13.956433000203106
1734,57.8,track,1,316.0,240.0,318.8689174297577,241.212723050481,315.84918911379555,240.2802634334912,0.3182632802414519,4.1602618433442,4.1602618433442,-0.5182669957830758,-0.34840235504113776,14.173260999086779
1735,57.833333333333336,track,1,315.0,240.0,317.7477801685795,240.80851105761343,315.2239579656489,239.97073648045443,0.22586173636492304,4.776131684476988,4.776131684476988,-0.5715898141703305,-0.3256277871999861,14.083079999181791
1736,57.86666666666667,track,1,315.0,240.0,316.90741523454625,240.507863901716,314.5987268175022,239.6612095274172,0.5251658321947191,5.411887930868733,5.411887930868733,-0.6159506878630363,-0.30638030200277466,13.836119998813956
1737,57.9,track,1,314.0,239.0,316.0041879305612,240.01720401659045,313.97349566935645,239.35168257437954,0.35267990113569236,6.061276262605803,6.061276262605803,-0.6681350755255331,-0.2745369115615166,14.757679999092943
1738,57.93333333333333,track,1,314.0,240.0,315.30585381143686,239.88642872543173,314.3482645212098,240.04215562134232,0.35080660362119415,5.651892693481257,5.651892693481257,-0.7137482536299269,-0.267478529450694,13.34691200099769
1739,57.96666666666667,track,1,315.0,241.0,314.99364781932,240.0210636560869,314.7230333730622,240.73262866830555,0.384964857421247,5.327581209839826,5.327581209839826,-0.7418333164278056,-0.2608480022265259,14.361075000124401
1740,58.0,track,1,315.0,240.0,314.7506205263991,239.91199373591934,315.09780222491645,240.42310171526833,0.43425837546512724,4.920422551722272,4.920422551722272,-0.7674326776736813,-0.2542704612749235,14.597932000469882
1741,58.03333333333333,track,1,315.0,241.0,314.56048738511794,240.0368494699897,315.4725710767698,241.1135747622311,0.4860274161147747,4.662366502751538,4.662366502751538,-0.7910132673298731,-0.248090049296371,13.572470999861252
1742,58.06666666666667,track,1,316.0,242.0,314.6118778307074,240.34356453800163,315.8473399286222,241.8040478091939,0.2483995943531066,4.527601370071432,4.527601370071432,-0.8021693090181552,-0.24251060085702525,13.93221600119432
1743,58.1,track,1,316.0,241.0,314.66218353331044,240.4103154189241,316.22210878047645,241.49452085615667,0.5421099404536491,4.062764410600303,4.062764410600303,-0.8127403960650516,-0.2371751070671525,14.139015000182553
1744,58.13333333333333,track,1,317.0,242.0,314.8950659403569,240.65209015106976,316.5968776323298,242.18499390311945,0.4435429939785011,4.044185975694804,4.044185975694804,-0.812907071125319,-0.26637322264457886,13.293611000335659
1745,58.166666666666664,track,1,318.0,243.0,315.2757718907539,241.03567416145506,317.9716464841831,242.87546695008223,0.12772001558487614,3.518881664128807,3.518881664128807,-0.8037059383954415,-0.28440256629613453,14.25136299985752
1746,58.2,track,1,318.0,243.0,315.60732540892536,241.36525396601292,318.34641533603644,242.565939997045,0.5553482431830777,3.0526038572554413,3.0526038572554413,-0.7950130073430504,-0.301455696692866,14.280460998634226
1747,58.233333333333334,track,1,319.0,242.0,316.0623166893885,241.48548065552123,318.7211841878898,242.2564130440078,0.3787953355309734,2.5936016861637823,2.5936016861637823,-0.7778807756837657,-0.3089508127251545,14.106273998550023
1748,58.266666666666666,track,1,320.0,243.0,316.6205739175471,241.74867061548363,320.0959530397431,242.94688609097057,0.10967257254359238,2.9484478321638528,2.9484478321638528,-0.7528807996410827,-0.3246935208374927,13.690873000086867
1749,58.3,track,1,320.0,243.0,317.1114949270784,241.97819925603383,320.47072189159735,242.63735913793334,0.5942116576350839,2.679037573769637,2.679037573769637,-0.7287032232778466,-0.33986477577647156,14.721778999955859
1750,58.333333333333336,track,1,320.0,242.0,317.54485167490725,242.02864026675803,319.8454907434498,242.32783218489612,0.3624183381307718,2.3329543054672044,2.3329543054672044,-0.70518929405349,-0.3465281863566429,13.997624000694486
1751,58.36666666666667,track,1,320.0,242.0,317.9286009572935,242.0715275112861,320.2202595953031,242.0183052318589,0.2210189377327106,2.030288230343689,2.030288230343689,-0.6822362193099633,-0.3529942417211509,13.493896998625132
1752,58.4,track,1,321.0,243.0,318.4124091182462,242.25100932847295,320.59502844715735,242.70877827882168,0.49881063490853056,2.77336233059127,2.77336233059127,-0.6521564344144212,-0.3668794156356982,14.528496001730673
1753,58.43333333333333,track,1,320.0,242.0,318.703329912469,242.26958682728102,319.9697972990107,242.39925132578446,0.4003920881931872,2.399441419877874,2.399441419877874,-0.6301690193743407,-0.3729245445178705,14.007206000314909
1754,58.46666666666667,track,1,320.0,242.0,318.96190987683957,242.2840268100419,320.3445661508631,242.08972437274724,0.35605659014474067,2.1179409308038943,2.1179409308038943,-0.6086349741623891,-0.378750184807334,13.996915999086923
1755,58.5,track,1,320.0,242.0,319.19179819261655,242.29482042534855,319.71933500271734,241.78019741971002,0.356491255154746,1.802186364902889,1.802186364902889,-0.587557763905033,-0.38434937440845574,14.739411999471486
1756,58.53333333333333,track,1,319.0,240.0,319.2632716469145,242.03678849858443,319.0941038545707,240.4706704666728,0.47998564941365734,1.020871448568182,1.020871448568182,-0.5740164962593379,-0.37558034386639566,13.863897000192082
1757,58.56666666666667,track,1,318.0,240.0,319.19286763319144,241.79992746176566,318.4688727064231,240.16114351363603,0.4957911322477321,1.539583716828381,1.539583716828381,-0.567868813351332,-0.36668945625298366,13.183126000512857
1758,58.6,track,1,318.0,241.0,319.1240475620634,241.71154673541,317.84364155827734,240.8516165605988,0.21555882581435593,2.318433198406788,2.318433198406788,-0.5621364815363242,-0.36454519318308654,14.138124000965036
1759,58.63333333333333,track,1,317.0,241.0,318.9290782519547,241.62989483694656,317.2184104101307,240.54208960756114,0.50733128698806,2.833919862856958,2.833919862856958,-0.5636330424183025,-0.36226705062144504,13.897064000047976
1760,58.666666666666664,track,1,317.0,240.0,318.7461856273973,241.42801497971595,316.593179261984,240.23256265452392,0.46860271142951104,3.4147493215835123,3.4147493215835123,-0.5655668258641644,-0.3531437912711932,13.961480999569176
1761,58.7,track,1,316.0,240.0,318.44931689963965,241.24197216631907,315.96794811383734,239.92303570148715,0.08337161778542575,4.032786371226904,4.032786371226904,-0.5745947094963363,-0.34390305613890304,14.380157001141924
1762,58.733333333333334,track,1,315.0,240.0,318.0485226871291,241.0707049776336,315.34271696569067,239.61350874844993,0.5165562951866511,4.67329228159231,4.67329228159231,-0.5906748414387196,-0.3345727291188264,13.728914998864639
1763,58.766666666666666,track,1,315.0,239.0,317.6764124842657,240.7897559563666,314.717485817544,239.3039817954127,0.41499300624361807,5.328170176426958,5.328170176426958,-0.6071912167213371,-0.3186115740537368,13.395028001468745
1764,58.8,track,1,315.0,239.0,317.3314685616047,240.53091738514826,315.09225466939824,238.99445484237503,0.09242117072870809,5.009699122109666,5.009699122109666,-0.6240738096598842,-0.30257048319645186,14.312495999547536
1765,58.833333333333336,track,1,314.0,240.0,316.89011906532767,240.41518637072193,314.46702352125067,239.68492788933827,0.5633661369999178,5.541940016754982,5.541940016754982,-0.6477470347990295,-0.27129857701446397,14.120879999609315
1766,58.86666666666667,track,1,314.0,239.0,316.48197928775926,240.18889037876374,313.841792373104,239.37540093630105,0.4073763814751266,6.189801706543892,6.189801706543892,-0.6716988742896135,-0.2657268118730756,13.937014000475756
1767,58.9,track,1,314.0,240.0,316.10554450612756,240.10279767419172,314.21656122495824,240.06587398326383,0.22635844544981498,5.783813918715536,5.783813918715536,-0.6958229657298682,-0.26011506630304504,14.1030619997764
1768,58.93333333333333,track,1,315.0,241.0,315.8803254419178,240.14730439070942,314.5913300768116,240.75634703022615,0.475791840827951,5.46129757183538,5.46129757183538,-0.7135734179794667,-0.2546298436469261,13.57543300036923
1769,58.96666666666667,track,1,314.0,240.0,315.55520679993407,240.0720196432018,313.9660989286649,240.4468200771894,0.44810430037793236,6.0504223257586185,6.0504223257586185,-0.73760552553284,-0.24917733885939408,13.704236998819397
1770,59.0,track,1,314.0,241.0,315.2578004859583,240.1256843797079,314.34086778051824,241.13729312415217,0.36747822484453624,5.772279716699492,5.772279716699492,-0.7615235478951033,-0.24390002976472633,14.099662999797147
1771,59.03333333333333,track,1,315.0,242.0,315.10706871769275,240.2995965716722,314.71563663237157,241.82776617111494,0.33245603718595335,5.591531577073089,5.591531577073089,-0.7788347874211325,-0.23891573845258704,14.189944999088766
1772,59.06666666666667,track,1,316.0,242.0,315.0937210805826,240.46528263888203,316.0904054842249,241.51823921807772,0.49016997314839844,4.194040963210538,4.194040963210538,-0.7893501132467133,-0.23420700545432338,13.99319799929799
1773,59.1,track,1,316.0,242.0,315.0887537051092,240.62257161699313,316.46517433607823,242.2087122650405,0.5098509316694085,4.168141353656363,4.168141353656363,-0.7992977913206707,-0.26230758199690707,14.243066998460563
1774,59.13333333333333,track,1,317.0,243.0,315.2111052809033,240.89122984919294,316.83994318793157,242.89918531200328,0.18916073695506969,4.288500265691455,4.288500265691455,-0.8022838687184238,-0.2744614562813555,14.124631999948178
1775,59.166666666666664,track,1,317.0,243.0,315.3322802847113,241.14359288431658,317.2147120397849,242.58965835896606,0.4631214985238941,3.803177544827745,3.803177544827745,-0.8045724913324578,-0.28707296355678075,14.18383499913034
1776,59.2,track,1,319.0,243.0,315.6910789236019,241.37976331006632,318.58948089163823,243.28013140592884,0.49699048574174,3.570549844941868,3.570549844941868,-0.793448623931374,-0.30004735267194416,15.23397299934004
1777,59.233333333333334,track,1,319.0,243.0,316.03198727067786,241.59993203596983,318.96424974349156,242.97060445289162,0.046283679955464924,3.145992595254607,3.145992595254607,-0.7814693111538793,-0.3132926309379389,14.070162000280106
1778,59.266666666666666,track,1,319.0,243.0,316.35461465381024,241.80437194211387,319.3390185953458,242.6610774998544,0.4793767506827874,2.741939072541543,2.741939072541543,-0.7687457331829126,-0.3267214275069821,14.169542000672664
1779,59.3,track,1,320.0,243.0,316.77842741419994,241.99343056894173,319.71378744719914,243.35155054681718,0.4533270478895387,3.363749201895308,3.363749201895308,-0.7490220957099519,-0.34025218057538237,13.682690001587616
1780,59.333333333333336,track,1,320.0,243.0,317.1760334063747,242.16752215226848,320.08855629905156,243.0420235937804,0.0980214289629095,3.043312301295812,3.043312301295812,-0.7286653746801465,-0.3538098383851097,14.269129998865537
1781,59.36666666666667,track,1,320.0,243.0,317.5475631912495,242.32711927952718,320.4633251509058,242.73249664074274,0.5350030305295518,2.77149924898641,2.77149924898641,-0.7078208020256749,-0.3673262108266703,13.996282999869436
1782,59.4,track,1,321.0,242.0,318.012995799617,242.35306818217805,320.83809400275914,242.42296968770552,0.45289834252320027,2.5638220813856414,2.5638220813856414,-0.6802577393220823,-0.3743681371955573,14.14111699887144
1783,59.43333333333333,track,1,320.0,242.0,318.3258239933147,242.3732198603854,320.21286285461247,242.1134427346683,0.24120499356934968,2.124135303504929,2.124135303504929,-0.6587303125672325,-0.38112932462185084,13.785320001261425
1784,59.46666666666667,track,1,321.0,242.0,318.733657363153,242.38811379947248,320.5876317064658,241.80391578163153,0.45661431230906663,1.8972145818708028,1.8972145818708028,-0.6307749462010012,-0.3875934882928742,14.772725999137037
1785,59.5,track,1,320.0,241.0,318.9902885756949,242.27858758800986,319.96240055831913,241.4943888285943,0.49581653043597423,1.4948617625192597,1.4948617625192597,-0.6091277230678319,-0.38738015966726136,14.602126000681892
1786,59.53333333333333,track,1,320.0,241.0,319.2239070679393,242.17241818423497,320.33716941017246,241.18486187555663,0.38452194240428494,1.231901325311258,1.231901325311258,-0.5876756199264801,-0.38673476692175357,14.036139000381809
1787,59.56666666666667,track,1,320.0,241.0,319.4354847659206,242.0700142069217,319.7119382620258,240.87533492251987,0.3138804651899281,0.9215154862874436,0.9215154862874436,-0.566511483219525,-0.3856905243175086,13.929271000961307
1788,59.6,track,1,319.0,241.0,319.5063664807103,241.97170690356165,319.08670711387913,240.56580796948265,0.4427649974445011,1.0743568095232925,1.0743568095232925,-0.5262762002825525,-0.3842852787129641,14.31947799937916
1789,59.63333333333333,track,1,318.0,240.0,319.4452264942145,241.75807842766838,318.46147596573246,240.25628101644543,0.5278636436988337,1.5597231047237725,1.5597231047237725,-0.542843660023144,-0.3761869879054982,13.901963000535034
1790,59.666666666666664,track,1,317.0,240.0,319.2607105126116,241.55661519118,316.8362448175867,239.94675406340775,0.1721943365235856,3.1642032147146586,3.1642032147146586,-0.5423971276064716,-0.36768433072392304,13.44154099933803
1791,59.7,track,1,316.0,240.0,318.9613726333067,241.3673986680096,316.2110136694391,239.637227110371,0.4196795660262115,3.806313384710584,3.806313384710584,-0.5491575602395563,-0.3588484985750252,14.271239000663627
1792,59.733333333333334,track,1,316.0,239.0,318.6752918367377,241.0707351294363,315.58578252129246,239.32770015733377,0.5281699658096887,4.465120718163868,4.465120718163868,-0.5568113572852078,-0.3433788894428755,14.24677799877827
1793,59.766666666666666,track,1,315.0,239.0,318.283396022252,240.79379685510116,314.9605513731467,239.01817320429655,0.04343339170517162,5.134201624347735,5.134201624347735,-0.5716270832825597,-0.32759227412586067,14.050895999389468
1794,59.8,track,1,314.0,239.0,317.7937214727649,240.53633435272857,314.33532022500003,238.70864625125932,0.44421465554314726,5.810007870707258,5.810007870707258,-0.5936215124035119,-0.3115851750062402,14.06389399926411
1795,59.833333333333336,track,1,314.0,239.0,317.33374784453497,240.29797886030175,313.71008907685246,239.3991192982221,0.49329966305843576,6.318547067079575,6.318547067079575,-0.6164093501387924,-0.27987038546696535,14.086326000324334
1796,59.86666666666667,track,1,314.0,239.0,316.9034256001401,240.07825960215746,314.0848579287067,239.08959234518488,0.12340039051849906,5.984793047510498,5.984793047510498,-0.6398233545160649,-0.2741292101481499,13.091435999740497
1797,59.9,track,1,313.0,240.0,316.3828335349269,239.99627047331276,313.45962678056003,239.78006539214766,0.5095370537450037,6.544070070017491,6.544070070017491,-0.6700706915437697,-0.2683582474786876,14.609321000534692
1798,59.93333333333333,track,1,314.0,239.0,316.01841889981023,239.80447340099008,313.83439563241336,239.47053843911044,0.4988298600166808,6.188295949779959,6.188295949779959,-0.6943785664853803,-0.2624967137729018,14.199825000105193
1799,59.96666666666667,track,1,313.0,240.0,315.5625958790976,239.74914009899484,313.2091644842667,240.16101148607322,0.2639592395163674,6.792744047908205,6.792744047908205,-0.7251868536531614,-0.25671387411779745,13.715969000259065
