frame_index,timestamp_s,state,detection_count,selected_x_px,selected_y_px,estimate_x_px,estimate_y_px,truth_x_px,truth_y_px,centroid_error_px,tracking_error_px,pointing_offset_px,pan_rate_deg_s,tilt_rate_deg_s,processing_time_ms
0,0.0,search,0,,,,,478.97536342852345,155.7757090545218,,179.90802473069309,179.90802473069309,0.0,0.0,25.804925000556977
1,0.03333333333333333,search,0,,,,,479.8461861169707,159.10458797980087,,179.15041418333095,179.15041418333095,0.0,0.0,25.21757999784313
2,0.06666666666666667,search,0,,,,,480.7008202773671,157.92529133855345,,180.446699719557,180.446699719557,0.0,0.0,24.09527999770944
3,0.1,search,0,,,,,483.38786061097187,163.17381003445158,,180.54876476911411,180.54876476911411,0.0,0.0,27.668038001138484
4,0.13333333333333333,search,0,,,,,482.41491985892026,164.35577472506083,,179.16655661764904,179.16655661764904,0.0,0.0,23.133402999519603
5,0.16666666666666666,search,0,,,,,484.27325744216864,165.66538595125576,,180.30900686442922,180.30900686442922,0.0,0.0,26.33269400030258
6,0.2,search,0,,,,,485.68639397401273,166.44277141720013,,181.28057542079358,181.28057542079358,0.0,0.0,25.186615999700734
7,0.23333333333333334,search,0,,,,,484.85093331308815,171.18513423971604,,178.637386802993,178.637386802993,0.0,0.0,24.491997999575688
8,0.26666666666666666,search,0,,,,,488.1600239064275,172.3287774146983,,181.26551797404744,181.26551797404744,0.0,0.0,24.99787600027048
9,0.3,search,0,,,,,486.3346236059112,173.44131694161928,,179.15709670729242,179.15709670729242,0.0,0.0,24.965546999737853
10,0.3333333333333333,search,0,,,,,488.81614259559365,174.84206313496546,,180.95426697749804,180.95426697749804,0.0,0.0,25.17760100090527
11,0.36666666666666664,search,0,,,,,488.3902794161893,177.35056144226579,,179.66702077304453,179.66702077304453,0.0,0.0,26.364902998466277
12,0.4,acquire,1,489.0925102599179,180.16005471956225,489.0925102599179,180.16005471956225,488.6640565502911,179.73036062272442,0.6068027670917924,179.1088870008036,179.1088870008036,7.0,2.9942412619699037,26.489693998883013
13,0.43333333333333335,acquire,1,484.15267044478793,186.84647089129314,484.5531974627954,186.3043297631096,484.41351074369015,186.43152865136702,0.49011705133193134,172.92016550331783,172.92016550331783,7.0,2.6881263332520153,25.384709999343613
14,0.4666666666666667,track,1,476.9102781546811,198.45997286295793,478.5427025627155,195.56918532345063,476.8341434378904,197.98907776243516,0.47701015796012997,162.36337682848156,162.36337682848156,7.0,2.2717766282912457,26.20847199796117
15,0.5,track,1,462.2804415315626,215.93980682994135,466.84591427639515,210.57293656136534,461.88275600603134,215.48941786248417,0.6008360834904973,143.98432237082943,143.98432237082943,7.0,1.4939754662155982,26.59874500022852
16,0.5333333333333333,track,1,438.1953287197232,225.68096885813148,446.26553126940297,224.353199647509,438.37272396681936,225.17166626180173,0.5393127184857895,119.29786779643717,119.29786779643717,6.549322118956112,0.7261966969561838,26.81208399735624
17,0.5666666666666667,track,1,412.60593956234806,229.06130600903091,420.9883693772975,232.30325625957684,412.3087019413034,228.62464459909827,0.5282266467044618,93.00696298979564,93.00696298979564,5.329936454918897,0.2580244581899566,25.76096399934613
18,0.6,track,1,384.0994592624096,233.7134698341333,392.3908785168095,237.27701280942713,384.47064497084244,233.2351688239749,0.6054342957442457,64.82458641438859,64.82458641438859,3.9225376737146362,-0.06744258249802049,33.19182800260023
19,0.6333333333333333,track,1,363.62992269766875,236.78647513543126,366.7655081630473,240.88954601462336,363.5125263963186,236.3144700836113,0.48638530047099365,43.668330448448785,43.668330448448785,2.5808275537220884,-0.3250434057721294,32.55888099738513
20,0.6666666666666666,track,1,347.2488672011154,235.28581387242943,345.09283349145596,241.80751595203773,347.75557403927615,234.877728770986,0.6506037733205726,28.22427240502977,28.22427240502977,1.3809861281594418,-0.435917569340364,30.176121999829775
21,0.7,track,1,331.69368439167096,236.95560144553434,326.1380383054725,242.6538799269113,331.6896757919856,236.60083326823224,0.3547908235815794,12.173859478082184,12.173859478082184,0.3097947203506291,-0.5122429372592024,27.22988299865392
22,0.7333333333333333,track,1,324.6346531012503,234.88563373375828,314.58933198462375,240.74841401060297,325.0494016033091,234.54271961144383,0.53815092236537,7.434942218391495,7.434942218391495,-0.3677845138212953,-0.41630424187117043,25.429853001696756
23,0.7666666666666667,track,1,324.406915346619,233.91330267416114,311.68770181900175,237.75602747497098,324.31871553766126,233.58255324206027,0.3423074541040947,7.735303923326344,7.735303923326344,-0.5779885846073992,-0.24384346321986106,28.031609999743523
24,0.8,track,1,330.808429118774,237.00462202761054,316.87351914809324,237.12490990869617,331.1024668494799,236.73815430671087,0.39681637234389666,11.571707197757362,11.571707197757362,-0.34362867836409705,-0.2017374520772692,29.321458001504652
25,0.8333333333333334,track,1,332.7684264655468,235.99811450119986,323.7952380606004,236.8491353016281,332.5190077816543,235.7420677316206,0.3574487768710825,13.223295468196545,13.223295468196545,0.03970749537605073,-0.17208375929346179,27.05346899892902
26,0.8666666666666667,track,1,330.5392800141869,235.97286752970385,327.5829828539847,236.57059942212493,330.73264798512963,235.8285756888595,0.2412701960888755,11.514795419645159,11.514795419645159,0.2921289981255054,-0.13917059110089156,30.253846998675726
27,0.9,track,1,332.6937029431896,239.57067077344286,330.9060348409781,238.00788647693585,333.1446056613758,239.48496314683933,0.4589760979895769,13.154691974850135,13.154691974850135,0.5368316522284573,-0.20036184589527178,26.56633399965358
28,0.9333333333333333,track,1,327.92030981067126,240.17039586919105,330.90772347278846,239.18600892063694,327.71982077548364,240.20158468782483,0.2029004574618593,7.722452278386333,7.722452278386333,0.5754780578416221,-0.2613369195763599,29.34700300102122
29,0.9666666666666667,track,1,324.879780483622,238.9581546904476,327.9244657171888,239.64224665432988,324.98411916419434,239.00016416761574,0.11247824872174643,5.083415734976711,5.083415734976711,0.4455144900036516,-0.3049578895534151,29.278662001161138
30,1.0,track,1,322.39199859624495,238.56009826285313,324.6105798171588,239.57810549874742,322.779276283367,238.65236693387985,0.3981174633140707,3.0887686122768394,3.0887686122768394,0.27809989823693265,-0.3049584176404312,37.76099899914698
31,1.0333333333333334,track,1,323.82388492687056,238.70989967363712,323.1562718016427,239.46731238013754,323.5335152936135,238.93975037144435,0.37033210392876453,3.6891543211219737,3.6891543211219737,0.1980748261892022,-0.27472951360530296,40.897842998674605
32,1.0666666666666667,track,1,323.0570893493626,242.28786322720956,322.0625363199308,240.89429846267907,323.00559556492817,242.57430663905458,0.29103511476246696,3.957355098016401,3.957355098016401,0.1339096853925585,-0.3492242651698981,26.51844399952097
33,1.1,track,1,319.7115992970123,241.52530755711774,320.1120018620923,241.51292230747032,319.844836454218,241.91605298606567,0.4128366872068862,1.922325355227567,1.922325355227567,0.013809677661359853,-0.38661590047718075,25.416716998734046
34,1.1333333333333333,track,1,320.5365344467641,240.75869867780096,319.1897791398836,241.61102768763607,320.86493866630815,241.16931635738317,0.5257910328255918,1.4544482253139013,1.4544482253139013,-0.046247580004431646,-0.3977075837626019,25.751607998245163
35,1.1666666666666667,track,1,322.2584473779823,241.40844132251422,319.2254464534324,241.87744365859726,322.7438620389329,240.95989645621356,0.6609235130863961,2.906919347926305,2.906919347926305,-0.0612980318145879,-0.417469430878477,28.496994000306586
36,1.2,track,1,322.3616281092364,241.2222995303531,319.3469361378677,241.98783337316206,321.9415986191461,240.87450930160568,0.5453281725325659,2.1294533844310415,2.1294533844310415,-0.06879197023260121,-0.4292818865004677,40.75508700043429
37,1.2333333333333334,track,1,324.6030150753769,239.89259550765877,320.156113323243,241.652591333017,324.34248009044086,239.62368201844504,0.3744234809099552,4.358755391062551,4.358755391062551,-0.024836127979104276,-0.4081009610938145,27.777077000791905
38,1.2666666666666666,track,1,322.0095702105446,241.74056029232642,321.1080763440067,241.51906732123712,321.8993633680895,241.5774911205169,0.19681743550450648,2.4690199349843103,2.4690199349843103,0.04755492904654456,-0.3971836638247942,24.625072001072112
39,1.3,track,1,322.427307425399,240.51422623178348,322.04405597667255,240.96594708157252,322.3515426276412,240.43560915619662,0.10918309921005526,2.3915493025601733,2.3915493025601733,0.1160479137397122,-0.3621375199841494,28.78724900074303
40,1.3333333333333333,track,1,322.3270995670996,240.82181818181817,322.58036002431055,240.71940315590157,322.3884017136006,240.85939831816236,0.07190424057926252,2.5383120798654075,2.5383120798654075,0.16569208104922958,-0.34169142072470526,24.628604998724768
41,1.3666666666666667,track,1,319.9035855206725,241.55035168982673,321.7793679828582,240.91558662260744,319.88805037496434,241.61484080822257,0.06633390644042014,1.6187166380952966,1.6187166380952966,0.14146324573044458,-0.34550815068998225,27.250324998021824
42,1.4,track,1,319.94782140935985,242.767258382643,321.20503858542173,241.57518397911863,319.9217886911002,243.05847607926532,0.2923789480212145,3.059475925101876,3.059475925101876,0.12324484636547393,-0.37701202458959604,27.486807000968838
43,1.4333333333333333,track,1,317.9788387548094,239.9669464847849,320.04787138939565,240.96115651911256,317.9544200596557,240.24889391280908,0.2830028707318329,2.0606662689946504,2.0606662689946504,0.06622182463281835,-0.3425699263180302,27.345403999788687
44,1.4666666666666666,track,1,321.3759572140513,242.62592682630364,320.43892926649056,241.47300589230727,321.2613412521328,243.04032850202086,0.4299599604192694,3.2915921914071222,3.2915921914071222,0.06903027253096988,-0.36650166829829134,25.9078250019229
45,1.5,track,1,318.10563508985683,242.61230581784952,319.6568342236146,241.83644733938135,317.9185779362381,243.09139098112487,0.5143082464733822,3.7267970169698192,3.7267970169698192,0.0699076285540001,-0.3853508717290313,26.845805001357803
46,1.5333333333333334,track,1,320.0560666550946,240.48533240756814,319.675946485467,241.45992195104884,319.81595401401097,240.0160118102127,0.5271772979844852,0.18474117847670418,0.18474117847670418,0.07095950721097002,-0.36599572835789473,27.8223679997609
47,1.5666666666666667,track,1,318.5389755011136,243.46102449888642,319.2677517997353,242.0140259237454,318.1627494637898,243.10305113802244,0.5193177815640785,3.606163598339242,3.606163598339242,0.03307269390091982,-0.3951012323169234,27.417830999183934
48,1.6,track,1,317.5838087146498,244.10140793785655,318.70786662413906,242.60621546111983,318.0746941828883,243.8358057022463,0.5581335776397097,4.291876964078679,4.291876964078679,0.0008333394187392679,-0.42909079411712214,24.335013000381878
49,1.6333333333333333,track,1,317.44826983572176,242.41646277525342,318.2424708119902,242.6492312261849,317.7377322353475,242.24786643784182,0.3349823962325394,3.189162736732249,3.189162736732249,-0.028959848021598157,-0.4363681902603641,26.521464002144057
50,1.6666666666666667,track,1,316.10125740539235,242.85503566678756,317.5648611804597,242.78257407037117,316.1720585361301,242.82278675431044,0.0777996945347762,4.756181337073339,4.756181337073339,-0.07224312384886042,-0.44859850052851635,24.854425002558855
51,1.7,track,1,315.07305699481867,242.48134715025907,316.7987816742234,242.8045065143222,314.98161490911804,242.6161262602626,0.1628713097222076,5.659355575506983,5.659355575506983,-0.12328559467593599,-0.45535150136302716,26.21943200210808
52,1.7333333333333334,track,1,316.78376511226253,241.16183074265976,316.5401813969283,242.54279218434158,316.38889364718557,241.27154058277804,0.4098288947241332,3.828433693429765,3.828433693429765,-0.15043496779964366,-0.4468450340445616,25.77450399985537
53,1.7666666666666666,track,1,318.80744808649393,243.3373948858761,316.7394353804537,242.7592608560608,319.21105143456543,243.54768236641365,0.45510052411017066,3.6343486365322244,3.6343486365322244,-0.15389874265306036,-0.4625702567142709,26.33202600190998
54,1.8,track,1,318.4847123855588,242.3282086716186,316.8518292622847,242.74511053501496,318.5477974004972,242.57331632061647,0.253095789587741,2.9548010552241606,2.9548010552241606,-0.16067717985911528,-0.4668152245950138,25.92512900082511
55,1.8333333333333333,track,1,320.36760835234253,238.94876294086683,317.2983635349338,242.11193809594388,320.1696398372928,239.30333299724964,0.40609291773473993,0.7170234215964564,0.7170234215964564,-0.14865924454224944,-0.4377546023492956,24.347975999262417
56,1.8666666666666667,track,1,317.8856405846948,237.72846087704212,317.2470218759094,241.35697248398466,318.3344267818838,238.15429788833507,0.6186648615965482,2.486111507939734,2.486111507939734,-0.16079309028370414,-0.39915261133771723,24.45586499743513
57,1.9,track,1,321.25434265862134,239.9453282135674,317.7797857357395,241.08573708564543,321.31252974109094,240.38799847179055,0.44647810033828444,1.3686771479644342,1.3686771479644342,-0.1415973659050449,-0.38283180072630857,33.076042996981414
58,1.9333333333333333,track,1,319.4683929005592,240.25419401896426,317.95184830789304,240.90321883437585,319.0832337036279,239.74496150299314,0.6384867753548457,0.9515803051342103,0.9515803051342103,-0.1388918519417425,-0.369949524750928,36.792749000596814
59,1.9666666666666666,track,1,320.7921084651486,238.76742569094387,318.3152781647814,240.50994309327524,321.0039273777053,238.34630397142533,0.471392357136754,1.9345750785714788,1.9345750785714788,-0.12489277725906198,-0.34498584787936576,28.45288599928608
60,2.0,track,1,322.27219343696026,241.80984455958549,318.86467312245924,240.63659591861347,322.045488970914,241.47183064597016,0.40699916550636217,2.5199822579827265,2.5199822579827265,-0.09908120704553505,-0.3459994876566076,28.26031600125134
61,2.033333333333333,track,1,320.6643906602451,241.17246845089312,319.1096287349994,240.65523513906254,321.0302705617512,240.8044032456275,0.5189798624738171,1.3071044380565673,1.3071044380565673,-0.0868125340547532,-0.3418801868717701,27.770839998993324
62,2.066666666666667,track,1,321.84708527936345,243.4428299602145,319.5004763468104,241.00603325521203,321.6781460085456,243.13179570645568,0.35395308196961534,3.553071681372567,3.553071681372567,-0.03938040407345383,-0.3556301824370451,26.969479000399588
63,2.1,track,1,318.02155382367266,241.70001217730152,319.30244285901233,241.0716868962341,318.3701316967619,241.40270172074025,0.4581484925088102,2.1503587615251223,2.1503587615251223,-0.0719148757611818,-0.35585673870500606,26.966199999151286
64,2.1333333333333333,track,1,320.23344947735194,241.97160278745645,319.4339587385061,241.16977182935318,320.09364558647616,241.6954209027208,0.30955057964756466,1.6980051629041264,1.6980051629041264,-0.06331171351204007,-0.3582148966414625,26.66995199979283
65,2.1666666666666665,track,1,319.99118644067795,240.0371186440678,319.5189191829451,240.9938532013178,320.29505919580885,239.81215975348948,0.3780808825649144,0.34977691067378297,0.34977691067378297,-0.03143168468460895,-0.34652351806543297,26.778725998156006
66,2.2,track,1,321.5632183908046,243.23520329387546,319.8070440504309,241.2667709309334,321.2949565266287,243.01388363475124,0.3477740923156596,3.2803059262330434,3.2803059262330434,-0.02687307976111092,-0.358046252585183,24.964349999208935
67,2.2333333333333334,track,1,319.50441126569393,243.28825924669155,319.7946711488708,241.5225086394305,319.5855944309228,243.01986910776677,0.2803996665273438,3.048170173026144,3.048170173026144,-0.02233138876521909,-0.3699450456424057,22.56911400036188
68,2.2666666666666666,track,1,318.36516759306045,241.28246589186458,319.63321653774165,241.49359098279393,318.8201711022067,241.08935810342564,0.49428616336205533,1.6058322781558654,1.6058322781558654,-0.017978633172871447,-0.367903017512267,26.419737998367054
69,2.3,track,1,319.2,241.22175066312997,319.5923302086479,241.4592394751775,318.99788545279034,241.03186740064882,0.2773192087905997,1.4383962938811305,1.4383962938811305,-0.013710580797536544,-0.36551456833960466,25.943769000150496
70,2.3333333333333335,track,1,317.97833413577274,242.99729176697159,319.39828155364154,241.65427314358536,318.12176519349345,242.73963437987288,0.2948894664877182,3.3216505721936174,3.3216505721936174,-0.04114506387711339,-0.3752358305407125,25.276057996961754
71,2.3666666666666667,track,1,313.8090858929557,242.1934277481454,318.69286562203393,241.7319020877955,314.2247115497465,241.9093061589108,0.503457807618445,6.082713760492637,6.082713760492637,-0.07684920376325705,-0.37960783864682834,25.94427700023516
72,2.4,track,1,316.62197878629803,241.67553468961918,318.395552101382,241.73803183224192,316.34729246278783,241.39848055246088,0.39014301382964567,3.9112683630783835,3.9112683630783835,-0.09404116715305624,-0.38054883271358153,27.27788700212841
73,2.433333333333333,track,1,316.7340188517566,240.65364181662383,318.13714856054247,241.61601042643997,316.67438650736955,240.3208299786979,0.33811201688306497,3.341053273684365,3.341053273684365,-0.11054980854352499,-0.3747158942173198,24.477132999891182
74,2.466666666666667,track,1,316.29173271552247,239.3955615168882,317.8464534636303,241.34718535369797,316.52745672056284,239.0070722523643,0.4544113942261782,3.611711829533065,3.611711829533065,-0.12995164082362554,-0.3605400881899279,26.519523999013472
75,2.5,track,1,316.7651710503696,240.18084923500086,317.63876279469287,241.19420251313844,317.21627123259884,239.71423782327435,0.6490127764233001,2.798357709819056,2.798357709819056,-0.14621264745320506,-0.3513466884173309,25.71035000073607
76,2.533333333333333,track,1,316.2516226872915,241.4219593569912,317.3875817774814,241.20437906252135,315.8724751459524,241.88932739499077,0.601818694497795,4.539385357759694,4.539385357759694,-0.16566362884010655,-0.35016546441049035,27.38464000140084
77,2.566666666666667,track,1,314.7471423623138,241.30239002424662,316.97587842311685,241.2003182143302,314.593024323976,241.65563403989225,0.38540070618843014,5.654777629152627,5.654777629152627,-0.194691535778539,-0.3482834656344238,25.84899299836252
78,2.6,track,1,313.8914606347536,241.10275293705067,316.4943572432075,241.17328037645237,313.83173269214876,241.40981992364362,0.31282193238820327,6.327330700872911,6.327330700872911,-0.2291461463852352,-0.34518461698275815,24.009790002310183
79,2.6333333333333333,track,1,317.0646057658909,239.99461618617576,316.4357832444111,241.015040292631,317.10254464265427,240.27127375825663,0.27924679149408926,2.9101266295008834,2.9101266295008834,-0.24307510049819223,-0.33501380759084143,24.47149200088461
80,2.6666666666666665,track,1,314.0765121488885,241.88936756849904,316.0284785814149,241.09695361154988,314.2140037126187,241.9588683115181,0.1540593501776892,6.108593790673915,6.108593790673915,-0.27565686679092394,-0.3369656101623127,25.173395999445347
81,2.7,track,1,316.3499826569546,242.21782865071106,315.92952731756657,241.21437855741604,316.57987805415223,242.1926061936782,0.2312748710764766,4.062604588810665,4.062604588810665,-0.2934138001567713,-0.34121091236471623,26.819315000466304
82,2.7333333333333334,track,1,315.71989528795814,240.4912739965096,315.76984662713414,241.11758565916097,315.9759008872481,240.3375474865883,0.29861464585713954,4.038231292899505,4.038231292899505,-0.3146063495664166,-0.3346193669594499,25.482986002316466
83,2.7666666666666666,track,1,318.4613707919593,242.17885686606925,315.95810665043547,241.2303598757158,318.81257934655247,241.93439662740428,0.42791150616399515,2.2697704994881813,2.2697704994881813,-0.317716958102314,-0.3388073057081676,24.15788500002236
84,2.8,track,1,317.99284403669725,241.77070336391438,316.086320059767,241.2877476602172,318.3388335487004,241.3296781794584,0.560546122759408,2.1277965221917086,2.1277965221917086,-0.32290863525574187,-0.3405917219145348,22.81972199853044
85,2.8333333333333335,track,1,316.8075542642283,242.03161852674756,316.0714163484755,241.37316054455127,317.16451981953173,242.42732744717804,0.5329258460436433,3.7325415456029734,3.7325415456029734,-0.3348548582722286,-0.3441686969568063,24.02441199956229
86,2.8666666666666667,track,1,318.55811116919324,241.36278097229481,316.273570137385,241.37317700442526,318.8818919819591,241.55310757826473,0.37557719799708233,1.9137159375598858,1.9137159375598858,-0.3350130650433466,-0.34361891233814695,25.151017998723546
87,2.9,track,1,319.5531837477259,242.20157671315948,316.5879554394731,241.47356453045543,319.7935995650431,242.27098960790443,0.2502357192192656,2.2803497404477873,2.2803497404477873,-0.32801313949042515,-0.3484495193811986,26.376777001132723
88,2.933333333333333,track,1,319.0477339307255,241.4483887644322,316.8266581662586,241.47727520534255,319.1979328964589,241.34254994190897,0.18374326017704315,1.5638900169457564,1.5638900169457564,-0.32337351002266995,-0.3486059149848001,23.446403996786103
89,2.966666666666667,track,1,322.8040438283189,242.49506628730552,317.5032916779155,241.60561269860477,322.8932710528525,242.14713364963222,0.3591916173246065,3.6029432821871286,3.6029432821871286,-0.2941011557941938,-0.3554377552363495,23.269850000360748
90,3.0,track,1,321.79873244261734,241.47653305926687,318.0189173450888,241.60344512239917,321.7755789387657,241.90047747563347,0.42457620388926703,2.6008643184869324,2.6008643184869324,-0.27017608346226163,-0.3559048447457313,25.732120000611758
91,3.033333333333333,track,1,323.8208877284595,241.8986945169713,318.74361514727184,241.65109556362023,323.6204829108643,242.09819746805883,0.28277821416792676,4.184534516864343,4.184534516864343,-0.232638940866161,-0.3590251700685272,25.271123999118572
92,3.066666666666667,track,1,322.18117687543014,240.92980041293876,319.22402463626554,241.57897553861173,321.90898359148326,240.86096170682717,0.28076315870303026,2.094152194367709,2.094152194367709,-0.20475328880067348,-0.35598140498020153,27.14295500118169
93,3.1,track,1,322.64142194744977,242.4700326292289,319.7245595861792,241.69486609180402,322.24615332527924,242.16341761438662,0.5002499885050792,3.1185863039045847,3.1185863039045847,-0.15917525051394343,-0.3626255710876014,26.641593998647295
94,3.1333333333333333,track,1,323.60172939979657,242.14343845371312,320.3023576307516,241.7637124303182,324.00976550282496,242.58008908887425,0.5976263369039351,4.768131614602627,4.768131614602627,-0.1508782214109247,-0.3672691073951748,24.16618099960033
95,3.1666666666666665,track,1,323.6659660185672,239.79733753722192,320.8438559209031,241.54644262685355,323.84704804752033,239.9368048483398,0.22856472186283486,3.847567063369182,3.847567063369182,-0.09800144472226933,-0.3569736230345645,26.07559700118145
96,3.2,track,1,323.6290528620962,239.47837459699494,321.3376549075011,241.30366243039674,323.53903064705617,239.28131060784173,0.216652290598767,3.6112674178470363,3.6112674178470363,-0.06013459774926726,-0.3443446508579002,26.891150999290403
97,3.2333333333333334,track,1,321.2629469977536,240.01438892599114,321.50666030112296,241.14016635872207,320.9264754954059,240.4806107791485,0.5749572925475388,1.0437162280147418,1.0437162280147418,-0.0375297707445245,-0.3348451530703883,23.672372997680213
98,3.2666666666666666,track,1,317.79457498272285,241.25207325501037,321.2384889077419,241.13577707946772,318.2099742635044,241.38674534406516,0.43668424982386017,2.264344228822761,2.264344228822761,-0.03766824098908875,-0.3330820401938106,25.505850000627106
99,3.3,track,1,317.95324811766767,238.3860970057783,320.9951416384504,240.7898025847912,318.01172242753665,238.12676240237457,0.26584522082826895,2.7317149928786937,2.7317149928786937,-0.03794000809879526,-0.3131137370504823,26.930066000204533
100,3.3333333333333335,track,1,319.0604912623732,239.52572406207992,320.8902395466557,240.60329663235237,318.84455818066374,239.92790915861647,0.45648652516001553,1.1576885968525703,1.1576885968525703,-0.032223202984639376,-0.30012208004201363,27.371359999960987
101,3.3666666666666667,track,1,317.220234964054,238.87988777836227,320.56370881623025,240.3536057473345,317.697901121764,238.94072358542132,0.4815246137446955,2.5341124220638043,2.5341124220638043,-0.039088056246744954,-0.2644801128649096,25.89205999902333
102,3.4,track,1,313.8085660628824,240.56630520385292,319.8424852610064,240.32438591381379,313.89697387694554,240.19624402634045,0.3804749882572289,6.106180440877873,6.106180440877873,-0.06048750034691549,-0.25828377945142394,22.969992001890205
103,3.433333333333333,track,1,315.46210141139574,241.33176511587385,319.3594755392251,240.39210984991598,315.1998288254815,241.55363264366227,0.3435289059294364,5.045336232217943,5.045336232217943,-0.08860532344300336,-0.25219885344740234,25.792455999180675
104,3.466666666666667,track,1,313.98115147361204,241.0726525017135,318.72735273309144,240.42788061477816,314.28512957022167,240.87965635527425,0.36006970958247575,5.782174273794342,5.782174273794342,-0.11938113306248897,-0.24622516742774378,25.15211300124065
105,3.5,track,1,314.5197642163662,240.87049237170595,318.19917219376885,240.44009096317637,314.42999725746455,241.24670746135635,0.3867762926952828,5.707820078283305,5.707820078283305,-0.14764715973304815,-0.2403609092957481,26.912162997177802
106,3.533333333333333,track,1,312.53133136608227,242.90435688248567,317.4682359875729,240.69748958376934,312.0933698841691,242.77127726799475,0.45773403132458035,8.378232360388969,8.378232360388969,-0.18921631330682961,-0.2713243059746462,27.08638699914445
107,3.566666666666667,track,1,313.6785408460353,241.04058914197637,316.9244347141142,240.71788529612812,313.74477172563206,241.46318780598412,0.4277571276241929,6.424079647703063,6.424079647703063,-0.224161890722089,-0.2694768256364389,25.91561599911074
108,3.6,track,1,311.80142956764297,239.15219665271965,316.1963875933487,240.51235091842608,311.5006732667783,239.06496603251384,0.31315097574700906,8.550604858044274,8.550604858044274,-0.2713637284302229,-0.2558442110419968,40.44283699840889
109,3.6333333333333333,track,1,310.18193955577135,242.07622284257798,315.3282223877617,240.67089933398904,310.37257954943834,242.49313828982747,0.45843439807740866,9.944996886077778,9.944996886077778,-0.3292148160317476,-0.26081551054413027,67.74299100288772
110,3.6666666666666665,track,1,310.75810185185185,242.66544834307993,314.59367989322976,240.89167290780992,310.4205185687622,242.5394335741956,0.36033622493243656,9.910357580288508,9.910357580288508,-0.3836897024413881,-0.26991029872908445,79.47571000113385
111,3.7,track,1,312.8868817958611,240.0080673447913,314.17249684718155,240.78161728979532,313.0722101513533,240.25400333983762,0.30794660739953006,6.932444726332889,6.932444726332889,-0.4245530428487376,-0.26246857943969776,74.16141599969706
112,3.7333333333333334,track,1,312.1771398564677,239.85559250831437,313.70700677549047,240.6605986740602,311.81567853041435,239.60056490102127,0.4423724343965126,8.194062869896522,8.194062869896522,-0.4693816773151146,-0.25404536283843304,72.26117200116278
113,3.7666666666666666,track,1,313.57785194174755,238.59308252427184,313.453121095557,240.39689853883468,313.69482367757297,238.7638623162868,0.206997884874911,6.425206987326577,6.425206987326577,-0.5046684861957079,-0.2168102114423523,74.31871600056184
114,3.8,track,1,314.637385440083,239.38855265433165,313.35730088411395,240.24617026319746,314.2133152340103,238.976970337732,0.5909615410634395,5.876419851475696,5.876419851475696,-0.5322640156481437,-0.21171646267219954,71.85207400107174
115,3.8333333333333335,track,1,317.73247863247866,242.12148962148962,313.6529211204444,240.43385816880627,317.7124101459314,242.0501582935868,0.07410062410449297,3.0718425039705877,3.0718425039705877,-0.5389889297755954,-0.20685257985768143,71.07932000144501
116,3.8666666666666667,track,1,319.5374125874126,241.62132867132868,314.1601319630124,240.55211343755073,319.8236821345403,241.92359850648626,0.41631395227509627,1.9316622903179579,1.9316622903179579,-0.5326482063360716,-0.23102964510926788,77.38901400080067
117,3.9,track,1,320.6766425868593,241.31338149294805,314.78387031071054,240.62752758377883,320.40462161819335,240.98481825900257,0.4265550446245947,1.0646997967381446,1.0646997967381446,-0.5173456994075462,-0.23237704798175984,73.80207800088101
118,3.933333333333333,track,1,317.78427004797805,242.05089102124742,315.03189833514733,240.78735580225035,317.83835716902354,241.99544926895922,0.0774545322093893,2.941856134093205,2.941856134093205,-0.5187784592289659,-0.2386668753420405,76.37584099938977
119,3.966666666666667,track,1,322.22603819870335,241.38373926756614,315.8024815651638,240.85788831053074,321.7253683077773,241.6887530088817,0.5862625026992919,2.4142871665336694,2.4142871665336694,-0.4908109341035329,-0.24100675264335247,79.33134600170888
120,4.0,track,1,321.36888657648285,241.30194242108914,316.4272736990319,240.91420406796396,321.240746346203,240.96787168852478,0.35780326014760183,1.5736032222463092,1.5736032222463092,-0.4667647565638732,-0.242983494953914,82.14369500274188
121,4.033333333333333,track,1,323.39895470383277,241.0733449477352,317.25775765929626,240.9393946210578,323.5699117061632,240.9873348715431,0.19137405741735858,3.7039303095990186,3.7039303095990186,-0.42862037288425975,-0.24361687316088074,71.50752899906365
122,4.066666666666666,track,1,323.0957933939801,243.07882044080836,317.99940328145436,241.2024507091651,322.62188358995763,243.18443084916268,0.4855348192471698,4.124908895040965,4.124908895040965,-0.3912168205298584,-0.25707621279364196,28.481005003413884
123,4.1,track,1,326.1049629899284,242.58621526513772,319.0510409971299,241.38941295291133,325.93709165524507,242.8921476948027,0.34896337419432344,6.604057511207275,6.604057511207275,-0.33378610209011333,-0.2676846583529004,22.186887999851024
124,4.133333333333334,track,1,324.44861452122063,243.48421606453877,319.83250394798233,241.67052536459278,324.58574452476176,242.97803037352244,0.5244316844555325,5.46788055392624,5.46788055392624,-0.2771733798244222,-0.28415886322387607,25.837002001935616
125,4.166666666666667,track,1,324.7071341357056,243.32722832722834,320.586564695761,241.91304886261153,325.0537188780104,243.00391196507732,0.47397727121988936,5.879078294417693,5.879078294417693,-0.2354159047698804,-0.2998302359444562,25.432313999772305
126,4.2,track,1,326.17200388161086,240.4187894226104,321.4570049905055,241.78949267220736,325.83562533445894,240.3101029927493,0.3535014384977613,5.843858905748075,5.843858905748075,-0.1759811481397239,-0.2970722164076295,23.823642997740535
127,4.233333333333333,track,1,325.53095523923855,240.00651689247127,322.18257187481873,241.62097208327796,325.4270224266749,240.01901136868256,0.10468114186988739,5.427055725876749,5.427055725876749,-0.12054279629139841,-0.29133993019637605,24.153606998879695
128,4.266666666666667,track,1,323.9602203923468,239.68345846451925,322.6590028021912,241.42167856905402,324.09991164703644,239.88855738180857,0.2481515917942424,4.1014259679597265,4.1014259679597265,-0.0753828047517753,-0.2831679046578819,22.98191299996688
129,4.3,track,1,319.06456043956047,237.39251373626374,322.50286527006256,240.95900085723056,319.3909762014328,237.72587802297073,0.4665608183831602,2.3542601287089573,2.3542601287089573,-0.06210779420187279,-0.2600262976780742,25.561466998624383
130,4.333333333333333,track,1,321.58802019850253,237.57722444715304,322.6410161111882,240.54659467492516,321.15269773065967,237.91042509758304,0.5482046373898883,2.386427315272514,2.386427315272514,-0.03424900906858236,-0.23745224306489332,24.779606999800308
131,4.366666666666666,track,1,319.3238341968912,240.5189982728843,322.4838447808556,240.512721869768,319.0534436306378,240.93136983729897,0.4931139477409398,1.3279377749768588,1.3279377749768588,-0.021962768676635686,-0.2331569129660067,25.576492000254802
132,4.4,track,1,315.357353195912,237.65910271955656,321.8470450222831,240.14092195859402,315.32446204033005,238.11262609144907,0.4547145005036401,5.042106254631438,5.042106254631438,-0.03640095069025004,-0.20332519454757922,24.578414002462523
133,4.433333333333334,track,1,314.7786391042205,237.2959517657192,321.167782741661,239.75126110424924,314.9016892446416,236.80493043004986,0.5062047897246259,6.0167468049623345,6.0167468049623345,-0.056427640013779964,-0.19814752346068842,25.744695998582756
134,4.466666666666667,track,1,314.4909596662031,238.69071627260084,320.48670714516464,239.55631219717066,314.7536658335596,238.2338628743781,0.5270005292547627,5.53563569361822,5.53563569361822,-0.10551245552911175,-0.19283526078786112,26.698845002101734
135,4.5,track,1,313.1973764490543,238.1986577181208,319.68673052033245,239.31924066420044,313.62215365560735,238.68347489226264,0.6445799931349845,6.512308527088192,6.512308527088192,-0.09886378619140754,-0.15180057570747463,25.005937000969425
136,4.533333333333333,track,1,311.57230303030303,237.4660606060606,318.73867030808896,239.01437591858365,311.15808311253033,237.91764787694348,0.6127880575721573,9.083814430585825,9.083814430585825,-0.15946389272354236,-0.12785311768917532,26.190864002273884
137,4.566666666666666,track,1,310.93279057682315,238.73947687510827,317.77294790204814,238.88647439664842,310.61932702841267,239.11576390907516,0.48974618744170895,9.422255508335736,9.422255508335736,-0.2102379000333622,-0.11208116925065331,23.119428999052616
138,4.6,track,1,309.73987019821084,237.8875635853359,316.72797526180665,238.67086686716846,309.52346529689817,238.1573449204186,0.3458511964286917,10.637347278697078,10.637347278697078,-0.2697704621629662,-0.09121049035533674,27.357222999853548
139,4.633333333333334,track,1,310.88752047564157,241.22289631741793,315.89201962088464,238.87396333026294,310.83128432197174,241.37015430620343,0.15763064499242013,9.270526954134219,9.270526954134219,-0.32296863206104676,-0.09184856800812707,24.95403300054022
140,4.666666666666667,track,1,309.7991831177672,241.0786249149081,314.98777791778286,239.05340117857222,309.82372949363435,241.23362569686506,0.15693236433407806,10.250771374813375,10.250771374813375,-0.3835688123823956,-0.09231933851057997,27.341644999978598
141,4.7,track,1,306.7200170461464,241.53932789480092,313.7839257090106,239.2818959348697,306.846370332342,241.4784341389189,0.14026119362765344,13.236454998866318,13.236454998866318,-0.4640794982055333,-0.09641024720295088,24.146111001755344
142,4.733333333333333,track,1,308.38288441868394,241.48789635185815,312.86913027765473,239.49410100650513,308.5547653725113,241.19681300921454,0.33804226755421035,11.50763907399302,11.50763907399302,-0.5343772278135741,-0.10086240154885916,26.176895000389777
143,4.766666666666667,track,1,308.8523478107656,243.94229583296627,312.08572532406777,239.9896372153832,309.1109503173439,243.491140947348,0.5200153721053156,11.435010629885857,11.435010629885857,-0.6014726048537598,-0.12209066773675031,27.462318998004775
144,4.8,track,1,309.62454308093993,241.58590078328982,311.4637411276026,240.17419694186754,309.92458221575316,241.95422489877734,0.4750643498192014,10.263188514400326,10.263188514400326,-0.6630730315369082,-0.11899177130354001,31.271767998987343
145,4.833333333333333,track,1,312.7767872749519,240.3135815416885,311.2791251440877,240.19527247620843,313.2122375334942,240.41064729443755,0.4461375214228069,6.8001728288429355,6.8001728288429355,-0.7036669859102949,-0.11607045696174953,34.101548000762705
146,4.866666666666666,track,1,314.597608881298,241.02988898377455,311.34574840726117,240.30039368885306,315.02990890538547,240.8270578482836,0.47751835603520243,5.038435290164415,5.038435290164415,-0.7311364921757529,-0.11337237915557581,31.74670199950924
147,4.9,track,1,314.188202247191,241.94452247191012,311.3802007355035,240.5078811514611,314.61672190225664,241.46342003764045,0.6442737361074048,5.57864511187178,5.57864511187178,-0.7593826481294772,-0.1375195860025357,27.51838900076109
148,4.933333333333334,track,1,318.50927108030885,242.7336616207672,311.9486820680845,240.79586837000542,318.91818530410484,242.96416094029817,0.46940470675837226,3.155403796068592,3.155403796068592,-0.7583520146863725,-0.15230371314431607,27.742947000660934
149,4.966666666666667,track,1,320.8110832773263,241.8146880918922,312.7744085304001,240.9542653909097,321.25420126473733,241.72698941324052,0.45171297192404486,2.134364834304002,2.134364834304002,-0.7403979629254043,-0.16154458603076963,37.99638599957689
150,5.0,track,1,320.1805047867711,241.07763272410793,313.4871604270835,241.01212359560566,320.6773912773918,240.6531078912679,0.6535422849817727,0.9409616678286515,0.9409616678286515,-0.7240930547351188,-0.16618616404236816,32.687880000594305
151,5.033333333333333,track,1,323.6238642208126,238.85342019543975,314.57743552357414,240.797560800574,324.0893699653572,239.04344190760858,0.5027960315074056,4.1997559569200105,4.1997559569200105,-0.6838526606969831,-0.15660171311693147,28.05335099765216
152,5.066666666666666,track,1,327.377830678142,238.94945980589637,316.05514690444994,240.60534166474616,327.8665457015485,238.7316813029487,0.5350419146658829,7.9681348879045055,7.9681348879045055,-0.6175405893578874,-0.14725473189081226,28.79978300188668
153,5.1,track,1,327.8798476454294,241.1227493074792,317.5023802312283,240.6834133786516,328.361143543538,241.44214639270317,0.5776333089302711,8.484604149495356,8.484604149495356,-0.5457729899988296,-0.15142753520211039,28.665941001236206
154,5.133333333333334,track,1,328.14743044587533,240.38415745352933,318.8875471086743,240.66716282812388,328.6156843740503,240.29530899111938,0.47660863454612096,8.620743856158281,8.620743856158281,-0.47047002970106083,-0.15089885243431364,26.542327999777626
155,5.166666666666667,track,1,329.6029106029106,239.89033264033264,320.3516254473395,240.59164299986054,330.03171023501284,240.3816132516185,0.6520933702441869,10.038966028086367,10.038966028086367,-0.4029174241512689,-0.14712210714362697,30.000669001310598
156,5.2,track,1,326.96802529866477,237.54321855235418,321.3959334178099,240.23911678903676,327.3304722871573,237.45484073260627,0.3730662923539216,7.759746107262882,7.759746107262882,-0.31555478067480836,-0.11574037147122018,26.96300899697235
157,5.233333333333333,track,1,325.8242934878006,239.9053888011234,322.2209916827745,240.19072335646925,326.1382466015642,240.3185416986092,0.5189044944330184,6.146506337373087,6.146506337373087,-0.25240365512968466,-0.11316057674307203,26.1146259981615
158,5.266666666666667,track,1,328.56932557343373,239.29099623416639,323.30309998800567,240.07246793178265,328.8306963075425,239.15791760899225,0.29329947345127205,8.870755324620898,8.870755324620898,-0.17205396999789724,-0.11044409772526559,26.316798997868318
159,5.3,track,1,325.9428817946506,236.8964624676445,323.9817872307415,239.67603567575662,326.22406816085646,237.21210500759608,0.4227244794983377,6.819925436517469,6.819925436517469,-0.10868156097921089,-0.10736054677247765,27.066525002737762
160,5.333333333333333,track,1,323.0005209237715,241.248654280257,324.2423538630127,239.82634249488373,323.14531324313333,240.95960486589723,0.32328683809877756,3.2884398878622605,3.2884398878622605,-0.06498082664661739,-0.10448058427643711,25.899177002429496
161,5.366666666666666,track,1,321.68836243741606,238.82158993772134,324.3053786419584,239.6792429919162,321.810644805502,238.95695008448902,0.18241531426302682,2.0895903277769334,2.0895903277769334,-0.03117601958728644,-0.10151715700152951,24.80058299988741
162,5.4,track,1,320.4859408356206,236.7444342787435,324.1971396549023,239.29479242390306,320.5574513101431,237.2049346125102,0.46601964053637196,2.850112714178836,2.850112714178836,-0.006838536800070405,-0.061387758368265696,26.399923001008574
163,5.433333333333334,track,1,321.02059378754075,237.99519478290716,324.1375298807088,239.0864837814865,320.9853858986687,237.81996816385168,0.17872874269249403,2.3923888011599077,2.3923888011599077,0.018916178685090212,-0.044648597946465196,26.369399998657173
164,5.466666666666667,track,1,316.4310891787099,237.1559746210786,323.5124451204542,238.79441378027664,316.3507194963192,237.31368928601876,0.17701186792068513,4.531391998778665,4.531391998778665,0.013569870149685442,-0.02258754133737681,26.03534200170543
165,5.5,track,1,316.3100333434374,236.85177326462565,322.89372300988776,238.4884182949722,316.14231968956284,237.26971924824284,0.45034066540530504,4.726111547662646,4.726111547662646,0.005057203729961102,0.001419041360006007,26.232938002067385
166,5.533333333333333,track,1,313.39592050209205,241.1518479776848,321.9503618684132,238.72081521287907,313.1159851047131,240.8761550020982,0.39290004262345946,6.9395467190756435,6.9395467190756435,-0.024209648056156774,-0.0020008567472935834,26.07511899987003
167,5.566666666666666,track,1,313.37557743739364,238.47544371504983,321.05225580664063,238.62384937498936,313.06166591761325,238.39591039668073,0.32383018849643286,7.121347014033685,7.121347014033685,-0.0559334490257688,0.010945976742097907,25.662601998192258
168,5.6,track,1,311.44113057048725,239.7893185365008,319.97176244608136,238.69448015896808,311.06215731992364,239.93259486016225,0.40515284716349914,8.93809684589908,8.93809684589908,-0.1004976121395191,0.015230456596873575,26.563688999885926
169,5.633333333333334,track,1,307.1642198702629,239.1744622738136,318.4440501673831,238.691467374946,306.7237658972756,239.53864600554823,0.5715150853481283,13.284247794231295,13.284247794231295,-0.17705349687540076,0.022947473886851658,26.818737998837605
170,5.666666666666667,track,1,306.37375983578517,238.14471433458775,316.91862625326695,238.56934175183372,306.82617846545264,238.64128394441374,0.6717618580069432,13.243703528236034,13.243703528236034,-0.2593147910427756,0.03683709520397592,24.482007000187878
171,5.7,track,1,304.7086195054945,240.4635989010989,315.29620730042996,238.73591061450912,305.0264726217041,240.1049917708976,0.47919690870806153,14.973895465794232,14.973895465794232,-0.3538201107717604,0.03571323345900798,25.905901999067282
172,5.733333333333333,track,1,306.62352734306313,240.1267803762968,314.0162162920336,238.85543210271183,306.87974984912057,239.94722785648682,0.3128723061897159,13.120356280253317,13.120356280253317,-0.43746035582540566,0.03617655711986635,26.205270001810277
173,5.766666666666667,track,1,306.58198854763145,242.5965642894326,312.8280493013758,239.2657080058927,306.7997428528286,242.49267942824588,0.241265417778183,13.433549027842547,13.433549027842547,-0.5219073979120756,0.020449537622909575,24.38949700081139
174,5.8,track,1,307.2303957271182,240.4457999514445,311.8119675974984,239.39506199600294,307.3373797051897,240.3996610521792,0.11650909659512189,12.668925830044602,12.668925830044602,-0.6023156701773297,0.017692423903187458,25.83938899988425
175,5.833333333333333,track,1,305.247163744464,242.6095977673967,310.6453386596606,239.7757210610637,305.2365957472792,242.5846137409256,0.02712718457945026,14.987939595522679,14.987939595522679,-0.6949434524813372,-0.01090314215772353,25.613007001084043
176,5.866666666666666,track,1,307.28373761530577,244.41475913905023,309.82068965736136,240.34831689903314,307.1774451198426,244.41127741070304,0.10634950410823596,13.560135768082368,13.560135768082368,-0.7740852522155783,-0.010663634876709047,25.698442997963866
177,5.9,track,1,310.858837899145,244.1169080439714,309.50290366740853,240.84777434341603,310.65070341040985,244.13991870895006,0.20940261723244769,10.224885018269733,10.224885018269733,-0.8293167052937391,-0.05530807461711561,28.343999001663178
178,5.933333333333334,track,1,311.8208053691275,243.00115924344112,309.348490832499,241.17895497203065,311.496809025647,242.96583780610106,0.3259159930480883,9.005578861928685,9.005578861928685,-0.8765597938728014,-0.0762659107833474,24.311170000146376
179,5.966666666666667,track,1,313.72189973614775,240.06209322779245,309.45872562107144,241.13291116965544,313.3123012386192,240.02095064033745,0.41165961871443457,6.687731577471129,6.687731577471129,-0.9095959505177886,-0.07864199461042976,22.516629000165267
180,6.0,track,1,319.18246761109094,241.53154134883158,310.24128092547267,241.2599564810408,318.6656469643183,241.36879419981952,0.5418396584249465,1.9115688806037217,1.9115688806037217,-0.9054785283556559,-0.09001762023753902,24.277045999042457
181,6.033333333333333,track,1,319.64383561643837,239.0697069533553,311.0535004703377,241.07945797672056,320.04768247650145,238.83503271284005,0.46708059855256934,1.165942708162855,1.165942708162855,-0.8954107772906827,-0.08552355065322126,25.202819997502957
182,6.066666666666666,track,1,320.45128740431454,239.68876130828113,311.9305544872032,240.97927856445594,320.76255356856757,239.3065228364776,0.492943074132797,1.030727180810815,1.030727180810815,-0.8773811620274641,-0.08442297524848044,26.16442400176311
183,6.1,track,1,325.1560013836043,238.17554479418885,313.3302441302572,240.7002842931619,325.39313559300206,238.56355647267046,0.45473695242944034,5.5811541397557365,5.5811541397557365,-0.8267651594107754,-0.0732535785924146,25.899708998622373
184,6.133333333333334,track,1,325.69883700746396,236.40479083492448,314.7174984879807,240.22366344239796,325.9007650278183,236.6961842370115,0.3545208600125821,6.762708518729369,6.762708518729369,-0.7698080360636477,-0.03852285109328995,26.553253999736626
185,6.166666666666667,track,1,331.56950354609927,239.9035460992908,316.724546206929,240.1933933465913,331.73689358503685,239.9664770038574,0.17882875575559984,11.736941459245232,11.736941459245232,-0.6729955843184595,-0.037826324575537994,24.97773600043729
186,6.2,track,1,331.4668828951861,236.11198361215432,318.5923183958608,239.7110926205035,331.4536393052891,236.01344662209146,0.09942299072149746,12.127590905475692,12.127590905475692,-0.5741273526752184,-0.03656385163724628,23.28404500076431
187,6.233333333333333,track,1,331.30839182178823,237.2448581019225,320.3157876344073,239.39455264024164,331.20880135963455,236.90707495561364,0.35215864902383326,11.62770025628188,11.62770025628188,-0.49074695143170916,-0.003311340521361651,24.146140000084415
188,6.266666666666667,track,1,334.6567472367302,234.81811004494108,322.3172766393833,238.80927955275988,334.4881638396102,235.1967455549159,0.4144697952787672,15.263621611780362,15.263621611780362,-0.3527729401333742,0.03157412267246241,23.97060099974624
189,6.3,track,1,334.0608620689655,234.4648275862069,324.10208782296917,238.22136312592534,333.8268617036286,234.51141547287006,0.23859296335294697,14.87637942117373,14.87637942117373,-0.23282896470078465,0.06919728761573173,25.735587998497067
190,6.333333333333333,track,1,332.043710204784,236.24419204956118,325.5080349004198,237.8879553247625,331.740898956764,235.9754898817495,0.4048401004274896,12.411502326666287,12.411502326666287,-0.12528210304726894,0.09584069289480655,27.248597998550395
191,6.366666666666666,track,1,332.79563106796115,235.09174757281554,326.88552609624696,237.44408136233756,332.4063181135214,235.46844795008622,0.5417266383799719,13.208016244499685,13.208016244499685,-0.013363592578128969,0.12976352172518862,26.41046599819674
192,6.4,track,1,331.0982996811902,235.00159404888416,327.94028845482995,237.02459976525458,330.65863314654797,235.03846296512637,0.44120967653621723,11.75684100007794,11.75684100007794,0.08692774918967239,0.16422137230014663,25.004762999742525
193,6.433333333333334,track,1,325.89685664102717,237.5154139664466,328.2708974753734,236.9405174957774,326.3873978047961,237.19715514579815,0.5847386683573272,6.97529855944816,6.97529855944816,0.15260741316170195,0.18250018019569703,23.651220002648188
194,6.466666666666667,track,1,320.6819469026549,236.24318584070795,327.9202265597959,236.7187185548297,321.1581147557234,236.39910200225893,0.5010445825758865,3.782551543278673,3.782551543278673,0.18259063343007756,0.20826023569330368,26.38899100202252
195,6.5,track,1,318.77248953974896,237.9344490934449,327.3280254234671,236.72208765168992,319.1688585396872,237.72798017739018,0.4469203479467757,2.419270592840499,2.419270592840499,0.19714257201185637,0.22274646131466422,23.62990300025558
196,6.533333333333333,track,1,316.0607180570222,239.4278423090461,326.41719904257707,236.91288364753203,316.3962831596167,239.787333549102,0.4917701594812135,3.6099864383401425,3.6099864383401425,0.19100368337876017,0.22694303116153036,23.539673999039223
197,6.566666666666666,track,1,313.9393990833475,238.54303174333728,325.2827547012577,236.99419301978645,314.2774813561463,238.39563588289982,0.3688158928990448,5.943164464280922,5.943164464280922,0.16779450042530447,0.23580607097434164,25.329773998237215
198,6.6,track,1,310.4017182130584,239.27697594501717,323.7745348952453,237.16534534481357,310.73163395868323,239.6828683042586,0.5230611881049338,9.273790033652782,9.273790033652782,0.11855119560204355,0.23919593801596084,25.72887700080173
199,6.633333333333334,track,1,307.5627523257855,240.07179217131824,322.00535004062925,237.42716086256146,307.8271091731458,239.85669696216198,0.3408085852032807,12.173734301485503,12.173734301485503,0.04769135794881292,0.23667507153651723,24.452394998661475
200,6.666666666666667,track,1,306.21478745307013,240.7783698679908,320.176577766124,237.7623023343685,306.44740800709474,241.07012601738649,0.3731406877639024,13.594775445708816,13.594775445708816,-0.044347641921939705,0.22877545727918652,24.517837999155745
201,6.7,track,1,306.0072683222289,242.98946093276803,318.4353942460596,238.344757613344,306.23931815602896,242.67815616151788,0.3882753996453177,14.01887603327993,14.01887603327993,-0.12278069722985631,0.20592676729679843,24.367820002225926
202,6.733333333333333,track,1,303.15239426773854,242.51782593498777,316.4663966159793,238.83651480721892,303.29087859894156,242.60504888378986,0.16366353529873276,16.910973291985414,16.910973291985414,-0.23029901440332165,0.18505799071667445,25.63479600212304
203,6.766666666666667,track,1,302.005880318229,243.65946039432723,314.4943926924524,239.43402128110213,302.21486099436993,244.14874086558277,0.5320416361078912,18.262618109661624,18.262618109661624,-0.3471205014161422,0.15614563271542625,24.326208000275074
204,6.8,track,1,302.6635911132694,242.3546194002671,312.7417995219435,239.83619197303287,302.8952257295352,242.1469310376987,0.3111093881562451,17.238985344972864,17.238985344972864,-0.461214707606851,0.12623568701043286,26.336209000874078
205,6.833333333333333,track,1,300.71336916941215,243.7756199063638,310.88883839463125,240.37938213821096,300.870730596575,243.9315011800662,0.22149851071692245,19.529097506993843,19.529097506993843,-0.5884233610888432,0.12328880267256684,23.327343002165435
206,6.866666666666666,track,1,304.20180431097117,245.06230322111892,309.5971967702483,241.03734689953052,304.4624360030494,245.48315558961457,0.4950208025769728,16.476677158312512,16.476677158312512,-0.6937417631241265,0.06542782211265658,25.54850700107636
207,6.9,track,1,304.0948124780932,242.42218717139852,308.40615166024645,241.33152967729097,304.33168391039794,242.1045120780109,0.3962644828910561,15.809019582826018,15.809019582826018,-0.7990062690687826,0.042530607434441106,26.18055200218805
208,6.933333333333334,track,1,305.28254613170816,243.78059928897918,307.4667661031094,241.76129070475073,305.6523389527434,243.83362756296606,0.37357559921816796,14.850995852753378,14.850995852753378,-0.8955240513493943,0.011142532179824374,26.21473199906177
209,6.966666666666667,track,1,308.6393973898572,241.7248839449943,307.0245497914411,241.9091809562225,309.0219718212137,241.94107099683018,0.43943149285096444,11.148311948854024,11.148311948854024,-0.9689320229090643,-0.007043683865764122,24.029486998188077
210,7.0,track,1,312.12185654008437,239.65434599156117,307.06399178300325,241.79035978948744,312.5928455391559,240.11150317178013,0.6563713313911335,7.407993666582027,7.407993666582027,-1.0177036936157016,-0.011534038420552478,24.787446000118507
211,7.033333333333333,track,1,317.68943772990013,242.8488351725346,307.8030692029249,242.05152388693438,317.26476834467263,242.50890043345746,0.543966647489482,3.711613341029464,3.711613341029464,-1.0279792975922089,-0.03553158883007021,26.402513998618815
212,7.066666666666666,track,1,322.20668953687823,240.61406518010293,309.0692617343867,242.02026255756687,321.7492125909996,240.39948430196117,0.5053019980907687,1.7942498142747434,1.7942498142747434,-1.0057670790110445,-0.04488075694269259,24.422211998171406
213,7.1,track,1,322.6693134620083,241.09687270950403,310.33937827291487,242.03977376990963,322.32950917057434,241.05891276167563,0.3419179932616349,2.558888276699367,2.558888276699367,-0.9765567772852043,-0.05654369376370856,24.622692002594704
214,7.133333333333334,track,1,329.233074903852,238.28563579757036,312.3364541185875,241.71356863740388,328.9936917859369,238.34107435696453,0.24571876405854678,9.145410118171277,9.145410118171277,-0.9018575696854174,-0.049617885972199446,25.91398799995659
215,7.166666666666667,track,1,328.15097970608815,234.9034289713086,314.09392966986513,240.99578802480306,328.0247583700372,235.05955593579384,0.20076716542765774,9.423626395875,9.423626395875,-0.8299966779818286,-0.02012645559565508,24.809645998175256
216,7.2,track,1,331.8225473321859,235.52564543889844,316.1873438804004,240.39187582715303,331.79650761757046,235.79044015876963,0.2660720023018484,12.525094252272007,12.525094252272007,-0.7315103286622008,0.027240334477570426,25.834172000031685
217,7.233333333333333,track,1,334.2851699342388,233.25142892262306,318.4439553212562,239.55115685637242,334.4289158761711,233.5462998237871,0.32804229022384196,15.806449927990574,15.806449927990574,-0.6142789412151902,0.027080781323595215,26.42443600052502
218,7.266666666666667,track,1,335.2826800207218,232.05508547746504,320.67059825169565,238.6199431740687,335.58558007043,232.33361239384146,0.41149202089397174,17.36904732734776,17.36904732734776,-0.48805850151209434,0.10014218131196627,24.320797998370836
219,7.3,track,1,336.61450220370705,232.55183239751253,322.90147972954753,237.8095202313017,337.04120284039135,232.90071636066878,0.5511746121642426,18.460834825084106,18.460834825084106,-0.35137894657120095,0.1491203479011366,25.108503999945242
220,7.333333333333333,track,1,337.5491218918449,232.53608068162058,325.08174504997857,237.05410359021923,337.1375751005034,232.88400583255316,0.5389087790293813,18.556234890638013,18.556234890638013,-0.20738059535958964,0.19884238333077714,24.42325399897527
221,7.366666666666666,track,1,335.86185460196856,232.94042479709896,326.89440448579614,236.40298698451872,335.5794039789645,233.29224316810866,0.4511701681353853,16.962070335178993,16.962070335178993,-0.0734122900032691,0.246352708198444,24.90303199738264
222,7.4,track,1,334.573321858864,235.16729776247848,328.40445933122817,236.06969436746678,334.54077524954727,235.40953324239737,0.24441217136131166,15.248164804674074,15.248164804674074,0.05211098436058226,0.2797315750048953,26.52341199791408
223,7.433333333333334,track,1,333.87911326636646,231.8342570142016,329.69786813405113,235.3707825983772,334.07701376189783,232.0352918816597,0.2820986069895777,16.174019038662493,16.174019038662493,0.172182489803117,0.3338741503247674,25.0862929970026
224,7.466666666666667,track,1,328.6762491444216,234.56964407939768,330.24620388006474,235.05566230814458,329.04652002207706,234.68043241715827,0.3864900757115226,10.494633094027716,10.494633094027716,0.2574843456991362,0.3704160841052902,26.4370599979884
225,7.5,track,1,328.42321459008014,236.37361513550366,330.68674819762555,234.9902698416192,327.9539249224896,236.44235526009845,0.47429737173692194,8.713309231741416,8.713309231741416,0.3384554123404794,0.39473272740036247,25.078437000047415
226,7.533333333333333,track,1,326.0757124627818,237.53721820501914,330.7766280211634,235.0823889409767,325.889280389791,237.3846991368847,0.24087130170329163,6.443867015557382,6.443867015557382,0.40152275637800294,0.4105649659177036,27.49234800285194
227,7.566666666666666,track,1,318.292029470864,237.18498447299518,329.889094164979,235.14005706072476,318.3868495595214,236.92382974511236,0.27783563685846674,3.4734820829639785,3.4734820829639785,0.4116499347423474,0.4273875560708232,24.42884700212744
228,7.6,track,1,317.50255326642014,238.68656453600985,328.9249901519757,235.3859763402802,317.89632318217537,238.22267683341852,0.6084788798054931,2.753966919249396,2.753966919249396,0.41240237977759686,0.43346614102851183,26.071683001646306
229,7.633333333333334,track,1,314.5846928149948,239.29659840333218,327.64026319065033,235.70057098760057,314.2541950057241,239.66135918500976,0.4922186808551303,5.755775589251458,5.755775589251458,0.3904158281014985,0.4343242536441998,26.56702099920949
230,7.666666666666667,track,1,308.6582563229572,240.60864542801556,325.70101894872414,236.16183309578346,308.5919198455526,240.76575504677572,0.17054020212669602,11.433751510416847,11.433751510416847,0.32652644754968674,0.4255077138106702,26.017236999905435
231,7.7,track,1,304.9164773720077,240.90284815656125,323.41644504468985,236.636973009486,305.12565993473083,240.82229987970368,0.22415478904573832,14.897052375199337,14.897052375199337,0.23437970645223694,0.413455096498116,26.39663400259451
232,7.733333333333333,track,1,302.2144811234725,241.23338804790563,320.94109626528507,237.12729909747594,301.75830517059114,240.91819562063517,0.5544752169356899,18.264788896864793,18.264788896864793,0.1207992718561025,0.3980652499177624,22.884725000039907
233,7.766666666666667,track,1,299.37872780555074,244.61558352008274,318.28006589712635,237.99473492038305,299.3554059316462,245.0560959298358,0.4411293381185099,21.254725834477636,21.254725834477636,-0.014614031128142774,0.36004432724025315,26.973979001923
234,7.8,track,1,300.1935427267942,244.34146341463415,315.89081182310923,238.77605826549257,300.4350027804047,244.4296999012136,0.257077099434167,20.060193354441605,20.060193354441605,-0.14810705824246542,0.32244014380562025,25.47477600091952
235,7.833333333333333,track,1,299.3899035148174,245.67419021364577,313.5716709165301,239.66569914460962,299.0090132952077,245.45572557769177,0.43909470112588334,21.688394694394685,21.688394694394685,-0.2889630142873917,0.25786162975916654,25.744760998350102
236,7.866666666666666,track,1,299.89248043552226,243.1755699217421,311.4820109470446,240.19587524966994,299.7931572516641,243.63299331663092,0.4680825322988782,20.530833745726426,20.530833745726426,-0.42811011698631074,0.252308004962522,26.015371000539744
237,7.9,track,1,299.8972925764192,243.55056768558953,309.5545951464198,240.73017978045323,300.25096983066527,243.68412178981407,0.3780533016999802,20.08972239707349,20.08972239707349,-0.5678335061190978,0.2079715616274953,25.90749400042114
238,7.933333333333334,track,1,300.4593803786575,245.88330464716006,307.85137797099054,241.50103776101852,300.2073538482124,245.61102713662953,0.371015383493597,20.572614496409194,20.572614496409194,-0.703841923344637,0.15822985209245954,25.404357998922933
239,7.966666666666667,track,1,302.6758883709668,244.52600036321812,306.56065120847046,242.05074816482374,302.886364021814,244.86974728793496,0.4030656867705923,17.793003541904092,17.793003541904092,-0.8248588196008457,0.11691373702847488,25.54652300023008
240,8.0,track,1,306.8331706126434,244.17677568952894,305.8918899395702,242.51179828242533,306.4477605461438,244.15426174679126,0.38606708869940504,14.174663483677834,14.174663483677834,-0.917667415405518,0.07802161065603032,24.407340999459848
241,8.033333333333333,track,1,308.27207268986797,240.98491342362422,305.4823568842152,242.54866279605687,308.4438668886468,240.53647535651535,0.48021864475091514,11.568578922904123,11.568578922904123,-0.9986171465701091,0.059886199626113606,25.663917000201764
242,8.066666666666666,track,1,314.0588841201717,239.94901287553648,305.8351027341628,242.44532624517356,313.6524006109018,240.01219081839602,0.41136394563978007,6.347611095564464,6.347611095564464,-1.0396018095591282,0.04933179988556083,24.792143998638494
243,8.1,track,1,316.70288624787776,239.4345743390735,306.5244803473995,242.27381851577243,316.79708125888084,239.06406974932005,0.38229092472387244,3.3368628824616375,3.3368628824616375,-1.059786627386964,0.04320087904597898,26.940723997540772
244,8.133333333333333,track,1,322.64196223751543,237.5588494794424,307.91918036886165,241.87688124913595,322.3015984382467,237.7840112495474,0.40809966744592985,3.1949900646280636,3.1949900646280636,-1.0379736074605306,0.05020236158019438,25.409937003132654
245,8.166666666666666,track,1,324.6859448962253,235.45600194198326,309.5036255574005,241.24305283829506,324.8244083653002,235.13756959638454,0.3472337699472244,6.849682146288438,6.849682146288438,-0.998475209585508,0.07195698750476365,23.896818998764502
246,8.2,track,1,326.5911149825784,236.2864111498258,311.2420215489984,240.74027566660544,326.28492577160046,236.38293289167,0.3210424887268651,7.251445815883221,7.251445815883221,-0.9423938251668752,0.08991803117750528,25.500405001366744
247,8.233333333333333,track,1,331.683841150291,235.92639507018146,313.49843572342394,240.22066109353497,331.96096117888595,235.57740859666345,0.44563109064224343,12.75240789198978,12.75240789198978,-0.8497612133362326,0.12289353875420653,24.256590997538297
248,8.266666666666667,track,1,336.52383393131726,232.62514949598497,316.2022866489479,239.33568777844508,336.35888556936345,232.7309163896452,0.19594539521452137,17.90119307772129,17.90119307772129,-0.7221880486778198,0.15563827850494036,24.17891100049019
249,8.3,track,1,335.6289286334433,235.16843201944783,318.6304751253778,238.80961710288958,336.04456369795054,234.69346337390448,0.6311479391531101,16.89933002286438,16.89933002286438,-0.596376340148909,0.1842160367627323,26.301796999177895
250,8.333333333333334,track,1,339.62580086580084,233.8296103896104,321.3756889955205,238.15862412308965,339.6954804366994,233.7963905552933,0.07719326390732728,20.649375772038823,20.649375772038823,-0.44221150297808925,0.221958871577279,24.392939998506336
251,8.366666666666667,track,1,341.9362904606953,231.8213735228635,324.2078647297177,237.31235440347874,341.63786559380486,232.1638998049889,0.4542924775133635,23.013076580974943,23.013076580974943,-0.2708026607996248,0.2730917955659672,24.08739800011972
252,8.4,track,1,339.6422135638622,234.17222695726286,326.56195693462297,236.80663090459413,339.97920881432896,233.9116665168293,0.4259783350783084,20.886277539304537,20.886277539304537,-0.11212682058181672,0.3098778622072226,25.744952999957604
253,8.433333333333334,track,1,340.9063720703125,232.79425048828125,328.8852906325622,236.17653446392828,340.9489106868841,232.9353235961592,0.14734705855962346,22.108064403245088,22.108064403245088,0.05522440822341468,0.35548996043992553,25.38259500215645
254,8.466666666666667,track,1,337.51464507236386,234.6369745003446,330.6166692527162,235.81641788680048,337.2251645414565,234.15803071655822,0.5596303474634238,18.188867435575172,18.188867435575172,0.20093265021267365,0.38940093010922605,26.195921996986726
255,8.5,track,1,333.69280362432477,234.47395016553406,331.73644173579277,235.47089215192472,334.0791582580686,234.35703729490973,0.40365644096553926,15.167917633834296,15.167917633834296,0.3210459424273938,0.423941719146534,26.561940998362843
256,8.533333333333333,track,1,332.67379419268616,231.3416960272142,332.6153263727397,234.78450306369135,332.82348180932,231.52723440726757,0.2383922671697928,15.369757398975166,15.369757398975166,0.4323274300943283,0.477903622247374,25.788081999053247
257,8.566666666666666,track,1,329.7148491083676,236.7599451303155,333.0356790452673,234.80197258822614,329.56603174114167,236.3657269090414,0.4213722994841582,10.233127780507568,10.233127780507568,0.5218915130190016,0.4971125536883566,24.602765999588883
258,8.6,track,1,323.9062367158559,235.18272909455274,332.68580785298707,234.64363658182077,323.59441519174294,235.001940861756,0.36044007548816626,6.156331352357247,6.156331352357247,0.570932961937696,0.5252422462878086,27.64307700272184
259,8.633333333333333,track,1,318.88665162298213,236.33119250130187,331.7106266470158,234.64568900150047,319.35130708196675,236.45971386359287,0.4821021013533798,3.599226087583695,3.599226087583695,0.5836257985755549,0.5451186479396232,26.088122998771723
260,8.666666666666666,track,1,316.97312198483803,236.4748449345279,330.525587103038,234.67750877783206,317.2002895720623,236.82360461642858,0.41621920715500843,4.234131093043419,4.234131093043419,0.5792411958071834,0.5629574115319866,23.952769002789864
261,8.7,track,1,313.8794462940249,237.21692658139128,329.00910317353225,234.8079552881035,313.99773914259424,236.86247324807593,0.3736714646865791,6.772828767906695,6.772828767906695,0.5503587192029908,0.5749408585155695,27.86265200120397
262,8.733333333333333,track,1,307.48871785901696,240.06122092006296,326.79450085857957,235.28129999207695,307.4816743305058,239.95294440999575,0.10850536358273957,12.518414108666777,12.518414108666777,0.4760366608357482,0.5676198843549443,23.423435999575304
263,8.766666666666667,track,1,305.4139238325004,241.92486644838877,324.4496292099171,235.9573079050977,305.24524703991653,242.0691534720387,0.22196983027010458,14.899131887594711,14.899131887594711,0.3835206871540181,0.5469475610733329,27.84783700190019
264,8.8,track,1,303.89889579020013,241.01915113871635,322.0590678446836,236.4895884769238,303.6707971768987,241.32821018279043,0.3841177815644768,16.38313178631142,16.38313178631142,0.27688500656840775,0.5304851336001792,25.24303399695782
265,8.833333333333334,track,1,299.6671322725616,244.02927244017977,319.31004478995226,237.35268812597744,299.2927457153944,243.60441227215458,0.5662786033057512,21.01861479343906,21.01861479343906,0.13947594754375664,0.4936366670821527,25.768119001440937
266,8.866666666666667,track,1,299.117067833698,243.96918307804523,316.6744453073414,238.1562147843928,298.65385269160726,243.74924486371307,0.5127778134687278,21.672905711041185,21.672905711041185,-0.004927472341834882,0.45577865665385653,25.55720399686834
267,8.9,track,1,297.2349973908506,246.46251522003826,313.9952850485099,239.2060886423921,296.7064809536367,246.57229657796566,0.5397977129941074,24.202956676241637,24.202956676241637,-0.16391638562813213,0.4009493564817652,24.724525999772595
268,8.933333333333334,track,1,296.73230928546775,244.01121850189853,311.4488067266528,239.89249603426342,297.222908809099,244.17110164500937,0.5159946821801783,23.155862584918303,23.155862584918303,-0.32800882350048965,0.3549853035239177,25.980493999668397
269,8.966666666666667,track,1,297.9211180500819,245.43054629236647,309.23699442314626,240.69791441438826,298.41870460730286,245.71380365864854,0.5725618896504444,22.324870953186636,22.324870953186636,-0.48556328554426564,0.31037508905765976,27.284250001684995
270,9.0,track,1,301.30897593535923,244.42754259617072,307.60870656915455,241.32309146046103,300.85621665028,244.97098898270846,0.7073365148685603,19.778654464023244,19.778654464023244,-0.6215462032503198,0.26651591883645803,24.144384999090107
271,9.033333333333333,track,1,301.9304305521771,244.66869374847968,306.20150732931916,241.9259782580592,301.51126502489814,244.22839525038458,0.6079165293721194,18.96609204272271,18.96609204272271,-0.7523785981356803,0.22114028433385619,23.87135900062276
272,9.066666666666666,track,1,303.34099421178075,244.64061967994553,305.098773568546,242.4742889768737,302.95058561548046,244.3329531253564,0.49706899005863436,17.59139032713439,17.59139032713439,-0.8723710326060556,0.17615614646690983,27.02902999953949
273,9.1,track,1,309.01624330395714,240.96785899429756,304.7932550303091,242.53428349474348,308.684463628374,240.8050129077808,0.3695897739709463,11.344135452262774,11.344135452262774,-0.9537088603533366,0.15498070049856877,27.36653700048919
274,9.133333333333333,track,1,313.8661899897855,242.38866189989784,305.1364462234263,242.7450946470361,313.5909305666232,242.23485803656632,0.315314729144308,6.787544581470552,6.787544581470552,-1.0005794985426448,0.1258187681476796,24.935361001553247
275,9.166666666666666,track,1,315.40610898993407,240.78323498785144,305.68922363484336,242.73598286167885,315.31581611307877,240.803415658263,0.0925206088883234,4.752584076734957,4.752584076734957,-1.0333430700802368,0.10780714066972463,24.266465999971842
276,9.2,track,1,318.9446964410328,240.24947662247035,306.6730646175864,242.64925934424627,319.08466421801467,240.31149564130766,0.1530925775169466,0.9668863057962773,0.9668863057962773,-1.0391894746235568,0.09438259749106614,27.008043998648645
277,9.233333333333333,track,1,326.9603770291499,236.2049223250131,308.5912967168051,242.07093608405134,327.2293647778625,236.42029874962324,0.3445887595893201,8.067092173351414,8.067092173351414,-0.9331422114581396,0.1311983888273378,25.472523000644287
278,9.266666666666667,track,1,328.89328135469333,234.92136200280197,315.8541625485094,239.35321735322242,329.3002487545693,235.18312313565235,0.48388155082923806,10.473630202711718,10.473630202711718,-0.5068950028839034,0.2933020236216194,26.119559002836468
279,9.3,track,1,332.1006300739125,236.96752695989338,325.62312921364844,237.10853162042142,331.73969101616296,237.27163158491896,0.47197100162094074,12.052565675547644,12.052565675547644,0.102383995784676,0.44051360235715686,26.27850999851944
280,9.333333333333334,track,1,328.8981578032673,237.84376086200905,331.1581904363011,236.2397106198503,328.7680103212836,238.2119244980483,0.39049049920366175,8.94847579170977,8.94847579170977,0.45372575936204307,0.4964315769079476,24.558541997976135
281,9.366666666666667,track,1,327.15631948007524,237.02189156832563,330.6704399463865,236.41006235936769,327.2876564637982,237.35935938977215,0.3621241966581513,7.751317279451564,7.751317279451564,0.4942409370566151,0.49860397014410096,25.52598599868361
282,9.4,track,1,322.70610826627654,235.74585466959277,327.6966573326453,235.99020609490572,323.12051529263806,236.190178106051,0.6075825044254061,4.924668370073369,4.924668370073369,0.35873045526338965,0.536325732888482,26.040816999739036
283,9.433333333333334,track,1,322.8237654859536,236.85761647181994,324.61415600416365,236.13734787518757,322.6246280763366,237.34345512668224,0.5250665733670121,3.7344214013746724,3.7344214013746724,0.19975220395672402,0.5425543495845149,23.93816100084223
284,9.466666666666667,track,1,320.8814123917388,239.18890436678578,321.80111773234063,237.4441969823583,321.01847136385567,239.66418138181413,0.49464472386955544,1.0724076012945307,1.0724076012945307,0.04074049680891652,0.48038814143476977,25.435231000301428
285,9.5,track,1,319.4986881231415,239.93090781878607,319.54336172257547,238.6817036407026,319.8860178137208,240.3935908214197,0.6034068694755893,0.40976294792822154,0.40976294792822154,-0.07518637905874978,0.41315390820779707,25.139729001239175
286,9.533333333333333,track,1,319.74980371630465,239.55221146296782,318.3555632060602,239.31597495560013,319.56446340149597,240.0134327355613,0.49706749500056974,0.43574369418400094,0.43574369418400094,-0.18566715354156785,0.372486521325305,24.160925000614952
287,9.566666666666666,track,1,318.65159158114454,240.56166289789527,317.26884886743113,240.10992906828804,318.8868864070323,240.97715786486538,0.4774931650474572,1.4811682428804998,1.4811682428804998,-0.27010393128678917,0.32603862187337823,24.916604997997638
288,9.6,track,1,319.18191022612217,241.647148160648,316.8199417212291,241.02560310412147,318.8313341248468,242.10499172370476,0.5766492270158206,2.407648247691733,2.407648247691733,-0.3214370367511884,0.25834225761458374,26.761148001241963
289,9.633333333333333,track,1,319.0633108458744,239.37156201349248,316.5416576469419,240.87534075348614,319.1573460493897,239.78257572039612,0.42163359301985465,0.8702522610372554,0.8702522610372554,-0.3623461409064301,0.25036636295769854,26.01829799823463
290,9.666666666666666,track,1,322.72677688767686,237.05317879665927,317.5530442798813,240.0134344132365,322.2555286424485,237.4554833289075,0.6196158852856151,3.4002903620681075,3.4002903620681075,-0.3065511160263613,0.29989101184448935,25.080792998778634
291,9.7,track,1,325.06967087989256,236.91665140135555,320.70120004480606,238.39461923705124,325.120920216735,237.28662245074386,0.373503777641241,5.795363801434069,5.795363801434069,-0.12195399576789773,0.39511866018591346,25.790776002395432
292,9.733333333333333,track,1,324.79303828334554,240.42209217264082,323.3724700272185,238.66492273337553,324.3829517997305,240.73430482041877,0.5154101875945636,4.4440375840052395,4.4440375840052395,0.05417454919813916,0.39051852782408786,23.58639300291543
293,9.766666666666667,track,1,320.5158591843848,238.35465318926455,323.1348985989882,238.19363975607044,320.62003488237553,238.65957328452214,0.3222248291856995,1.4768842320673647,1.4768842320673647,0.050912339611891066,0.42061214588416374,24.468973999319132
294,9.8,track,1,322.8438602681722,239.43577981651376,322.7527889440512,238.5707996778631,322.5068894681386,239.68365305584533,0.41831861403960646,2.526770704781132,2.526770704781132,0.04009971941464539,0.4040873299774626,25.46106800218695
295,9.833333333333334,track,1,320.48759335099976,238.5234883160684,321.4451639112951,238.47741006669975,320.7440061500178,238.71548686651673,0.32032946613530056,1.4844255257018928,1.4844255257018928,-0.02423467996616155,0.41071677443916255,23.97434199883719
296,9.866666666666667,track,1,320.4760147601476,238.00948866631524,320.62053962858346,238.1966333283686,320.4023549870323,238.0523311854295,0.08521293105776014,1.9887944455976965,1.9887944455976965,-0.06828237969995465,0.42811843435385805,23.457694998796796
297,9.9,track,1,320.2231475290256,239.81320284481185,320.03054792266846,238.79636566064462,319.75470113958295,239.91477114812338,0.4793309295460016,0.25968343827458684,0.25968343827458684,-0.10408177081652255,0.3978461801059944,24.49417900061235
298,9.933333333333334,track,1,320.2298224019694,238.81360998769122,319.68704250514395,238.80963949916176,320.4517702462636,238.82756230974073,0.22238595476653786,1.2564658741683266,1.2564658741683266,-0.1086131016002218,0.3961579507131917,24.790942999970866
299,9.966666666666667,track,1,320.97833190025796,239.30455717970764,319.76298737248766,238.99851462414495,320.87786137308234,239.18659717913692,0.15494801891470006,1.196772634771542,1.196772634771542,-0.11134058141225174,0.3847578395030762,24.659564998728456
300,10.0,track,1,321.4277576385293,239.10322803383394,319.99626321406043,239.0623783467006,321.0264330532416,238.96119887170144,0.4257155219772831,1.4603672815224296,1.4603672815224296,-0.11236561231878618,0.37918433395291995,25.924286001099972
301,10.033333333333333,track,1,322.3668188736682,238.645188567563,320.4801479011549,238.96231676448843,322.68105102305844,238.42351818733823,0.38455116848009746,3.1101976615475846,3.1101976615475846,-0.11156193384879332,0.382279326938151,23.693308998190332
302,10.066666666666666,track,1,321.132631942049,241.91755777854434,320.48849818243315,239.84911054798556,321.2064722232545,241.6352390996117,0.2918153930188897,2.0321373325598646,2.0321373325598646,-0.11029902655167478,0.3245315390044893,25.178891002724413
303,10.1,track,1,321.31216749613867,241.1201304273211,320.5524539337916,240.2998205408425,321.1989830495086,240.74299346109632,0.39375501298673216,1.4105316856564736,1.4105316856564736,-0.07968672320880504,0.31685101812017485,25.14472199982265
304,10.133333333333333,track,1,322.3308931185944,240.0984626647145,320.8717247246239,240.37939198929948,321.9943404531838,239.6332982900113,0.5741477092944077,2.0277731597281585,2.0277731597281585,-0.05850465608731152,0.3093414743147036,26.656884998374153
305,10.166666666666666,track,1,323.7827379147207,236.36283132164735,321.48135106291255,239.52699191907007,323.26320720148834,236.81217444123513,0.6868925688290811,4.561880427297491,4.561880427297491,-0.019860941106140728,0.3035012051968734,25.40828299970599
306,10.2,track,1,322.0706502636204,238.45500878734623,321.5766281065311,239.32474648437898,322.3672857828297,238.82845815319018,0.4769245853442909,2.6413163908199575,2.6413163908199575,-0.0057792109828191385,0.3334018084267444,24.584558999777073
307,10.233333333333333,track,1,321.1801198449066,236.75026436376453,321.4604013137239,238.78702339675385,321.3917874540302,237.00613577874452,0.3320743256500905,3.3015595243020353,3.3015595243020353,-0.0025670147942580684,0.35936891669470905,23.6029019979469
308,10.266666666666667,track,1,321.7005370180414,236.3230555723164,321.4745619581007,238.25711450468245,321.82898093448324,236.4789494761854,0.2019919526476908,3.967740925256879,3.967740925256879,0.007060920707021551,0.3876178429253904,26.101598999957787
309,10.3,track,1,323.008360912733,235.8920048771991,321.74729369479866,237.73337389542235,323.07247723674567,235.96549499695504,0.09752794833606024,5.071227365235667,5.071227365235667,0.03054913913732324,0.41811331114236927,25.676285000372445
310,10.333333333333334,track,1,323.69420731707316,237.77932926829268,322.1069009314641,237.65605466344323,323.70081428159614,237.77084408020337,0.0107540874609978,4.320319717524419,4.320319717524419,0.05987058682008771,0.4271816418853063,23.016702001768863
311,10.366666666666667,track,1,322.05949301603727,237.09122262459044,322.11242740560624,237.46800792199843,322.08306938869157,236.9995207144411,0.0946841363300746,3.6526776508709187,3.6526776508709187,0.07180352567632453,0.44249646180367197,24.559664001571946
312,10.4,track,1,320.31674130210126,238.31949707199448,321.8104941083388,237.52648853429747,320.26766382873114,238.1170986165838,0.20826361454901574,1.9018311031428747,1.9018311031428747,0.06718805266580274,0.4454272485360842,25.039814001502236
313,10.433333333333334,track,1,319.7861018729214,237.39401365307194,321.46094588120343,237.42291457827798,319.86438614015213,237.07852758959797,0.3250536613271039,2.9246182936792104,2.9246182936792104,0.058487376139155174,0.4566389529241125,27.762597001128597
314,10.466666666666667,track,1,317.9177422130442,240.05627258647394,320.8527581809078,237.7724074771545,318.0270232758695,239.69382737919403,0.37856159204599416,1.9965918029712215,1.9965918029712215,0.03422780174543624,0.4440155731253233,25.248608999390854
315,10.5,track,1,317.7811360083377,237.80389091540732,320.30255627311254,237.72185394801866,317.9960955082003,237.32718706436359,0.5229284350473989,3.3405930912280106,3.3405930912280106,-0.005662867179974156,0.45101746946777044,29.50728399810032
316,10.533333333333333,track,1,318.51109170305676,240.10393013100438,319.93535542134595,238.03433028424854,318.8242768749252,240.4950022846617,0.5010213381128974,1.2756771255517372,1.2756771255517372,-0.0044574378884727345,0.4387499396405404,27.624132999335416
317,10.566666666666666,track,1,318.6865680651977,238.92025354663446,319.6414566945186,238.13406629703118,319.0700953602847,239.2516955598512,0.5068993925838958,1.1936005085917187,1.1936005085917187,-0.0036393538605992634,0.4362918303180134,27.162935002706945
318,10.6,track,1,322.2269665624248,237.92644936252105,319.9034452531856,238.07822302845966,321.75699178247373,238.1637660111908,0.5264935759588271,2.5414120849123156,2.5414120849123156,-0.0025778111306748244,0.44155531072996096,27.08022099977825
319,10.633333333333333,track,1,319.90383275261325,239.53205574912892,319.80905821201867,238.25921030609925,319.5901320583668,239.66036204619016,0.3389257019411075,0.5323022348692216,0.5323022348692216,-0.0016167485985539888,0.4343458640667419,28.19728200120153
320,10.666666666666666,track,1,320.41678926871487,240.0536564257897,319.8003039887087,238.49538132350568,320.3456473623676,240.09466192310057,0.08211346813061916,0.35837547181239765,0.35837547181239765,-0.0006440456325749778,0.4233054569444423,25.968046000343747
321,10.7,track,1,322.2415959978037,238.50100664999084,320.04714300728017,238.49503717160468,322.328829299133,238.4819501908367,0.0892905229926753,2.779913870536482,2.779913870536482,0.0005979976493150803,0.42373525818105534,27.28849900086061
322,10.733333333333333,track,1,319.7422573984859,239.16672401927048,319.9364772113502,238.5846497187113,320.09019086221025,239.12016382170506,0.3510349657463776,0.884446771865254,0.884446771865254,0.0017538421042967364,0.41931460491501094,25.48549199855188
323,10.766666666666667,track,1,320.64420024420025,241.0529304029304,319.959168981547,238.9165467569959,320.2643825614694,240.90059505593865,0.4092279683234338,0.9385998048104777,0.9385998048104777,0.0029632415077388632,0.40155685082829623,26.78857600039919
324,10.8,track,1,322.4812369701181,242.8062890896456,320.22377402966833,239.44793546686896,322.442748838219,242.55134466851965,0.2578332681411068,3.5321921669416554,3.5321921669416554,0.004453505679577051,0.37168635760622204,30.819963998510502
325,10.833333333333334,track,1,323.8452442159383,241.04404455869752,320.64483876332355,239.70399295998146,324.07714572211955,240.76143430137694,0.3655774420173427,4.147637813829838,4.147637813829838,0.040066975113748876,0.33863580936534515,26.481910001166398
326,10.866666666666667,track,1,321.5483418143534,242.71959992981226,320.73902890623896,240.15014934391147,321.1475538491383,242.31023926663832,0.5728936599539841,2.5795513768463176,2.5795513768463176,0.04924035992084332,0.3321028695835328,25.010741999722086
327,10.9,track,1,324.9481723013558,239.4149648189463,321.2568662077525,240.1384228685591,324.87959078165056,239.00963489333643,0.41109095519115246,4.979079155914867,4.979079155914867,0.08140004994256522,0.32563820039782443,24.67237400196609
328,10.933333333333334,track,1,323.9951481545659,240.6234621382776,321.6147289021351,240.27495084725746,324.3589341451019,241.06982916534227,0.5758331092953832,4.488300493990142,4.488300493990142,0.10732230301766756,0.3191434057395572,26.058008999825688
329,10.966666666666667,track,1,324.91501907735,239.89559486645854,322.0585967873989,240.30624107908974,324.62450786090415,240.2785025288,0.48064024463277527,4.632886423614574,4.632886423614574,0.13937075162331578,0.31275452905913365,26.393873999040807
330,11.0,track,1,320.79636629679305,238.94409218388,321.9579368480348,240.21321937010634,320.9867432794992,239.33923085297013,0.4386091236563755,1.18755133164988,1.18755133164988,0.14432774924070468,0.30660645585568774,26.11881100165192
331,11.033333333333333,track,1,320.42041113334545,237.860287429507,321.81538796668247,239.98961917713655,320.08309973412514,238.20536506596295,0.48255316310847274,1.7965578510801794,1.7965578510801794,0.14650903229929552,0.30082333386018645,25.76699400015059
332,11.066666666666666,track,1,319.4561679790026,238.32160979877514,321.5625523897069,239.8348484816723,319.6838100056003,238.62546394933338,0.3796685884886783,1.4104344958702117,1.4104344958702117,0.14204935990522194,0.29532739073747644,25.635312998929294
333,11.1,track,1,320.9981070383755,237.45224574083633,321.5133603864419,239.5823069847239,320.67722910566124,237.7102385441974,0.411731628963685,2.387812133739571,2.387812133739571,0.14715119646826877,0.2902009698757838,27.24343400041107
334,11.133333333333333,track,1,320.01941394163686,237.44257720075228,321.34766722285195,239.34396992159884,320.19508255436614,237.74578454546608,0.35041997001686737,2.2626410494105302,2.2626410494105302,0.1456640739820128,0.3197139905823967,27.278172001388157
335,11.166666666666666,track,1,322.88886938202245,237.3850070224719,321.53963376448826,239.11374794162768,322.6233428987318,237.64799253521534,0.37371873547045253,3.523331815019588,3.523331815019588,0.16232025363884878,0.32960007604178027,30.32125800018548
336,11.2,track,1,319.8160982430543,235.01568484406346,321.3473511754866,238.6126969254502,320.1558938917097,235.2527408300852,0.41431464293926745,4.74981815776273,4.74981815776273,0.1592111771723395,0.3550585576804354,29.784321999613894
337,11.233333333333333,track,1,319.65153044063237,236.30726538849646,321.14715247721495,238.30117064816883,319.5060867797837,236.5014612384578,0.24262293095104773,3.533231344692508,3.533231344692508,0.15468534473890752,0.3727493667636433,32.91951899882406
338,11.266666666666667,track,1,319.7046009062391,238.3428023701638,320.9663527120973,238.2571986214035,319.1935654354517,238.5794954402402,0.5631881229438812,1.6334533697649707,1.6334533697649707,0.15016489171018732,0.37765061835746105,30.410569997911807
339,11.3,track,1,321.24430571958834,237.55761768179516,320.9828442790997,238.1248242152157,321.43147171720534,237.75307559794382,0.2706194886720869,2.6641660131670344,2.6641660131670344,0.1552167243817176,0.3874908298578124,33.47930499876384
340,11.333333333333334,track,1,319.06188757091286,237.88911810211448,320.73740847677624,238.04387732164662,318.90880919877605,238.1530534668159,0.30511451089078073,2.1452060183386945,2.1452060183386945,0.14628004812217715,0.3951784868603653,29.906200001278194
341,11.366666666666667,track,1,321.25844860794956,238.45946419191034,320.7722214946616,238.03986691209704,320.81986789667127,238.72238698071058,0.5113525527225488,1.5180508539077322,1.5180508539077322,0.15108002874633672,0.3991009043996443,32.48084599908907
342,11.4,track,1,317.28398950131236,239.16062992125984,320.33021957381317,238.12352653333966,317.5458386146791,239.48905118744202,0.42003033967994413,2.506786148488662,2.506786148488662,0.11329553464860032,0.3983238941403923,32.96863900322933
343,11.433333333333334,track,1,321.76432695229414,236.42594955940444,320.4548463260587,237.87741536616025,321.77755701557805,236.7673144674573,0.34162118643965683,3.689168564316568,3.689168564316568,0.11323574905088588,0.414667797649592,31.831016000069212
344,11.466666666666667,track,1,321.6578470460312,239.25872900809472,320.5617136430906,237.9890115339718,321.4000611199943,239.6384553675202,0.4589615361936471,1.445989509296183,1.445989509296183,0.14256067000854405,0.41297769449518035,32.151658000657335
345,11.5,track,1,319.9416071117309,238.89297542269478,320.458628742891,238.05309081713042,319.54185155907334,239.34554921209073,0.6038439672040785,0.7988778553186937,0.7988778553186937,0.11497917144764577,0.41324272917554844,35.9045139994123
346,11.533333333333333,track,1,321.2752986647927,239.35734364019677,320.52360440795684,238.1714681884057,321.63495477268384,238.8867955606736,0.5922567104612497,1.9779537993739125,1.9779537993739125,0.14223105698871238,0.4102428055646711,35.1099149993388
347,11.566666666666666,track,1,318.9777413876759,239.64531780688986,320.3115200412692,238.3191661240599,319.19511003970206,239.22961898447278,0.4690998207659191,1.1141520350801206,1.1141520350801206,0.1163456254795517,0.4050667725481688,30.967226997745456
348,11.6,track,1,320.6257259993167,238.87581141100102,320.31190403482583,238.3671849342059,320.6610980546444,238.4977042655847,0.3797580752439437,1.64132358524973,1.64132358524973,0.11601829557981935,0.4044567196224106,35.00181699928362
349,11.633333333333333,track,1,319.9629268886589,237.81347781092106,320.235308084865,238.28618999198528,319.86721568832735,237.60848415176977,0.226236677311923,2.3951993081501013,2.3951993081501013,0.11560803124495742,0.41042345093922694,32.562682001298526
350,11.666666666666666,track,1,321.2441447835344,237.263839602555,320.3191389520288,238.14550495281452,321.08834644944386,237.1685661271015,0.18262025087699854,3.0334000347158274,3.0334000347158274,0.11528827896147101,0.4198580178463534,31.793852998816874
351,11.7,track,1,322.2315644383184,240.63111647139903,320.51816283251156,238.41792828414017,321.9643083335183,240.60893934451468,0.2681746641831723,2.0565296872225014,2.0565296872225014,0.14226446591951647,0.4078607363523926,34.52747000119416
352,11.733333333333333,track,1,323.8903281519862,240.0,320.90495200412147,238.5990922768844,323.6458660910444,240.15470870650822,0.2893034446897301,3.6491470698913875,3.6491470698913875,0.1645802705475818,0.39946300303431787,32.706969999708235
353,11.766666666666667,track,1,322.05815972222223,239.57847222222222,321.0489421834671,238.71880887058094,321.6576540871585,239.8673823579511,0.4938358332934927,1.6629505439597136,1.6629505439597136,0.17572028343473015,0.39348144206193775,32.200934998400044
354,11.8,track,1,321.3456960496809,241.1643953769191,321.0981279136615,239.02055495062126,320.97798772603477,241.56702692736957,0.5452720208270382,1.8471690186271443,1.8471690186271443,0.18246915266352012,0.3772352296503831,37.378463999630185
355,11.833333333333334,track,1,321.31226186352615,240.52667128507102,321.13931333901036,239.22621178950135,320.9773439889452,240.16148780844924,0.4955087832837819,0.9905955708588121,0.9905955708588121,0.1890008573746662,0.36474206664785336,35.33274899746175
356,11.866666666666667,track,1,322.7048930595332,242.6415818658217,321.3435549884118,239.6702773626391,322.3675951570344,242.40692395140138,0.410894404720018,3.376209373756648,3.376209373756648,0.2043631627855898,0.3213926923290685,30.15327600223827
357,11.9,track,1,324.68039215686275,240.0952818627451,321.7701497321743,239.77911615580496,324.3923694910788,240.03209546407285,0.294872136666837,4.392486751826788,4.392486751826788,0.23241586504544848,0.31569981995861257,30.16632799699437
358,11.933333333333334,track,1,321.86063569682153,240.5939573873559,321.83042096358673,239.937017544766,321.68195252907975,240.74064188453679,0.23117961879768378,1.8378015973461261,1.8378015973461261,0.24278443535963812,0.30987563544649743,29.438514000503346
359,11.966666666666667,track,1,324.040293040293,238.70591313448458,322.1445505623799,239.8550850953827,323.9118752786328,239.1281310180292,0.4413151512181712,4.007857746639881,4.007857746639881,0.26685086205445063,0.30420529624042075,29.01897999981884
360,12.0,track,1,323.2859838110888,239.07224149473555,322.3452656553118,239.81803989132527,323.2903332476504,238.6436267157176,0.42863684674909613,3.5589382358940314,3.5589382358940314,0.28615663939749514,0.2986668940904575,29.421839000860928
361,12.033333333333333,track,1,322.2093064091308,239.7603160667252,322.40028942684074,239.86208398907755,322.35315757882705,239.58282181704928,0.2284674324515341,2.389851088900992,2.389851088900992,0.29846134382640843,0.29319764927228315,28.25873199981288
362,12.066666666666666,track,1,323.31055258033103,238.94011684518014,322.5790486781465,239.80193842634267,323.5809857096485,239.01970070976878,0.28190010453223685,3.71274094856272,3.71274094856272,0.3174419410617221,0.28791130944481125,28.204866001033224
363,12.1,track,1,319.8248547790882,240.21351874669952,322.32490898367683,239.89479514263817,320.29638200788025,240.5864399939281,0.6011723414519796,0.657080026384559,0.657080026384559,0.3139873443440534,0.2826624531630053,27.52477300236933
364,12.133333333333333,track,1,319.37791710205505,241.39794496691047,322.0286646850534,240.12068518206533,319.02423560368135,241.05374651477155,0.49352120192216686,1.4361399216358708,1.4361399216358708,0.30697529963953285,0.27733396158283874,28.254044998902828
365,12.166666666666666,track,1,320.3497391304348,239.3168695652174,321.8639570194006,240.08028169446038,320.16096851196505,239.25192458169562,0.19963015123494773,0.7651978131931104,0.7651978131931104,0.30545232519862514,0.27219797000934803,26.47436299957917
366,12.2,track,1,320.88279475982534,238.5792139737991,321.7712025972002,239.95064639504253,320.9494712147961,238.80804222223733,0.2383445340904071,1.5238959714151536,1.5238959714151536,0.30683150692757644,0.26733348655285327,23.011564997432288
367,12.233333333333333,track,1,317.12480444985226,238.75282461324525,321.2331892094579,239.84685022048842,317.4649502720414,238.21528099735872,0.6361228806866549,3.100274026858256,3.100274026858256,0.2839086712614768,0.2627018293047605,24.219094000727637
368,12.266666666666667,track,1,319.7856651770368,236.59900309384668,321.04658998133164,239.48947718749992,319.36206730277814,236.45618930325261,0.44702453832007566,3.6007710813888107,3.6007710813888107,0.2771505702940946,0.28522736257552134,26.32184400135884
369,12.3,track,1,317.1694042657514,237.4013851434175,320.5597371416209,239.2488411277043,317.0916722636742,237.64014666656854,0.2510962546202707,3.7453007859435825,3.7453007859435825,0.253434637564024,0.2957711974832676,25.344236000819365
370,12.333333333333334,track,1,320.3516817711818,238.86661395292256,320.485994042383,239.19820509199766,320.5499764006963,238.51085580694712,0.40728935478623285,1.5874584936388088,1.5874584936388088,0.22403712631650546,0.2973859995462875,26.038648997200653
371,12.366666666666667,track,1,320.22896790980053,240.10372940156114,320.4053707001115,239.2990864043109,319.69916862710795,240.09079446780416,0.5299571609600808,0.3142342284028828,0.3142342284028828,0.22177107819951047,0.2912561182745145,25.896874998579733
372,12.4,track,1,321.70462447844227,238.44853963838665,320.509562131394,239.19603646882135,321.5750293129309,238.85894009830295,0.4303759338339379,1.9449254576596096,1.9449254576596096,0.24618043112330495,0.2956109741198362,26.92776000185404
373,12.433333333333334,track,1,319.57961744639374,239.55573830409358,320.356206963448,239.23205933496126,319.87077200487596,239.3743871362797,0.34301490199761947,0.6388202642184274,0.6388202642184274,0.21893481283558922,0.2930706902729873,26.505846999498317
374,12.466666666666667,track,1,320.16987561765205,239.84562957914466,320.28588495738836,239.30091140736945,319.8404894316653,240.06638749456138,0.396521521153713,0.17277419033120758,0.17277419033120758,0.2165112944274183,0.2886664962342653,24.9968110001646
375,12.5,track,1,320.8803972627627,239.3351298976564,320.3080754011917,239.3046144075424,320.9264544624091,238.99421673566823,0.3440102464404782,1.3674493942108317,1.3674493942108317,0.21413199293757265,0.28745923000135654,25.938759001292055
376,12.533333333333333,track,1,320.5552533151989,237.15623937436246,320.29307898311333,239.04749809427906,321.0470517206281,237.29233172838786,0.5102810994019339,2.9030647210775826,2.9030647210775826,0.21177933733167859,0.3001490711942496,23.50203199966927
377,12.566666666666666,track,1,322.63461538461536,237.13849682427664,320.5305721254251,238.80461551880086,322.5357535758288,236.7388563320496,0.41168699307121887,4.130993127607619,4.130993127607619,0.2374505140722666,0.3132426833279216,25.712677001138218
378,12.6,track,1,318.55487591751137,239.29744844459978,320.26773062380903,238.8363150664705,318.89481790195345,239.42403183383448,0.3627449616694357,1.2462611276448694,1.2462611276448694,0.2093105460875351,0.3128126100640587,28.53891600170755
379,12.633333333333333,track,1,321.0847720994475,241.4356008287293,320.3258638228753,239.12345825472443,320.9309284766975,241.0161874727703,0.4467386522539003,1.3781381674351783,1.3781381674351783,0.2071928960355886,0.29865197685963096,27.781022999988636
380,12.666666666666666,track,1,319.5911774921848,238.70510593956234,320.20418848955427,239.0672948952779,319.92337082143104,238.7877046171022,0.34230826681084253,1.2147148333676756,1.2147148333676756,0.2050033945004045,0.30149476479832726,25.225168999895686
381,12.7,track,1,320.0091568762958,238.44816862474084,320.1423882829578,238.98436211682773,319.8566243777833,238.14092320049767,0.34302465482939726,1.8645973065232775,1.8645973065232775,0.20281612225218987,0.30599793782919016,27.95067699844367
382,12.733333333333333,track,1,321.98612289419464,237.51636165313295,320.32340463313415,238.7958244117293,322.32900940579117,237.72967677474324,0.4038248394322135,3.2524840290774666,3.2524840290774666,0.20087129221459407,0.31648146611803535,27.35994000249775
383,12.766666666666667,track,1,324.4180493479459,240.0997979550603,320.78627984229956,238.92906441692728,324.31437109931136,239.92727112318866,0.20128260470191828,4.31498406394454,4.31498406394454,0.2405371878415389,0.3106579858071166,31.518798001343384
384,12.8,track,1,322.30388569437184,240.19027705175117,320.96860099538446,239.0661032170059,322.7000488215519,240.63671497844115,0.596868533032461,2.774106991904792,2.774106991904792,0.25160516989131715,0.30403178244814055,30.37558399955742
385,12.833333333333334,track,1,320.7284294927663,239.59281854627855,320.9508662370139,239.12385819975708,320.7842909782529,239.64723419002084,0.07798440770217539,0.8599744503525327,0.8599744503525327,0.25290286351426566,0.30100241288128726,33.02301500298199
386,12.866666666666667,track,1,325.26574958914114,241.9836873820683,321.4761982263119,239.46421143088233,324.8969423535974,241.63856674529976,0.5051010106037502,5.163811130672614,5.163811130672614,0.28307883110894283,0.2826536102152692,32.6506010023877
387,12.9,track,1,322.36593444909346,239.30334728033472,321.62075332220354,239.46248863118277,322.59532678435585,239.63358750482868,0.40209383152562206,2.621064523092199,2.621064523092199,0.2953175600207303,0.28100094913214885,33.03413899993757
388,12.933333333333334,track,1,323.073458997515,241.1052791078247,321.83830952988944,239.6752604283624,322.93408873044353,241.12984507691988,0.14151875558085417,3.144109822502362,3.144109822502362,0.31207372155308455,0.25095171184900383,31.282218998967437
389,12.966666666666667,track,1,324.4275184275184,239.63390663390663,322.2011881623124,239.69750655579094,324.94673345244905,239.25330140299783,0.6437737055121703,5.002772295871912,5.002772295871912,0.33748755274483033,0.24711004639587905,30.050145000132034
390,13.0,track,1,322.6994421199442,238.25801952580196,322.33095234969676,239.55206077295134,322.8076603466754,238.64491025943462,0.40174074272802995,3.117567132762166,3.117567132762166,0.352024626676432,0.24341184430618365,31.241437001881422
391,13.033333333333333,track,1,323.1496008330441,239.38858035404374,322.50183913125187,239.54936464946863,322.9605827580588,239.57407550435147,0.26483255739961303,2.9910636809183155,2.9910636809183155,0.3692280184394854,0.23973760021688095,29.974663000757573
392,13.066666666666666,track,1,324.6367255105573,237.82156455520942,322.8350709332112,239.35836225691313,325.09210469963335,237.70683796231285,0.46960877010678653,5.5846327008244305,5.5846327008244305,0.3957036711483641,0.26983622370033405,28.695679000520613
393,13.1,track,1,323.286663260092,239.46704138988247,322.98070940655157,239.37528962890377,323.4818906277284,239.20586448407354,0.32607836665770734,3.5713041821046945,3.5713041821046945,0.4135135897025136,0.2677974456613752,30.66301100261626
394,13.133333333333333,track,1,320.4067707419751,240.26784774600947,322.7668445624849,239.48666212074022,320.36206677002025,240.70087121995718,0.435324906361083,0.788868057990156,0.788868057990156,0.4126533928685106,0.2607468120176916,30.490694000036456
395,13.166666666666666,track,1,324.1590481393796,240.54555940023067,323.00933404405544,239.62387535371573,323.7503642128475,240.8050401082424,0.4840999789671063,3.835794742277822,3.835794742277822,0.4349474267687351,0.23223220403244693,31.41535299801035
396,13.2,track,1,322.3855203619909,240.56742081447965,323.0194754353689,239.75431076404521,322.7344013480049,240.67524893722117,0.36516413632233746,2.816542536371376,2.816542536371376,0.4457271680816658,0.22868252780893433,30.14282600270235
397,13.233333333333333,track,1,319.8164623467601,238.78073555166375,322.71633570245916,239.6616626595664,320.0018447916981,238.71906290434862,0.19537186675170903,1.2809384240751802,1.2809384240751802,0.43965235262481656,0.22525854811100732,30.485085997497663
398,13.266666666666667,track,1,321.7083475298126,240.02964224872233,322.65362676689165,239.72274802278983,321.5581130300383,239.88131678539486,0.21111809016220623,1.562626609207788,1.562626609207788,0.4448108739307756,0.22182153795155335,30.436491997534176
399,13.3,track,1,321.03719434500334,240.55300042473152,322.5109549967891,239.8414546203884,320.654009340076,240.27080476179518,0.47588353636287867,0.7078583445277788,0.7078583445277788,0.4452057245157195,0.2183317763611935,33.58654200201272
400,13.333333333333334,track,1,319.88816940847045,240.10938046902345,322.23670951465067,239.89832841791196,320.2842393522913,239.76118287922063,0.5273641644468796,0.3712487394838295,0.3712487394838295,0.43774742950145484,0.21486399944195686,30.54307499769493
401,13.366666666666667,track,1,319.74969564158755,239.81403700998297,321.96082013915725,239.91468638313012,319.9837818304516,239.3911568612687,0.48334662923568206,0.6090591076436396,0.6090591076436396,0.4287854525527955,0.21146433132623932,30.226407998270588
402,13.4,track,1,318.95929515418504,242.21251101321585,321.6065638154966,240.21516253844368,319.0738832794433,241.66342025411984,0.5609198696559304,1.903853755389533,1.903853755389533,0.4142451403023057,0.20786354801666843,30.52445800130954
403,13.433333333333334,track,1,318.21122448979594,238.74863945578232,321.18505433655173,240.08065624199347,318.10304818397265,239.22297914056713,0.4865184988295166,2.0499238054921127,2.0499238054921127,0.3943962092368209,0.20450056139641098,32.82873900025152
404,13.466666666666667,track,1,315.3006692980951,240.8355929294663,320.4432302445537,240.20167941292144,315.0307709521175,241.29926563316943,0.5365048865768329,5.136275743751916,5.136275743751916,0.33232163212837934,0.20111769719761532,31.04193300168845
405,13.5,track,1,316.5388707739832,241.742062811052,319.8990491652159,240.42146301698173,316.1423396881611,241.21202679326382,0.6619479452162513,4.043581584329228,4.043581584329228,0.3274511379942425,0.19762774769104197,28.5493419978593
406,13.533333333333333,track,1,314.88215142171975,241.8518328194587,319.1962326373171,240.63814449942552,315.3519089813589,241.35784487027237,0.681686334599324,4.842364382127484,4.842364382127484,0.27984142988124044,0.16068077291055377,30.628019998403033
407,13.566666666666666,track,1,315.820168645672,242.73257614868353,318.6568020014569,240.94348389112912,316.1042867800135,242.29971521304947,0.5177757273759497,4.523855828108203,4.523855828108203,0.24277214694904942,0.13871063972695874,28.853660998720443
408,13.6,track,1,319.3016468878663,241.64912811818843,318.576646593877,241.09635570844128,319.5194079585936,241.33193366624707,0.38474953445934595,1.4159858761815112,1.4159858761815112,0.2278419595332436,0.12358874185482813,30.88512899921625
409,13.633333333333333,track,1,318.392685742057,242.35581070408844,318.402891779136,241.31966810696665,318.46404220177897,242.18043077168264,0.18934060587924403,2.6671041801955444,2.6671041801955444,0.20770738827973692,0.1041439507228313,31.713223997940077
410,13.666666666666666,track,1,320.7422175585869,240.9849597761455,318.5308267210125,241.3602186408588,320.64678056157004,240.86963711817367,0.14969146883267684,1.0837867927458165,1.0837867927458165,0.2030588891321974,0.09357121793089446,32.98314299900085
411,13.7,track,1,319.56021034180543,239.74180543382997,318.5189387258589,241.24438991530457,319.46159266419573,239.86249235172116,0.15585499185847412,0.5556894929571953,0.5556894929571953,0.19176288078211173,0.09129566419805585,32.41969400187372
412,13.733333333333333,track,1,320.51077297626296,239.74157029823493,318.6300810761737,241.1309450663536,320.3320387533016,239.98326042355626,0.30059946629266027,0.3324604444345344,0.3324604444345344,0.18722471893010556,0.08957610627345977,30.110586998489453
413,13.766666666666667,track,1,320.7525702535984,240.87148732008225,318.7711679617662,241.15561923090422,320.50333697585125,241.29825275453305,0.4942124672431433,1.3924109759376884,1.3924109759376884,0.18504376890274296,0.08118746615248187,31.56301100170822
414,13.8,track,1,323.3187948001458,240.53778398736483,319.2173702017894,241.13527065134613,322.98626271255773,240.21088082191295,0.46630812651950015,2.993699335181031,2.993699335181031,0.2000071033837285,0.07527178611890856,33.12218800056144
415,13.833333333333334,track,1,324.91598822102895,240.86973843755413,319.8324501214924,241.15250592604815,324.62877171612854,240.82370186522326,0.29088259947818385,4.7014904405734805,4.7014904405734805,0.23496522534738115,0.06762545195205713,33.1458360014949
416,13.866666666666667,track,1,322.3989260349905,237.09284600727526,320.11165265053444,240.71383728734727,322.01602748766055,237.25756305645226,0.4168249078893433,3.403722553372764,3.403722553372764,0.23224943652841568,0.08435249140227613,31.8313540010422
417,13.9,track,1,322.7388622344071,236.6773474982865,320.4155332211892,240.2503703194024,322.30718221232576,237.1401580042988,0.6328832482689993,3.674477650122342,3.674477650122342,0.23003699221938576,0.11760098326646384,31.764318999194074
418,13.933333333333334,track,1,326.4117137411194,240.66660890660197,321.1400082100579,240.2922141896694,325.94931989262676,240.53344716589916,0.48118615972493817,5.973187847674836,5.973187847674836,0.28826417392778264,0.11614155381315802,29.46730499752448
419,13.966666666666667,track,1,327.2878943758573,236.76577503429354,321.92276355416027,239.86539216667683,326.8502684841927,236.89025546734905,0.45498549347085704,7.523077120691809,7.523077120691809,0.3326493265634064,0.11524872051042957,30.25467499901424
420,14.0,track,1,328.5137165822121,238.56980604578018,322.7993553113547,239.6817647119222,328.0387904858244,239.05207800124694,0.6768611645380512,8.094486308018611,8.094486308018611,0.3855971583134772,0.11461271490301558,28.867245000583353
421,14.033333333333333,track,1,327.5497699200775,237.07180915475902,323.49933938184137,239.33248179295632,327.06191249642114,236.90872998568398,0.5143925361072224,7.708862329067662,7.708862329067662,0.43305779533759237,0.14925185134736174,30.360065000422765
422,14.066666666666666,track,1,324.4597854415419,239.64997878659312,323.7769089793318,239.31608929870885,324.0151001398168,239.86624808362444,0.49448703361033863,4.017327309031602,4.017327309031602,0.46108764173848726,0.15222031688248824,31.67055100129801
423,14.1,track,1,327.39086121963646,239.59283166298624,324.37701837551356,239.29736498924638,326.9272130482078,239.27189510809214,0.5638881973728674,6.965372735818293,6.965372735818293,0.5073994337386766,0.15541338185180786,40.28519599887659
424,14.133333333333333,track,1,325.999316589783,238.42952332137367,324.7618866979263,239.14400614805166,325.5205907181417,238.4838550015434,0.4817991196015095,5.724999347910647,5.724999347910647,0.5447074705644211,0.1658515414771658,41.99229799996829
425,14.166666666666666,track,1,322.82222356641665,238.9134406000484,324.7301911759333,239.0614211211332,322.3751528856737,238.46902259379794,0.630380486579029,2.8258172355312023,2.8258172355312023,0.5612780930388201,0.17317044588332567,33.64784800214693
426,14.2,track,1,321.1987815491732,241.47815491731942,324.493607282464,239.29430762937827,320.852233058105,241.4720258549575,0.3466026861798192,1.7009295408659366,1.7009295408659366,0.566478812716585,0.16401245579162946,32.109193001815584
427,14.233333333333333,track,1,320.9687933844389,240.80086919780285,324.23272622100995,239.4349712604561,320.5963818001121,240.3720061817993,0.56799108675795,0.702893911484409,0.702893911484409,0.568969702262103,0.15867390153094077,29.807234997861087
428,14.266666666666667,track,1,320.2521544295071,241.46897621509825,323.8924889911562,239.64911297736396,319.97761799268676,241.60174307512207,0.30495457737600606,1.6018994453313493,1.6018994453313493,0.5656859045940918,0.13038239399782595,31.66105199852609
429,14.3,track,1,319.47150436419645,238.5716241656683,323.47186492534894,239.5049981213514,319.1990039326178,238.2932512215362,0.3895484324642115,1.8853609979920074,1.8853609979920074,0.5562184959800534,0.1297166349209402,30.65020600115531
430,14.333333333333334,track,1,318.27238357106035,238.7458326172882,322.9276804451581,239.39184599691805,318.02784496602646,238.94932329778874,0.31813139801423823,2.234573115965708,2.234573115965708,0.5379267357636596,0.16086144454915072,31.469264002225827
431,14.366666666666667,track,1,318.59286445885965,242.44742232843973,322.4514595385773,239.7299912993636,318.4718052462085,242.32930535489805,0.16913589922416583,2.7858647924608055,2.7858647924608055,0.5204888782512163,0.13016555573999014,31.88785000020289
432,14.4,track,1,318.4110932762618,243.8637417513822,321.98107435290274,240.21776839831512,318.3735127847735,243.40363592164962,0.46163802691547445,3.7722934865197058,3.7722934865197058,0.5009371786361114,0.12865983058976946,32.28045800278778
433,14.433333333333334,track,1,316.085719273743,240.7396997206704,321.2616647555735,240.30135713668915,316.11602908670625,240.87785779129644,0.1414437599930779,3.981942284495313,3.981942284495313,0.4657790567935722,0.1270734359006286,31.87378399888985
434,14.466666666666667,track,1,315.95492974879875,242.21999878352898,320.57324158294284,240.55531992729416,316.0393141555012,242.0725875467795,0.1698552348752826,4.470195912695402,4.470195912695402,0.428877856606649,0.09622879093748765,29.58384000157821
435,14.5,track,1,313.7360227754558,243.841964988794,319.66662076542195,240.98556064350046,313.90917609359144,243.441413725107,0.43637528163568806,6.995817628142749,6.995817628142749,0.3945945521241195,0.06959455130741612,32.14936400036095
436,14.533333333333333,track,1,314.6586712683348,242.92320966350303,318.9336134581878,241.27621897598553,314.9037400380441,243.3453165597178,0.4880911121080586,6.096147019598283,6.096147019598283,0.3317822045316593,0.04850687433676871,34.7280440000759
437,14.566666666666666,track,1,317.16999655528764,243.78057182225285,318.55605690971424,241.6471908291481,317.42510426614155,243.91135406134399,0.28667741138570785,4.682817382029173,4.682817382029173,0.30091849667852777,0.021903127991474883,29.899100998591166
438,14.6,track,1,315.91837726223736,243.65960160330377,318.063415558943,241.97557293929782,316.28672280910337,243.53301607108094,0.38948984436588063,5.125488274784108,5.125488274784108,0.26232062361765274,-0.003993788238517093,26.20813799876487
439,14.633333333333333,track,1,315.1972145804677,242.50103163686381,317.5271128979746,242.13894793354214,315.6842883922224,242.1470722551107,0.6021030991685189,4.820299363128009,4.820299363128009,0.21936854541615403,-0.02244385416529157,27.422818002378335
440,14.666666666666666,track,1,319.7510418554086,240.66213686054238,317.58181429689574,242.06562252455944,319.3406144018151,240.1515575312495,0.6550892657984688,0.6765789328467728,0.6765789328467728,0.20573134358105283,-0.02886486873846021,28.372453998599667
441,14.7,track,1,318.4493551160791,242.6536543422184,317.4908172820813,242.22855184408323,318.10929839492167,243.04304490726705,0.5169754208405454,3.5825793594964077,3.5825793594964077,0.18486181093838952,-0.04735788260922457,27.55901199998334
442,14.733333333333333,track,1,318.1673272445287,240.82129932793381,317.3842724035957,242.1560959790954,317.93283063650296,241.0252447750836,0.31077709791535796,2.307447946588824,2.307447946588824,0.1631016548045415,-0.05383059851364295,27.01759800038417
443,14.766666666666667,track,1,321.56026557711954,240.38798093292476,317.70220279971977,242.03032071514528,321.4132025118152,240.50401168546696,0.18732506696173182,1.500389655552197,1.500389655552197,0.16384220942289512,-0.05692280112542571,29.41430599821615
444,14.8,track,1,323.22681296074063,241.38025030001714,318.2107925171876,242.02575126849308,323.1372665406124,241.48184307406225,0.13542397533657344,3.469625375021411,3.469625375021411,0.17653144605634402,-0.06567977305398923,30.01129499898525
445,14.833333333333334,track,1,324.4247531494722,241.98978549540348,318.8400143723873,242.08970968401852,324.40940477537845,241.9669488210559,0.02751520093657771,4.828223082851851,4.828223082851851,0.19829394791048072,-0.07783097371153319,29.422933999740053
446,14.866666666666667,track,1,323.1656744344276,239.52849124000682,319.28592972249294,241.85090505170288,323.3090607708291,239.54188498163296,0.14401053357787916,3.3406215821450735,3.3406215821450735,0.21346872551419435,-0.07391657499720306,29.68472899738117
447,14.9,track,1,324.6388048868997,241.84843353090602,319.88423209656224,241.90042606484326,324.8553100860143,241.84754817480504,0.21650700935320533,5.194946610849588,5.194946610849588,0.2451385002183453,-0.08407532148893854,30.07813600197551
448,14.933333333333334,track,1,325.4511772221208,239.75494311614042,320.5443358445456,241.69326230253344,325.7546547843421,239.7944780393017,0.3060418940621588,5.758323624396321,5.758323624396321,0.2713547352767571,-0.08057015995985106,32.55877499759663
449,14.966666666666667,track,1,326.1532507739938,240.140350877193,321.2468183473306,241.5422079994766,326.5172354037793,240.23156377039314,0.3752393937288743,6.521347950234903,6.521347950234903,0.30864755511803144,-0.0789342120622096,28.56806500130915
450,15.0,track,1,325.25615251299826,239.30086655112652,321.79535872455267,241.29814897441932,325.78495112922866,239.45441131999024,0.5506396031639973,5.810621875093812,5.810621875093812,0.3410323234385524,-0.07148757097009892,32.193959999858635
451,15.033333333333333,track,1,328.2169937827624,237.7227233938803,322.6587427424753,240.8793361707686,327.7630323280191,237.9757122778132,0.5196964284909676,8.022618756245746,8.022618756245746,0.3927183596181462,-0.053483890597879336,29.604729999846313
452,15.066666666666666,track,1,326.0769098417068,238.53441156228493,323.2052525004147,240.5836488657841,325.73564553366003,238.9379362972644,0.5284822983666578,5.833147434829908,5.833147434829908,0.4313891001186382,-0.04003041329569603,32.865458000742365
453,15.1,track,1,325.28264704093425,237.8898485493583,323.6132794830746,240.23063612759626,325.00657355789883,237.42653644379823,0.5393279848049981,5.629253366633132,5.629253366633132,0.46506836060967816,-0.010029978837287276,33.612361999985296
454,15.133333333333333,track,1,327.22940365391247,239.41761461564977,324.2180377277491,240.08472897885005,327.0823855579643,239.10878253888833,0.3420403078191298,7.1382388412445,7.1382388412445,0.5109114267509025,-0.008272228972352505,30.60819399979664
455,15.166666666666666,track,1,323.905737704918,238.57052595628414,324.3759121814255,239.8498862688244,323.86562799580975,238.40667929559186,0.16868466730785808,4.181118351480108,4.181118351480108,0.5354477924250778,-0.006227297189933966,31.759581001097104
456,15.2,track,1,325.1477390403866,238.03658957542285,324.65986070453295,239.56953335416682,325.09867323197767,238.1824590232153,0.1539004527416941,5.412940414301372,5.412940414301372,0.5671443266285034,-0.0039149458832503405,30.39107600125135
457,15.233333333333333,track,1,322.26396475770923,238.559295154185,324.5686867052323,239.37354906968812,322.29752515453373,238.98337037451756,0.42540109630221,2.5124007704034406,2.5124007704034406,0.5798135407195171,0.03128896176503293,32.54872699835687
458,15.266666666666667,track,1,322.442996742671,241.78278758786217,324.4922798415316,239.5803103418774,322.6385672919904,241.39943560076208,0.43035634743160767,2.9867134705294136,2.9867134705294136,0.5925126758755518,0.002921810934381666,29.040019002422923
459,15.3,track,1,323.69389865563596,238.32523267838675,324.5590069326961,239.3656145856204,323.89687201767725,238.27614089069203,0.20882573911615548,4.261138551009583,4.261138551009583,0.6121084350446708,0.038431215365057086,29.816354002832668
460,15.333333333333334,track,1,320.33776253750534,238.44008327720286,324.2097972227065,239.18240902036763,320.6847704707811,238.71762768482625,0.44434829127534337,1.4537500997000161,1.4537500997000161,0.6094532632976668,0.05264919301836156,28.75707400016836
461,15.366666666666667,track,1,319.8261427523833,240.1836348081154,323.81168371836935,239.22397801019503,320.2372993731612,239.78186949117554,0.5748609716316332,0.32232268207917386,0.32232268207917386,0.6022477763476056,0.055635226481883564,27.32221199767082
462,15.4,track,1,320.0257262863143,242.11725586279314,323.4547056130536,239.49912955029194,320.53415298888876,242.101577076373,0.5086683951597104,2.1683970170324542,2.1683970170324542,0.5950730630123451,0.0459058098404626,28.252108000742737
463,15.433333333333334,track,1,317.89052373445435,243.87738658258888,322.85895712563087,239.97180779298486,317.3730091020565,244.28220057773896,0.6570355891542089,5.023775767872781,5.023775767872781,0.57322906468256,0.022855671910979806,25.81233599994448
464,15.466666666666667,track,1,316.8251837453684,241.69422341007106,322.16922042528705,240.15660240298794,316.36972669828316,241.4857600662381,0.5008972823460233,3.9225460124243203,3.9225460124243203,0.5434026223196715,0.023959236603176795,26.736466003058013
465,15.5,track,1,317.9991335990296,244.8014208975914,321.66167921410835,240.70260266345414,317.59043154817607,244.9705577272453,0.44231734480717255,5.523808852947683,5.523808852947683,0.5199251031835491,-0.012295474709879017,28.119976002926705
466,15.533333333333333,track,1,314.5854447768484,243.70865132181453,320.7786977214644,241.0838250914505,314.25822721173074,243.36366738316974,0.4754842298587962,6.654488185932056,6.654488185932056,0.47396757411071766,-0.03463425818720271,26.272705999872414
467,15.566666666666666,track,1,315.23355774210256,242.49490764716037,320.0316703494644,241.29428569484728,314.930223314965,242.6527474033473,0.3419432165140968,5.72186197160418,5.72186197160418,0.4295079900009162,-0.049633988437031706,27.04733400241821
468,15.6,track,1,317.06260869565216,245.68539130434783,319.5561919825228,241.87027708498726,316.7564578146509,245.3393252946112,0.4620498295994502,6.247316264590276,6.247316264590276,0.4224961663483989,-0.08505255289961948,26.36756700303522
469,15.633333333333333,track,1,315.33482142857144,242.98729395604397,318.9119608623572,242.08375808763296,315.08421028844344,243.19145211531094,0.323243712315542,5.860917598172486,5.860917598172486,0.35798129092659,-0.10370160711806775,26.714103998529026
470,15.666666666666666,track,1,314.8871647832687,243.29701467363805,318.2640032043099,242.31562797176716,314.6547989328458,243.02558145707474,0.35730922111900876,6.142093910198794,6.142093910198794,0.31213207964904444,-0.12422034089564932,27.58569700017688
471,15.7,track,1,314.02584731256417,242.67511126326602,317.564818826628,242.45286467869184,313.77175791091577,242.95471360122596,0.377808008679949,6.893571787216699,6.893571787216699,0.26079503590103925,-0.1406272861170999,24.913269000535365
472,15.733333333333333,track,1,314.71994604619795,245.32456584049908,317.0053163490209,242.89223689555482,314.4579415963788,245.26056797288373,0.26970735767556675,7.641203226356322,7.641203226356322,0.21398603163753946,-0.17359144957702743,26.708273002441274
473,15.766666666666667,track,1,316.92293323692456,243.8639431188238,316.7587877387154,243.12290238354015,316.692261277956,243.39205002534516,0.5252548375096163,4.737841156872336,4.737841156872336,0.18162432944390808,-0.19721790487072396,28.46101500108489
474,15.8,track,1,317.32264150943394,242.1164942178941,316.59079422368615,243.12264156629732,317.0577588957056,242.27902447044428,0.31077143055561585,3.7216575947665254,3.7216575947665254,0.15268477176443956,-0.2093741728880077,28.486057999543846
475,15.833333333333334,track,1,318.7234080084671,242.39319103898396,316.61598534520397,243.14784235710073,318.42216107326595,242.217020827306,0.3489780214436933,2.7211683203039403,2.7211683203039403,0.13368345856484354,-0.2226586700099638,23.982703998626675
476,15.866666666666667,track,1,319.7645438898451,243.27383820998278,316.77872162015785,243.26960272080055,319.4879365015231,242.76213631293123,0.5816790169160774,2.809200248769343,2.809200248769343,0.12255945360756068,-0.240943450433663,25.212181000824785
477,15.9,track,1,322.78337378640776,242.6545509708738,317.30575967276474,243.30277131260112,322.4708817909051,242.94116051985807,0.424023915389471,3.8413125397705037,3.8413125397705037,0.1320254233962938,-0.25478285121325295,29.073337002046173
478,15.933333333333334,track,1,324.35587372779025,241.6953596687942,317.99953271334186,243.21232533514177,324.0263902958258,241.66964814350925,0.3304851198942853,4.358846606321931,4.358846606321931,0.15318625217482104,-0.26191223663842383,31.864270000369288
479,15.966666666666667,track,1,323.8538205980066,239.1762005436424,318.5986890466364,242.8198727507287,323.463072899815,238.95637948090334,0.44833588219745635,3.616907200539265,3.616907200539265,0.17285827716135962,-0.25228056300633983,29.385647001618054
480,16.0,track,1,327.58542496105247,239.8405746927471,319.61247513226544,242.52606711288755,327.1548694064683,239.41826341934555,0.6030960928619168,7.178479899873502,7.178479899873502,0.23796817004311313,-0.24588291277887003,29.217400999186793
481,16.033333333333335,track,1,322.9739809193409,240.24267129228102,320.0142277737083,242.2950397618772,323.5007714941565,240.60057364855697,0.6368692223231075,3.551913535214454,3.551913535214454,0.23547587436180467,-0.24125324635937917,26.611926001351094
482,16.066666666666666,track,1,326.5431392931393,239.63582813582815,320.81731442203727,242.00344129398374,326.949608109512,239.84254507087374,0.45601402381731876,6.951391582302129,6.951391582302129,0.27681170457851023,-0.2321245125334413,26.845295000384795
483,16.1,track,1,326.4901129943503,237.36882062146893,321.5616110546953,241.45757154630962,326.78645473808973,237.485683873778,0.3185521131978045,7.237247646358429,7.237247646358429,0.3181048591738324,-0.2079450346724104,25.9477590007009
484,16.133333333333333,track,1,327.4288638689867,239.02132378027977,322.3666874137698,241.14348082578726,327.70267089694244,239.0503755106551,0.27534395144211266,7.760987412524746,7.760987412524746,0.36608458712786895,-0.1935006636057951,25.858762001007563
485,16.166666666666668,track,1,325.2350841407445,237.57266700662927,322.8516640725568,240.67754650540593,325.3773801606995,237.42776999476774,0.20308446848892608,5.960921454985092,5.960921454985092,0.40065953171559926,-0.16942705590934493,22.44725600030506
486,16.2,track,1,329.1448694596236,237.038554948391,323.7643702405225,240.17981883569553,329.1237719690489,236.77544869384352,0.2639507630043141,9.676825206090992,9.676825206090992,0.4601465301904291,-0.13208796491193342,25.455978997342754
487,16.233333333333334,track,1,327.9645861270267,237.90759478239667,324.4677355356592,239.8216300345094,327.78952811002665,237.5955280743083,0.3578141132111632,8.152191939493017,8.152191939493017,0.5124317315800444,-0.1274055282267321,27.029590000893222
488,16.266666666666666,track,1,326.39889004509195,239.23343739160597,324.9263613843014,239.65026641968797,326.1459029205389,238.89922059588216,0.41916983638319505,6.243703869116363,6.243703869116363,0.5546274498236679,-0.12255863525658284,27.431729999079835
489,16.3,track,1,324.4625044216484,239.14485320127343,325.10977236977726,239.48562900284278,324.1180794167979,238.78510524486228,0.4980433476197369,4.2935471756015176,4.2935471756015176,0.5839453706780167,-0.09072647743376815,25.920824002241716
490,16.333333333333332,track,1,323.59539075731914,240.3966852165497,325.1626199464062,239.48779666832036,323.98599971824626,240.05574426700645,0.5184747741520629,3.986389491402385,3.986389491402385,0.6067918425928576,-0.08419579643370673,27.8681060008239
491,16.366666666666667,track,1,322.71488105573883,242.29084910574753,325.0919121429159,239.72315366869208,322.8832114521648,241.9388027251413,0.3902201640854406,3.474458847778974,3.474458847778974,0.6228983330553091,-0.10466589958864708,27.086817997769685
492,16.4,track,1,319.1758477169788,242.21483657730445,324.58831916576617,239.94082288096325,319.21608624626737,241.94408140654787,0.27372888362526654,2.0961806431165035,2.0961806431165035,0.6152046923292442,-0.10049218241412475,26.888035998126725
493,16.433333333333334,track,1,321.7403980446927,243.643156424581,324.4104450884429,240.32059106626153,321.580359212414,243.39219728887446,0.2976456208844835,3.742263711566709,3.742263711566709,0.6221617262695216,-0.09683397682037634,23.739382999337977
494,16.466666666666665,track,1,318.15317022742937,240.87973811164713,323.8045074942137,240.34975369681737,317.7814086182154,240.73556248041345,0.3987396477991695,2.3373489003400785,2.3373489003400785,0.6050703263599897,-0.09331840907914746,24.58058299816912
495,16.5,track,1,316.90268225584595,244.69979367262724,323.07845839110325,240.8363153139703,317.26531884210806,244.70550965167712,0.36268163189268005,5.4424536853661625,5.4424536853661625,0.578453757153822,-0.13410366637391807,26.469897999049863
496,16.533333333333335,track,1,315.2083834392716,245.41041058237417,322.1895926954655,241.37908790900045,315.43607566919053,245.48862709150367,0.24075210043915904,7.138237362748786,7.138237362748786,0.5395355858452785,-0.16308763363393824,26.079421000758884
497,16.566666666666666,track,1,313.9420264923447,243.07844486495785,321.2024285487812,241.60875574315423,313.8437605313173,243.34921648168324,0.28805115434716005,7.0083190164935765,7.0083190164935765,0.4910796050594164,-0.1779193960214998,28.746328000124777
498,16.6,track,1,316.1214610276127,242.48042642432716,320.53868818226806,241.7506280347622,315.731806811218,242.91960582259628,0.5871191976236224,5.171225314768551,5.171225314768551,0.4551710796663513,-0.18917069706191544,26.467009000043618
499,16.633333333333333,track,1,314.0883458646617,245.02437545476596,319.67754867053753,242.18532811328234,314.4743957357811,244.6765876559924,0.519606443346403,7.238976073239526,7.238976073239526,0.42245330070843534,-0.21667163084790667,27.347314997314243
500,16.666666666666668,track,1,310.508097288773,244.65864014071693,318.44866827027954,242.54591761233092,310.6045795706211,244.5078021470938,0.1790556646154258,10.420854343197268,10.420854343197268,0.333641671766616,-0.24213950417896396,26.83341200099676
501,16.7,track,1,311.85964310226495,242.40837336993823,317.4679309580095,242.61035302262653,311.6114784663479,242.56318027143033,0.29249079176862797,8.771384532922669,8.771384532922669,0.26830962298541994,-0.2533899984877381,24.16115199957858
502,16.733333333333334,track,1,313.72372999304105,242.46276965901183,316.78471427295847,242.67205000283388,314.20010879482277,242.81481063773208,0.5923424798925888,6.446851705924519,6.446851705924519,0.21452861209655474,-0.2646969245138099,26.204576999589335
503,16.766666666666666,track,1,313.06429831498264,242.74432751383904,316.08103653566394,242.75844737079638,313.19883468108145,242.35274716439568,0.4140473449658351,7.196615101200867,7.196615101200867,0.15679875960576528,-0.277471627948241,25.502665997919394
504,16.8,track,1,312.88100282485874,243.3296257062147,315.4166241205973,242.90440222200314,312.6841268812656,243.26300152445415,0.20784349583506556,8.01056667396323,8.01056667396323,0.09832074541370281,-0.2936529499906363,26.095059998624492
505,16.833333333333332,track,1,314.8735869697338,243.1659778777197,315.0506639990418,243.01656834132865,315.2819633934734,243.36222169110368,0.45308160165450834,5.793479448539808,5.793479448539808,0.05316559494450332,-0.3085157258130089,25.881451001623645
506,16.866666666666667,track,1,315.87865598885793,243.26044568245126,314.8473209858821,243.1277554350687,315.95321243162186,242.7722890738188,0.49381731207923635,4.9053110331960506,4.9053110331960506,0.01550836679788703,-0.3236432234231333,24.874548998923274
507,16.9,track,1,317.6197686287853,240.5575025518884,314.88437335877984,242.90340285037357,317.2168616737342,240.4855059999923,0.4092890395716904,2.825168139980042,2.825168139980042,-0.009713854974137126,-0.3212053296210234,27.027896998333745
508,16.933333333333334,track,1,317.69431697846807,242.05841863748677,314.94673660008647,242.86751902226388,317.9091817796983,242.29717030387184,0.3211996902385839,3.106205439975942,3.106205439975942,-0.03283177360145481,-0.32760741754135003,26.348371000494808
509,16.966666666666665,track,1,320.15853874800496,241.74818230182657,315.31726441998774,242.79266429835047,319.9801217095002,241.38979076906716,0.40034626310537813,1.389932922200739,1.389932922200739,-0.03863558069378836,-0.3315660963777286,25.780932999623474
510,17.0,track,1,320.32137230876947,242.7806756520217,315.6998137381109,242.84228809890087,320.62294096623356,242.859389771022,0.3116722119385769,2.926459517922162,2.926459517922162,-0.04151416183052101,-0.3416166863482991,27.337626997905318
511,17.033333333333335,track,1,325.7178951036766,240.38630423418715,316.7171859962002,242.59915836157302,325.526029693962,240.85183071866797,0.5035148887550533,5.591298574733451,5.591298574733451,-0.008256273639662609,-0.33610239608493486,25.817921999987448
512,17.066666666666666,track,1,326.2524884680748,240.9434935663996,317.7453504853667,242.43489297104944,326.6205263418165,240.81741561170114,0.3890340951244406,6.67079735301104,6.67079735301104,0.030696271317143448,-0.3335241933007419,25.132458002190106
513,17.1,track,1,328.07288084464557,239.5911915535445,318.93303101611883,242.11719171224576,327.9813664415334,239.96925644483426,0.3889832232923686,7.981425652113768,7.981425652113768,0.08326763565151965,-0.32187072509707626,26.94800000244868
514,17.133333333333333,track,1,325.74403137789903,238.32469304229195,319.7697481174921,241.66678871957072,326.1614221251586,238.14729753469442,0.45352420223586987,6.433943505296207,6.433943505296207,0.13494845029155847,-0.3015840975952031,27.027462001569802
515,17.166666666666668,track,1,327.25460284061023,237.65877608276347,320.73254010583616,241.16516590831472,327.19055900891067,237.95696496432586,0.30498888744705893,7.47516762471708,7.47516762471708,0.1741874780144092,-0.27643616022685924,28.188680997118354
516,17.2,track,1,327.5620270024823,239.88514863473998,321.66661212264404,240.96309515306467,327.87890356485985,239.7166905539712,0.35887167728941344,7.883995536945113,7.883995536945113,0.22768765553334014,-0.2649047037921905,30.66866999870399
517,17.233333333333334,track,1,330.8287944492628,240.61110147441457,322.9245441293904,240.86380220017028,330.5577601487662,240.9709068837857,0.45046589733118525,10.602309160548845,10.602309160548845,0.3027334072923518,-0.2578751287249292,30.787083000177518
518,17.266666666666666,track,1,328.02901459854013,238.86210462287104,323.75738366141314,240.5652924004509,328.2193060932847,238.77614111551767,0.20880751319960936,8.30992317799827,8.30992317799827,0.3607687401081806,-0.23976650867325147,29.20079099931172
519,17.3,track,1,330.0390692828616,241.85778781038374,324.7635328794276,240.64777699341676,329.61548361547113,242.31113951796505,0.6204454757555271,9.889332183261596,9.889332183261596,0.4316613719547141,-0.2406266524474774,30.845483001030516
520,17.333333333333332,track,1,328.6590482688044,239.88418898174996,325.52447973481407,240.4935813608726,328.636562035355,239.97783696566046,0.09630978966461419,8.636590472554905,8.636590472554905,0.49377364903082377,-0.20347449380189567,27.223863999097375
521,17.366666666666667,track,1,326.54809532092537,240.6869020699252,325.9658336327728,240.44918544036952,326.89678383198685,240.29160756390388,0.5271066535691891,6.9029459071096015,6.9029459071096015,0.5419487148911719,-0.19792698622706573,25.861910999083193
522,17.4,track,1,324.2778858051971,240.84974368039596,326.087337037627,240.43138356886888,323.91757359433467,241.1155901140282,0.4477713876204789,4.073318569611973,4.073318569611973,0.574651247589173,-0.19240951463571604,28.499729000031948
523,17.433333333333334,track,1,324.5595630310387,243.6942951274493,326.21421938186853,240.75908407451502,324.5892811428609,243.5582964844786,0.13920774784524936,5.807148635920336,5.807148635920336,0.6076880990946059,-0.22697912743860854,29.323336002562428
524,17.466666666666665,track,1,319.8532552531864,241.80416810196348,325.750488441383,240.8438961538833,320.1631296591537,242.25479059397964,0.5468846110327539,2.260683947037851,2.260683947037851,0.6092783873038046,-0.22914482205597828,34.780059999320656
525,17.5,track,1,321.27378487026436,241.89261785844803,325.4672015941081,240.93645454433093,320.9030590777741,241.99748986962422,0.385273606604008,2.1921408433769973,2.1921408433769973,0.61781803323541,-0.23224461969842378,27.03754699905403
526,17.533333333333335,track,1,316.0127908393227,243.90827140942866,324.5566887625388,241.266281419467,315.89483007899133,243.69682642071942,0.24212336572128912,5.524395502250309,5.524395502250309,0.59107798911247,-0.24851016452437935,23.42863900048542
527,17.566666666666666,track,1,315.0234171725932,245.0820468343452,323.5716936313447,241.71715398736865,315.08917490408027,245.53734601137322,0.46002328185942903,7.401243407184088,7.401243407184088,0.5557234375644652,-0.27278190095788457,24.76536999893142
528,17.6,track,1,315.73821447073044,245.12294940424798,322.7248971365831,242.14461651469705,316.1229399317703,245.34476203201822,0.444088417109339,6.602883911713489,6.602883911713489,0.522777305580076,-0.2978834450770883,26.452124999195803
529,17.633333333333333,track,1,314.0273905898107,243.08186742954533,321.7215742581724,242.29953496908126,313.5686464116164,242.94291375439113,0.47932697072669495,7.07269752955683,7.07269752955683,0.4772209948310932,-0.31041837878718126,25.81706500131986
530,17.666666666666668,track,1,312.3846551724138,244.6989655172414,320.58320059749093,242.63527618637252,312.09662809544403,244.28325730710156,0.505739965837574,8.989414920925809,8.989414920925809,0.4195916977405493,-0.33328299515951254,26.744111000880366
531,17.7,track,1,308.2099987924164,243.24423378818983,319.0192874531929,242.77260199584728,308.1222114973842,243.58522357169494,0.3521088491133476,12.407082161890783,12.407082161890783,0.3339228709035337,-0.34704488130232325,26.428106997627765
532,17.733333333333334,track,1,306.8366250866251,245.23284823284823,317.3958622455974,243.1349196385761,306.9072680290686,245.33793281598545,0.12662225290287749,14.139064934097455,14.139064934097455,0.23793052442543342,-0.3733361904341441,24.752430002990877
533,17.766666666666666,track,1,308.92185868430215,245.7532196310477,316.1355708449182,243.53211249006762,309.1415028508399,245.62559236282635,0.2540320442143304,12.229237497530576,12.229237497530576,0.15397716411020412,-0.40299527413166547,25.153611997666303
534,17.8,track,1,307.24826869806094,245.12101800554018,314.77092847178085,243.82310804255997,307.4641589918602,244.74386519597263,0.43457204318895226,13.403416235382688,13.403416235382688,0.05892287992363479,-0.42863666750197593,26.11990800141939
535,17.833333333333332,track,1,308.15508577369604,245.1469416045746,313.6206608317788,244.0922848380333,308.51209538427867,245.6135811247569,0.5875442994739383,12.786095788165303,12.786095788165303,-0.030566514563920177,-0.45425127966084483,25.25133699964499
536,17.866666666666667,track,1,309.9731566428814,242.91335372069318,312.78377183065186,244.07017868131467,310.41104879359403,243.20389816328955,0.5255146132881241,10.11004197219599,10.11004197219599,-0.10811942098537528,-0.4653611224956072,26.39498200005619
537,17.9,track,1,310.3752832490849,240.5567369705421,312.0736609569629,243.76007389419763,310.82852367518524,240.598101763727,0.45512408194564874,9.19095771377559,9.19095771377559,-0.18213584878095748,-0.4608211879912203,25.753021000127774
538,17.933333333333334,track,1,314.1312363105378,240.85245801898273,311.8847285246985,243.49803215852253,313.6522220288736,240.73359809426935,0.49354064041489515,6.390027490913721,6.390027490913721,-0.2309195730039233,-0.45722345892484006,24.42310200058273
539,17.966666666666665,track,1,315.82765312310494,243.24263189812007,311.93837479475457,243.53303379585026,315.33878202489484,242.96106747034366,0.564157316405805,5.522216364411202,5.522216364411202,-0.266884258470632,-0.4680238050840383,26.599645996611798
540,18.0,track,1,319.35744016649323,240.9276795005203,312.43735475813173,243.28478660588573,319.86665650020825,240.48446790505054,0.6750835451120221,0.5024834723259738,0.5024834723259738,-0.27806970562538147,-0.463645245506066,25.863819999358384
541,18.033333333333335,track,1,319.75319670695393,237.68418286915397,312.9766777366831,242.66038247279604,320.24712560091683,238.1321347730869,0.6668033147252304,1.884142130663082,1.884142130663082,-0.28401229570178715,-0.43790424162707153,25.04103200044483
542,18.066666666666666,track,1,323.0465766751794,239.95342332482062,313.89696105569533,242.3441500997244,323.43465415027055,240.23921623201332,0.48195613127627046,3.4429745188759875,3.4429745188759875,-0.2663755474053728,-0.4255866960805974,25.615779002691852
543,18.1,track,1,325.7465152297367,237.63276544484597,315.09974136463984,241.7700003033985,326.01768738796096,237.79516344664907,0.31608139835435145,6.4088895860528625,6.4088895860528625,-0.22873322248641045,-0.39793853947425545,26.99478200156591
544,18.133333333333333,track,1,329.2905946342358,238.50155839393753,316.6635862613524,241.33691631818658,329.47406848324147,238.57362307461395,0.19711918087784633,9.580841547506306,9.580841547506306,-0.1656979217121755,-0.37510280789444267,24.93884599971352
545,18.166666666666668,track,1,327.3000689417442,236.47845570492933,317.8984926174332,240.69208970383562,327.39418168678276,236.4481694666791,0.09886589404866634,8.203013041229674,8.203013041229674,-0.11248861381461818,-0.33896142888343994,26.6177070006961
546,18.2,track,1,332.09517988124344,236.18162766329024,319.63075536053776,240.05679968544035,332.0125796349218,236.0537928077629,0.1521990505229666,12.644153616964703,12.644153616964703,-0.0073688141063096915,-0.2974411462416863,24.8149260005448
547,18.233333333333334,track,1,333.6062964884968,240.43746756616503,321.43147161480556,239.97694940729463,333.3310126605482,240.22675419726633,0.3466717608382299,13.33294101170759,13.33294101170759,0.07227248711664651,-0.28961607453755145,28.126975001214305
548,18.266666666666666,track,1,331.39561000510463,239.77590607452782,322.84514872360154,239.83103687785055,330.9848521080724,239.54548457289678,0.4709735856587306,10.994251230060987,10.994251230060987,0.1576625319835495,-0.28170159225454117,24.779761999525363
549,18.3,track,1,331.377057793345,238.2290718038529,324.15264247442985,239.51716432526464,331.6785395226955,237.94092027859134,0.4170402074653224,11.85867170817527,11.85867170817527,0.2438324392780684,-0.27361117616709174,26.229833001707448
550,18.333333333333332,track,1,330.4990315196337,241.42877267124493,325.25376847690495,239.61368293556845,330.55637775832093,241.0665466988674,0.36673729856181575,10.610119379028582,10.610119379028582,0.3247981196924742,-0.26580102889445073,28.15315200132318
551,18.366666666666667,track,1,330.5573591099763,242.04146148702048,326.27011933287116,239.78575146918743,330.38828995623817,241.65638562588057,0.4205565331538292,10.519514321322186,10.519514321322186,0.4059464320601331,-0.2583578000314359,25.03949599849875
552,18.4,track,1,329.15801987441324,241.03383527403523,327.0302128174049,239.83391131879551,328.70614548294446,240.59863763493368,0.6273654841835316,8.726702480785814,8.726702480785814,0.47760857235461374,-0.2511617632813871,27.81204300117679
553,18.433333333333334,track,1,326.7616099071207,241.9016167870657,327.4290115430026,239.98922800804695,326.97502225311916,241.4511318654854,0.49847918110567235,7.124374998730391,7.124374998730391,0.5329118616012413,-0.24431759352718663,30.03677500237245
554,18.466666666666665,track,1,326.3188479890934,242.692569870484,327.7220841749885,240.23512273724845,326.2987838562436,242.1852690318223,0.5076974594518726,6.667089230625025,6.667089230625025,0.5837360771333198,-0.23790099684208357,25.63253499829443
555,18.5,track,1,321.78140779947677,241.6897852406157,327.4267779586773,240.35039468971067,321.34228566766495,241.229678395141,0.6360240214800199,1.8203954979880919,1.8203954979880919,0.6038097766127098,-0.23176681464335194,25.620891003200086
556,18.533333333333335,track,1,318.6143722943723,244.16502164502165,326.7450509168541,240.75809938172208,318.788137019209,243.64598767621786,0.5473485547343621,3.8421137436760198,3.8421137436760198,0.6012078115933933,-0.26582261879220076,25.462104997131974
557,18.566666666666666,track,1,318.8620773386754,245.86055970375767,326.11257238210425,241.34575923510633,318.65663790954045,245.39773131869572,0.5063748345468586,5.562384838800034,5.562384838800034,0.5973690948671301,-0.29434209807051603,26.931532000162406
558,18.6,track,1,314.0467225740202,244.5986650693137,324.9246481581191,241.74660009678317,314.39930344190907,244.09632207550413,0.6137277505790751,6.938851236485337,6.938851236485337,0.5603077497794016,-0.3156893942918787,26.498107999941567
559,18.633333333333333,track,1,312.6785590578455,246.08988569449255,323.6323467887988,242.29955752917687,312.5782326372799,245.6310188230537,0.46970650023988164,9.316168942860715,9.316168942860715,0.511615752302991,-0.34704688107290393,25.284317001933232
560,18.666666666666668,track,1,308.97949769349054,245.93558858704938,321.96881464706996,242.79679096359826,309.3718695220481,245.5952999406226,0.5193765635187669,12.011017395787153,12.011017395787153,0.43668317220981107,-0.37797252029727857,25.13389200248639
561,18.7,track,1,307.17934782608694,245.8782269021739,320.19004658237725,243.25159678956015,307.09647391786984,245.5828969540083,0.3067374495340805,14.059506525880929,14.059506525880929,0.3376577705589515,-0.4088776783745378,24.758090999966953
562,18.733333333333334,track,1,307.62703722765485,245.03962943901183,318.5784867757914,243.57171929196517,308.05372740245565,244.70614892174115,0.5415475608574551,12.839831254671706,12.839831254671706,0.2583307273791639,-0.43460757279551,25.236023000616115
563,18.766666666666666,track,1,307.24898921832886,243.0813679245283,317.03106460049577,243.63053958069375,307.12583648848147,242.7463124144555,0.356971693134081,13.163826115499536,13.163826115499536,0.16563288833804105,-0.44776938916556497,25.182800000038696
564,18.8,track,1,304.10322580645163,245.1889227023737,315.21801390859736,243.93019267922813,304.42930850757057,244.93231195768624,0.41494457733301615,16.333221813235408,16.333221813235408,0.05175141511896647,-0.4738895154202296,25.523455999064026
565,18.833333333333332,track,1,307.14757682497265,242.06486092554354,313.90124867422435,243.8299774986263,306.87962719326936,241.8661325503828,0.3336015171187951,13.252419902915658,13.252419902915658,-0.04374095155495861,-0.47987507953564956,25.60025200000382
566,18.866666666666667,track,1,305.1357080799305,243.9572545612511,312.4499332357728,243.95462499585284,305.22531281188054,243.78952345954335,0.19016500852662369,15.252929867969977,15.252929867969977,-0.15205452016876936,-0.4971887279631588,25.395628999831388
567,18.9,track,1,307.9742268041237,242.6610380376822,311.45596275214695,243.9093672882371,308.4378420627932,242.59958091302934,0.46767091660888044,11.850793943373603,11.850793943373603,-0.24208242614797737,-0.5057780985268593,26.138599001569673
568,18.933333333333334,track,1,308.9074873791132,240.83249194087952,310.6659663205806,243.6413365124183,308.7224002829935,240.80751580887843,0.1867646656082727,11.306473241405307,11.306473241405307,-0.32511971005385276,-0.5020637772847437,26.32851900125388
569,18.966666666666665,track,1,313.0167018284107,243.13976793248946,310.44849202699316,243.65990825846396,313.18508945694947,243.1621307933026,0.16986609723148777,7.512794211459127,7.512794211459127,-0.38047931453740014,-0.5121715187384863,25.09081600146601
570,19.0,track,1,313.42435245703217,238.87630113773903,310.32533193358347,243.16241844845203,313.84699478961346,239.0400780581419,0.45326528760362444,6.227433119151465,6.227433119151465,-0.43095339760009915,-0.49463209967961996,26.829065001948038
571,19.033333333333335,track,1,315.6237288135593,241.82101694915255,310.50352584016883,243.04395850850952,315.3401474923559,241.99622580550823,0.333341430189701,5.0694322028777306,5.0694322028777306,-0.46499254900138104,-0.494832429655617,26.440492998517584
572,19.066666666666666,track,1,320.6601070257207,241.4441567408942,311.30170796441786,242.88528456371057,320.60955844741375,241.7789005125809,0.3385388477736285,1.880438388906696,1.880438388906696,-0.4642302459432429,-0.49213955521718566,25.099346999923
573,19.1,track,1,319.9854252400549,240.55229766803842,311.994998559448,242.6279545077894,320.11495929747355,240.9608280410555,0.42857454160134956,0.9676808174982837,0.9676808174982837,-0.46448303956740555,-0.4832924324828518,26.751984001748497
574,19.133333333333333,track,1,323.07713593912143,236.21964718090626,313.03596024434006,241.86744159642166,323.4574533343189,236.69899210794838,0.6118928665794551,4.78023395477461,4.78023395477461,-0.44211780464109524,-0.44634308843759884,23.877325002104044
575,19.166666666666668,track,1,326.3527247240231,240.74960574732785,314.42061843221575,241.69663052947107,326.7848917382002,240.31036718807457,0.6161970789265676,6.791986726321737,6.791986726321737,-0.3958513315668104,-0.43728133017611726,26.078160997712985
576,19.2,track,1,330.28076588337683,240.29138381201045,316.20029520142776,241.4842367577749,329.8523085868137,240.03375072627938,0.4999504593872226,9.852366396015094,9.852366396015094,-0.3215011418893576,-0.4251353952577025,25.653898999735247
577,19.233333333333334,track,1,329.4771751617389,236.13247475663584,317.7782367489973,240.79078575803712,329.2161532971478,235.90166864778067,0.3484305866015245,10.086317537590821,10.086317537590821,-0.24919389569835787,-0.3863715436720482,26.035744002001593
578,19.266666666666666,track,1,331.2557673627975,237.13774890723653,319.46924748208914,240.26502298122446,331.1158391764085,236.98398244393002,0.2079038782320019,11.517735996900607,11.517735996900607,-0.16319373078379754,-0.33958685151486945,25.53981399978511
579,19.3,track,1,333.73864225254795,240.36465710830885,321.3446991518965,240.1642426647528,333.69907004851314,240.30206441475167,0.07405271513533866,13.70239990310927,13.70239990310927,-0.05936605339648632,-0.3313047445139108,26.373661999969045
580,19.333333333333332,track,1,332.50411522633743,237.41152263374485,322.9425838883294,239.72386699449177,332.5037014327501,237.416882711667,0.005376026456817654,12.767734507133293,12.767734507133293,0.03832728231127572,-0.3226558557287998,24.954767999588512
581,19.366666666666667,track,1,330.9746372393611,239.27264967686867,324.23925740966047,239.5411290582863,330.97520977000005,239.4038493304636,0.13120090279705804,10.991388680066464,10.991388680066464,0.1272099459789327,-0.3139823907030668,25.362037999002496
582,19.4,track,1,333.66317744386293,240.2194833699139,325.7536697813081,239.49143571569445,333.71427559961313,240.455143949371,0.24113674591637,13.721826089729936,13.721826089729936,0.23338051089175813,-0.2788713733304928,26.92755899988697
583,19.433333333333334,track,1,329.1323341253884,238.89886065923355,326.6053336077546,239.2952914379087,329.0711940964207,239.19602409445707,0.30338788765542124,9.106752417389599,9.106752417389599,0.3107290851742764,-0.25833213050592724,26.55500200125971
584,19.466666666666665,track,1,329.0106736657918,239.36902887139107,327.35983472680437,239.17581506734993,328.9773873656374,239.78187566685526,0.4141864970071069,8.980036867263745,8.980036867263745,0.38626136102241093,-0.24121058335406503,27.52056399913272
585,19.5,track,1,325.03727256668435,239.190249072602,327.56148146076816,239.05071751043985,324.9878613155883,239.67360047391713,0.4858704033877545,4.998529499179675,4.998529499179675,0.43511762629154094,-0.22349085129414745,27.241947998845717
586,19.533333333333335,track,1,324.3182295311407,241.20451364590622,327.63380155404286,239.18253479858328,324.1080739290628,240.7232334166139,0.5251628663494464,4.171251368780428,4.171251368780428,0.4772661744013272,-0.21914813873413724,27.282718998321798
587,19.566666666666666,track,1,324.30090655509065,241.97140864714086,327.6701570368353,239.40569770380552,323.93723463643863,241.6370451205378,0.49402047765094886,4.264004374886204,4.264004374886204,0.516997593134508,-0.22051913689841363,26.94799000164494
588,19.6,track,1,318.2925064599483,244.16037898363479,326.95795013666776,239.88349187100724,318.67829601242823,243.93306676202036,0.44777720453139874,4.149206621183431,4.149206621183431,0.5161432583480672,-0.24280409641274078,27.882942002179334
589,19.633333333333333,track,1,317.0795376121463,243.6074879227053,326.11987914715655,240.2705865698285,317.40593891748364,243.43983516671767,0.3669404021311613,4.308319727459134,4.308319727459134,0.5045104378214533,-0.23672949797493942,25.466257000516634
590,19.666666666666668,track,1,314.31098491787264,244.21817182634183,324.98210538089785,240.709827279937,314.450484357032,244.17035357347345,0.14746755179753296,6.941827770791302,6.941827770791302,0.47227705000379283,-0.26842786700672344,25.174203001370188
591,19.7,track,1,312.6733053170108,247.6725135513734,323.7032991881927,241.53636427444764,312.60487067606215,247.69503281854847,0.07204455202073665,10.67246306136983,10.67246306136983,0.42659970380622414,-0.30970659838648895,28.062392000720138
592,19.733333333333334,track,1,309.1393470790378,244.59810996563573,322.07081324047556,241.9430956436171,308.78810190115695,244.70030321020883,0.36580956004584053,12.157282148849712,12.157282148849712,0.35560126033479234,-0.33248673008711666,25.896438000927446
593,19.766666666666666,track,1,308.27496024032513,244.6859869234847,320.431729526535,242.33190891018552,308.68409285806325,244.874383755673,0.45042520497395755,12.321094571607826,12.321094571607826,0.2537248135583639,-0.3562594438423532,24.934652999945683
594,19.8,track,1,306.55782436949255,246.617806137952,318.6907527249,242.92317806979977,306.6494082760036,246.85673617285337,0.2558811706824179,15.008435305685826,15.008435305685826,0.18218766616499196,-0.3926137946704678,26.633715999196284
595,19.833333333333332,track,1,304.44208893485006,247.6933815925543,316.8125803713505,243.60049679123105,304.178025820718,247.95588073367887,0.3723373837479406,17.70962747147406,17.70962747147406,0.07412684135278258,-0.4361868429890646,26.230747997033177
596,19.866666666666667,track,1,302.14426229508194,247.50097146326655,314.7900345192826,244.20496433397497,302.57959994271584,247.8775605793958,0.5756198657399085,19.11874208304188,19.11874208304188,-0.050180600043288476,-0.47884179602524746,26.48818600209779
597,19.9,track,1,301.65595299809917,245.76533609815104,312.8546906898202,244.55466719673979,301.71235714623936,246.21852199503746,0.45668247729048356,19.316001059988256,19.316001059988256,-0.1788598344184445,-0.5105099099612708,26.814331002242398
598,19.933333333333334,track,1,306.0725778244141,245.84889821615948,311.59373271766214,244.881759250998,305.72643318405505,245.3002810953487,0.6486885672616756,15.22588878650293,15.22588878650293,-0.280064762227647,-0.5423598209256851,25.96017000178108
599,19.966666666666665,track,1,304.34365217391303,244.38695652173914,310.23477244690105,245.0022591546199,304.6516011774831,243.9577343652975,0.5282653200619846,15.850457650216143,15.850457650216143,-0.39172940983150295,-0.5644322170142823,26.004858998931013
