frame_index,timestamp_s,state,detection_count,selected_x_px,selected_y_px,estimate_x_px,estimate_y_px,truth_x_px,truth_y_px,centroid_error_px,tracking_error_px,pointing_offset_px,pan_rate_deg_s,tilt_rate_deg_s,processing_time_ms
0,0.0,search,0,,,,,,,,,,8.0,0.0,71.72343299862405
1,0.03333333333333333,search,0,,,,,,,,,,8.0,0.0,47.73170100088464
2,0.06666666666666667,search,0,,,,,,,,,,8.0,0.0,50.36592800024664
3,0.1,search,0,,,,,,,,,,8.0,0.0,35.545351000109804
4,0.13333333333333333,search,0,,,,,,,,,,8.0,0.0,35.68088700012595
5,0.16666666666666666,search,0,,,,,,,,,,8.0,0.0,30.145570999593474
6,0.2,search,0,,,,,,,,,,8.0,0.0,37.23190699929546
7,0.23333333333333334,search,0,,,,,,,,,,8.0,0.0,35.966772000392666
8,0.26666666666666666,search,0,,,,,,,,,,8.0,0.0,36.01420499944652
9,0.3,search,0,,,,,,,,,,8.0,0.0,36.17958399991039
10,0.3333333333333333,search,0,,,,,,,,,,8.0,0.0,37.51976999956241
11,0.36666666666666664,acquire,1,602.2293218935802,222.8918491758862,602.2293218935802,222.8918491758862,602.4836082788883,222.39538009821936,0.5578020355219302,283.03164414628014,283.03164414628014,8.0,0.8560490968615946,37.097338999956264
12,0.4,acquire,1,565.2947344598672,229.15823023536512,568.2894267413564,228.6501459627204,565.3818026508036,228.9009712564763,0.27159354206581143,245.63268819765722,245.63268819765722,8.0,0.5612120389236227,40.037688000666094
13,0.43333333333333335,track,1,524.315978523896,234.33560193587417,531.5654301757775,233.77356484893474,524.2336590553837,234.27552091821354,0.10191282342907153,204.31386921085047,204.31386921085047,8.0,0.2616236436098236,34.28781299953698
14,0.4666666666666667,track,1,493.72589500601686,241.93667268351385,494.599050636838,240.85442390574846,493.4689126094501,242.10252913181736,0.305856687991357,173.48165398870043,173.48165398870043,8.0,-0.17013891022386,39.1708050010493
15,0.5,track,1,450.86110900113937,243.49145461450817,453.9741684061313,244.93214317480303,450.4488828743616,243.90223121471323,0.5819517118062684,130.50723524625747,130.50723524625747,7.173789710891457,-0.4584331864539651,36.81187000074715
16,0.5333333333333333,track,1,419.4584674329502,245.66931034482758,417.9178281759252,247.79974811132664,419.91240506234914,245.2957165953794,0.5879044658880134,100.05265263650688,100.05265263650688,5.307610900766541,-0.686673643561291,36.55644399987068
17,0.5666666666666667,track,1,386.2147426249247,241.1382074051776,383.34992709752083,246.89595109121527,386.4254140119447,240.9828264788027,0.2617740735635474,66.43268453514203,66.43268453514203,3.458514968689905,-0.7067409654283568,36.44626899949799
18,0.6,track,1,368.7107848630879,242.6944600097127,356.4607389798994,246.8025366614785,368.76159639610574,242.722217059518,0.05789875388569687,48.83752398326356,48.83752398326356,2.0503666414868724,-0.7375102596470916,38.51351400044223
19,0.6333333333333333,track,1,346.5750441878831,240.6470986423978,335.7319138896029,244.74150587544148,346.45848945923416,240.87299251120598,0.2541909611602336,26.472887647346422,26.472887647346422,0.9306515928229386,-0.6491255722853763,38.25047299869766
20,0.6666666666666666,track,1,336.585941352756,241.99840673722545,321.8933399615304,243.5484732150715,336.29128593652393,242.39744717240288,0.49603939684411175,16.466746807127542,16.466746807127542,0.1985766200527159,-0.5981988800963655,39.623106000362895
21,0.7,track,1,324.1047633576141,242.64639029785286,312.7529365968736,243.16019208179594,323.6788211769745,242.3158603301235,0.5391445082862079,4.3470604229520315,4.3470604229520315,-0.31709659838136894,-0.5827153654618701,42.28126800080645
22,0.7333333333333333,track,1,322.54211784034055,241.50903591964752,309.0816518708973,242.32954460480894,322.8741554749179,241.3463582867727,0.3697472150178992,3.173869929654051,3.173869929654051,-0.5415428385267161,-0.5395628317704708,41.061412999624736
23,0.7666666666666667,track,1,326.04040100627043,242.01359216010212,311.94362238298635,242.03268264449585,326.24770565055405,242.13372523386835,0.2395979360388598,6.602015545998932,6.602015545998932,-0.4179104357834574,-0.524801164770138,38.71984499892278
24,0.8,track,1,332.1491821561338,245.16371747211895,319.68864805246136,243.55206511106056,332.2032968028554,245.49071331929443,0.33144332707087837,13.381643606570078,13.381643606570078,-0.0038564265438316356,-0.6212836979020568,48.00038100074744
25,0.8333333333333334,track,1,332.2684403739167,243.50755024032094,326.1681092055791,244.09141076416586,332.10959662691135,242.99864335630144,0.533120579761396,12.475343379835028,12.475343379835028,0.366412408734547,-0.6685157612718807,43.02121100045042
26,0.8666666666666667,track,1,339.83168799969974,248.62797943020158,334.0659187762832,246.7690547363024,339.51624328472127,248.37106136457476,0.40683198086344496,21.235781603649635,21.235781603649635,0.8702587680107938,-0.836960755581309,50.08248899866885
27,0.9,track,1,333.5539736346516,239.6561581920904,336.036304816979,244.29731684473143,333.12337885798127,239.65354209417924,0.43060272370718017,13.127951315061134,13.127951315061134,1.0396961941712255,-0.6991269194512973,39.06310200000007
28,0.9333333333333333,track,1,336.84436093079756,238.65797365524048,336.7941120971922,240.81546025693595,337.2232173759679,238.80671165509938,0.4070076149768502,17.264505606993758,17.264505606993758,1.1524010241070455,-0.4912111192673248,40.08184799931769
29,0.9666666666666667,track,1,333.4834976588374,242.64395294834216,335.6208598177584,240.48928241625347,333.6675703258271,243.0646769771111,0.45922919671584495,14.00695268734298,14.00695268734298,1.146834290031495,-0.4428555773329019,37.950261001242325
30,1.0,track,1,333.6099799036894,244.84973268115118,334.36044972127377,242.53154144773004,333.5814690343617,244.43568781548348,0.41502532507740947,14.287463999176143,14.287463999176143,1.1286312369731784,-0.5771315528530543,41.811966000750544
31,1.0333333333333334,track,1,324.3880224106602,244.99110387643853,329.1617000848787,244.0298663524529,324.5227392969663,244.80283168496547,0.23150606371772262,6.597148091594676,6.597148091594676,0.879520450550475,-0.669887362829708,42.646829000659636
32,1.0666666666666667,track,1,314.4884352714787,245.4765875561257,321.2894829549964,245.16911665388284,314.81492677378264,245.52433298886828,0.32996413051188933,7.576492548213481,7.576492548213481,0.3789607915591512,-0.749950144329798,40.716394998526084
33,1.1,track,1,313.3838261919131,247.16830114665058,315.8342288651908,246.56606388352134,313.8625254574244,247.37826448010196,0.5227213293860035,9.597259009691147,9.597259009691147,0.011833960119997211,-0.8488836695433288,39.06134200042288
34,1.1333333333333333,track,1,311.23935907658426,241.64392299806357,311.5747353522195,245.25324016988964,310.9147102052409,242.05229973146507,0.5216976576985871,9.314205540062195,9.314205540062195,-0.2832875961040252,-0.8038517814825368,38.94942500119214
35,1.1666666666666667,track,1,309.0893620239761,238.9188064894301,308.0751630950755,243.30613224210873,308.9636542054423,238.57306129733928,0.3678888330656946,11.128211112222946,11.128211112222946,-0.5516607296201613,-0.7142635745144099,41.35939299885649
36,1.2,track,1,298.4886993766492,240.2376763929787,302.19849515497407,242.35641677261083,298.4527996056321,240.0885631484475,0.15337390017113375,21.547382399407855,21.547382399407855,-0.9614160482851487,-0.6672263017726376,41.32706099881034
37,1.2333333333333334,track,1,301.88520642201837,239.94124617737003,299.1633821264844,241.57127713061988,302.0303085481655,240.00155684755129,0.15713689557241323,17.9696915192751,17.9696915192751,-1.2404918953056936,-0.6235852591189815,37.48927500055288
38,1.2666666666666666,track,1,310.20867893228774,236.55821143115668,299.4964335972248,240.00005289312705,310.51985473964083,236.8593965353974,0.4330621780972582,9.986818526406909,9.986818526406909,-1.2847192231547053,-0.5188347656314483,35.677645000760094
39,1.3,track,1,313.43408129344215,237.2024025385313,304.6967255978722,238.18928007078554,312.8303610091206,236.71555290938585,0.7755647897502279,7.886147091614613,7.886147091614613,-1.047030458333726,-0.39312349946184766,41.90929200012761
40,1.3333333333333333,track,1,316.86166368719336,238.49454185843064,311.24589719284154,237.47568126079915,316.4924901477313,238.21208344877004,0.46483529924795,3.936911347480915,3.936911347480915,-0.6980096649432268,-0.32273656528977446,38.366977001714986
41,1.3666666666666667,track,1,308.074512012012,239.06096096096095,311.88708438086286,237.54279389109553,307.93187587155035,239.02053482980244,0.14825431071724016,12.107806242226493,12.107806242226493,-0.6991570955316786,-0.3080814890051427,40.13141399991582
42,1.4,track,1,317.5553917120387,238.8627495462795,314.337260826893,238.140201224541,317.56145947632143,238.98570124837585,0.12310133554019077,2.64107588743089,2.64107588743089,-0.58733767644112,-0.324570725796871,40.28929699961736
43,1.4333333333333333,track,1,310.79577117260754,249.1644459628744,312.9314932884481,243.48519322145313,310.9818519985806,249.52163073624567,0.4027493465210228,13.11443652060288,13.11443652060288,-0.6764425848865377,-0.6150897837036434,40.95556900028896
44,1.4666666666666666,track,1,315.21609560547614,249.01168595416382,313.94922889399675,246.96501311052978,315.5777225929381,248.59397968992738,0.5524966979477414,9.66504135407059,9.66504135407059,-0.6385117143255151,-0.8335152196808138,37.58132599978126
45,1.5,track,1,311.9428952380952,244.79539047619048,313.2198489169769,247.29472161015315,311.48177355207486,244.60125644942747,0.500321126543226,9.68151551832301,9.68151551832301,-0.6909843041570181,-0.8930379331652291,41.65974200077471
46,1.5333333333333334,track,1,315.29134831460675,241.99895131086143,314.048604499072,246.2628710598464,315.026667818772,242.03598755238906,0.2672591402774023,5.373944389209953,5.373944389209953,-0.6527224810076906,-0.8473149162890093,38.1737379993865
47,1.5666666666666667,track,1,313.519140919367,238.00422004521477,314.2658359507472,242.4628666705585,313.42540772764073,238.24845026269725,0.26159952286410837,6.8039099075466565,6.8039099075466565,-0.6460109900324569,-0.6372652581424191,42.16687299958721
48,1.6,track,1,314.10801393728224,241.71001461166685,314.5059364668797,241.20818793302053,314.13012106934843,242.13394260066374,0.42450402252881303,6.245733718582207,6.245733718582207,-0.638671544925652,-0.5494833830355966,42.681606000769534
49,1.6333333333333333,track,1,312.587085263078,243.47805785437703,313.8785043007654,241.4148367689053,312.8196573116199,243.11040371343208,0.43503945236833813,7.825083538410675,7.825083538410675,-0.6802189737586557,-0.5412656199430479,39.431267001418746
50,1.6666666666666667,track,1,309.77488948501906,237.95783428420296,312.1699170694347,239.31653993242773,310.14550105763743,237.82430767661424,0.39393183762272294,10.091817799141278,10.091817799141278,-0.7870119859932787,-0.4094181417776123,41.40395200010971
51,1.7,track,1,315.32737712968907,243.74791281024517,313.2815300178832,240.3570589612806,314.8587354935171,243.80605009450167,0.4722339748203983,6.396766217978985,6.396766217978985,-0.7317505356282201,-0.44584328567707204,41.421226000238676
52,1.7333333333333334,track,1,309.4629447015095,244.87984525525297,312.25031386677176,242.69446867846128,309.16509675045694,245.1832017733432,0.4251336013702543,12.010857964781152,12.010857964781152,-0.8157802936807828,-0.5985208432235827,38.08943200056092
53,1.7666666666666666,track,1,311.5608297373003,244.40162010750245,311.38839460712074,244.1921992184528,311.46542312151115,243.91782743547338,0.49311030393347666,9.390866536639972,9.390866536639972,-0.8932275427923468,-0.6987025858078398,37.6729890012939
54,1.8,track,1,318.26395287365006,238.4902952949173,314.1722484569258,242.18699562616223,318.3213930281924,238.2007342504865,0.2952032686230003,2.4607069315896655,2.4607069315896655,-0.7379085037393414,-0.5788102846952161,42.26729899892234
55,1.8333333333333333,track,1,313.5228775556738,242.47111803602644,314.9006458521452,241.59016306442018,313.78314072592985,242.42771436432008,0.2638575307042126,6.674064448918518,6.674064448918518,-0.6871063892637991,-0.530254608706893,37.82521699940844
56,1.8666666666666667,track,1,309.2494662321609,239.25804397497845,313.01369360487126,239.87430821456294,309.60817640761417,239.4474168912791,0.4056292536318407,10.406504968879343,10.406504968879343,-0.8128207946774072,-0.4267690462979779,39.804576999813435
57,1.9,track,1,314.11469663091674,238.8308447341494,312.9096902253939,238.7359363043484,313.6752157276873,239.17317517919517,0.5570759354958604,6.378599797415795,6.378599797415795,-0.8276261141193861,-0.3389381377784286,38.62951300106943
58,1.9333333333333333,track,1,310.441011661366,241.5416855974557,311.86639321412656,239.62890909450715,310.18231247616535,241.15346278394364,0.46652140503380934,9.885214449348155,9.885214449348155,-0.8988276950196206,-0.3883609294790215,38.87038399989251
59,1.9666666666666666,track,1,319.3655930219386,244.2008835856965,315.43003190525866,241.66592953753621,319.26885535668526,243.9633486580119,0.25647810383887143,4.030223948419323,4.030223948419323,-0.7161640080983287,-0.47382610085702626,38.426507999247406
60,2.0,track,1,316.26876448903585,247.38247254208946,316.3403431971497,244.48088424456114,316.332652388304,247.38484656166634,0.06393199231876945,8.24532578157877,8.24532578157877,-0.6599776314882696,-0.634630720602037,41.18167900014669
61,2.033333333333333,track,1,319.4078199590816,247.4308176100629,318.1933457367888,246.3062650577851,319.66115755931185,247.68786802987847,0.36090837897973144,7.695331639665636,7.695331639665636,-0.5481169336317845,-0.7563437237884787,46.74449999947683
62,2.066666666666667,track,1,309.21706456143016,249.240862337268,315.37311386251525,248.1740646051535,309.6100613842468,249.66467106401635,0.5779795321739705,14.19002083207611,14.19002083207611,-0.7250450745880925,-0.8908426024641893,41.09806800079241
63,2.1,track,1,318.34316981132076,241.16256603773584,315.29523400934124,246.10558959692864,317.9536729532901,240.81940439389928,0.5191027992761906,2.2042862660820446,2.2042862660820446,-0.7212738607488273,-0.7782935528449111,44.263009000133025
64,2.1333333333333333,track,1,317.39797797572066,244.01984440184913,316.71729063288217,244.2108403622172,317.16659143445384,243.89493472466083,0.26294896640738313,4.816505020103176,4.816505020103176,-0.636397177266756,-0.6673951043678409,39.889153000331135
65,2.1666666666666665,track,1,313.5949604251902,239.1933621381868,315.7743226396975,240.883344029465,313.49259747768673,239.32740943516436,0.16866194250211108,6.542068912455375,6.542068912455375,-0.6795852991125066,-0.46818536873435557,40.56067199962854
66,2.2,track,1,314.9588845995278,244.75184588283798,315.63356641394586,241.42891039970382,315.01995099921413,245.08917133203838,0.3428083485694302,7.120432072358361,7.120432072358361,-0.6901605286725903,-0.4980164060287994,43.85705099957704
67,2.2333333333333334,track,1,313.4370859670102,243.78476928041303,314.62979990812994,242.663809958769,313.6965772116285,243.3277360418699,0.5255616873086925,7.1279005333493,7.1279005333493,-0.7514476735992895,-0.570087440588971,38.01594500146166
68,2.2666666666666666,track,1,307.6930476441963,239.30118073107246,311.1897211717734,241.38652263512304,308.138775424719,239.02273871914522,0.525550386105588,11.901415379538205,11.901415379538205,-0.9580455460584165,-0.5060874056190126,40.23538399997051
69,2.3,track,1,312.6723797218211,240.65178232119783,311.17557938786206,241.05537726875858,312.2839094269647,240.59242468695143,0.3929790054558975,7.738799696399521,7.738799696399521,-0.9922173205133179,-0.4855574436630927,38.93145599977288
70,2.3333333333333335,track,1,314.5407399044071,248.38925896654246,312.09506477900226,244.1756867723315,314.2785589805572,248.49804223736035,0.2838531959316602,10.244589264920448,10.244589264920448,-0.9710312549199358,-0.6554310786160645,40.78799300077662
71,2.3666666666666667,track,1,313.20923933775845,240.41474021515222,312.2404185222233,243.0663172449927,313.13105725184585,240.73545518811434,0.330106850034561,6.9082030088253665,6.9082030088253665,-0.9849628705831905,-0.6094265337738389,43.63840599944524
72,2.4,track,1,316.7515343128138,241.88603310396132,313.68271087466627,242.8187753558446,316.8655054163884,241.49906911355777,0.40339873861856235,3.4745164414510246,3.4745164414510246,-0.9253812619430163,-0.6031158232817567,39.61938100110274
73,2.433333333333333,track,1,320.56784745309335,242.6190148649165,316.02336783993843,242.88356079649935,320.8842087527235,242.4579801025112,0.3549882626321854,2.612181330370035,2.612181330370035,-0.807697205427386,-0.6118517795272183,36.998143999880995
74,2.466666666666667,track,1,314.50843125286127,244.47833053563252,315.77539542859716,243.51589621941505,314.9547416483773,244.49943718928736,0.4468091986230657,6.760145475872593,6.760145475872593,-0.8181800615917594,-0.6513994087052851,38.31251300107397
75,2.5,track,1,316.80383083633603,240.59199696567418,316.26306665587305,242.81993814766687,316.44017623312203,240.83156756542465,0.4354753066518589,3.6556599769529345,3.6556599769529345,-0.7902706760272948,-0.6217210533722065,36.9382319986471
76,2.533333333333333,track,1,315.23124596022967,246.65712330329646,316.18501437227656,243.97426591360215,315.0088619606349,247.1075316549709,0.5023169582383864,8.684956255181191,8.684956255181191,-0.7907091163262419,-0.6882204191168854,39.59818300063489
77,2.566666666666667,track,1,315.0445036135413,247.48474705211106,316.0673808431738,245.07477222313847,314.937311567058,247.16543639771498,0.3368225479983931,8.773499469353359,8.773499469353359,-0.7939632190092417,-0.757329529328493,34.683866000705166
78,2.6,track,1,318.4579300358204,243.58444478317202,316.8080304976017,244.96960335191366,318.58357501629405,243.43114909575874,0.19820753996184454,3.7120134498399153,3.7120134498399153,-0.7518012395710416,-0.7664887681390105,37.11997599930328
79,2.6333333333333333,track,1,321.3089028946673,236.90353624938672,318.0546066844789,243.32224633217282,321.5925314652289,236.94303203545303,0.2863652967030017,3.4469130543154862,3.4469130543154862,-0.6790528238976798,-0.6916592067580615,37.482706999071524
80,2.6666666666666665,track,1,314.1033325707313,237.30454510790818,317.4632733064047,242.07379862512533,314.5641160848177,237.54706663980406,0.5207092665652759,5.963699859055578,5.963699859055578,-0.6993415928149895,-0.6298642957124228,35.73783899992122
81,2.7,track,1,319.5486416413031,245.08473302521324,318.11364887109363,242.6844420893867,319.1762597372785,244.57067579336697,0.6347622547524765,4.644311060695582,4.644311060695582,-0.656218451131136,-0.6615456434105496,35.918648000006215
82,2.7333333333333334,track,1,316.57873970939715,244.95417125080618,318.0489629878119,243.16358219739536,316.36599657664857,244.6431798510154,0.3767960871287273,5.896193688287827,5.896193688287827,-0.6487266686061361,-0.688861345099425,36.58287999860477
83,2.7666666666666666,track,1,314.233693995733,238.96860713197196,317.53734849433033,242.41544593487342,314.1362664178364,238.88964238634037,0.12540958491065393,5.967936456833729,5.967936456833729,-0.6658559140778075,-0.6525665617888947,33.929847999388585
84,2.8,track,1,315.2837552742616,236.562952079566,317.29194019304373,241.34052592401605,315.44563624091796,236.70356975789662,0.21442662806819737,5.622159868866558,5.622159868866558,-0.6715067069962374,-0.5952078672568929,38.741011998354224
85,2.8333333333333335,track,1,313.803245895452,237.37169277222117,316.81570800293906,240.56956365183174,314.09930691233365,237.76741416071746,0.49421406599816214,6.308931640507638,6.308931640507638,-0.6909840832855328,-0.5490740308882935,35.801771000478766
86,2.8666666666666667,track,1,319.3176794552153,241.5730659025788,317.34349205672424,240.62778918939628,319.85001668911593,241.18652564311483,0.6578725581626483,1.1959674307073822,1.1959674307073822,-0.6593465482588932,-0.5436852312498419,35.4428939990612
87,2.9,track,1,312.72929906454453,242.65168813152616,316.7094559199081,240.85979314108818,312.3692266102811,242.44330881891904,0.4160217665482388,8.012394180883126,8.012394180883126,-0.6876113105827746,-0.547887553937188,36.583241999323945
88,2.933333333333333,track,1,317.8086068064418,243.6396611972045,316.96503462513044,241.2228995279196,317.65526719516953,243.63100148584553,0.1535839411720772,4.32226141230035,4.32226141230035,-0.6715340296366217,-0.5602418571316954,36.09136200066132
89,2.966666666666667,track,1,316.31644900732243,241.8269796935155,316.9544208864231,241.26246324658717,316.2942416744703,242.0236163606832,0.19788669613499626,4.2222823143955495,4.2222823143955495,-0.6687328436686759,-0.55712091163703,36.022800999489846
90,3.0,track,1,316.3116154772659,243.9783950617284,316.94101993231703,241.62389859671944,316.48006567279447,244.4036931341768,0.45744280385850183,5.637592650044492,5.637592650044492,-0.6663255898496541,-0.5714887881624038,37.73675699994783
91,3.033333333333333,track,1,316.26461456913523,235.96429653187946,316.919053226582,240.7668892941819,316.5941194803207,235.58730279016487,0.5006972815857148,5.574219118407303,5.574219118407303,-0.6646142887756807,-0.5226969233704203,37.54426399973454
92,3.066666666666667,track,1,313.2198385323883,244.81237918356518,316.45894224849695,241.27655955299858,313.73645408899904,244.67665715008965,0.5341461445175633,7.816849076111264,7.816849076111264,-0.6865042224063969,-0.5430407802237344,32.58126899891067
93,3.1,track,1,312.03795498538733,244.82199111853342,315.87834882243175,241.736620397737,311.71615461429786,244.89088567361435,0.3290925987516548,9.619919804581775,9.619919804581775,-0.7170009491679487,-0.5631330336819177,36.619298000005074
94,3.1333333333333333,track,1,313.2342311626321,238.33700799333258,315.519992733428,241.25730168740634,313.02556572311977,238.595180035553,0.3319549201791468,7.114510005266051,7.114510005266051,-0.7383677741283984,-0.5353845086044025,33.310925000478164
95,3.1666666666666665,track,1,317.78544513378756,238.41944201271266,315.8128711612765,240.83649844853943,317.84093303061655,237.89431217081506,0.5280532715038445,3.015873242074378,3.015873242074378,-0.7267494017045025,-0.5087648388728595,37.18902599939611
96,3.2,track,1,310.39920540932883,239.4447415670245,315.0944234637663,240.59364465594766,310.5604289980305,239.1985050875105,0.29432201650111317,9.473536551677531,9.473536551677531,-0.7677372691520004,-0.489871249373354,38.29732699887245
97,3.2333333333333334,track,1,309.12268466441697,245.2965504311961,314.2735264899445,241.14408833833917,309.43834629890165,245.2105939601247,0.3271555935706897,11.777046247646838,11.777046247646838,-0.8173684182682197,-0.5122478151303018,36.27362699990044
98,3.2666666666666666,track,1,309.5765056154368,247.6842918519635,313.58534716949345,241.95889981251136,309.0569715990945,247.8222824018693,0.537547194207262,13.451318617801713,13.451318617801713,-0.8635534754193848,-0.5512515407726419,38.970835999862175
99,3.3,track,1,311.9049324986801,243.6857983256656,313.2579197972336,242.19378781681598,311.5469425290624,244.07398131864628,0.5280557303792385,9.383576311388582,9.383576311388582,-0.893526397265197,-0.5631217048906583,39.444220999939716
100,3.3333333333333335,track,1,316.41444335273223,248.70153427556497,313.5349754384362,243.04460121384164,316.22621072787933,248.29255761820102,0.4502148679548505,9.11087247861349,9.11087247861349,-0.8926654041761439,-0.6089389267365708,35.52095300074143
101,3.3666666666666667,track,1,318.27688131503544,248.52910571557834,314.03030348431525,243.80432618352316,318.3051893577881,248.32890317128812,0.20219397623263666,8.49958888121349,8.49958888121349,-0.8787998942255677,-0.6537460567167213,38.53140700084623
102,3.4,track,1,319.4238807108535,248.88105407672947,314.6354206253046,244.54499953824697,319.60254315763075,248.87883131800004,0.1786762730325543,8.887722853185986,8.887722853185986,-0.8566911904371904,-0.7009369485191167,36.9647179995809
103,3.433333333333333,track,1,312.1029411764706,241.86665906672746,314.2920726696921,244.3552873271585,312.46519204386846,242.07437033689047,0.4175759364274008,7.81513552220013,7.81513552220013,-0.8821621712097438,-0.7018617578299976,39.786941999409464
104,3.466666666666667,track,1,320.8650841572949,242.61895237376405,315.05399849760676,244.26428004915763,320.45338664829427,243.0325996993289,0.583608557908717,3.066304027525848,3.066304027525848,-0.8500870822987043,-0.7071264855371651,36.90963799999736
105,3.5,track,1,315.8146850483662,239.85996648640415,315.1450648206191,243.83514213363037,315.5092573554129,239.5047505378237,0.4684703253661615,4.517968739345046,4.517968739345046,-0.8501604515057029,-0.6938447122995663,40.36818500026129
106,3.533333333333333,track,1,319.38206723836987,244.94532139333688,315.6645948723389,244.05000636738876,319.23054907475637,244.77927480432538,0.2247870628554106,4.8408183586680575,4.8408183586680575,-0.8268361283697171,-0.7127659802780246,40.46691999974428
107,3.566666666666667,track,1,318.4921001275989,237.14775200780605,316.0395529902296,243.29822583787916,318.5374223730609,237.23084084600154,0.09464597702170804,3.131672992985738,3.131672992985738,-0.8087633140936031,-0.6809767169969307,37.132440998902894
108,3.6,track,1,315.0070057181808,241.14227288219033,315.9648830358253,243.0766607967054,315.1707035081263,241.43163678909696,0.33245817338924044,5.037031715437144,5.037031715437144,-0.8128501800709336,-0.6738966523670044,35.48585099997581
109,3.6333333333333333,track,1,315.30536592807294,238.60726135540216,315.9282843892306,242.56161681191082,315.7072766461976,239.0820437993905,0.6220535302231097,4.389774183089357,4.389774183089357,-0.8151608959584756,-0.6500190081000232,35.144256999046775
110,3.6666666666666665,track,1,318.3125567322239,243.43350983358548,316.25394176984497,242.66126387767983,317.8517416713275,243.10291799514522,0.5671344496610083,3.7740050253420225,3.7740050253420225,-0.798310063893283,-0.6564244385833157,39.22402399985003
111,3.7,track,1,323.99618594463954,241.13447377364903,317.2394568683799,242.47801829253203,323.67966958933727,241.08293872776034,0.3206843683882685,3.835716957072909,3.835716957072909,-0.7448791068280307,-0.6480755731659056,34.417561000736896
112,3.7333333333333334,track,1,317.76999733749193,236.25271005286982,317.4086662008381,241.720239353657,317.67256276170485,236.36258298588746,0.14685216365006884,4.318305991098633,4.318305991098633,-0.7305573475036903,-0.60823637344706,35.50667399940721
113,3.7666666666666666,track,1,320.87804051509903,243.64835454476994,317.93331623662436,241.9002627898885,320.9688187308413,243.99410470000936,0.3574686759723544,4.109924827520059,4.109924827520059,-0.6965961793539661,-0.6149086307669251,39.477671998611186
114,3.8,track,1,323.9394510631881,239.28106620419243,318.78428604777264,241.5480411190374,324.1447023578005,238.85773738903845,0.47046294187719845,4.299223360929006,4.299223360929006,-0.643026511488201,-0.5939998999663204,38.754663000872824
115,3.8333333333333335,track,1,322.5103395940049,244.3504458357048,319.4007842310708,241.82855751349894,322.9154723359655,244.12150513456012,0.4653454450718449,5.048443672656508,5.048443672656508,-0.5983044587705842,-0.6052255128225004,36.956558000383666
116,3.8666666666666667,track,1,318.74908952959026,239.74738239757207,319.5163136133098,241.54307031975807,318.30144682604066,239.7946270732534,0.45012892533299037,1.7109239970868997,1.7109239970868997,-0.5524125717597155,-0.587585104477678,35.22729100041033
117,3.9,track,1,316.7130165366382,242.58434432043003,319.3683660450502,241.61792758067452,316.4545415016419,242.7777291139018,0.3228111244403393,4.504004328794238,4.504004328794238,-0.5691400168767239,-0.5879233363281157,38.56603400163294
118,3.933333333333333,track,1,313.84904951536555,240.7155308437899,318.87509658781767,241.46740228819536,313.75133711482204,241.17716385839964,0.47186094709950777,6.358577089422044,6.358577089422044,-0.581593149275732,-0.57665737499217,35.60258500147029
119,3.966666666666667,track,1,319.2636020762538,243.48799432391053,319.0508625628087,241.66107089931162,319.3345823455501,243.13475738592166,0.36029783927901154,3.2046036452959417,3.2046036452959417,-0.5609595063520761,-0.5831308445621919,38.19674799888162
120,4.0,track,1,314.62214739992515,244.5731013842125,318.6516498521371,241.97533469827698,314.88586416938284,244.4423628961386,0.29434518300295864,6.7741400483744965,6.7741400483744965,-0.5705233750470123,-0.5969676181145922,41.369570999449934
121,4.033333333333333,track,1,319.42729959226426,238.11596154565518,318.8446561363463,241.49892649940676,319.8514002359056,238.19982436741287,0.4323127673457724,1.8062984797782935,1.8062984797782935,-0.5506674214944912,-0.5701897912699293,39.153587000328116
122,4.066666666666666,track,1,318.5733865602129,237.61996007984033,318.9168031793887,240.99440283053144,318.15957493500326,237.93425802768513,0.5196376248676516,2.766668450691474,2.766668450691474,-0.5367288737880981,-0.5398979026553331,37.22741700039478
123,4.1,track,1,310.80899775246655,241.95653498914328,318.0484559421928,241.0435443874733,310.5992598425848,242.45355786633937,0.5394643002997042,9.71565034934434,9.71565034934434,-0.5728588741300311,-0.5369322532123917,38.914753999051754
124,4.133333333333334,track,1,309.48,243.4417702448211,317.0697876435523,241.27151685802855,309.39902366468266,243.1204257431112,0.3313901864277297,11.050690298810723,11.050690298810723,-0.6190019504097336,-0.5437936983955618,35.81063199999335
125,4.166666666666667,track,1,314.1514881284138,237.7378961840003,316.7094545038143,240.80611859186334,314.2828417706769,237.6357940351777,0.16636895182087014,6.186708984849558,6.186708984849558,-0.6368343893472564,-0.514855964923379,36.2504179993266
126,4.2,track,1,311.13633113828786,246.73603010348072,316.01188864935017,241.44991327427277,311.3903005934383,246.88792601038801,0.2959271036667924,11.025898992641288,11.025898992641288,-0.6744515019349309,-0.5430380136158091,37.37831899888988
127,4.233333333333333,track,1,316.77463933181474,246.3084662110858,316.03541889918864,242.00579574449856,317.2500928232503,246.66037613479628,0.5915205972104485,7.205733809800581,7.205733809800581,-0.6769262038474666,-0.5695072470362388,38.34461899896269
128,4.266666666666667,track,1,311.32309160305346,239.68870229007632,315.40933451752363,241.7357110164173,310.9597233926516,239.2765279095721,0.549476274533014,9.069179290487032,9.069179290487032,-0.7139867822896293,-0.5545887053918714,32.51067800010787
129,4.3,track,1,317.1978766315309,242.4875375775334,315.53010828523577,241.81730244944683,316.9519443653717,242.18938028605032,0.3864976714066205,3.7528694606574424,3.7528694606574424,-0.7140859346506846,-0.5573127887612658,39.34679600024538
130,4.333333333333333,track,1,311.60763637747914,247.52750390193765,314.98012208450274,242.4974020576841,311.52845865315544,247.48795977533746,0.08850338963933335,11.306482847834191,11.306482847834191,-0.7493516799162558,-0.592345951674861,39.397615000780206
131,4.366666666666666,track,1,308.7883726218449,240.12093534450088,314.1328602572268,242.24807335005062,308.9184139075465,240.32200309401983,0.23945558227682576,11.086263406442106,11.086263406442106,-0.8028124769382801,-0.5809691839047272,38.16819800158555
132,4.4,track,1,311.45066246293584,243.27020230454528,313.6648660854827,242.38924988148514,311.6801172229591,243.7123781068498,0.49816556187775174,9.110554353710839,9.110554353710839,-0.8397280802909415,-0.589333990975109,34.917468001367524
133,4.433333333333334,track,1,310.64140542972854,240.52403629818508,313.13916454718515,242.19161616455568,311.1175996014704,240.1414966593022,0.610817046682185,8.883527348097315,8.883527348097315,-0.881643191244402,-0.5803038579239643,38.500788001329056
134,4.466666666666667,track,1,315.9789892319814,247.1826436048475,313.2960607396343,242.80172508567654,315.59433223893114,247.01332231510042,0.4202745548615678,8.282306340410685,8.282306340410685,-0.8893386198719351,-0.6134121784488833,36.154785000690026
135,4.5,track,1,312.0722714420358,243.57832233741752,312.9871394212304,242.94090233148222,311.88831805888776,243.67319520741648,0.2069775558688648,8.90459134073843,8.90459134073843,-0.9208863758400769,-0.6241367453081933,38.663283999994746
136,4.533333333333333,track,1,317.8705564436325,245.13161300144628,313.4020120609061,243.25414025865908,317.88237881682215,245.41601501598265,0.2846476319595517,5.81528487082044,5.81528487082044,-0.9149578934278999,-0.6447307133904145,34.3434120004531
137,4.566666666666666,track,1,320.0476766607433,242.49132292336193,314.06176517870097,243.22828162167013,320.2090571174458,243.02557376416297,0.5580928352004868,3.0327877407998796,3.0327877407998796,-0.8938256730377475,-0.6486171999467314,35.920165999414166
138,4.6,track,1,320.3385770061787,241.24502482847504,314.72296178133985,243.0507907416381,320.6564061256504,240.97320691778185,0.4182108627926386,1.1738827482375784,1.1738827482375784,-0.8693475321078719,-0.6442558316437303,38.526694999745814
139,4.633333333333334,track,1,317.63680719676756,240.1195776473279,315.0245595520268,242.74613704021235,318.13143831234225,240.05195770228403,0.4992318073424408,1.8692839226316045,1.8692839226316045,-0.8607480432626207,-0.6322549453925743,35.712766999495216
140,4.666666666666667,track,1,319.8298355936056,241.5426547465717,315.5723292027829,242.6281892778446,319.46583683828726,241.723173972492,0.4063031931946306,1.8040672999654928,1.8040672999654928,-0.837399437270382,-0.6287505111893045,37.83160199964186
141,4.7,track,1,320.7870247274661,243.35852926653246,316.20148829439506,242.73332696587738,320.5815068020787,243.68721314940947,0.38764766543685,3.7327859528831717,3.7327859528831717,-0.8070377156186572,-0.6365050893711115,36.59909300040454
142,4.733333333333333,track,1,327.6505842442518,242.7648699585375,317.61136609902104,242.75962748447137,327.59233235026534,242.36306221238144,0.40600831028936474,7.951576795609197,7.951576795609197,-0.7321195168058457,-0.6404418093636359,39.390051000737
143,4.766666666666667,track,1,327.3518917488755,243.4012926635673,318.8932732234941,242.85895364408967,327.5361165936271,243.16628167877724,0.2986117151013084,8.174251830112805,8.174251830112805,-0.6576325960782584,-0.6483100211697204,35.99781699995219
144,4.8,track,1,320.37630740393627,246.3650984067479,319.25179488125747,243.30506002404326,320.6564611522808,246.31497108326846,0.28460300643303094,6.349000002124012,6.349000002124012,-0.6265627609503466,-0.6750134886009123,38.40024400051334
145,4.833333333333333,track,1,326.2427914751358,243.5659689245147,320.2777252357529,243.38627098043935,326.6742955722948,243.7514938416485,0.46969700950987503,7.656365157846158,7.656365157846158,-0.5729176561334975,-0.6841968896664092,37.97717300039949
146,4.866666666666666,track,1,326.2845323605731,242.32567410025948,321.23133633482223,243.31077857012392,325.91711288075373,242.72280190758238,0.5410245553575522,6.513514801665534,6.513514801665534,-0.49066366402190914,-0.6853285373717362,36.3599800002703
147,4.9,track,1,323.26176672515066,242.48508658173773,321.7477903165297,243.25588517466474,323.1031967991691,242.1161763106833,0.40154602415570495,3.7560661006258287,3.7560661006258287,-0.44125092164237467,-0.687139347170336,37.180025999987265
148,4.933333333333334,track,1,319.80008257948276,245.4929619759018,321.7999475566741,243.56145909221078,319.8527409735557,245.32077278589256,0.18006116633627642,5.322810184476259,5.322810184476259,-0.41458737424977155,-0.7078036977865486,38.8053860006039
149,4.966666666666667,track,1,317.2549913892621,240.03565413220795,321.5262340539845,243.19245686196405,317.41239491659417,240.12582199864963,0.18140042600616943,2.590662317441603,2.590662317441603,-0.4054546906693677,-0.6938026827648975,34.60436800014577
150,5.0,track,1,317.48540311601874,239.9683860232945,321.2803034053141,242.8355137402826,317.83379093933,240.24455126876308,0.44456868787205855,2.1799694992321266,2.1799694992321266,-0.39654254255089977,-0.6787106332686533,38.743899000110105
151,5.033333333333333,track,1,316.0888038204973,237.43882656155245,320.8678623498649,242.19689491279755,315.62440172624514,237.95900388792845,0.6973189772417314,4.828201050368317,4.828201050368317,-0.3981192130606183,-0.6469342228223133,33.65201799897477
152,5.066666666666666,track,1,316.0644526072632,238.75161888893098,320.4654575901068,241.75544702293092,315.7371564115468,238.46205725977993,0.4369996988638071,4.531788094319104,4.531788094319104,-0.4258726811890226,-0.6227338380757438,37.31313699972816
153,5.1,track,1,315.6126912181303,243.61865911237015,320.0236473513975,241.92602594127902,315.4695959932374,243.57272775956204,0.15028616888431742,5.769657191587353,5.769657191587353,-0.41225695672496,-0.629093030394134,40.44482199969934
154,5.133333333333334,track,1,314.1185886596776,242.64592492390938,319.42240574710246,241.9727517223612,314.13349960817493,242.7747725729373,0.12970756741653774,6.489621689960736,6.489621689960736,-0.42992718707752636,-0.6295777929150526,42.25859399957699
155,5.166666666666667,track,1,310.0124280084874,237.26269324037588,318.3616082762167,241.37519326199325,310.23502326244966,237.64832030931572,0.4452604669018489,10.044160893398523,10.044160893398523,-0.47633171155229903,-0.5959722980167348,41.03548900093301
156,5.2,track,1,309.09637645639305,243.33226499754912,317.25456068418777,241.5436927114812,309.4628747671045,242.88823259342112,0.5757480244603825,10.925790391885764,10.925790391885764,-0.5302963477459195,-0.6005397736231884,44.30469299950346
157,5.233333333333333,track,1,311.98407679277244,235.97978543195936,316.56316009268807,240.82633077876653,311.5484449971412,235.76878206099383,0.48404285339598346,9.451560041269136,9.451560041269136,-0.567371974085174,-0.5587306480379343,38.209919999644626
158,5.266666666666667,track,1,309.41438780371607,238.98513577894235,315.6122640962782,240.51729021696755,309.11680532615986,238.9648738193444,0.29827148364407513,10.932310484000213,10.932310484000213,-0.6215809677553208,-0.5355629054968961,39.62982699886197
159,5.3,track,1,306.86205986579205,240.55349468446053,314.42265950851566,240.42111214160423,306.7610583339846,240.76395137914704,0.2334380640894444,13.260965204156893,13.260965204156893,-0.6928625319073699,-0.5004333625166271,38.22007400049188
160,5.333333333333333,track,1,312.4797497155859,239.1646188850967,313.9896076557096,240.1713426027588,312.4759974191273,239.56108122349966,0.39648009470924606,7.53679404848931,7.53679404848931,-0.7291837455060848,-0.4904124577490779,34.52281400132051
161,5.366666666666666,track,1,311.124504660905,242.200966147111,313.43477187735255,240.30690840140454,311.35686887181765,241.87448347219677,0.4007294143586096,8.844060378948885,8.844060378948885,-0.7738603733803886,-0.48067116131236143,36.541970001053414
162,5.4,track,1,307.95650866443634,244.84922753072962,312.5498293054567,240.7573972559009,308.34178167766817,244.68424459099316,0.4191117573259121,12.564083804217574,12.564083804217574,-0.8384118100434219,-0.5111413367867357,35.05639499962854
163,5.433333333333334,track,1,307.5524729049,245.91505113723096,311.6874287471309,241.3126294261438,307.0933050901111,245.93777403651006,0.4597297165614809,14.207038185547534,14.207038185547534,-0.905431929422297,-0.5344242391767787,37.958614999297424
164,5.466666666666667,track,1,310.73741704570875,246.84755051823132,311.2775821577303,241.94802115116,310.4219262357966,247.09396244134084,0.40031648353465943,11.91905198208632,11.91905198208632,-0.9518457680823149,-0.5646655793340063,35.97105699918757
165,5.5,track,1,317.20091635427315,238.44295505320156,311.6856290566806,241.53959415130242,317.083152019058,238.9294875517889,0.5005819721387347,3.107088515910097,3.107088515910097,-0.9561172587134598,-0.542350442079519,36.49767199931375
166,5.533333333333333,track,1,311.1197855713692,246.45815244063573,311.35960585200144,242.11499870700126,311.210672215766,246.09893334629174,0.37053844587440715,10.698096599919866,10.698096599919866,-0.9971795803419408,-0.570779572698189,38.688599999659345
167,5.566666666666666,track,1,315.13470085470084,248.44102564102565,311.55090324541544,242.89179428446272,315.36938018780165,248.3199961420027,0.2640502395726739,9.521815774738755,9.521815774738755,-1.0115915490738918,-0.6125949170887584,37.07071899953007
168,5.6,track,1,313.0945792266869,245.41330553449583,311.5026242981772,243.2558462441755,313.4851183543833,245.53682745084916,0.4096077075464557,8.54986205016608,8.54986205016608,-1.0373437444523328,-0.6359645441322163,37.470063000000664
169,5.633333333333334,track,1,322.6671687314079,247.54738863576458,312.61705536596304,243.84800799350265,322.22799952624365,247.87544486686622,0.548170120974523,8.184535035051862,8.184535035051862,-1.0008173275760033,-0.6731434816927406,38.294686000881484
170,5.666666666666667,track,1,320.9714565446603,247.34417834011145,313.4719317861716,244.37321490148648,320.7328055023527,246.87234189255338,0.5287569888320656,6.911301396439206,6.911301396439206,-0.9725992063815844,-0.7093745135194812,35.193888001231244
171,5.7,track,1,322.41097339782345,239.34817110036275,314.45382668446155,243.9019639822214,322.3133187707772,239.10429970938418,0.2626969385458607,2.4806698179804867,2.4806698179804867,-0.9332687897411331,-0.6948197913545205,36.406962000910426
172,5.733333333333333,track,1,322.52588996763757,237.6189132234515,315.3926208277684,243.24559267924604,322.61905363258506,237.61489458301895,0.09325029725086961,3.542339591353342,3.542339591353342,-0.8913802320962994,-0.6682147208361501,35.413683001024765
173,5.766666666666667,track,1,319.2044485070079,240.62659963436928,315.87623147353946,242.9845769678834,319.4653462873962,240.82137015721958,0.32558133911960097,0.9800528187663925,0.9800528187663925,-0.8691435350074301,-0.6595960937456369,35.40533500017773
174,5.8,track,1,319.9085572708214,246.07223175147703,316.41155244111184,243.3880835494068,320.34261647818977,246.47409964018968,0.5915278484396236,6.483159122081709,6.483159122081709,-0.8416787011005378,-0.6850303066370749,36.36501999972097
175,5.833333333333333,track,1,327.43513341089056,238.6962509851015,317.809604301389,242.8816540399144,327.0016393348857,238.29461722401524,0.5909541369477128,7.206336363815103,7.206336363815103,-0.765678246185793,-0.663643776231549,37.20224300013797
176,5.866666666666666,track,1,322.81735210847864,244.14353300551335,318.5614909343868,243.0553803201313,322.5968312687706,243.98600385721647,0.2710071462317655,4.7572848756627195,4.7572848756627195,-0.7177557306912062,-0.6760935666398356,32.72703000038746
177,5.9,track,1,326.4828040337146,244.2437913907285,319.69422286308287,243.22860529616577,326.4202683373365,244.29900919154105,0.083424929416042,7.726663287109121,7.726663287109121,-0.6301869467356632,-0.689151258133532,33.149902999866754
178,5.933333333333334,track,1,327.1678887293068,235.44731272205004,320.82510598668944,242.33684550896277,327.2820366048377,235.72791415419897,0.3029305220875592,8.442675795509944,8.442675795509944,-0.5686544872699855,-0.6461590176283207,39.39538899976469
179,5.966666666666667,track,1,319.5849206049862,241.88722513483953,320.9621656149924,242.26944739458494,319.8539734166265,242.35146171583477,0.5365678135946069,2.3559915033990153,2.3559915033990153,-0.5402685986423712,-0.6430105345560116,35.730958999920404
180,6.0,track,1,322.6697911589367,243.20456675790183,321.44127688409066,242.36474436014322,323.10451329379646,242.9157034178973,0.5219438319739175,4.259029139662813,4.259029139662813,-0.49334679745953125,-0.6481281239387475,31.215459001032286
181,6.033333333333333,track,1,321.25508011310086,242.7267106503299,321.70325381665083,242.39789042022434,320.8672911164322,242.63952256601345,0.3974695812059521,2.778358014572008,2.778358014572008,-0.4562543392264123,-0.6502947887777015,37.71746199890913
182,6.066666666666666,track,1,317.1573511316604,239.28643871881874,321.44042803987537,242.0181434708373,316.9363939136551,239.37015445465838,0.236284609350286,3.1276808761886685,3.1276808761886685,-0.44640494671931513,-0.6305872466417222,35.78925799956778
183,6.1,track,1,319.19589467293974,242.94342844134164,321.4202196574867,242.10036350882706,319.15916870520743,243.2779308745676,0.33651251765716705,3.3840549766140127,3.3840549766140127,-0.4253194094973618,-0.6337743741305476,36.12544699899445
184,6.133333333333334,track,1,320.5375494071146,235.0558300395257,321.54594511944765,241.23586784834313,320.67777597664224,234.63678770515432,0.441882301972922,5.405869624223027,5.405869624223027,-0.3971134491214489,-0.5869078870883084,37.06777800107375
185,6.166666666666667,track,1,313.9997351995461,240.92366181199168,320.86708018136403,241.12945815983824,314.28398854114147,240.68295032028465,0.37248085111582413,5.756666408415459,5.756666408415459,-0.4117617608860443,-0.5765900119186866,40.90817500036792
186,6.2,track,1,315.30065725595637,236.0423108521921,320.37269763707326,240.45043206057744,315.7510477100894,236.02026807901353,0.4509295344325365,5.821671729396576,5.821671729396576,-0.43964872861242976,-0.5117859578717265,36.50526599994919
187,6.233333333333333,track,1,307.8814750443949,239.97279631238902,319.0115403679027,240.28910887950786,307.50740796060427,240.1589198291268,0.41781353096622975,12.493602818037049,12.493602818037049,-0.4787826858875739,-0.5019968375077716,36.063108000234934
188,6.266666666666667,track,1,313.31915455746366,243.69428193998868,318.3787347072733,240.58973404225824,313.14633126911383,244.11600865432655,0.45576453414264295,7.994642100508183,7.994642100508183,-0.5038749616878893,-0.5234087745976629,34.36433900060365
189,6.3,track,1,307.7222349614003,245.81082320568677,317.11373354925746,241.13116725107966,307.7100084648377,245.43331764731786,0.377703499874727,13.437441445119555,13.437441445119555,-0.5658819591178141,-0.5450183883936017,35.52111499993771
190,6.333333333333333,track,1,309.6797037372936,237.91323735026262,316.16261261215976,240.6989828998226,309.85868122771245,237.72888019389018,0.25694455273922595,10.392513248240588,10.392513248240588,-0.617140525371898,-0.5173798447187377,37.837142999705975
191,6.366666666666666,track,1,306.19378469206663,240.80647962844088,314.85898845437475,240.64328617795334,306.5227432423456,240.84801565821306,0.3315704594364161,13.503909814135897,13.503909814135897,-0.6916520340285438,-0.5080696613230958,37.58183699937945
192,6.4,track,1,309.85265864911884,241.89123364344604,314.08286939758756,240.72522183277985,310.31544526209717,242.1142702373137,0.5137283049979242,9.912655502327649,9.912655502327649,-0.7440096142080194,-0.5060161414525699,33.9836719995219
193,6.433333333333334,track,1,306.59075795360087,238.2633567596161,312.9772606576918,240.37236782264173,306.24371304950733,238.69393396749922,0.5530252231189043,13.818148904449798,13.818148904449798,-0.8173941949554968,-0.46188003839203634,34.619343001395464
194,6.466666666666667,track,1,305.6347694633409,245.83726379440665,311.8409202305843,240.95144093195358,305.45850004158126,245.53579103136477,0.34922304606595295,15.559569511513832,15.559569511513832,-0.897230527714885,-0.503595958588689,35.34356699856289
195,6.5,track,1,310.0434601394362,242.8424143679903,311.32047423981004,241.14029760407067,309.9785869017627,242.7684379089185,0.09839234453476368,10.39677685348008,10.39677685348008,-0.9491114518479087,-0.5090909070758874,38.15292400031467
196,6.533333333333333,track,1,309.3727519000677,242.71593046880878,310.772335086432,241.30440126171695,309.49526747040125,242.83699615406633,0.1722410088249229,10.881082331119336,10.881082331119336,-1.0044627978411342,-0.5142923960928096,36.50177300005453
197,6.566666666666666,track,1,306.82963962950464,244.08407394907564,309.9749552105017,241.62324657741743,307.2161309393921,244.3865017761908,0.4907526089916546,13.515498732614102,13.515498732614102,-1.0750876237020386,-0.5286232079152772,39.11547200004861
198,6.6,track,1,309.63363691103416,245.5825304832154,309.5843268752632,242.10190114853,310.1766376861408,245.10555817286513,0.7227395288811084,11.070915563125718,11.070915563125718,-1.1270688996223808,-0.5530116347602558,38.622165000560926
199,6.633333333333334,track,1,316.53794311388646,240.77382629554887,310.0664963994606,241.9747257480513,316.1700411736903,240.62177253069137,0.398085650341003,3.8801012475384917,3.8801012475384917,-1.1337168225604073,-0.5473734676714365,36.946112999430625
200,6.666666666666667,track,1,313.75933641390804,247.99439436406334,310.2079721879489,242.71714497527273,313.6126506736678,247.968856271928,0.14889224472664025,10.21278129107063,10.21278129107063,-1.1557089307018806,-0.5875535692172479,37.83405400099582
201,6.7,track,1,320.11254369807915,242.29372627147313,311.11936614999223,242.72919634948602,320.09545290414684,242.45513272397514,0.1623087740897557,2.4569875761272497,2.4569875761272497,-1.1353690668066085,-0.5921729562683491,38.301371001580264
202,6.733333333333333,track,1,315.8996382000452,248.53723524534558,311.48640207862655,243.48317023254776,316.0629248092861,248.9116577128118,0.40847851950973746,9.742597407655373,9.742597407655373,-1.1392605221001566,-0.6363653017570363,36.34286300075473
203,6.766666666666667,track,1,321.2448156247643,242.45452831611493,312.4823896274901,243.4580060435087,321.5956051746324,242.03155641933347,0.549507537494755,2.5832493798022496,2.5832493798022496,-1.1073334125700043,-0.6423836497085791,36.579816000084975
204,6.8,track,1,323.4742099043117,245.63283900728146,313.6925987611325,243.808314455714,322.9588643260719,245.46961819248014,0.5405757110671346,6.218649473286824,6.218649473286824,-1.0589382722220348,-0.6682252442648673,44.40890300065803
205,6.833333333333333,track,1,322.22932103432635,242.04207621351884,314.68367035394414,243.7011902393612,321.92772800092285,242.06442565747085,0.30241999841691,2.824533331502033,2.824533331502033,-1.016260744589664,-0.6711585225179411,41.356622999956016
206,6.866666666666666,track,1,329.7112684010391,245.99495500922404,316.50845522576384,244.0669814380332,329.58655764786835,246.27394541052448,0.30559518316588596,11.45707111569725,11.45707111569725,-0.9243003254200222,-0.6986648312966035,36.42651199879765
207,6.9,track,1,323.072993529345,245.15854996783594,317.42164124268174,244.30367762262765,323.079564893891,245.63422431301873,0.4757197341892368,6.420919213406864,6.420919213406864,-0.8724062739649915,-0.720752820245968,35.60817800098448
208,6.933333333333334,track,1,327.0305824151113,237.21246533243385,318.74194416831835,243.56828020464025,327.24550571365666,236.88660348794468,0.39035620393620957,7.886101120827037,7.886101120827037,-0.7945190532806315,-0.6919519491375888,37.398211999970954
209,6.966666666666667,track,1,332.74171885610804,244.71180110163738,320.6504671633329,243.7693067184206,333.14760665653864,244.62743055213699,0.4145639831936596,13.938173277367088,13.938173277367088,-0.6793466864987642,-0.709556936989738,35.94075700129906
210,7.0,track,1,325.0544884359075,239.31457318325212,321.50346607520373,243.30799774385423,324.5988295754913,239.40824400494552,0.4651872955192202,4.63674547739,4.63674547739,-0.611945834516401,-0.6925701960224071,39.8646749999898
211,7.033333333333333,track,1,332.084974526652,239.95019390160445,323.12228509960096,242.9474688216115,331.736901350371,240.34363754399675,0.5253121317704903,11.741930849310291,11.741930849310291,-0.5001581657696098,-0.6787089535946054,40.014509000684484
212,7.066666666666666,track,1,328.88962639863456,236.82188507490991,324.2336036593279,242.23311261384043,328.7882258807463,236.46120724892808,0.3746605919802455,9.473962648546737,9.473962648546737,-0.4085575828246798,-0.6442233160611586,34.02404099870182
213,7.1,track,1,324.795449374289,243.762950322336,324.7578317777332,242.39309060951246,324.8637725952664,243.47977701017976,0.29129913704346344,5.980395630645207,5.980395630645207,-0.34376922757982303,-0.6529651913537153,40.34565800066048
214,7.133333333333334,track,1,323.6948134328358,241.05272388059703,325.0880241270992,242.22024234645872,323.9180657078666,241.03391593950303,0.22404311405313077,4.052187194728147,4.052187194728147,-0.2876114033594407,-0.6445630220778753,38.951675000134856
215,7.166666666666667,track,1,319.42213021347715,243.38046038137202,324.85713775252066,242.3375570342999,319.8095538197272,243.48338990948656,0.40086349102618546,3.4885921242090316,3.4885921242090316,-0.26061635029616537,-0.6507624744076272,35.60917600043467
216,7.2,track,1,321.22863288902545,242.0706411093612,324.82852782163997,242.29213706106725,320.7754614962558,242.46185884380824,0.5986782332527883,2.5811023805754254,2.5811023805754254,-0.2247197616082237,-0.6487615383694081,37.34736299884389
217,7.233333333333333,track,1,317.1979728190722,243.02919292384786,324.29389247122555,242.36509855476228,316.9571790366352,242.64430369746523,0.4540059055185865,4.031265491073579,4.031265491073579,-0.21680369769978675,-0.6528327693775064,35.167203001037706
218,7.266666666666667,track,1,307.13127617035724,235.02451997434832,322.5652638585251,241.4770886968688,307.00858849219003,234.83996127734713,0.22161719024669407,13.978654176441108,13.978654176441108,-0.33405952150470564,-0.5738298084955763,36.082393999095075
219,7.3,track,1,310.80618124672606,234.3272842924493,317.03495431354366,238.11889595562153,310.8722942474321,234.32651191044124,0.06611751232707744,10.747254505585442,10.747254505585442,-0.671919718978319,-0.3532490343618827,33.917160999408225
220,7.333333333333333,track,1,309.2967186496998,237.13453913831515,311.12283028544994,235.9831902120852,309.52052167270716,237.3680196942457,0.3234207215143598,10.804942681110289,10.804942681110289,-1.0561723216859724,-0.1902467097329381,39.54585100109398
221,7.366666666666666,track,1,309.3880985623184,239.55416776725406,307.4655536108124,236.1977050069602,309.7941088854921,240.01026719041081,0.6106316944996635,10.20589627893553,10.20589627893553,-1.335230211172788,-0.1563999166403164,37.2039189987845
222,7.4,track,1,318.1187410855041,248.1880677126342,309.5758402659251,240.60644432370472,317.67032157077745,247.88247287663032,0.5426493020173548,8.219536497540325,8.219536497540325,-1.2360158350805928,-0.4111052227151728,38.4172550002404
223,7.433333333333334,track,1,313.6523038032862,243.3646252250182,312.09973937049955,243.43406636154293,313.3659480382913,243.19657479398666,0.33202495616397054,7.364016284895193,7.364016284895193,-1.1024924781412289,-0.5975397908947165,39.113598000767524
224,7.466666666666667,track,1,319.97867334547664,242.60371129326046,316.6773217225259,244.56546015609325,319.8856295620599,242.68407208494614,0.1229430863157987,2.6865076873632283,2.6865076873632283,-0.8397786044109237,-0.6966922494433893,37.36774399840215
225,7.5,track,1,323.349166855161,248.76950916082333,321.1278314565148,247.75133747769365,323.43372347362293,249.0837874823831,0.32545458228166524,9.711109716114262,9.711109716114262,-0.5604889935357656,-0.910594314963504,39.244621999387164
226,7.533333333333333,track,1,313.9125633116265,241.64800639780645,319.7535204884582,246.56130934615226,314.1856459143689,241.1869376338255,0.5358717318906406,5.93426780485062,5.93426780485062,-0.618136654720423,-0.860154935537047,37.17275700000755
227,7.566666666666666,track,1,321.4353900762782,242.4866701910732,319.97242993304394,244.44724524497622,321.89079629254303,242.26793082984722,0.5052145385498842,2.952731086446233,2.952731086446233,-0.6139970349598168,-0.7498948982245324,39.01487799885217
228,7.6,track,1,313.89704279863224,239.25844512080562,316.8443122988643,241.46310830419438,313.4785667516105,239.24386950478265,0.41872980609622196,6.565121852562789,6.565121852562789,-0.7866265176751096,-0.5779615794418033,39.40229099862336
229,7.633333333333334,track,1,320.7794134385552,240.50684827560042,317.9027582224768,240.1183624295647,320.5427845687748,240.64628913301266,0.2746579231142231,0.8439814758336077,0.8439814758336077,-0.7148192296967918,-0.48810415784580885,39.0476190004847
230,7.666666666666667,track,1,316.9469670974875,240.40333218956118,317.9575114843936,239.81436896309265,316.8543531552359,240.847270488914,0.45349592713899833,3.2577540351227925,3.2577540351227925,-0.6967035047026825,-0.4720253027050557,35.78772599939839
231,7.7,track,1,312.4416946466971,244.8356283245935,315.6833484467449,241.85275898232888,312.58079646494224,244.40528589235018,0.45226532569742856,8.62850652708527,8.62850652708527,-0.813936007067185,-0.5650659974684447,35.961699000836234
232,7.733333333333333,track,1,315.0740120944738,237.20351424333472,315.2672976021601,239.81840028828861,315.34992247171175,236.97899468916836,0.3557183808445241,5.545240671707977,5.545240671707977,-0.8427530728602818,-0.4617843378698935,37.32267200030037
233,7.766666666666667,track,1,314.2777230722618,244.17069383426752,314.67241111236854,241.45728350937026,314.7292079190793,244.1688008797705,0.4514888151245202,6.7201302022707745,6.7201302022707745,-0.8836035652764389,-0.5323063199064421,37.73349999937636
234,7.8,track,1,317.50311708920543,242.12967091094572,315.58467368790707,241.76360417266477,317.1093092139698,242.36668064009197,0.4596283871863927,3.7359430499709045,3.7359430499709045,-0.8439451236312211,-0.5484326253086947,37.36083100011456
235,7.833333333333333,track,1,318.630721931223,243.37948834737722,316.644509036427,242.43181388465,318.40475334058414,243.84585894204378,0.5182309673542707,4.163585342763559,4.163585342763559,-0.7903063251533865,-0.5861041301749843,34.71181699933368
236,7.866666666666666,track,1,324.3012116195063,238.69735851896448,319.3347559998258,241.2927759042682,324.24697211360075,238.3460072890886,0.3555131653485982,4.5576818692675864,4.5576818692675864,-0.6414294658228159,-0.5283845575634627,35.96822300096392
237,7.9,track,1,320.32801451960523,239.66620032517866,320.0069111065715,240.77147117778026,320.4994754464401,239.55331795480876,0.2052834113400298,0.6700750488510715,0.6700750488510715,-0.5886441691320045,-0.49790001672698037,41.09724699992512
238,7.933333333333334,track,1,323.60305228165606,242.2305832577818,321.4552677114377,241.14617161238843,323.86921418694044,242.35567875660942,0.294093596753722,4.529905167744914,4.529905167744914,-0.49030396741013116,-0.5133436710230469,36.327771998912795
239,7.966666666666667,track,1,314.1194432825037,244.05396052781686,319.9040847648309,241.93692332199748,314.59003718376863,244.36247829601328,0.5627093683249278,6.949742049615438,6.949742049615438,-0.5431477038977637,-0.5533466095885896,38.26843199931318
240,8.0,track,1,314.3130780894617,248.77111448066717,318.7396462201016,243.77354283658738,313.93129236536936,248.3382945525189,0.5771424688263724,10.312922398582792,10.312922398582792,-0.5936237067125449,-0.6538635784128342,38.11595600018336
241,8.033333333333333,track,1,316.6340082817308,241.51453101850092,318.384579507722,243.43205808337117,316.39471628349133,241.28752683917344,0.32983565279330557,3.8282889177953225,3.8282889177953225,-0.6023209646249899,-0.6460090675419762,35.74644000036642
242,8.066666666666666,track,1,319.39916014073316,245.6047365036129,318.73685340141986,244.10036533036404,319.35526140430954,245.5492074739559,0.07078539534564282,5.586536623506639,5.586536623506639,-0.5752691125081867,-0.6905512764728143,35.72039299979224
243,8.1,track,1,319.1836703836704,246.9095445095445,318.9697186859867,244.92096312235643,319.3360794424479,247.07907681097183,0.22796868737764536,7.110141981872046,7.110141981872046,-0.5534061182114469,-0.7462156995994992,36.50551999999152
244,8.133333333333333,track,1,316.0460606060606,246.98117424242423,318.4989408150752,245.59984634571157,316.3918540822662,247.36822071629948,0.5190164748113525,8.204230219085993,8.204230219085993,-0.5686090979061821,-0.797843550122016,35.607625999546144
245,8.166666666666666,track,1,307.95102009627874,238.53209291663484,316.4882610284518,244.46550079517456,308.44670277174373,238.1030911344058,0.6555485061472062,11.707986167091414,11.707986167091414,-0.6689229460950492,-0.7551131550230931,38.6526740003319
246,8.2,track,1,315.5714607500845,240.05788940195967,316.2617698955568,243.8002029903932,315.2219686488348,239.8762714667033,0.393865209485096,4.779633076154439,4.779633076154439,-0.6834313579228983,-0.7317556717249658,37.95234999961394
247,8.233333333333333,track,1,312.4236445725993,235.26057593808096,315.4950575415213,242.3532582878003,312.252826273077,235.2862972782006,0.17274396889396498,9.068500102256433,9.068500102256433,-0.7280768267587865,-0.6631034992264517,37.24253700056579
248,8.266666666666667,track,1,312.0031319910515,241.02796420581655,314.7706531890222,242.13603178236855,311.98613821015266,241.2477598224415,0.22045158578877372,8.110418322212146,8.110418322212146,-0.7740771796943114,-0.6531584335792651,34.019344000626006
249,8.3,track,1,317.8885607476636,235.31925233644859,315.1546966122959,240.97761857762674,318.0679615812814,235.75270095470637,0.46910805127641053,4.66608204295176,4.66608204295176,-0.7641964674517634,-0.591683989585669,35.49157499946887
250,8.333333333333334,track,1,318.32741402613004,244.76486709716173,315.5637242805644,241.530726425894,318.667980667383,244.43830335345822,0.4718363231417978,4.633876580119926,4.633876580119926,-0.7511675976599552,-0.6161090402674578,36.11153100064257
251,8.366666666666667,track,1,319.72360739708483,237.2417234755753,316.1460558440289,240.81515140925333,320.1953692911447,237.11668151055275,0.488052023562693,2.8899298731129686,2.8899298731129686,-0.7269163471822707,-0.5752452889780606,38.22674000002735
252,8.4,track,1,312.06518551934136,243.80613510770272,315.4734387010084,241.20584422507906,311.73922541833053,243.84710549915414,0.32852482467336885,9.112662476509177,9.112662476509177,-0.7668045381749297,-0.5901215781650474,37.3544040012348
253,8.433333333333334,track,1,318.4622684310019,239.8131190926276,315.8460199602821,240.9512338852841,318.3279869688232,239.5584211270815,0.2879280547952575,1.7293407638267762,1.7293407638267762,-0.753835578613193,-0.5723634844043992,35.79873199851136
254,8.466666666666667,track,1,311.72715209190346,239.28192830467668,315.1899005828339,240.64945377089526,311.7175019079288,239.71714022240465,0.43531889389641837,8.287326728140037,8.287326728140037,-0.7938734597561128,-0.5052274787353302,36.8145939992246
255,8.5,track,1,319.9426901034655,226.79295357513752,315.78650852104454,238.5912391309397,320.13741205098796,227.04679805162448,0.3199275778826767,12.95393078517699,12.95393078517699,-0.7454486590963242,-0.2935566213788556,38.841319001221564
256,8.533333333333333,track,1,318.1198671497585,229.32678517512076,317.5523009782422,233.33010375163457,318.4209735574539,229.38556337813256,0.30678974217621785,10.73124360481582,10.73124360481582,-0.6327216588510738,0.08454398249801512,34.86072600026091
257,8.566666666666666,track,1,318.5072871874881,222.6303131778226,318.944550185602,226.2841820034198,317.9705929811097,222.521126287041,0.5476882765576512,17.59629276642925,17.59629276642925,-0.5354769441149662,0.5645542284996266,34.639769000932574
258,8.6,track,1,313.3374437781109,227.2003748125937,317.2597132654176,223.60203081406505,313.00556568311987,226.8322313484644,0.4956537905796903,14.910138922005858,14.910138922005858,-0.635246115379915,0.7823772874176331,38.08403200127941
259,8.633333333333333,track,1,311.62500938508896,223.1938583977776,313.9683506457435,222.46050299839183,311.477126261661,223.64209789514723,0.47200430633309404,18.445062700669123,18.445062700669123,-0.8353368668018242,0.9258501415813097,36.430112000743975
260,8.666666666666666,track,1,314.22057117191304,230.17105213908746,313.10279126946756,225.32800318742775,314.21011554561255,230.32870056912526,0.15799477084611727,11.271947244234045,11.271947244234045,-0.8984440554601738,0.8209170242549101,34.64238099877548
261,8.7,track,1,322.1036023887498,234.71581583509922,317.2093705981268,230.52252010396586,322.30237026783965,234.73186022963804,0.19941437348898178,5.749278693045009,5.749278693045009,-0.6818097116764145,0.564873298724194,38.13856200031296
262,8.733333333333333,track,1,316.1552713002792,234.99200060372803,317.2506821033508,234.0076900660949,316.53421229857,234.75390457022263,0.44753324050471943,6.287543371597072,6.287543371597072,-0.6682184220394684,0.37588795304461253,37.683360000301036
263,8.766666666666667,track,1,318.7230081332151,230.59549782214856,318.3302233634716,233.98979260952603,318.26765954167365,230.2228246206342,0.5884111274829321,9.929459293558278,9.929459293558278,-0.5994365176830422,0.3984548949748363,38.50905500075896
264,8.8,track,1,314.2969510824781,231.97673983069893,316.8878995056873,233.12112575514286,314.0178738278333,232.3010970897408,0.4278922125409983,9.749817411691332,9.749817411691332,-0.6698853437638805,0.4693367538372707,38.76497700002801
265,8.833333333333334,track,1,319.6929148656268,232.25010336402931,318.240304883525,232.60047341042142,319.5418231358569,232.4105699700889,0.22040472423508375,7.603247609919897,7.603247609919897,-0.5931222447683536,0.5255527409780301,38.66706499866268
266,8.866666666666667,track,1,319.6752159519008,225.1983713231097,319.1449718269036,229.0426399911631,319.7102022257698,225.11219206957537,0.09301023115214431,14.890628184303146,14.890628184303146,-0.533290086849127,0.7547978351944615,37.14905899869336
267,8.9,track,1,313.5375786044397,225.81430411394803,317.05123277595555,226.97653667063804,313.75259913461355,225.51880417271693,0.3654504667719262,15.771336346706708,15.771336346706708,-0.6364862253264918,0.9208254707085799,35.60189400013769
268,8.933333333333334,track,1,317.58999015673504,227.3554932990081,317.2384682889443,226.2967922553522,317.963732124437,227.83998566179935,0.6118953407444683,12.32932826906216,12.32932826906216,-0.6269927926614315,1.0187974113204168,34.93087400056538
269,8.966666666666667,track,1,320.0306370470861,232.9567199894485,318.275642783324,227.98897657489445,319.6202135542589,233.2340593841894,0.49534289471005066,6.776591337910534,6.776591337910534,-0.5577892840911264,0.9554697107869725,33.89522200086503
270,9.0,track,1,312.0125538692149,234.66449316095185,316.34213941207963,231.48733203380363,311.7211371150165,234.72780820953722,0.2982155596290956,9.81506887106658,9.81506887106658,-0.6558074452789662,0.7805771901186492,38.02997800084995
271,9.033333333333333,track,1,316.39484262419415,233.70163064087978,316.34768762484714,233.64072272590445,316.306228060632,233.51885431700535,0.2031249010937903,7.459839174155336,7.459839174155336,-0.6590618943240828,0.6633535099483852,33.49905600043712
272,9.066666666666666,track,1,317.9339730408956,231.20641992232123,317.06277751637526,233.67668110773081,318.03285362888425,230.81029244101217,0.40828219668416826,9.397892841755112,9.397892841755112,-0.6221439406938343,0.6579666582055763,34.65286400023615
273,9.1,track,1,313.4776958067352,231.4712358090287,315.59684158884096,233.56058662882876,313.7123742542817,231.88301390796283,0.47395693528488536,10.267409641021645,10.267409641021645,-0.7155018667323527,0.6795353572105183,35.163462000127765
274,9.133333333333333,track,1,316.4193973634652,233.71811676082862,315.39145781497274,233.74786867302052,316.80723858700037,233.91184926509007,0.43353557856384195,6.874540334547738,6.874540334547738,-0.7435803473537821,0.6850883280706327,37.481047000255785
275,9.166666666666666,track,1,312.5939071058753,232.16324003901855,313.6746845062606,233.11536572885598,312.07876762911576,232.17599947229843,0.5152974710336933,11.133773238710173,11.133773238710173,-0.8557546872899773,0.7362380506662678,38.18063499966229
276,9.2,track,1,319.08296435272047,239.3046904315197,315.5763816944299,235.92039252175604,318.80688850125784,239.0776680351607,0.3574311740872499,1.5080488393268476,1.5080488393268476,-0.7723549548305785,0.5975738658974605,35.97728100066888
277,9.233333333333333,track,1,316.2027803308824,237.49011948529412,315.70440486601257,237.01165872980317,316.0646654989091,237.0609576170632,0.4508387915369066,4.911703142920504,4.911703142920504,-0.7736479086866711,0.5370752603393067,33.61567900174123
278,9.266666666666667,track,1,312.09587031743644,239.89040168497067,314.15161195391266,238.65723061882727,312.2037990851847,240.26610533557997,0.3908987746064322,7.800741038759784,7.800741038759784,-0.8665285518031516,0.44079877120961425,34.00961100123823
279,9.3,track,1,317.2652043109029,239.93442248371986,315.03180085449844,239.75093337146674,317.5080232481133,240.06718066246893,0.27674134185691557,2.492882141889877,2.492882141889877,-0.8338024484249484,0.3539936298646262,39.23848499835003
280,9.333333333333334,track,1,321.64422452332735,233.59967139199878,317.1817778025997,238.28210385815336,322.121875336908,233.50955991615973,0.4860765143391768,6.82848207344054,6.82848207344054,-0.7257171758190065,0.4283434617149907,37.099867999131675
281,9.366666666666667,track,1,321.6901301559595,229.48867301635488,318.74940471369814,235.86873964209187,321.2664782243718,229.18361308945316,0.5220560488484651,10.890279743489462,10.890279743489462,-0.6373188528536631,0.5516003877123796,35.46599800029071
282,9.4,track,1,322.636751497006,230.37791916167666,320.18033814095173,234.33594962082037,322.41281832575646,230.88749217855909,0.5566064361113112,9.426531232056044,9.426531232056044,-0.5576750713298367,0.6407015951742823,35.2133579999645
283,9.433333333333334,track,1,314.7746500075267,228.31691253951527,319.05051425861063,232.6012650378891,314.7068044595696,228.600419184501,0.29151163978246464,12.568546526879132,12.568546526879132,-0.5916108666816959,0.7489479375260804,37.8816510001343
284,9.466666666666667,track,1,318.41989419988664,235.20595125637635,319.12150315584176,233.07552563037137,318.53339244295626,235.25638465788313,0.12419894994497038,4.96516104878224,4.96516104878224,-0.5758465314469297,0.746563095042655,37.88287200040941
285,9.5,track,1,312.33055261965876,231.09399063868338,317.66544784791853,232.4400573305454,312.56552382791665,230.95059880974955,0.27526838778755697,11.711665033434885,11.711665033434885,-0.6425563607638305,0.801299413766293,39.55395800039696
286,9.533333333333333,track,1,313.092642330244,233.1595233591829,316.67808511647496,232.42214834962348,313.4970436566648,232.79977630602994,0.5412562933242766,9.702147311112698,9.702147311112698,-0.6916263086025924,0.825529209327342,31.08057600002212
287,9.566666666666666,track,1,313.8434215978003,238.8098233455121,316.04552194641997,233.6635733323831,313.46353858322345,239.21437275796262,0.5549516482343712,6.583504994791127,6.583504994791127,-0.7266977317782704,0.7817233217775322,36.28141700028209
288,9.6,track,1,314.33033792712854,240.49469511043986,315.63175075154334,235.03718560772631,314.0668482371997,240.66803953132077,0.3153967421349574,5.970642063951567,5.970642063951567,-0.7532164432286296,0.7244329991539928,36.78359700097644
289,9.633333333333333,track,1,314.88812699605484,242.98767612248733,315.40375613642095,236.67385633737462,314.83851309985744,243.00152668801337,0.05151093923893771,5.970771263346118,5.970771263346118,-0.7717992952762459,0.6461696630317852,34.69928300000902
290,9.666666666666666,track,1,320.2467839828988,236.16272855670496,316.2448116372121,236.72810395246321,320.3734985715102,235.9404845274417,0.25583001291897317,4.07666126319816,4.07666126319816,-0.7342118382750223,0.6446772571350976,42.81299499962188
291,9.7,track,1,315.1310196699073,241.08561308312608,316.0142452419818,237.67536768487278,315.4454428743393,240.61750689057922,0.5639019054640569,4.596227297558257,4.596227297558257,-0.7499823699866857,0.5950029098312161,46.49403000075836
292,9.733333333333333,track,1,316.6046650050221,235.5531788251925,316.08012541808523,237.49581027344664,317.0729999464111,235.89674627666625,0.5808409515848139,5.040240116478764,5.040240116478764,-0.7508929903612547,0.6011211842844093,35.698916000910685
293,9.766666666666667,track,1,313.4265051117001,242.30034078000756,315.5951580900876,238.48753860429318,312.9796888655902,242.3980704030982,0.45737931415531113,7.418592190040739,7.418592190040739,-0.7808371533352393,0.5455215025836195,37.034277000202565
294,9.8,track,1,321.5222217997947,234.6900353571836,316.5136092652581,238.08191398204943,321.3284353026431,234.5972430138475,0.2148572211029914,5.56367894515203,5.56367894515203,-0.7379919811383884,0.5600843708553604,38.98328300056164
295,9.833333333333334,track,1,314.4816704459562,240.42902494331065,316.1886574340349,238.6389741533854,314.4218809572862,240.11288923443425,0.32173990952663045,5.579261244460378,5.579261244460378,-0.7572389488016663,0.5252590078145556,38.86364299978595
296,9.866666666666667,track,1,316.03839587206437,239.32719960541792,316.1459242051961,238.94886390720487,316.18051215305576,239.8149533972089,0.5080362179306853,3.8239677898956317,3.8239677898956317,-0.7628011001924966,0.5012979861535669,36.86169999855338
297,9.9,track,1,313.04969498869275,241.41262993861767,315.6578436340292,239.5289600324376,313.3537120340704,241.70196117933912,0.4196890881802402,6.860744535547017,6.860744535547017,-0.7922131398950073,0.43713296968717535,36.2782550000702
298,9.933333333333334,track,1,312.6699373537625,241.23360253604045,315.17071783290135,240.00816337282222,313.18044492219565,241.32046760475217,0.5178450710297385,6.946219558465385,6.946219558465385,-0.8236742905975512,0.4240199937402558,32.617995000691735
299,9.966666666666667,track,1,322.80312595071496,241.68329783997567,316.1957698576082,240.49021941799413,322.444869686755,241.5382856793832,0.38649201464744976,2.8885481849207393,2.8885481849207393,-0.7766709821892075,0.41071881662187465,36.544180000419146
300,10.0,track,1,320.2295169672883,240.98410272088046,316.75321057957024,240.81307506802622,320.0399190946518,240.66195834674798,0.37379720583960574,0.6631609057741098,0.6631609057741098,-0.7499312862495748,0.3549650380309532,39.23088000010466
301,10.033333333333333,track,1,318.4421691315889,236.35180128934394,317.00782201345714,240.4534616186433,318.431759589921,236.79804887996985,0.4463689849184987,3.5653708024365502,3.5653708024365502,-0.7367359475320748,0.3821265189781088,32.57039799973427
302,10.066666666666666,track,1,316.90242979335403,232.86814018620845,317.02795742815533,239.64595345196537,316.99070501674566,233.08568719987875,0.23477482450575443,7.540794241600834,7.540794241600834,-0.7348099993779044,0.37077683742464324,36.759746000825544
303,10.1,track,1,318.2948587378824,232.0911697031421,317.23024370588854,238.80114276114168,318.6446536924529,232.13137050689485,0.3520974508077763,7.984503347932527,7.984503347932527,-0.7230459152246533,0.4232895481501462,39.289649999773246
304,10.133333333333333,track,1,315.37877770315646,235.82676665920454,317.0295280594266,238.51635364659728,315.8815747986445,235.6112660079453,0.5470333170149623,6.018505810595881,6.018505810595881,-0.7318231646304763,0.4328261705657115,35.198038998714765
305,10.166666666666666,track,1,317.9941608589188,229.93851949519683,317.18347327149826,237.48818003000503,317.62000025898936,229.50113218020525,0.5755899737270478,10.765250775747518,10.765250775747518,-0.7226127686911312,0.4835601627588765,36.75558299983095
306,10.2,track,1,315.32615751968063,231.50143640637242,316.98104687759997,236.7435838666598,315.1562726614848,231.88545633545985,0.41991924340345066,9.450265256256463,9.450265256256463,-0.7317199914865581,0.5240438065447183,36.691721999886795
307,10.233333333333333,track,1,320.2015188138787,234.1800308330637,317.41172142006405,236.39889656882195,320.172217212191,234.30823871048582,0.13151366352796565,5.694366105633438,5.694366105633438,-0.7080576192415903,0.5467762280953061,38.7111880008888
308,10.266666666666667,track,1,321.2584036780223,233.76529996985226,317.93955291920963,236.0307156980754,321.4098233998118,233.64943976651148,0.19066074285223988,6.505168506489486,6.505168506489486,-0.6773715139110287,0.572449896394545,34.87923200009391
309,10.3,track,1,315.5069656812776,227.4168459999245,317.7069827642608,234.9018623464681,315.8180816607659,227.1469336242585,0.41188086048107403,13.516277455543696,13.516277455543696,-0.6848783377110597,0.6403214818049257,37.219604000711115
310,10.333333333333334,track,1,316.2161551496893,229.0867633214084,317.5759872200155,234.06841623832483,315.74347437417396,228.5930627005421,0.683496465671595,12.17523013979931,12.17523013979931,-0.688066203355239,0.6974614012464658,37.967742999171605
311,10.366666666666667,track,1,313.1212144241365,232.9912984002736,317.07088442119294,233.783536496314,312.78619726865327,233.28929656869772,0.44837417728077256,9.852537256447079,9.852537256447079,-0.7118342642970014,0.729027208711287,37.14834600032191
312,10.4,track,1,320.41498797354177,234.19603126879133,317.49286709133844,233.67546849280015,320.27121238646436,234.30819958477917,0.18235446402817773,5.698258341395172,5.698258341395172,-0.688580443641807,0.752302198295065,37.94038600062777
313,10.433333333333334,track,1,316.7741127348643,232.29960144239894,317.4403289924674,233.353108137987,316.77238772661985,232.1209997188419,0.178610053779155,8.514465715343729,8.514465715343729,-0.6888208890893898,0.7872388474095827,35.27097600090201
314,10.466666666666667,track,1,313.6150842812629,228.67421256147463,317.0057695430027,232.62208775798047,313.8358798173955,228.26936059588007,0.46114616210248777,13.251576451693712,13.251576451693712,-0.7097073853567687,0.8450635349313393,33.185955000590184
315,10.5,track,1,314.7540832801412,231.60843690158825,316.73723039183636,232.30630338953614,315.1658947199799,231.9913908616513,0.5623543344814101,9.354485244478202,9.354485244478202,-0.7237534906294113,0.883675769720253,37.446203001309186
316,10.533333333333333,track,1,317.6203120312031,232.01361386138615,316.8328125344501,232.07250169622583,317.16918001689396,232.2385826408047,0.5041141200638234,8.261545932836693,8.261545932836693,-0.7196767053880073,0.9189414685851943,39.720930999465054
317,10.566666666666666,track,1,314.6663890991673,233.68849356548068,316.56666493462444,232.06829164990089,314.38603325805605,233.72781300403136,0.2830996571759528,8.417657173587608,8.417657173587608,-0.7344905583352423,0.9425905983507992,36.269318999984534
318,10.6,track,1,316.01620794529344,235.07839507338912,316.48089888153686,232.24378236078974,315.9128985818091,234.8665659437703,0.23567860475361344,6.5617484874259775,6.5617484874259775,-0.7409101321488838,0.9562244749939468,38.26804100026493
319,10.633333333333333,track,1,320.1259511939124,236.19503692319228,316.8957794775002,232.55341983946582,320.2153000436417,235.78828711691727,0.41644762197989144,4.217212292298922,4.217212292298922,-0.7210748575836778,0.9614444330339088,35.679419999723905
320,10.666666666666666,track,1,318.2243556023146,243.65912677538137,317.0567485820935,233.74897351722552,318.435378854295,244.07767771476463,0.46873841504084224,4.36755021437366,4.36755021437366,-0.712925681436126,0.9176206868213468,35.73553699970944
321,10.7,track,1,314.4739868982328,239.52696526508225,316.75739850463435,234.37992004608452,314.8175366526837,239.67573991293068,0.3743799268466595,5.19259770734677,5.19259770734677,-0.7285605398012849,0.8980675077319269,37.936438999167876
322,10.733333333333333,track,1,314.33069530808365,243.08436027887694,316.45956359559483,235.40035458214868,313.931353500618,243.02423072608497,0.40384333881951345,6.780445547237864,6.780445547237864,-0.7454316880923235,0.8545090231098282,40.99089000010281
323,10.766666666666667,track,1,319.71152812955717,249.76421828229334,316.8259404806775,237.15678619727294,319.4401248327547,249.53356506015672,0.3561750389868152,9.549990730840472,9.549990730840472,-0.7282575646520117,0.7668405682528419,39.35338200062688
324,10.8,track,1,318.83186195061495,251.84867956907237,317.0649375550052,239.04792731081682,318.73566301982106,251.36675386446092,0.49143322949423723,11.436854524504769,11.436854524504769,-0.7162412122439588,0.6638973198692438,34.348447999946075
325,10.833333333333334,track,1,318.2724128757648,246.93299889788318,317.2217398639418,240.22119233985183,318.32449708804756,247.19478521211073,0.26691728959728317,7.3873029081233925,7.3873029081233925,-0.7075281678324749,0.602140724337222,33.57274799964216
326,10.866666666666667,track,1,317.1878309902084,249.11616565702747,317.2379209373798,241.5663341779972,317.357242988574,249.16533222093577,0.17640231346775576,9.53873573077505,9.53873573077505,-0.7055983551501481,0.5035965437158343,37.19701799855102
327,10.9,track,1,317.23968223945525,244.03461320219407,317.2579905542214,242.1996599667744,317.63467890807465,243.92109144424393,0.4109860797502916,4.579268716949232,4.579268716949232,-0.7033922052686352,0.4478600618894704,36.40852900025493
328,10.933333333333334,track,1,313.5305574464866,247.4005748430527,316.8315878539988,243.17401342290572,313.100867654565,247.05176497626562,0.553445246117172,9.865364483906012,9.865364483906012,-0.7248848136002314,0.3713700696699091,39.38577499866369
329,10.966666666666667,track,1,317.84940931858995,243.45489084207543,316.94795865677713,243.59172565201197,317.56778967637644,243.91037705181918,0.5355159289388113,4.605072827408392,4.605072827408392,-0.7193894064972104,0.32056388301099514,36.65289200034749
330,11.0,track,1,314.23561934335595,239.3111296247207,316.62477536349553,243.4624792795685,314.0903498605986,239.54126793835576,0.27215228461904817,5.927427762065693,5.927427762065693,-0.7368124832927876,0.2975098033992837,38.384502000553766
331,11.033333333333333,track,1,312.18125873069806,240.71725752255824,316.07619214728993,243.4853361463491,312.27612601004995,240.72977213960885,0.09568916517324551,7.758272796723262,7.758272796723262,-0.767684475898422,0.26751598601948984,36.379068998940056
332,11.066666666666666,track,1,315.5554047430532,245.14662745541605,315.9673786029195,244.01445371767622,315.7964619405483,244.94688178043685,0.3130605486756164,6.49163858874454,6.49163858874454,-0.7775804007590608,0.2111322555191597,38.1211580006493
333,11.1,track,1,315.4564270565066,238.94301999697015,315.85660073993813,243.74643714570556,315.82222010498833,238.55551861193373,0.5328807349892761,4.420449222831718,4.420449222831718,-0.7880571468743442,0.1955574203322863,36.96789700006775
334,11.133333333333333,track,1,310.01448457486833,239.19492099322798,315.1047416430983,243.50401687174116,309.5739061371149,239.555093764156,0.569063954869085,10.435582149376419,10.435582149376419,-0.8331214762236262,0.18053316700021196,41.391162001673365
335,11.166666666666666,track,1,318.7341395418927,232.24336949969862,315.4476115020496,242.4258005023505,318.4688947158102,232.39986350169212,0.3079694634594095,7.752829043915863,7.752829043915863,-0.8231634138843783,0.2118306056217808,38.72359500019229
336,11.2,track,1,314.52860806000996,227.4508783344177,315.27119350009116,240.825440727208,314.45323034396444,227.37947374100094,0.10382878231613858,13.785656918377223,13.785656918377223,-0.8392542087044096,0.276439487119292,35.07845899912354
337,11.233333333333333,track,1,316.18429608347196,233.6309163768335,315.3083748374813,240.05426313632023,316.264688244477,233.39386471507714,0.2503125843670529,7.5890432409923205,7.5890432409923205,-0.8446313557234113,0.3075288932794888,35.586371001045336
338,11.266666666666667,track,1,313.4408021450961,231.49171041202462,315.0194569937443,239.0704143856824,313.6621327446566,231.01715759031578,0.5236292723804188,10.993635390696534,10.993635390696534,-0.8670721977179134,0.3485119753382602,34.90018100092129
339,11.3,track,1,316.8367949154466,225.83108235917226,315.15948787034887,237.46914040786032,317.28050952549313,226.12877752793534,0.5343267433636677,14.135290634098938,14.135290634098938,-0.8678045628846028,0.4298964473448426,38.47116500037373
340,11.333333333333334,track,1,314.30816924695625,223.74188336088983,314.99294494499765,235.72081106310083,313.9188258228394,223.82629857710953,0.39838954633934565,17.279157881383412,17.279157881383412,-0.8840858810008272,0.5266033325569188,40.305382000951795
341,11.366666666666667,track,1,318.6396848137536,222.7176519378676,315.3594421863017,233.96788123669572,318.3991748449503,222.60135183122418,0.2671530645510665,17.472137799304527,17.472137799304527,-0.8725564231925821,0.6315751581610893,34.97874499953468
342,11.4,track,1,315.92491429423166,230.13925324191385,315.3822183132133,233.22709036698768,315.86603973537973,229.80622528522645,0.338192007024701,11.000121381376477,11.000121381376477,-0.8775385313047643,0.6905492657601555,37.94960500090383
343,11.433333333333334,track,1,315.8929236145402,230.8689558248186,315.4025741165453,232.6387373298688,316.031573128991,231.3048740659131,0.45743677243566355,9.557909124917263,9.557909124917263,-0.8823773615390563,0.7446546625491213,38.09836299842573
344,11.466666666666667,track,1,316.62733107979795,223.68494815602568,315.5121007880511,231.24773067661877,316.9507472244413,223.9435729341425,0.4141072064960046,16.34340211248728,16.34340211248728,-0.8822193499864722,0.843894636584297,41.38532500110159
345,11.5,track,1,317.7470789345155,233.0095427734155,315.75098803808254,231.08122723618956,318.1665872368712,232.99284955762528,0.4198403020182218,7.243035253405573,7.243035253405573,-0.874541443032121,0.8837444200115805,38.755239998863544
346,11.533333333333333,track,1,321.0876092740403,234.47989357658685,316.3761584429032,231.1252407906255,320.7395711324237,234.30594342664307,0.3890876542443851,5.74188520614125,5.74188520614125,-0.845102971261761,0.9126593920474921,37.51924700009113
347,11.566666666666666,track,1,319.82955787569256,228.66058572990087,316.811891773661,230.49331958183782,319.6326933969465,228.25480983521516,0.4510096447970487,11.750932139520055,11.750932139520055,-0.822862781310441,0.9767861235234194,39.17372400064778
348,11.6,track,1,318.10414643257377,229.76918192005976,317.0120521382666,230.05567045344128,318.0697107177341,230.1411169417217,0.373525740472028,10.046073455337547,10.046073455337547,-0.8111370646996156,1.0327026677225528,92.49209200061159
349,11.633333333333333,track,1,325.618996314148,238.9699461298554,318.0955732785229,230.7688726890231,325.74718299273076,239.13650518596666,0.21017550699060158,5.811689568946034,5.811689568946034,-0.7514315713526135,1.0285728221245811,99.7780010002316
350,11.666666666666666,track,1,326.8183171718714,241.14705657784225,319.2502137880303,231.71961971481483,327.12362148711907,241.07570420330097,0.3135313162373511,7.204382182029479,7.204382182029479,-0.6831293936938568,1.0078899408079127,95.9297310000693
351,11.7,track,1,324.85118469242843,243.19863218476718,320.08903037980036,232.87380781740296,325.3505352405735,242.93859549272833,0.563000933515461,6.10438947237986,6.10438947237986,-0.6312151823231189,0.9713886686236789,100.53780400085088
352,11.733333333333333,track,1,325.20404063376543,238.76817527101812,320.90596530095155,233.43856262294946,324.89038946674003,238.30060327212962,0.563028088749561,5.177244283892581,5.177244283892581,-0.5678554319050753,0.9604023383854392,93.75977700074145
353,11.766666666666667,track,1,323.12626491466546,245.167459598248,321.4093663646834,234.74177869370484,323.004064254834,245.4546882638684,0.3121430883702472,6.227200502886927,6.227200502886927,-0.5221042564728117,0.9068959359622202,96.62352299892518
354,11.8,track,1,322.9487439450265,249.06330967669257,321.844389782277,236.43446085569377,322.9542092839802,249.12776623668225,0.06468785091176248,9.593928755471937,9.593928755471937,-0.47803538040780347,0.8262759254747799,93.46630899926822
355,11.833333333333334,track,1,318.9617883430975,242.98332582244254,321.75891106793836,237.2935906368078,319.1245392071594,242.84378300717378,0.21438293086441676,2.9754887651764848,2.9754887651764848,-0.4601109046705292,0.7820311825751236,94.9852710000414
356,11.866666666666667,track,1,321.2472294225929,243.68406025771066,321.93571860518466,238.17708490670842,321.5817905091741,243.33518001632743,0.4833720549245638,3.691271726143041,3.691271726143041,-0.42902763227824836,0.732291249185292,105.68154000065988
357,11.9,track,1,315.48842105263157,248.08953110047847,321.39735898151105,239.5237425981498,315.9682715348034,248.55795513004045,0.6705800151448382,9.460096745005417,9.460096745005417,-0.4357255736934786,0.6288303245824413,94.94875599921215
358,11.933333333333334,track,1,319.898013895182,248.19011478628607,321.4058078728818,240.78657063286136,319.5656530355588,248.44963253455964,0.4216790280277653,8.460788808060869,8.460788808060869,-0.4162064548942577,0.5718772669129759,53.42261999976472
359,11.966666666666667,track,1,316.1663828015594,249.30695280269484,320.95546150264175,242.08829611491862,315.99866257128605,249.3459193639439,0.17218730655457917,10.166460051353598,10.166460051353598,-0.4216105329719209,0.48403492773485224,32.260943999062874
360,12.0,track,1,313.6566079378972,244.78850032345218,320.22235158906915,242.74888200920523,313.6513782610741,244.55866656276567,0.2298932514689837,7.815781395000762,7.815781395000762,-0.45620713853358674,0.42474167274676883,34.76403999957256
361,12.033333333333333,track,1,306.50922154768307,249.36613386613388,318.6721218172518,243.89346751089465,306.71270055983064,248.9529367679154,0.46058175209264457,16.022091098948863,16.022091098948863,-0.5155890331024342,0.3370596585723933,31.98485100074322
362,12.066666666666666,track,1,314.11061212166953,244.44720356253302,318.12380931445796,244.3545341075193,314.422288313567,244.8158286891557,0.4827282181241092,7.369061922678254,7.369061922678254,-0.5397984049168005,0.28114242006901974,35.82904700124345
363,12.1,track,1,308.90151345709387,245.71691642436443,316.9875308860786,244.913017494201,308.44474827966394,245.89408534996508,0.4899216830383044,12.971664674705497,12.971664674705497,-0.5981290741533194,0.21854390536096435,33.778164000977995
364,12.133333333333333,track,1,305.6775856839551,243.47213375796179,315.5400194976322,245.14236202116382,305.2963087074382,243.45497269542938,0.3816629860087581,15.104150884876669,15.104150884876669,-0.6783476904932619,0.17165203257731043,35.79547600020305
365,12.166666666666666,track,1,311.2648218318215,233.5550579859915,314.85874659123584,244.1455274407051,311.13418566246554,233.2875886330145,0.2976670346644672,11.120212688040981,11.120212688040981,-0.7243683672377448,0.18976487943427692,36.14831199956825
366,12.2,track,1,312.3389817715213,233.3764199720723,314.3600529038876,243.16591737510362,312.3818286486449,232.90012298642534,0.47822031890712774,10.413682746583621,10.413682746583621,-0.7637676433060951,0.21216665982311306,37.56697500102746
367,12.233333333333333,track,1,306.78671421525854,236.06286277931636,313.24159337250484,242.55021604003713,306.98941497740236,236.34949823191826,0.3510662069496028,13.513011721633704,13.513011721633704,-0.8383303280694266,0.2203578702903643,38.251459000093746
368,12.266666666666667,track,1,307.6330392822137,234.22099072608006,312.3089668235374,241.73848129228892,308.0092710974614,234.29729497452223,0.3838915434532373,13.277741683802398,13.277741683802398,-0.90779458621289,0.24251693619375025,36.201515000357176
369,12.3,track,1,306.5245180926615,232.10457295306804,311.31970438825823,240.71348048598452,306.023934777544,231.98408784863835,0.5148789331128499,16.1116494103084,16.1116494103084,-0.9841539084934552,0.28036516312749477,36.77502599930449
370,12.333333333333334,track,1,310.9062195030403,232.4114368290669,310.93626639272196,239.782218015953,310.5572597340538,232.06565624946037,0.49126075520454404,12.333659411620266,12.333659411620266,-1.0322851863702038,0.30703603646675576,36.241183001038735
371,12.366666666666667,track,1,314.1771027859293,228.0034681199741,310.98963237223506,238.37904640079344,314.0630595750861,228.46024193112729,0.47079525113881004,12.977414145240573,12.977414145240573,-1.0584085818746187,0.3855291824395923,35.79315999922983
372,12.4,track,1,311.47405340171974,228.24581384824256,310.73761774490396,237.0936719206806,311.5028234297923,228.49569765093196,0.2515345490420894,14.302132085953465,14.302132085953465,-1.1000125231021545,0.4537931641854104,37.33553100028075
373,12.433333333333334,track,1,317.085832197486,219.1983946690898,311.19247996251244,234.81264504848002,317.3112856957921,219.2511721862248,0.2315485828360574,20.92230963004188,20.92230963004188,-1.10448211189579,0.5811120451604337,35.935767000410124
374,12.466666666666667,track,1,318.42364255510233,220.0026381768514,311.7978068666659,232.78171336582972,318.77603463971883,219.8145056081121,0.3994672010576145,20.222568458237582,20.222568458237582,-1.0982782815997234,0.705421466134732,39.18320899902028
375,12.5,track,1,327.39085301639835,221.3949902211524,313.4536046061358,231.06288663582254,326.9671086856377,220.90459756456912,0.6481081819284528,20.326706511595724,20.326706511595724,-1.0327940936966755,0.8221622206458339,35.805534998871735
376,12.533333333333333,track,1,323.7626856848649,223.90169905226827,314.58359113772894,229.7757959626846,323.500199594737,224.28542686996263,0.46491503049815497,16.099664774842037,16.099664774842037,-0.9873224131655074,0.9233955923703356,38.781458999437746
377,12.566666666666666,track,1,328.38453686200376,223.9347448015123,316.2010677353988,228.60186057322983,328.31106682879204,224.09423560978215,0.17559944106602843,17.946230040589853,17.946230040589853,-0.9102831782155628,1.0239728672951656,38.15332599879184
378,12.6,track,1,331.3947427882805,229.18486856970702,318.077867036404,228.16066374703607,331.47018156730854,229.12685984786393,0.0951631293680074,15.804753777108278,15.804753777108278,-0.8117690629593649,1.0902104205665442,39.60783700131287
379,12.633333333333333,track,1,331.0268034226781,230.05844241703028,319.7876027345358,227.88450240430635,331.23216555231585,229.79447885666423,0.33444037658524284,15.176106378175671,15.176106378175671,-0.7023498730094285,1.1489215011689264,33.92592900127056
380,12.666666666666666,track,1,330.4867530896859,237.58728598964436,321.31385233503937,228.55831724005589,330.82534527939947,237.11979536087887,0.5772279956122799,11.2019497937382,11.2019497937382,-0.6163523876279974,1.1574359569865629,35.782355998890125
381,12.7,track,1,328.92789280442105,234.21828986714107,322.54098461380437,228.8173845015769,328.4910927760741,234.5057244282579,0.5228889860078715,10.113640323352389,10.113640323352389,-0.5290938833727241,1.1841105682629998,37.22205299891357
382,12.733333333333333,track,1,327.3753628724217,242.28728036669213,323.484317086633,230.05158552667282,327.0994621583281,242.3674609885036,0.2873153949085202,7.483798131271253,7.483798131271253,-0.45164039063815303,1.1567148721134497,36.37936300037836
383,12.766666666666667,track,1,326.2802434598518,240.4449569030697,324.2134904257777,231.01101540851607,326.16587129491097,240.31429463796147,0.17364797619457784,6.173876411530962,6.173876411530962,-0.3817145301308036,1.1374798197080467,36.94963100133464
384,12.8,track,1,328.4554489376285,249.16860863605208,325.13133493542784,232.97082009156514,328.5060091272674,248.82680352512006,0.34552433580803105,12.258248314674837,12.258248314674837,-0.2989751992610643,1.059752695585467,33.659822000117856
385,12.833333333333334,track,1,318.79064646163033,250.76183189011644,324.8088775222021,235.01011041079616,319.00672684086896,251.24707093931997,0.5311757384932558,11.290845685011638,11.290845685011638,-0.25488899028838297,0.9682163515509761,39.9263859999337
386,12.866666666666667,track,1,327.65670565006076,254.1132290400972,325.53948133919744,237.32624951659935,327.25433167879106,254.39046863226352,0.48863749776280635,16.11554887560681,16.11554887560681,-0.16087141033781777,0.8521162202971485,37.40069999912521
387,12.9,track,1,324.6228043837262,256.08377120552467,325.83599660865644,239.7288697507818,325.0582496494372,256.11822447983326,0.4368061441196801,16.893284165559034,16.893284165559034,-0.09545623013035465,0.7063441119660986,36.48694599905866
388,12.933333333333334,track,1,337.0430672666087,249.4819828335917,327.57319065816415,241.17914779349732,337.27279758546484,249.29759380819473,0.29457653010479545,19.616186863165357,19.616186863165357,0.041653342067980825,0.6275899429323613,35.50478000033763
389,12.966666666666667,track,1,339.74133019333766,252.9129410870969,329.4974232123285,242.92951717117305,339.86759687581065,252.53908256269702,0.39460546292365084,23.493616093182705,23.493616093182705,0.18773773277159067,0.5129807731872997,36.84836699903826
390,13.0,track,1,340.24271734612915,251.17006083046812,331.3294880164039,244.3381296502367,340.1152226092628,251.5730152774258,0.4226431050562694,23.206827944200562,23.206827944200562,0.3365079729202034,0.4088497061589765,37.38931800035061
391,13.033333333333333,track,1,339.91424787133394,246.6651655629139,332.97103117009243,245.0915445826952,339.64095938530295,246.8466923521935,0.32808317820831284,20.80010773387255,20.80010773387255,0.4822336872405654,0.33361153893382745,35.743454998737434
392,13.066666666666666,track,1,341.0183068985286,246.36904261417925,334.60115892552574,245.73142329013328,340.5452330621058,246.29115828736133,0.479442199927832,21.486862827618197,21.486862827618197,0.6334885023257872,0.2615302327158496,42.196522999802255
393,13.1,track,1,345.759417265919,245.99247363910726,336.65219698449494,246.25459665004635,346.12818365454797,245.75235760389293,0.44005040591901545,26.75390810870166,26.75390810870166,0.8131027221848004,0.19345970667104367,36.93075999944995
394,13.133333333333333,track,1,338.63122025509233,246.62215876641918,337.67480300951684,246.7885123310944,338.91612132581054,246.12379020689966,0.5740556081199288,19.882667137758563,19.882667137758563,0.945629493799407,0.12327348516049169,36.39096100050665
395,13.166666666666666,track,1,344.16787576513264,240.67195647245524,339.24453957760574,246.54570645800737,344.2347477208691,240.97106712543248,0.3064947653525205,24.254194863080205,24.254194863080205,1.1102651778590853,0.09296089688612363,34.13735499998438
396,13.2,track,1,342.0047676251971,243.80801862001653,340.405339205094,246.66226819064227,341.8871323422663,243.88113276682165,0.13850537265120347,22.228579660463588,22.228579660463588,1.2583733743309082,0.04555057982243871,36.31063000102586
397,13.233333333333333,track,1,340.7926411213529,240.2440770930144,341.29453121378214,246.31693610278927,340.5229310674296,240.1681389682997,0.28019655953007183,20.523619815011408,20.523619815011408,1.3953329146557478,0.02323939357110627,39.17213099884975
398,13.266666666666667,track,1,336.7853588116856,234.62815788473958,341.5943181330079,245.2950417219621,336.36504341318147,234.2958116028807,0.5358349422024823,17.330678324437987,17.330678324437987,1.5029016841276326,0.03951878947915355,35.978742998850066
399,13.3,track,1,326.2513998184019,235.48429933414045,340.5618512655572,244.41653222676658,326.60883168316775,235.92529423712048,0.5676566236769816,7.764012060171303,7.764012060171303,1.4734647957208298,0.07097176224898863,36.57168899917451
400,13.333333333333334,track,1,321.2957442051129,226.46183945740478,333.35618651337825,239.5717123283638,321.5267958550975,226.7038326282859,0.33458266499282413,13.383541099416748,13.383541099416748,1.0860758349400421,0.32516656069583866,37.905191000390914
401,13.366666666666667,track,1,326.6850360963072,228.88449181691047,327.2933755278841,233.45551445074292,326.7136708765323,228.90765819870234,0.036832484084929513,12.96585605639727,12.96585605639727,0.7308193117680934,0.7249981389788176,35.4928930009919
402,13.4,track,1,326.07548889310806,228.45008543763052,323.5434388796653,228.75698417187613,325.9197035929057,228.23308371301252,0.2671306950657751,13.172061703956293,13.172061703956293,0.5295895684766132,1.0186542803059648,35.69154100114247
403,13.433333333333334,track,1,324.38130408833183,233.33725007460458,322.7914507878077,229.74326231835533,324.07693247072746,232.94374370705532,0.4974830076544527,8.149363855086683,8.149363855086683,0.48392398306014184,0.9883501667069823,39.74168000058853
404,13.466666666666667,track,1,326.05886116442736,226.9290956305747,323.73748505578476,228.68175268964794,325.5521207974841,227.31475357625303,0.6368028349140687,13.847076304442073,13.847076304442073,0.541275286554644,1.091602551620709,33.14503399997193
405,13.5,track,1,324.0985598559856,235.8709120912091,323.87317306068167,231.6247215505553,324.42491020556093,236.06156069124506,0.37795692792115243,5.923777048136043,5.923777048136043,0.5517955737999021,0.9408792187236901,34.810382001523976
406,13.533333333333333,track,1,329.38629001883237,237.78892655367233,326.36907686516554,235.68231337991878,329.55697594654225,237.7820931554858,0.17082266023264897,9.810958159819567,9.810958159819567,0.7006052013779214,0.7116925620811264,38.759739998567966
407,13.566666666666666,track,1,328.00686885368964,242.35751820433902,327.4147358654991,240.29044486014325,328.04097277325343,242.07697547313492,0.28260803484873825,8.30488231441042,8.30488231441042,0.7840957980082521,0.44646036601646966,41.599877000408014
408,13.6,track,1,331.3307980474515,236.41132175426648,329.55893755394044,240.26815751400872,331.1621511530327,235.9234636368145,0.5161853521370962,11.883255744261469,11.883255744261469,0.9408275949238434,0.43566408969591836,41.15093100153899
409,13.633333333333333,track,1,329.0042303084756,232.29795597484278,330.106962227084,236.7649773673556,328.7166279066912,232.60414105709194,0.4200767145463761,11.431462354707774,11.431462354707774,1.0039319967709899,0.6254655715656794,37.98379100044258
410,13.666666666666666,track,1,329.34205400450674,232.30378489859834,329.92160978636474,233.67154025908073,328.8068151267394,232.3898709567429,0.5421175755133574,11.639332314681612,11.639332314681612,1.0276027930197138,0.8248553243454066,38.83059999861871
411,13.7,track,1,328.634416529613,235.9036843796669,329.390837514366,233.57545731621218,329.0286558388223,235.77593176331345,0.414421722296236,9.967917471773356,9.967917471773356,1.0291100910186137,0.8680066843201248,35.890029999791295
412,13.733333333333333,track,1,323.21695193347506,237.09158369690869,326.5420202507698,234.315648099281,323.3364540529724,236.77434729633023,0.33899806845515373,4.640771596651566,4.640771596651566,0.8786134396910134,0.8384391572739054,37.91241099861509
413,13.766666666666667,track,1,324.71945701357464,243.35335595776772,324.65267259568634,238.67593733888046,324.75779039944507,243.80135195666375,0.4496330320374003,6.089897058529234,6.089897058529234,0.7686194930605144,0.5971014879650628,35.45955099980347
414,13.8,track,1,324.1656169373198,238.2329640309607,323.40421970195746,239.34668979013398,323.9938628885575,238.4981003516883,0.3159061915113616,4.266924340341129,4.266924340341129,0.6885153053343819,0.5382415603041147,37.012705999586615
415,13.833333333333334,track,1,324.02115298674215,237.02286608073888,322.7567961376262,239.01636193478743,323.72185086513474,237.03472627297194,0.299537016341057,4.758678612651533,4.758678612651533,0.6395807598247311,0.5361628905262663,36.78298900013033
416,13.866666666666667,track,1,321.7886175793486,236.72079858097143,321.5273506153459,238.53612004436556,322.2400228632033,236.57283967907762,0.4750353323086093,4.094280192290014,4.094280192290014,0.5584249892704357,0.547896699456131,32.28802299963718
417,13.9,track,1,321.1268908192302,237.33701512655384,320.5398184041365,238.3996635029233,321.41362881222375,236.92865065530358,0.4989791759236727,3.381055044792413,3.381055044792413,0.48667848616287845,0.545558565065186,36.42923099869222
418,13.933333333333334,track,1,320.79379897274396,240.83241480148465,319.81711404283436,239.5744183113015,320.977848881064,241.24021654910183,0.4474110348574883,1.5793433834553465,1.5793433834553465,0.43635021536921986,0.4509327750255224,36.45184099877952
419,13.966666666666667,track,1,322.0208754208754,241.69704451926674,319.791846407188,240.67615728306257,321.99928986098445,241.91005003479077,0.21409644097804484,2.7650408828151956,2.7650408828151956,0.41517415945933334,0.3978028246059096,34.20770199954859
420,14.0,track,1,323.68857401266206,236.68736810370817,320.3537449199369,239.8456842020689,323.5311471415617,236.64423186032909,0.16322976210639933,4.871363252990858,4.871363252990858,0.41327958987926894,0.4359072075973507,35.92910999941523
421,14.033333333333333,track,1,329.4171680556075,233.65858215927352,323.85996516525233,237.02308612155073,329.0577699883172,233.39393678382538,0.44632291619193115,11.210854935166862,11.210854935166862,0.6308017045470824,0.6071718188132782,37.0688480015815
422,14.066666666666666,track,1,328.02539766903305,234.3698416916594,326.5063189526559,234.96942613379883,328.5131503153494,233.9587258810761,0.6379019154228386,10.438904217958553,10.438904217958553,0.804266939226775,0.7427593162559252,36.129344000073615
423,14.1,track,1,326.3786345442187,241.80624575183143,327.47105129857607,237.1391738307796,326.70611938819053,242.1461629060973,0.47200635037619626,7.041168402202356,7.041168402202356,0.877486465395373,0.6135957754075845,35.766491000686074
424,14.133333333333333,track,1,330.55262560532685,233.6611304479419,329.1669861774434,236.36577019970446,330.74750502796843,233.80465383321174,0.24202675779432045,12.405288326054523,12.405288326054523,1.0077340170184277,0.6722761625020737,33.36415299963846
425,14.166666666666666,track,1,321.72958566460005,240.7999773174051,326.2777712262293,237.98689108220884,321.7188750501881,240.70557156954362,0.0950113808465492,1.8580534647602056,1.8580534647602056,0.8527817187385922,0.5728448438618345,35.155531999407685
426,14.2,track,1,328.02922533874823,240.67419440543514,326.16990333922615,239.968391690053,327.86572705844287,240.38377753538117,0.3332771310407565,7.875083958573622,7.875083958573622,0.8676142955948039,0.4484162594895709,38.901857999007916
427,14.233333333333333,track,1,321.2470259450886,233.0088749575135,323.86467269967653,237.10571147288422,320.87267260706415,233.47027723490368,0.5941653669399337,6.587779357882086,6.587779357882086,0.7358498411070296,0.6207737405019795,36.25408100015193
428,14.266666666666667,track,1,321.9574751589447,241.78512963033464,322.03333690177396,238.49375340614432,322.39355385972243,242.04231678679866,0.50627054696283,3.146451642252232,3.146451642252232,0.6282066221999973,0.5311719793316158,35.39990599892917
429,14.3,track,1,324.45468602677727,235.14173109560625,322.60853114552236,237.44839590017003,324.7248594417454,235.1678829233737,0.27143616607065013,6.758228479895778,6.758228479895778,0.6610964345372643,0.5971318764831762,36.199486999976216
430,14.333333333333334,track,1,323.60612939841087,232.65104048429814,323.17929958942193,234.58912937760803,323.7458438327535,232.48603254536613,0.21621226393123896,8.395895004624254,8.395895004624254,0.6974248507843825,0.7710294608462008,31.807748999199248
431,14.366666666666667,track,1,328.29710720363016,239.78631121194934,325.81247685604643,236.3080301278879,328.24900564345916,239.4041712462124,0.3851554407045477,8.27049611629563,8.27049611629563,0.8643179059788363,0.674600486326332,35.92725300040911
432,14.4,track,1,323.05144138494575,240.37407597438383,325.34807577898147,238.86731013165306,322.79503962049915,240.7559065201871,0.45993089754847755,2.895451803677868,2.895451803677868,0.8458146401960158,0.5236868647859955,39.29120399880048
433,14.433333333333334,track,1,322.1283405253993,238.74106669694905,323.5342206474072,239.5572270659017,321.7403006572156,238.94046157949202,0.4362720005734732,2.0374660836533045,2.0374660836533045,0.7484189108174277,0.4427218390549118,36.167795999062946
434,14.466666666666667,track,1,318.9061333735439,236.68861914276022,320.82679779921847,238.79758657424546,319.33741793213,236.65396046056748,0.4326749296251401,3.411010934621687,3.411010934621687,0.5900623734611977,0.4887913934612831,35.40068899928883
435,14.5,track,1,320.87772351615325,232.40052592036062,320.06725583316046,236.2107580115139,321.1429792102727,232.1453173148373,0.3680924008940424,7.937407735508496,7.937407735508496,0.533308881606027,0.6455915751656447,35.154138999132556
436,14.533333333333333,track,1,321.76265309967965,241.8296966270963,320.5285278944533,237.92251643550702,321.8302607802635,241.35493299931784,0.4795532303460022,2.277212760462028,2.277212760462028,0.554579602433862,0.5360537592540181,36.8241649994161
437,14.566666666666666,track,1,322.8900749488985,234.71841168899994,321.71401005692826,237.25554397227398,322.8099568142625,235.05398032423943,0.34500032529557123,5.688494346576324,5.688494346576324,0.6192698040376552,0.5819953139865124,36.30409099969256
438,14.6,track,1,322.50402026443555,233.42442094759264,322.40148380466337,234.99191530997376,322.25882533751746,233.5216175361696,0.26375695065223653,6.860884145143112,6.860884145143112,0.6623458774158479,0.7213469084102968,36.256364999644575
439,14.633333333333333,track,1,323.92642102898225,233.76436006889838,323.460792067647,233.75405374119018,323.48546355749545,233.6702829986568,0.45088134448574063,7.225909875422054,7.225909875422054,0.7291072693629573,0.8147061882587228,33.798303000367014
440,14.666666666666666,track,1,320.169348426911,238.35289440805664,322.36237759274894,235.1826181178408,320.5620291390494,238.0227806998499,0.5130040955309685,2.0555468649550774,2.0555468649550774,0.6643771942458558,0.7404837323167666,34.78021599948988
441,14.7,track,1,327.2282005810663,240.98366222691772,324.2121297324144,238.35116281806253,327.46237017599196,241.44112902032498,0.5139175675708882,7.600251410101983,7.600251410101983,0.7630824237801763,0.5594624886813304,35.903116999179474
442,14.733333333333333,track,1,319.8084204149629,236.30028017567773,322.2010416217428,238.2623049649523,319.94621165619037,236.49539443654297,0.23886398002210535,3.505018308275119,3.505018308275119,0.6425101622005113,0.5661226092961696,38.85498800082132
443,14.766666666666667,track,1,324.22231439236833,239.09286980128954,322.4097424551068,238.54818510669273,324.1330671118095,239.12718504521044,0.09561701235918284,4.224221785847153,4.224221785847153,0.6399490839110188,0.5505548375095712,35.89455499968608
444,14.8,track,1,324.7988620520743,242.5691246844267,323.0825629744825,240.45096065613905,324.53859829846095,242.37339698309495,0.3256478995994255,5.121707503768335,5.121707503768335,0.6697352663631394,0.4639515145291637,37.41875500054448
445,14.833333333333334,track,1,321.7377104503356,238.294236754284,322.2323555579471,239.75531435514273,321.29412617003175,237.90021611376025,0.5933121260276362,2.4665471641290657,2.4665471641290657,0.6207106584544133,0.4529603648057377,36.253374000807526
446,14.866666666666667,track,1,321.912191445261,236.34927454305634,321.7855630319331,238.42330942236364,322.3571837774992,236.73640431176085,0.589820000990134,4.025838071408053,4.025838071408053,0.5902515193669253,0.5295519996414326,39.929889999257284
447,14.9,track,1,327.4892296043914,241.4339201211433,323.72740645657063,239.53308787170377,327.7345831993742,241.60656469686833,0.3000075600684753,7.899672613043217,7.899672613043217,0.6905242064731143,0.44302065307719324,37.04191699944204
448,14.933333333333334,track,1,329.4194755153193,233.4367588193483,325.78818464912456,237.37700961830288,329.49691076404986,233.42587479500267,0.07819641764124116,11.550343556418884,11.550343556418884,0.8093636187716664,0.5766366455371734,31.777121999766678
449,14.966666666666667,track,1,322.66518946933564,233.51815826041235,324.95611555623066,235.88137377745255,322.5541938262816,233.27713139424958,0.26535633210689025,7.191722213239311,7.191722213239311,0.7814383149217392,0.6633726420115418,32.416750998891075
450,15.0,track,1,324.5021148496742,233.4286476393705,324.91845430055747,234.7820925908589,324.228457523149,232.97134256130354,0.5329317656011091,8.20255316444938,8.20255316444938,0.7918060690778248,0.7360938989798743,37.7836239986209
451,15.033333333333333,track,1,322.0255059182894,238.32390225276822,324.160188238408,235.4168303955939,321.61105847087913,238.66764868562643,0.5384499018178415,2.0906146037719084,2.0906146037719084,0.7625565361390665,0.7197337622414557,33.24015399994096
452,15.066666666666666,track,1,323.75068421249955,240.6200652345068,324.0544060997986,236.54491014291534,324.13718465730113,240.75775888006433,0.4102951789367574,4.206007062395907,4.206007062395907,0.7644523533551999,0.672600834122674,33.0578590001096
453,15.1,track,1,318.4272740918643,242.61370459321526,322.60217528076697,237.9417663675955,318.6407657048707,242.549863696977,0.22283251301499035,2.8895194656234593,2.8895194656234593,0.6929586104098695,0.6046393813223858,37.55904700119572
454,15.133333333333333,track,1,321.8392770272799,234.81682445833178,322.28905049705196,237.1537121446235,321.89192418851263,234.47856931295797,0.34232771865235123,5.8365721075720955,5.8365721075720955,0.6755453897237896,0.6470541669406891,34.05096200003754
455,15.166666666666666,track,1,323.49669867947176,235.45708283313326,322.424401044949,236.67287945327968,323.3706271858393,235.93567991119855,0.49492341290280406,5.2801349802968,5.2801349802968,0.6807631804192671,0.6765244146678022,33.744546000889386
456,15.2,track,1,323.5067685094154,239.46687589805643,322.54110142310117,237.1609761521106,323.23020218495753,239.69058551935126,0.35571748127412417,3.244987438579625,3.244987438579625,0.6857176723966096,0.6560200639158185,34.71135500149103
457,15.233333333333333,track,1,322.5387817868127,238.4760333058285,322.4399000021134,237.35933727579692,322.12111536690014,238.53842318500043,0.42230052728556305,2.5759148250367723,2.5759148250367723,0.679641794565197,0.6484963453798802,35.86339300090913
458,15.266666666666667,track,1,321.61985636463027,237.4367495428927,322.17734593848445,237.32022005418267,321.9752492468921,237.29734088432147,0.3817576126902856,3.3475328053520195,3.3475328053520195,0.6645529355847979,0.6525665664546269,33.14623999904143
459,15.3,track,1,317.98114125350793,237.00810102899908,321.2704983781756,237.20795750914124,318.21761907443766,236.6534392399089,0.4262707407649843,3.791615840877083,3.791615840877083,0.6138766339479792,0.6605743310708597,35.507877999407356
460,15.333333333333334,track,1,322.5570163971165,238.25503305569043,321.3417228664938,237.34204280744723,322.5939314591529,238.69652082184882,0.44302840707190916,2.9030222842163447,2.9030222842163447,0.6114410989191595,0.6557951974258766,39.51501600022311
461,15.366666666666667,track,1,320.9816062372266,237.43501627431687,321.13162509607116,237.31439393148395,320.8601303141828,237.605254668707,0.2091351496135128,2.54452930011148,2.54452930011148,0.5944633823246713,0.6589270874728901,34.7196629991231
462,15.4,track,1,319.44741091209494,244.32056625736922,320.6966368295715,238.4569813522799,319.14907172342464,244.31243601291573,0.2984499495247486,4.39558679784258,4.39558679784258,0.5647118318920297,0.5996037341904223,35.14724299930094
463,15.433333333333334,track,1,326.4073295283869,238.2124511865425,321.46419431588913,238.44751196483995,326.00321217179544,237.95867782428886,0.4771915310313103,6.340784857148443,6.340784857148443,0.5973703435320452,0.596506237592766,34.91855399988708
464,15.466666666666667,track,1,326.35546771066936,241.38982857577255,322.1303178333573,238.94203587209688,326.7126866189222,240.87639993598023,0.6254712755773368,6.769655714409943,6.769655714409943,0.6282983141842025,0.5665212702945452,45.43096400084323
465,15.5,track,1,320.9433969407845,240.73538543086477,321.88444558851563,239.2736283116405,321.1207423713547,241.03165882402647,0.34529599655900356,1.5232804706098757,1.5232804706098757,0.6138193566325696,0.5430049604221724,35.04462099954253
466,15.533333333333333,track,1,327.81805539895515,241.2189273499455,322.70080992908873,239.63639521323682,327.807832982545,241.3465368406634,0.12801827962656298,7.923093925139422,7.923093925139422,0.655056032194375,0.4973718221631733,36.08806899865158
467,15.566666666666666,track,1,322.6543200544259,238.40694685917302,322.67210097518216,239.54398453217888,322.4480457406585,238.310558773898,0.22768345461014447,2.9744141616138604,2.9744141616138604,0.6550677901524149,0.48734556455212635,35.369373001231
468,15.6,track,1,331.6001057721366,243.15518283469325,323.92602538384057,240.1368438046236,331.25179123401404,242.83599016978818,0.47244785405030587,11.603691060045087,11.603691060045087,0.723409210236679,0.47682678584583904,34.145874000387266
469,15.633333333333333,track,1,326.91334646265716,237.81351310407513,324.3936290514247,239.91688286661898,327.4403402202817,238.29023815777796,0.7106259194563743,7.634261467271094,7.634261467271094,0.7555229205974008,0.4667089372370117,37.86589300034393
470,15.666666666666666,track,1,321.3554559493766,240.82202719499793,324.04900955221626,240.1276285186044,321.6769888854469,241.0974658857867,0.42337914611069444,2.004176412489202,2.004176412489202,0.7465082374237926,0.4565891160052848,37.28502000012668
471,15.7,track,1,324.4568852837152,233.47504997693372,324.1530155382933,239.32298074651348,324.59233487928697,233.508908209737,0.13961723700571468,7.951340281558534,7.951340281558534,0.7598364980381381,0.4828707524065291,42.98563900010777
472,15.733333333333333,track,1,321.5722062603962,233.53753969454107,323.8620242486121,238.59760190991187,321.56273053883905,233.3384480739722,0.19931699044429366,6.842397299206254,6.842397299206254,0.7525169590912143,0.5149492659382915,44.48652800056152
473,15.766666666666667,track,1,327.7143403587959,232.13280801744253,324.3989099314279,237.75174051590298,327.53376580742815,231.76134634824007,0.41302656123829856,11.163916930666892,11.163916930666892,0.7878741744777434,0.5568749019282264,38.10567499931494
474,15.8,track,1,328.2238571855393,233.63067672542576,324.953272134083,237.17319010849747,327.890175964631,234.04240035384092,0.52996179426654,9.886752262333447,9.886752262333447,0.8263993968180623,0.5885067732147882,37.747185000625905
475,15.833333333333334,track,1,328.8053107387374,239.00423648674206,325.53216822445364,237.33243067949817,329.2821248401715,239.2094227193501,0.5190886989506751,9.315731532478189,9.315731532478189,0.8685391298714793,0.5835744166146037,41.460260001258575
476,15.866666666666667,track,1,320.525528035253,237.75015195259078,325.0117743299332,237.32381577283286,320.827056047617,237.7305789813636,0.3021626109280615,2.4154282158094724,2.4154282158094724,0.8545615793615864,0.5869647926172428,38.91336699962267
477,15.9,track,1,318.61405495169083,233.86492300724638,324.287109990981,236.83191773131855,318.69462097425895,233.6478025412315,0.23158622747254182,6.484938469718093,6.484938469718093,0.8272258323243777,0.616142264600384,37.13350399993942
478,15.933333333333334,track,1,327.9048135137155,231.16974362807386,324.7704069976991,236.04583326525582,327.8867650779552,230.71580410831086,0.4542981770115905,12.181845375398229,12.181845375398229,0.8607598893639823,0.6631340993463047,33.600725000724196
479,15.966666666666667,track,1,322.33096246973366,235.08406476997578,324.52647971888763,235.80735473840306,322.15048290084553,235.41736905000778,0.3790311568640405,5.062122393883382,5.062122393883382,0.8574812715191716,0.6844040986378487,38.64979699937976
480,16.0,track,1,320.91539471216953,233.7303956497281,324.12334058238054,235.42681219615386,320.53715974003217,233.83925175943205,0.39358778787918136,6.18412156009021,6.18412156009021,0.8444409922411769,0.7142101396445772,35.860644000422326
481,16.033333333333335,track,1,322.25512326656394,237.53185670261942,323.9108105180689,235.5457662470961,322.69560965019787,237.4834669437483,0.443136348013224,3.6877160966440092,3.6877160966440092,0.8395595017041436,0.7189771790997783,34.490594000089914
482,16.066666666666666,track,1,322.0426039536469,232.64227827009012,323.6865268350409,235.0688943457146,322.3268481917075,232.29817746595563,0.44631844043982616,8.045638125914314,8.045638125914314,0.8329192529401459,0.7547633178610513,40.058967999357264
483,16.1,track,1,317.2277974798159,233.31543801403456,322.8933895267081,234.7141744427354,317.3389651798828,233.81416377773178,0.5109654048108795,6.733919815575606,6.733919815575606,0.7948386340064006,0.7859395515847284,40.296379000210436
484,16.133333333333333,track,1,320.09215605441665,241.54079376381966,322.50178232559966,235.38748474481724,320.05339393642095,241.76620285972095,0.22871764756255056,1.7670097493033197,1.7670097493033197,0.7744903242286597,0.7637226302392244,33.54591800052731
485,16.166666666666668,track,1,324.3321378685492,243.12212616557815,322.65164121809556,236.21530875979033,324.0629236981145,243.1796455934251,0.2752903088426358,5.15921457941886,5.15921457941886,0.7811270708068736,0.7300455888280222,37.701104000007035
486,16.2,track,1,318.2226911338031,239.53313990730624,322.05981649626665,236.56183387752301,317.8127014786055,239.34918425502252,0.44936755487703706,2.2820683503359707,2.2820683503359707,0.748880884462734,0.718048585100136,37.59673499916971
487,16.233333333333334,track,1,322.52913779610225,240.86413178338964,322.0287408331822,237.04875241024666,322.9905742313598,240.50429582041775,0.5851542566119661,3.032795493890757,3.032795493890757,0.7438597658400261,0.6967738598724779,38.08183799992548
488,16.266666666666666,track,1,323.7667943708986,237.60543185525168,322.15379263438183,237.11412544443203,323.99959508585556,238.03759391572387,0.49087699008615887,4.455086810647342,4.455086810647342,0.7470286508022078,0.695559624087713,37.17525800129806
489,16.3,track,1,321.9886644219978,241.29016086793865,322.06251602489965,237.61750704352974,322.10618266433613,241.47205014702305,0.2165507957227087,2.5696180749093127,2.5696180749093127,0.7392870584497673,0.670551877564908,37.38360200077295
490,16.333333333333332,track,1,321.130818282485,238.26148382908855,321.878764945739,237.72492834430733,321.0406690674084,238.2567862114367,0.09027152702006334,2.030218318432247,2.030218318432247,0.7262982814389478,0.6642644065911772,38.043849999667145
491,16.366666666666667,track,1,315.6042396174555,240.14017847057494,321.0490920087653,238.0486620343269,315.35737068074343,239.92113966235226,0.33003374285209364,4.643299037201314,4.643299037201314,0.6781997773817312,0.6458890389103487,36.48119500030589
492,16.4,track,1,323.39685367702805,241.07217589082637,321.2111314122563,238.46105974002026,322.9913317199304,240.6279447415462,0.6014892947335894,3.0565307224199665,3.0565307224199665,0.6793366734608925,0.6213106871654549,36.46465499878104
493,16.433333333333334,track,1,315.9990083905416,237.41083142639206,320.4844260532093,238.40539978907432,316.4012974777039,237.76782072368877,0.5378455801011082,4.234770851601487,4.234770851601487,0.6086612842134308,0.619814307392712,38.39969000000565
494,16.466666666666665,track,1,323.06546393681924,241.83624658457163,320.65671141800334,238.8786824427874,323.29168219395206,241.96773765113997,0.26165741045781343,3.8349919334589044,3.8349919334589044,0.631733888128627,0.5904241267962744,36.04302400162851
495,16.5,track,1,316.9054886211513,240.63553260661695,320.0892971745535,239.17405241308276,316.93861355082373,240.55944618274071,0.08298436517850163,3.1120840320568526,3.1120840320568526,0.5880467331617195,0.5684743281195791,38.32595399944694
496,16.533333333333335,track,1,325.66962879640045,247.0413948256468,320.6145845802551,240.2119232954418,325.5954546933956,246.74313647103673,0.30734320173264257,8.7623628487337,8.7623628487337,0.6092816398262039,0.5168528750936122,39.49340899998788
497,16.566666666666666,track,1,318.5926953481301,245.90787473396168,320.26848258329335,241.0419081739972,318.2755961481183,246.42861364291082,0.6096891945423204,6.655872746244738,6.655872746244738,0.5682891474294436,0.4504204183892837,33.64406900072936
498,16.6,track,1,324.15078060805257,236.92421752446404,320.6162372897366,240.73445047879565,323.6814393686777,237.19093208071467,0.5398313194822417,4.63075138615839,4.63075138615839,0.5901002387517553,0.4513801790162709,39.413102000253275
499,16.633333333333333,track,1,323.5133188521779,237.11543005220838,320.87302125214455,240.45763240420746,323.9132525867059,237.19439993717205,0.4076557797267913,4.815073989036976,4.815073989036976,0.5957607098180391,0.47620649027377415,36.10971700072696
500,16.666666666666668,track,1,327.8825145868624,235.16604554865424,321.64210550565684,239.9551619229647,328.1059774467815,235.01364640845844,0.27048317451486614,9.516858331803064,9.516858331803064,0.6301058533463401,0.46596892559327274,36.68325999933586
501,16.7,track,1,322.1997537589076,238.8120359661232,321.6866201118272,239.9126596468028,322.26936588748515,238.44719252943813,0.37142506880564113,2.749769548873874,2.749769548873874,0.6295270769214734,0.45606886477801106,36.72866499982774
502,16.733333333333334,track,1,331.34161183584985,236.61233027802078,322.8238122629552,239.60359199100677,331.23930465118883,237.0493089666915,0.44879520316694316,11.620178424459843,11.620178424459843,0.6875478442850718,0.44674827548660323,33.51865700096823
503,16.766666666666666,track,1,327.43794902820844,233.67548967707782,323.4226664442395,238.9572261713036,327.16066542804066,233.9089977527582,0.3625082293272289,9.400821120957533,9.400821120957533,0.7221111520848298,0.4928193313286505,35.87568900002225
504,16.8,track,1,331.9075884063409,232.17848231873182,324.51538451928036,238.16878745939215,331.4355360600759,232.17491327552554,0.4720658382934544,13.856531572758113,13.856531572758113,0.7857515895306805,0.5302327797619608,39.4024420002097
505,16.833333333333332,track,1,326.0150723772571,232.77813012983137,324.8284798861046,237.5008058634052,326.4148365348027,232.58630782234414,0.44340408129363107,9.803721715413756,9.803721715413756,0.8127769930098921,0.5649752170648503,35.85404200021003
506,16.866666666666667,track,1,324.1884025355388,237.15603315704587,324.8945416240961,237.4006974935051,324.4035435682803,236.76297191239036,0.4480879445145097,5.465303907169004,5.465303907169004,0.8280222000466912,0.5726389123584826,38.1202589996974
507,16.9,track,1,325.73037889039244,233.01559915802136,325.1318496091149,236.81520535554262,325.76074659506406,233.39727102881693,0.3828780673316429,8.762547072594955,8.762547072594955,0.8525780272588319,0.6067238123506664,36.698431000331766
508,16.933333333333334,track,1,329.12002707377604,235.89580356471384,325.75095985803074,236.61550306840053,329.0240411835137,236.05269718207907,0.1839263393301802,9.849594855531768,9.849594855531768,0.8983442290183059,0.6229226228737137,35.0263049986097
509,16.966666666666665,track,1,326.7447413958854,238.53059027110172,326.03740663753103,236.74951244117244,326.4829696563214,238.44941972346595,0.27406769499129885,6.665822886843051,6.665822886843051,0.9289213787829199,0.6222484448256806,33.78821899968898
510,17.0,track,1,327.82779456193356,234.5751391818199,326.42456565817366,236.40773125431974,327.35770198417873,234.3430068239246,0.5242828084557104,9.281020971970227,9.281020971970227,0.9658722572659132,0.6462696781996318,37.07004900024913
511,17.033333333333335,track,1,326.15253083150486,237.8770901112204,326.575624643834,236.4879977164554,326.5400057857262,238.39400628174667,0.6460179312529523,6.734307054211373,6.734307054211373,0.9916632070326139,0.6492436651911953,34.80132700133254
512,17.066666666666666,track,1,319.23136217645947,240.11947855658417,325.87723815963494,236.83754985733032,319.4364002657343,240.43505430478587,0.37633584855355445,0.7119809748701891,0.7119809748701891,0.9725553016267755,0.6374128776763941,35.93751800144673
513,17.1,track,1,321.0500474293303,232.44693606526275,325.42941521959256,236.25224878550947,321.0698739439513,232.48532915820059,0.04321018707839933,7.590448479275529,7.590448479275529,0.9633252323855109,0.6736725587986672,38.33288799978618
514,17.133333333333333,track,1,318.99996234089025,233.42347668901107,324.7565462792704,235.82484253713505,318.81182626239314,233.30627039351134,0.22165852056043295,6.798365456160877,6.798365456160877,0.9397383936817434,0.7039640688813265,35.089515999061405
515,17.166666666666668,track,1,315.09071842586945,240.39780353874315,323.6526499403592,236.26470340641436,314.7670089996978,240.04687768912905,0.4774272138449628,5.233200963748857,5.233200963748857,0.889850144322855,0.6898229551701499,35.54693899968697
516,17.2,track,1,322.4475707198849,238.9247926686106,323.4957875626736,236.50717899486162,321.97407799772196,239.38829010184017,0.6625897890487408,2.0666816253590357,2.0666816253590357,0.8851614901801332,0.684081876076561,39.67487699992489
517,17.233333333333334,track,1,321.7102011330368,232.52184327592107,323.2614987335177,235.97305298986794,322.07953841005326,232.7262960492506,0.42215040058738496,7.5651337834855354,7.5651337834855354,0.8753705136993944,0.7184312484127859,37.473325000974
518,17.266666666666666,track,1,318.01074411541384,233.41765375854214,322.6008710860797,235.58371666094956,318.24160341734716,233.40730434869897,0.23109116723328588,6.823166016781994,6.823166016781994,0.8416358841668263,0.7472510130869865,37.4049889996968
519,17.3,track,1,315.9372361489894,240.40094145776516,321.7362901636185,236.05983460159777,315.94395872860787,240.22147491187113,0.17959241123126635,4.062083447176415,4.062083447176415,0.7939744063152003,0.7315404996023933,35.89816699968651
520,17.333333333333332,track,1,315.6828254847645,241.556861570712,320.90055737642837,236.65031375950988,315.52141465499284,241.1675069035131,0.42148607668242055,4.628260911213159,4.628260911213159,0.7439338162478131,0.7074524902426172,35.17736200046784
521,17.366666666666667,track,1,321.2503575999398,234.36561770684332,320.7910473141163,236.34731477693754,320.94360933365067,234.74358188451606,0.4867765590855833,5.34044286359665,5.34044286359665,0.7288359600024648,0.728126369628797,35.986234001029516
522,17.4,track,1,315.26505889369315,244.4281720590428,319.9822084187333,237.26909419793694,315.7576814539187,244.5840911478457,0.516708572694784,6.245891313350147,6.245891313350147,0.6769982843969392,0.6847423961784276,34.409754000080284
523,17.433333333333334,track,1,313.53026498257185,236.84280948989917,319.0267095987817,237.22781966064005,313.8525874287464,236.77203220083098,0.330001793867533,6.943375075111445,6.943375075111445,0.61210538373392,0.6883991696505545,35.761294000622
524,17.466666666666665,track,1,314.0085910002649,237.61946031866177,318.20087030228206,237.28144519586039,314.1386655965487,237.36423540722822,0.2864596935253809,6.426701796224169,6.426701796224169,0.5509462557130703,0.6870422688220281,32.61327400105074
525,17.5,track,1,321.3106504374287,243.05123621148726,318.31526563472113,237.98090304586347,321.33304107410066,242.55719167810008,0.4945516571404186,2.8837870559012786,2.8837870559012786,0.5364517445459265,0.6509614860664084,32.79598100016301
526,17.533333333333335,track,1,316.2654927448609,238.44520858524788,317.8353586405956,238.08439907807943,316.05947910384555,238.6943701418553,0.3233003272120886,4.151189499349414,4.151189499349414,0.4911557887003244,0.6434465073374976,31.954327001585625
527,17.566666666666666,track,1,315.7886942249704,242.0198480858048,317.34387330152606,238.60579824012834,315.4186564828297,242.1156725956051,0.3822437275967572,5.046263860928473,5.046263860928473,0.4435322572830328,0.6131773757877689,36.109896000198205
528,17.6,track,1,324.57103845862093,242.9842600318592,317.9497058909105,239.20617095310422,325.044229455961,242.8323435012561,0.49697922716564236,5.78501689828925,5.78501689828925,0.4526150686431181,0.5763935308076392,35.15265599889972
529,17.633333333333333,track,1,322.42852846078654,238.61711406872698,318.2772433088985,239.24119231696787,322.74128085896865,238.29461163607243,0.4492459033054862,3.2284625163640124,3.2284625163640124,0.45005709301674296,0.5670857338492609,37.31056099968555
530,17.666666666666668,track,1,329.2254513928154,239.79987937728524,319.410109764878,239.408730906353,329.375994356383,240.25122073722034,0.4757858836365174,9.379359361370861,9.379359361370861,0.4923575947187094,0.55064037849841,36.618902999180136
531,17.7,track,1,326.27070744980296,239.81362356914994,320.12883136678073,239.56085383851075,326.24425093788943,240.0566309742836,0.24444333898149456,6.2445077342078275,6.2445077342078275,0.511407482773934,0.5114339229977993,35.96239900070941
532,17.733333333333334,track,1,322.02782071097374,237.38926376899008,320.30092006783883,239.40676307164492,321.82152125177043,237.38130368581864,0.20645297234884635,3.189907531035718,3.189907531035718,0.5023118632322473,0.5323785732477597,39.21081999942544
533,17.766666666666666,track,1,324.93257959615823,243.60043106708008,320.8129712721573,239.9985704465172,324.5669022562951,243.40444105858495,0.4148879370616635,5.6962105947667085,5.6962105947667085,0.5366248925040424,0.49296121692486145,35.542302999601816
534,17.8,track,1,327.698620921628,242.642523451807,321.62595181331295,240.432460933746,328.13280002219176,242.28379963875796,0.5632000225628582,8.447376929612721,8.447376929612721,0.574901320952956,0.48230972869324606,37.507054999878164
535,17.833333333333332,track,1,332.9356463556742,242.72247490884487,323.0142570827604,240.84084793667105,333.19401540176267,243.07007065211442,0.4331020257581204,13.546489443059587,13.546489443059587,0.6477171236712586,0.4275580285819547,34.38748400003533
536,17.866666666666667,track,1,329.3459554468687,242.34656681059187,323.88275735028225,241.1697631863615,329.4611919648917,242.5270222518228,0.21411123594041023,9.7928542753244,9.7928542753244,0.6992358715331187,0.39658352064883834,36.98311100015417
537,17.9,track,1,331.4018645915567,239.7950077064772,324.9348580862284,241.16315059686386,331.3425889262003,239.73958679819205,0.08114851556621483,11.345577930825607,11.345577930825607,0.764524187675794,0.38227246347405025,36.7400719987927
538,17.933333333333334,track,1,334.14587093862815,239.5022187123947,326.2385364927974,241.11189678612487,333.8953004025237,239.20003265578723,0.39255828404411025,13.918308842247374,13.918308842247374,0.8479026689793236,0.3706572834694697,35.375932000533794
539,17.966666666666665,track,1,333.2009352843566,239.6646553024589,327.3334979794427,241.07394362387296,332.7987196409111,239.1807888330814,0.6292091735028394,12.824910579908437,12.824910579908437,0.9258670361277275,0.358882100291366,35.15222399983031
540,18.0,track,1,326.3923955232317,237.33432565851453,327.52792524419687,240.75110766316925,326.8697631251872,237.60108966328775,0.5468481156952073,7.2765662368844515,7.2765662368844515,0.960545884352821,0.36278102344718083,36.238044000128866
541,18.033333333333335,track,1,329.1279313703454,231.90263729677082,328.0176065084752,239.79127319622984,329.3965742543634,231.93799910350035,0.27096024894563614,12.38109309281397,12.38109309281397,1.0115012460937507,0.39145249515717107,37.753783999505686
542,18.066666666666666,track,1,327.17551893697686,227.43988589016928,328.22368361913163,238.3524522700128,327.25035581255236,227.3154625917328,0.145195437737268,14.610446559579957,14.610446559579957,1.0491027676865607,0.4712970490936672,36.19173599872738
543,18.1,track,1,319.863282571912,227.51163752585072,327.5226416009428,237.01120053615946,319.7570814876626,227.14421757722886,0.3824605717469913,12.858077270932371,12.858077270932371,1.0388176156181654,0.5424360787979741,33.99608000108856
544,18.133333333333333,track,1,325.384612472076,232.93392904471622,327.5074361646436,236.40649495350726,325.13594391635354,233.3494246462236,0.484223755589384,8.402860968038617,8.402860968038617,1.0613830660756702,0.5805544140097659,36.514401999738766
545,18.166666666666668,track,1,325.16246164336854,226.31696783725423,327.4513188785779,235.0563260310246,324.72088402697386,226.5240014116532,0.48770246280823676,14.278980494043061,14.278980494043061,1.0810980643273984,0.661200805639381,37.9190200001176
546,18.2,track,1,312.3454229475991,227.5065926177793,325.8516571608771,233.9433595499844,312.78749378446287,227.51863147077907,0.4422347326782219,14.41543638851729,14.41543638851729,1.017782087878113,0.7352341420962138,40.27363000022888
547,18.233333333333334,track,1,313.15438463001715,234.7236066197451,324.43721688265987,233.77759287841604,313.37645393637774,234.49148248317812,0.32124195181272425,8.614820235504594,8.614820235504594,0.956666557477657,0.7636967285008152,35.91875399979472
548,18.266666666666666,track,1,318.5526664897851,235.34897471856877,323.75162598580806,233.7136431501104,318.6113221239918,234.94051811591717,0.4126466765574052,5.2465972952645235,5.2465972952645235,0.9275412132139106,0.787289841696328,37.23130400067021
549,18.3,track,1,311.2642230292026,235.9022166742321,322.2367961680365,233.73595629065977,311.1745983503993,236.2855352616708,0.3936568588587943,9.575226502233013,9.575226502233013,0.850757427388074,0.8062752520350294,35.92676699918229
550,18.333333333333332,track,1,312.5903292568203,230.463367826905,320.97817988699825,233.1216458478829,312.3265702996352,230.6389007577457,0.3168289716943675,12.104201848522479,12.104201848522479,0.7805551882409065,0.8586800895748607,37.953199998810305
551,18.366666666666667,track,1,310.9751812075443,232.79579522598763,319.6130617062073,232.83950523597073,310.53636329039654,232.79006138348663,0.43885537635962557,11.897211212096934,11.897211212096934,0.7190997193636365,0.8956871042650997,35.45306900014111
552,18.4,track,1,312.28763461104,232.02150011296033,318.50239561749345,232.49817357042997,312.6578428271831,231.7396483943067,0.4652897104040326,11.051727493927196,11.051727493927196,0.6259495625083819,0.9366331624918953,34.840845999497105
553,18.433333333333334,track,1,315.28739994739016,236.8245462402766,317.83599077439976,232.76844442542264,315.5557387324559,236.28825030314178,0.5996824457643057,5.79038375466772,5.79038375466772,0.5704556544791015,0.9460279121640839,35.27878500062798
554,18.466666666666665,track,1,311.5714880726997,239.75251798561152,316.78548172554116,233.3874400374575,311.63238317135995,240.06848042605597,0.32177706073064594,8.367897045237413,8.367897045237413,0.49172085762855045,0.9351337354129284,34.830030001103296
555,18.5,track,1,310.1333584479186,238.81864757958184,315.6489178232618,233.86918589952302,310.01399891690323,238.91737292380134,0.15489800268393833,10.044515867762282,10.044515867762282,0.404056737338474,0.9282604514922792,36.404522999873734
556,18.533333333333335,track,1,316.6491514484225,245.00163256008202,315.38552834453697,235.07044428942783,316.37378166453266,244.8501824493102,0.31427003346221016,6.055883850279523,6.055883850279523,0.35827342472315055,0.8804026810693546,38.39512599915906
557,18.566666666666666,track,1,320.44383387536914,250.19150685955665,315.6170769084503,236.82432704610514,320.01532109822926,249.83523340542422,0.5572736978286178,9.835245338842515,9.835245338842515,0.33820840170913646,0.7972978015905363,34.68960199825233
558,18.6,track,1,321.48913818331897,242.30217986718193,315.9826947497486,237.52672367733766,321.8441015033543,242.78640261930127,0.6003920654376808,3.341369466479658,3.341369466479658,0.32694547688603315,0.7619610825067276,36.19039600016549
559,18.633333333333333,track,1,320.771676300578,249.90368590946625,316.2607085427893,239.09056478448923,320.99017898008185,250.11707863958867,0.3054175473339076,10.165418565519929,10.165418565519929,0.3133472356200968,0.6772818850966339,37.44558799917286
560,18.666666666666668,track,1,321.0229958599925,250.29589762890478,316.5698752965817,240.5966156647647,321.06097692017136,250.3050577672811,0.03907005333225375,10.359531244807224,10.359531244807224,0.3033791091770198,0.5885207023059285,37.00855399983993
561,18.7,track,1,323.07580566862094,247.82833563613278,317.1214745188291,241.70129819567632,322.94617884352874,247.63675568004058,0.23131362553851662,8.185353205249509,8.185353205249509,0.3084250505571614,0.5143462653595807,39.2036619996361
562,18.733333333333334,track,1,330.891821965578,249.65244291124526,318.58718192175417,242.93866862734902,330.6046960344543,249.2390852501203,0.5032949993138626,14.064859552877222,14.064859552877222,0.3652965445062995,0.4282407737249099,35.326438999618404
563,18.766666666666666,track,1,329.65778032036616,240.595881006865,319.8237027365726,242.9960739699658,329.161729113466,240.99836036698608,0.6387929517383498,9.215964614238638,9.215964614238638,0.42634388541502044,0.39965745840066025,35.537116000341484
564,18.8,track,1,324.6752009184845,241.86119402985074,320.3913370494278,243.17966211941,325.0171378533921,242.01820090851518,0.37626058443844734,5.407846812463491,5.407846812463491,0.41959152180219184,0.36441255223699953,34.87018099986017
565,18.833333333333332,track,1,331.76272799969536,239.80103575644492,321.77132094762965,243.0848754916029,331.9583656975533,239.7377936570078,0.205605622404555,11.961239999378181,11.961239999378181,0.5072588381029882,0.3436198146975326,35.997475000840495
566,18.866666666666667,track,1,326.2194894030576,244.30953537920982,322.39940823084225,243.51560716228715,326.2340341432059,244.04987216606386,0.26007024767793857,7.434019522446517,7.434019522446517,0.5422835184772085,0.29579431947155893,38.644793999992544
567,18.9,track,1,328.5518301944107,243.61106470230862,323.2603973528174,243.8173389600333,328.4334829300981,243.149685732522,0.4763156818032086,9.002452696121667,9.002452696121667,0.5927830367366875,0.253517207988057,39.694221999525325
568,18.933333333333334,track,1,334.27855864091725,240.533158115263,324.743582194486,243.71331933372804,334.00423597350203,240.84933809899616,0.41859611557119863,14.02996794037445,14.02996794037445,0.6803838123176662,0.23212367821199784,34.164203998443554
569,18.966666666666665,track,1,329.90136471670627,239.35609139001764,325.59850402041,243.45675791219108,329.44007640500365,239.39768404447915,0.4631596435556595,9.459272014409018,9.459272014409018,0.7411440780853145,0.21995432138300555,34.580175999508356
570,19.0,track,1,327.49994362809576,235.1459656507197,326.09675114424186,242.6961567132655,327.83778078682224,234.9738481293965,0.37915483244028214,9.31090813447598,9.31090813447598,0.7866319300726734,0.2364183458319059,35.320667000632966
571,19.033333333333335,track,1,331.56391289579955,231.61508850058496,327.03211695893793,241.54676487213212,331.7409164715756,231.2936774899269,0.36692683686226224,14.616742839699981,14.616742839699981,0.8574049333363973,0.27760821366139177,33.78734800025995
572,19.066666666666666,track,1,334.946308219436,232.94604465529576,328.29463412070305,240.6183878228428,334.9540572370867,233.39135327514785,0.445376036837547,16.349251951816164,16.349251951816164,0.9494257218058031,0.31275406935244104,32.20692600007169
573,19.1,track,1,325.9969547727358,233.66938606714538,328.38652807837093,239.82912932127246,325.81215459912795,233.93198258482502,0.32110439932048856,8.402498225827305,8.402498225827305,0.9843003080834221,0.3362509302108025,36.248497000997304
574,19.133333333333333,track,1,325.6932820628817,230.73075473120713,328.4129214612743,238.7359223431481,325.35298807694295,230.7569849885709,0.34130341818891563,10.68118944001074,10.68118944001074,1.0155963759272306,0.3971847577450125,35.74271900106396
575,19.166666666666668,track,1,326.1924393454956,230.0413391009968,328.475147406394,237.630056624801,326.68282006557524,229.8475930222509,0.5272672886262298,12.154482772652397,12.154482772652397,1.0483195677199235,0.455688067535712,37.205542999799945
576,19.2,track,1,328.0887413220646,224.10900241472984,328.73933586492774,235.88920065831624,328.38634078972507,223.75340756504258,0.4636950940821978,18.283393492156268,18.283393492156268,1.091410876256114,0.5531949791107537,40.249752999443444
577,19.233333333333334,track,1,321.93519926985095,227.98904776391848,328.23105586240405,234.73087312141482,322.1049856305304,228.37969165823236,0.4259460769128929,11.809425492482436,11.809425492482436,1.0938470862125425,0.6275712403727879,40.66054000031727
578,19.266666666666666,track,1,320.62235592386577,225.04650546789267,327.5786207348313,233.30783561527969,320.5853762467541,225.2376572120043,0.19469588027537718,14.773944291913123,14.773944291913123,1.0856478856258085,0.7212228713586761,46.92570599945611
579,19.3,track,1,315.9094143199521,228.37376423007788,326.38761463741287,232.39000010241926,315.7114908610039,228.32795619200695,0.20315529024351325,12.43494741810202,12.43494741810202,1.0451675058145873,0.7941779994233955,36.70581000005768
580,19.333333333333332,track,1,320.82948888466655,232.98373551206535,325.8476719719306,232.1026723836769,320.49619258426515,232.73404056561841,0.41645406726600614,7.282882230460581,7.282882230460581,1.0333878454070369,0.8373858845899064,36.01200500088453
581,19.366666666666667,track,1,314.57468769043265,233.78031687995124,324.58606567024145,231.95168067908935,315.0386145695725,233.32115310464764,0.6527323507682724,8.319996468798317,8.319996468798317,0.9801528367593573,0.8742236746008092,39.87287600102718
582,19.4,track,1,315.6521574850752,234.09650117131415,323.5279721201731,231.87048267843005,315.96293569515166,234.4122376417127,0.4430266522434882,6.8935459942016175,6.8935459942016175,0.9316164834111006,0.9075068046324777,34.74702699895715
583,19.433333333333334,track,1,309.34944196009167,237.92401638420202,321.78269460423473,232.27368732650223,309.45091680633226,238.02302349045104,0.1417728870671549,10.732734616407487,10.732734616407487,0.8413451918716933,0.9147646103223231,37.41201199954958
584,19.466666666666665,track,1,309.17909551510604,239.08493150684933,320.1311039746755,232.8105289464853,309.14746025014335,238.94711336478247,0.14140237010751044,10.90349436138884,10.90349436138884,0.7411349254064237,0.9124750003691204,36.06378999938897
585,19.5,track,1,310.7175350140056,234.12429505135387,318.7776324085076,232.73768302338723,310.50609465280127,233.82400887586778,0.3672585104994573,11.325948309387993,11.325948309387993,0.6625104439257498,0.9395940638875184,39.58931200031657
586,19.533333333333335,track,1,315.1556303778526,240.6842124953236,318.05542348266016,233.46862572985856,314.78813084778045,241.13899302018743,0.5847061060042692,5.334874427753047,5.334874427753047,0.6050364814938172,0.9235652450229666,34.38604800066969
587,19.566666666666666,track,1,311.49913049982234,245.2444884908095,316.96021593620196,234.7124671252745,311.9757492039106,245.47897349819286,0.5311766257793583,9.716365134783743,9.716365134783743,0.5246050140002998,0.8763517585802207,34.397540001009475
588,19.6,track,1,310.6552096521933,239.74756088478438,315.85348115282454,235.23034868385497,310.96731054893576,239.7640235091602,0.3125347784627695,9.035771335287116,9.035771335287116,0.4389694769824067,0.8616757290862986,35.703576999367215
589,19.633333333333333,track,1,314.93281449733064,245.16065117678022,315.3510967391044,236.36805530048974,315.0567177773019,244.95513099380528,0.23998035002410315,6.999240122971399,6.999240122971399,0.3810018228076394,0.8111525093020997,35.87397800038161
590,19.666666666666668,track,1,314.3976766330223,241.48398400304703,314.84161054933196,236.99694169498636,314.3142826711064,241.0784423687793,0.4140272575671454,5.787090761933766,5.787090761933766,0.32094457932976106,0.7822239125168413,35.37227200104098
591,19.7,track,1,318.31078806426933,243.65466717674062,314.8576555637194,237.84437923214145,318.0481309038775,243.98691699259714,0.42353125509434814,4.439065225276365,4.439065225276365,0.2872421699880988,0.7385021622346574,37.87219500009087
592,19.733333333333334,track,1,315.3523325952508,250.0361914942353,314.54426277399756,239.39789224979623,314.97031723590834,250.22593600782957,0.42654274722783986,11.395941204816133,11.395941204816133,0.2367872483877617,0.6531697534788724,35.862065000401344
593,19.766666666666666,track,1,325.68870105749915,247.29867717848614,315.51065809020207,240.5192262851452,326.1520091503608,247.24652174004316,0.4662344674842198,9.505750570840862,9.505750570840862,0.2538704987122593,0.5838085889704479,39.76635200160672
594,19.8,track,1,327.2156521080344,244.94533883859236,316.62158496014723,241.276631275313,327.4837531302306,244.68653580489809,0.3726354362537049,8.8300724099425,8.8300724099425,0.28374273879880585,0.5288015571999711,39.54308799984574
595,19.833333333333332,track,1,325.540577147372,251.24195793671694,317.4799864172597,242.7244194794383,325.6572578521697,250.760476937053,0.4954173391288223,12.156991005951491,12.156991005951491,0.3059212892991109,0.4337525557421493,36.285039999711444
596,19.866666666666667,track,1,332.1957132686327,246.5655562633492,319.09300741590204,243.50464856398992,332.16237089934106,246.84937171322872,0.2857672535128707,13.958408174255254,13.958408174255254,0.37287640646763637,0.3680366815588301,36.199820000547334
597,19.9,track,1,329.5350784150314,246.31460716720963,320.2946903158252,244.1848610627328,329.23703328329105,246.405972111032,0.31173458825385375,11.240963595882102,11.240963595882102,0.41038121364012653,0.30450388563834335,34.539690999736194
598,19.933333333333334,track,1,328.216412056923,241.23971912000897,321.2653113865729,244.19301984403307,327.8182075702503,241.1432522110772,0.409722683927929,7.901354012424208,7.901354012424208,0.47129898218477995,0.2741788570717473,37.54172200024186
599,19.966666666666665,track,1,333.2308762692742,246.26100037608123,322.7724712660857,244.77822670608546,333.59820279890914,245.9728740673489,0.46684638710970594,14.852149473549927,14.852149473549927,0.5511879731477671,0.2136357198721073,36.338957001134986
600,20.0,coast,0,,,322.94942479915,245.17483932785234,330.4010342560961,239.97296812027577,,10.40106938343392,10.40106938343392,0.5672858606666233,0.16117621327172274,35.12438800134987
601,20.033333333333335,coast,0,,,323.1263783322143,245.57145194961922,334.4069293967587,239.3759624798522,,14.42043818577446,14.42043818577446,0.5843928352951457,0.10764796876943666,34.25447700101358
602,20.066666666666666,coast,0,,,323.3033318652786,245.96806457138604,334.24365510889,233.95141951686313,,15.474722508723444,15.474722508723444,0.6023608045386195,0.053101049717242166,35.84344599948963
603,20.1,coast,0,,,323.4802853983429,246.36467719315291,339.13444195187355,226.59043877599123,,23.36542747372832,23.36542747372832,0.6210832100507051,-0.0024245345673011287,33.50343600141059
604,20.133333333333333,coast,0,,,323.6572389314072,246.76128981491973,341.43757996042854,231.71008617315894,,22.984614545739454,22.984614545739454,0.6404826252609268,-0.05889591189014354,35.37711900025897
605,20.166666666666668,reacquire,0,,,323.8341924644715,247.1579024366866,334.5563808806862,226.08507569115636,,20.13736186456545,20.13736186456545,0.6605020725564741,-0.11628530335714549,33.08552599992254
606,20.2,reacquire,0,,,324.01114599753583,247.55451505845343,334.3264942349738,218.00396398246775,,26.250219761924143,26.250219761924143,0.6810989441751718,-0.174568590751253,34.966801000337
607,20.233333333333334,reacquire,0,,,324.18809953060014,247.9511276802203,335.4185907210131,217.78917666300674,,27.038003127620872,27.038003127620872,0.7022407457189532,-0.23372431178921296,36.98979100045108
608,20.266666666666666,reacquire,0,,,324.36505306366445,248.34774030198713,334.58430649053776,210.83128305594255,,32.61159370488486,32.61159370488486,0.7239021155239194,-0.29373295493204077,39.00357100064866
609,20.3,reacquire,0,,,324.54200659672875,248.744352923754,337.8047763668413,208.74851536132846,,35.967559739219915,35.967559739219915,0.7460627371517926,-0.3545764639205727,33.79275699990103
610,20.333333333333332,reacquire,0,,,324.71896012979306,249.14096554552083,344.0896201505404,207.4562773747983,,40.489550272920866,40.489550272920866,0.768705877087702,-0.41623788915513826,36.4045400001487
611,20.366666666666667,reacquire,0,,,324.89591366285737,249.5375781672877,342.6668082511052,193.2814022000775,,51.926983127111214,51.926983127111214,0.7918173601033225,-0.4787011419020962,36.13508199850912
612,20.4,reacquire,0,,,325.0728671959217,249.93419078905453,340.7085647649428,196.25794573962287,,48.396404469150475,48.396404469150475,0.8153848510062693,-0.5419508205142843,32.679201000064495
613,20.433333333333334,reacquire,0,,,325.249820728986,250.3308034108214,336.4561423042339,187.5652858570015,,54.95638149291821,54.95638149291821,0.8393973508799676,-0.605972087095767,33.106786000644206
614,20.466666666666665,reacquire,0,,,325.4267742620503,250.72741603258822,336.4502147779003,183.020643586257,,59.3064635900962,59.3064635900962,0.8638448434865471,-0.6707505795113065,37.53548900021997
615,20.5,reacquire,0,,,325.6037277951146,251.1240286543551,339.8366112258186,168.4161367957653,,74.28149578573965,74.28149578573965,0.8887180468031559,-0.7362723481703345,36.5010869991238
616,20.533333333333335,reacquire,0,,,325.7806813281789,251.52064127612198,338.8818635816785,166.96064267636427,,75.44052286779869,75.44052286779869,0.9140082381705827,-0.8025238101854529,32.03051099990262
617,20.566666666666666,reacquire,0,,,325.9576348612432,251.9172538978888,336.22521259138944,156.20998594201274,,85.3464936565849,85.3464936565849,0.9397071309890279,-0.8694917157249686,37.828477999937604
618,20.6,reacquire,0,,,326.1345883943075,252.31386651965568,339.1970348589714,152.99807198152584,,89.09467787869443,89.09467787869443,0.9658067875150478,-0.9371631229324013,30.951609000112512
619,20.633333333333333,reacquire,0,,,326.3115419273718,252.7104791414225,330.99296402841014,138.12987605692416,,102.46154112791567,102.46154112791567,0.9922995569471188,-1.0055253788733873,34.175918000983074
620,20.666666666666668,reacquire,0,,,326.4884954604361,253.10709176318937,331.3665050014993,133.4712340315112,,107.13344676018862,107.13344676018862,1.0191780312306848,-1.0745661047317614,34.667509999053436
621,20.7,reacquire,0,,,326.66544899350043,253.5037043849562,329.6410266642325,122.31955453289918,,118.07470787800295,118.07470787800295,8.0,-8.0,35.099403001368046
622,20.733333333333334,reacquire,0,,,326.84240252656474,253.90031700672307,323.64030564430533,108.48706451954898,,131.56330804547758,131.56330804547758,8.0,-8.0,34.130190000723815
623,20.766666666666666,acquire,1,315.9798380995612,87.64056589499168,315.9798380995612,87.64056589499168,316.3620646030975,87.19352877950757,0.5881660332133495,152.84977010388735,152.84977010388735,0.040375391405249345,7.377719895650813,36.15426299984392
624,20.8,track,1,302.2462563022048,74.05700203175559,303.35978847525416,75.15837060475928,302.43592786621895,74.4074703764435,0.398501396263366,166.52141753254776,166.52141753254776,-0.6200653687406037,8.0,37.60514999885345
625,20.833333333333332,track,1,303.0902567975831,63.39365558912387,299.7351025645532,64.40142837584955,303.09217156041717,63.484030322411066,0.09039501498115401,177.32389070218898,177.32389070218898,-0.8476105857657075,8.0,37.09741300008318
626,20.866666666666667,track,1,311.242376147829,60.23610323848392,304.1488066621089,58.07248857849213,311.1108598838542,60.15405561922033,0.15501077226026677,180.06548953705416,180.06548953705416,-0.6395183174868614,8.0,35.0103049986501
627,20.9,track,1,314.78726543583537,69.81616979418887,310.0556375927853,61.5863215333048,314.43505842664547,69.49181651109126,0.47880562818192623,170.59897189432948,170.59897189432948,-0.3730032810970567,8.0,39.34774699882837
628,20.933333333333334,track,1,320.3096687455652,68.7652462934608,316.33535822534117,64.83334037460229,319.83024510351777,69.24844915211737,0.680684972045004,170.75163522989152,170.75163522989152,-0.04277568820219885,8.0,37.878533999901265
629,20.966666666666665,track,1,322.29151138716355,87.26297760210804,320.84558189681263,76.0589397712903,322.61863276874936,87.53940777841628,0.42827799460679067,152.48307912071294,152.48307912071294,0.2159323563544474,8.0,39.2567010003404
630,21.0,track,1,331.5979893821304,101.72980910425844,327.58637480041426,91.75478621857343,331.7598438696919,101.78551170250154,0.17117141874400904,138.71387350650573,138.71387350650573,0.6262318042017779,7.886176534719827,39.337948999673245
631,21.033333333333335,track,1,328.3311957751792,123.83161071293851,330.1263437388355,111.97712904803234,328.3247225201643,123.63476205953896,0.19695505927928425,116.6626315748871,116.6626315748871,0.8136701933708375,6.973992320540866,34.47193600004539
632,21.066666666666666,track,1,333.9513216785892,151.0165066370835,333.19531728777633,138.46702092485654,333.75933817286864,150.62742400178118,0.433869754145809,90.42553139192913,90.42553139192913,1.0502810337628483,5.728979549126867,36.89275699980499
633,21.1,track,1,333.3884072237156,178.16185211827508,334.88516895638253,168.2649632536997,333.0240078568148,178.5619191366661,0.5411474085699455,62.80336424765739,62.80336424765739,1.2184900115172366,4.245274026038515,33.495568999569514
634,21.133333333333333,track,1,324.12357099879665,206.82836943441637,331.0482742565592,199.01690366316797,324.5345013474184,206.99794183660114,0.44454308115313995,33.312123100908785,33.312123100908785,1.0358779068674646,2.6005168277638924,35.069549001491396
635,21.166666666666668,track,1,327.80866385160607,217.03811642286232,328.51459683198306,221.0748876370562,328.0882180325731,217.0064542395255,0.2813414899189062,24.37462651163038,24.37462651163038,0.9245665514162444,1.4195288551630953,32.75267999924836
636,21.2,track,1,327.02819802276815,227.95292840023967,327.36497588335567,235.05580070399046,327.14324355970837,227.7141677192959,0.265032334507701,14.211530648839565,14.211530648839565,0.8750226227679219,0.6223236260864207,33.18580099949031
637,21.233333333333334,track,1,322.55805032156155,241.06498928128173,324.55829025931115,247.54304734407384,322.5129767909471,240.63783221587207,0.42952855748069096,2.5926593080162097,2.5926593080162097,0.7261751036907917,-0.1443539463501804,36.77666299881821
638,21.266666666666666,track,1,325.9310791750848,235.2201044485953,324.37864259604424,250.9900234027195,325.7870827393773,235.55728583400935,0.3666418690850841,7.2957546417826205,7.2957546417826205,0.7236516779696247,-0.37788510767462286,35.02904700144427
639,21.3,track,1,318.01805472488036,231.26450358851676,321.32099599207845,246.2201382147268,317.6349555462954,231.37637015797486,0.39909787019578813,8.942059433948398,8.942059433948398,0.5333932076086476,-0.1720009022187771,35.379186001591734
640,21.333333333333332,track,1,324.3823585012666,223.51661688532647,321.4456230459005,236.31718177475435,324.8203278876452,223.40072203563963,0.45304392677617933,17.285010554885687,17.285010554885687,0.5390514984401349,0.37499837149491055,31.324687999585876
641,21.366666666666667,track,1,320.1576231312135,231.34097290733854,320.8362183250391,232.54946128775737,320.4103706536197,231.01215291823303,0.4147335232626116,8.997210636557272,8.997210636557272,0.49116415121478707,0.5901266217354898,33.346252001138055
642,21.4,track,1,328.34283787328116,228.50282888081233,324.1124381905988,230.63675857243936,328.4763875922245,228.96096363886616,0.47720329417020113,13.917954964579124,13.917954964579124,0.66536543819878,0.7307807230711355,33.16351500143355
643,21.433333333333334,track,1,329.4194352630088,227.7684767211257,326.934055631273,228.98679417108733,329.35254569469214,228.0016296522478,0.242558247933184,15.212856469878487,15.212856469878487,0.837325547571109,0.8684530457763602,36.04389599968272
644,21.466666666666665,track,1,323.4861544172235,231.006570155902,325.98903696679406,229.45603103180324,323.3210401949924,231.0559015459981,0.1723261223140089,9.540765437407757,9.540765437407757,0.7930866338566007,0.8784835591624414,37.18847399977676
645,21.5,track,1,321.67680074836295,229.2440037418148,323.5877930525369,229.6869730033393,321.2990767022287,229.0635568726,0.41861262240577024,11.013327769440446,11.013327769440446,0.6616610480063669,0.9007842298169848,39.77640900120605
646,21.533333333333335,track,1,325.25132543711226,231.46828351193832,323.68036130674864,230.7823149271429,325.72611676882684,231.08670521232835,0.6091213404606216,10.594113328739432,10.594113328739432,0.6589787718897958,0.8736882295978503,31.18515799906163
647,21.566666666666666,track,1,328.61711963613317,228.73537635611228,325.4713149026186,230.20925242120876,328.90844084335373,229.10925659634862,0.4739772988399583,14.070131845285212,14.070131845285212,0.7562491368849529,0.9344980911196986,31.74928199950955
648,21.6,track,1,322.9836206574175,231.22957256647095,324.3106310621199,230.84125538482644,323.1188583977315,231.44033480191254,0.2504195804915917,9.110167177854093,9.110167177854093,0.7018011215521103,0.9325866192590809,37.78146500008006
649,21.633333333333333,track,1,331.14652697513145,236.23228067559003,326.82801537714295,233.2518207040391,331.0773807061246,236.19352004373619,0.07926911819415672,11.713140183821732,11.713140183821732,0.844589185354145,0.8286549503764726,38.23196200028178
650,21.666666666666668,track,1,323.62715003969305,236.88042944089517,325.76856278466306,235.11658067119765,323.4155733974236,236.637442666125,0.3221913224579853,4.793008810422151,4.793008810422151,0.8055562551224362,0.7413567109416579,37.1539860007033
651,21.7,track,1,321.87198585562203,236.60617687996088,324.4113501105981,236.29154065794756,321.48012882453224,236.11484297943653,0.6284591749819357,4.157550530257547,4.157550530257547,0.7439318340245353,0.6825428304415928,36.549145999742905
652,21.733333333333334,track,1,322.0936466294057,243.0349036158321,323.5067090202842,239.15472482355938,322.5601504805152,243.32243741951362,0.5479977475861696,4.194396367710902,4.194396367710902,0.6995924516869277,0.5266781832539454,36.7714280000655
653,21.766666666666666,track,1,323.85863280807166,234.24419000113366,323.3745513292299,238.60754972061795,324.1144249304112,234.36838183920622,0.2843470107013642,6.974497517167198,6.974497517167198,0.6987101892782558,0.5732321160487306,38.57779899954039
654,21.8,track,1,330.5414419966107,237.32283161300262,325.9637080434359,237.5054725921957,330.6812475465461,237.20847012876234,0.18062154043852993,11.040003993323973,11.040003993323973,0.8535442382492522,0.6501981733917596,37.57161800058384
655,21.833333333333332,track,1,324.0392394515567,235.71782440724186,325.72349036953017,236.1425087758166,323.9864435231306,235.36932187328955,0.35247897274809664,6.110230100111178,6.110230100111178,0.8450309847091613,0.7401821923507119,35.693131998414174
656,21.866666666666667,track,1,321.32124971971,239.11648852679573,323.33258589160187,237.14242137140317,321.1075902552975,239.5806594597099,0.5109843654119335,1.184315271522242,1.184315271522242,0.7136766560321464,0.7013865814388731,37.424101999931736
657,21.9,track,1,328.4749388405302,240.43680188124634,325.1760949429583,238.64375950947488,328.0408634835129,240.70207785335853,0.5087167747870941,8.07145580875395,8.07145580875395,0.8335531379270047,0.6162171040195753,35.488120000081835
658,21.933333333333334,track,1,322.5101902173913,241.06272644927537,324.5676930666042,240.29811008144713,322.9052304457432,241.10544985337046,0.3973437696425905,3.1084374404497837,3.1084374404497837,0.8003560349394381,0.5317667429416157,40.37503200015635
659,21.966666666666665,track,1,321.4611240864914,239.31797634295185,322.66868605968904,240.34300505259978,321.6924579871329,239.14721553047832,0.2875319611150029,1.8951663224285513,1.8951663224285513,0.6917133654560145,0.5184751024440248,37.499187999856076
660,22.0,track,1,319.86186310216647,237.19614763639095,320.73260426763346,239.18465955576156,319.94962691947796,236.79296352866862,0.4126256322005858,3.207432053168219,3.207432053168219,0.5709451660980743,0.5560180883700634,42.46825500013074
661,22.033333333333335,track,1,323.9962732919255,240.961415396198,321.48736893288753,240.08065909317975,323.8937348632462,241.37372867410474,0.42487217900707847,4.128958906954215,4.128958906954215,0.6107511911224086,0.5008637234742556,38.6554979995708
662,22.066666666666666,track,1,326.21932779399657,239.47660753050377,323.8951627355361,240.24860193801157,325.97762970552577,239.69162461864576,0.3234970079668412,5.985578691505901,5.985578691505901,0.7491069432452994,0.48892083737271763,42.44675500012818
663,22.1,track,1,324.6974978494221,241.12177880839286,324.84010346166286,240.98346365711777,324.2596427557702,241.102985562207,0.43825822198693,4.400128811435246,4.400128811435246,0.8184622940075403,0.4250616042560128,45.48399399936898
664,22.133333333333333,track,1,322.55946379896193,235.57193532728428,324.3539473582053,238.8548362336292,322.9723791843859,235.32072483035483,0.4833278693468383,5.5435236203184255,5.5435236203184255,0.7955457320713311,0.5514392281890139,42.755951999424724
665,22.166666666666668,track,1,318.2222180620039,239.91092556537367,321.3140375794089,238.59573745510258,318.4651351528522,239.42423655744417,0.54394384219845,1.6393027910650722,1.6393027910650722,0.6125594716341832,0.5636416562862179,40.51329899994016
666,22.2,track,1,324.05130228887134,232.27000413425037,321.6091694294975,235.60522577137283,324.11986340246557,232.65265895937213,0.38874842956113226,8.423579691691042,8.423579691691042,0.6300760671896447,0.7561877180313188,41.32684199976211
667,22.233333333333334,track,1,327.25995052844615,239.6190690353047,324.61811041020763,236.44931654412431,327.1518457502504,239.7361125576318,0.15932931050966676,7.156712528641511,7.156712528641511,0.8117681936715736,0.7144141055532671,42.58825699980662
668,22.266666666666666,track,1,320.39927881906624,239.378619990234,323.4377347126928,238.23721112387608,320.1388173531564,239.2597020945943,0.2863243634888064,0.7532006680064844,0.7532006680064844,0.7424731526932111,0.6172684181241463,46.08788399855257
669,22.3,track,1,325.0158117718263,239.64317597215918,323.75499984250047,239.381415687878,324.53400983694155,239.36109465057575,0.5583036597094259,4.578803910084561,4.578803910084561,0.7692113818764381,0.5504407128905652,39.24610000103712
670,22.333333333333332,track,1,319.741914679717,240.9949923177602,321.99103265782446,240.54017837048423,320.14381040423604,241.44416576388693,0.6027246121505553,1.4513084392883713,1.4513084392883713,0.6768356643474994,0.476587632513241,36.81033100110653
671,22.366666666666667,track,1,322.6301864101022,235.09745189416716,322.16604273445955,238.33582591874492,322.84161179678614,235.3583227178068,0.33578904205001103,5.442419094085148,5.442419094085148,0.6816055573127597,0.5880322494092709,36.8888369994238
672,22.4,track,1,320.1655766050218,232.24173056683205,321.1779836728816,235.52407635213586,320.19142603712567,232.27592064418937,0.04286204066295673,7.726451049644306,7.726451049644306,0.6228281770978802,0.749377858972207,35.527731000911444
673,22.433333333333334,track,1,326.03304511278196,236.38218045112782,323.0349496831986,235.45723956303735,325.915139471547,236.1969767384478,0.21954989279317935,7.032201710400534,7.032201710400534,0.7166727001706957,0.7747128330405175,36.67771199980052
674,22.466666666666665,track,1,326.02625028286946,241.78256770008298,324.28914939422265,237.56954565067798,325.66635340038687,241.41688249649383,0.5130803388795216,5.840814743419482,5.840814743419482,0.7887044580507289,0.6784493677049793,34.8322729987558
675,22.5,track,1,327.60956843027463,240.5298061173961,325.7152541684353,238.5944804892766,327.1893244422436,240.94722558608427,0.5923208778323835,7.251456560359042,7.251456560359042,0.8769445027037375,0.628754220190609,35.81637900060741
676,22.533333333333335,track,1,321.8618490566038,238.85467924528302,324.78613830570976,238.76133184712455,322.23381650329804,239.05445436791138,0.4222201807368146,2.4256942743817853,2.4256942743817853,0.8436322756126096,0.6200500264440655,36.37610300029337
677,22.566666666666666,track,1,319.8014666969078,234.76960006048233,323.45163626966814,237.6088767831451,319.99914646585455,234.76537275329346,0.19772496346415308,5.2346273162932055,5.2346273162932055,0.782399521820275,0.6822875519275517,35.47254300065106
678,22.6,track,1,318.48024287182614,237.1190376489398,322.0656444365245,237.4281597667525,318.46488501234046,236.9063071733653,0.21328412760011467,3.4536232178551267,3.4536232178551267,0.7108568372656616,0.697862599841911,40.54002100019716
679,22.633333333333333,track,1,320.5763092744239,243.17958484098267,321.57858057237655,238.93709653616824,320.3886039175211,242.72009058131513,0.49635498957644664,2.7477091868085393,2.7477091868085393,0.6806316571006399,0.6228116887569406,35.68451400133199
680,22.666666666666668,track,1,322.6960965491231,240.20878747878558,321.7453620376079,239.35038157029183,322.3910568223969,240.53899573537007,0.4495405739171823,2.4510546976103504,2.4510546976103504,0.6832671697531675,0.5991976736337201,37.033762000646675
681,22.7,track,1,316.0491073113653,242.7041482655796,320.28168167268666,240.2731265485467,315.6187198796472,242.8625060025444,0.4585962431567728,5.233503234698669,5.233503234698669,0.5842874911528817,0.5604302952624078,41.43112699966878
682,22.733333333333334,track,1,316.61367202091895,240.77060141949943,319.24290350376066,240.56649825676453,316.9803034837392,240.68027479965815,0.3775943958557353,3.0953741055593906,3.0953741055593906,0.5296587120672761,0.5235458631867205,41.77289300059783
683,22.766666666666666,track,1,320.13024199609197,236.51536900646326,319.16871250310714,239.87732317476383,320.29668523588725,236.200433306395,0.3562132047679138,3.811132271169004,3.811132271169004,0.5083879653694945,0.5451348011660173,42.470642998523545
684,22.8,track,1,327.1710075006596,240.98352870227282,320.5681673367598,240.2262852182634,327.16405245377564,241.46849787693571,0.4850190440079296,7.313011252214333,7.313011252214333,0.5661976367701153,0.5387872714648261,44.934606999959215
685,22.833333333333332,track,1,325.05580848319295,231.58672888686547,321.32129008714475,238.66136865753703,324.84338310210467,231.86128807794162,0.3471416021379335,9.470849572451682,9.470849572451682,0.5963957610632887,0.6046889624060577,39.90421900016372
686,22.866666666666667,track,1,319.1998812660013,237.86705502578755,320.85217836674485,238.52995059916066,318.8721191304206,237.9307240177365,0.333888840868074,2.3566964901607044,2.3566964901607044,0.565089596367886,0.6124297681135389,41.585729999496834
687,22.9,track,1,319.394091436702,238.36615868498896,320.49286102747953,238.50860691429028,319.8726091831844,238.2100169524453,0.503348263472048,1.7945104431967378,1.7945104431967378,0.5120584587100352,0.6150481043186214,35.612253999715904
688,22.933333333333334,track,1,326.1007974602215,234.97093616538797,321.3596232003152,237.89777843014423,326.3922384040082,234.60574480732734,0.4672285861518473,8.36413180774629,8.36413180774629,0.572980261988356,0.6493593204643857,38.12785000081931
689,22.966666666666665,track,1,321.89072746682933,239.7443953027299,321.39962561651174,238.17624723510139,322.0622957216624,240.17814603806724,0.46644974699546604,2.0699757618064205,2.0699757618064205,0.569931592798221,0.6390310876501393,36.64767699956428
690,23.0,track,1,325.2955160600382,234.26937709386178,321.99063357657593,237.52659070141434,325.24846361045786,234.43327555041094,0.1705187293839272,7.650803315205077,7.650803315205077,0.5967423953880461,0.6769886115796762,41.220936000172514
691,23.033333333333335,track,1,323.0242017952505,236.08506609097452,322.14861790691333,237.24753034211628,322.8216282878735,236.02967229081435,0.21001071160110732,4.870840616695999,4.870840616695999,0.6033484512145533,0.6980886811281433,40.467897000780795
692,23.066666666666666,track,1,327.78901418011765,238.0340737667823,323.0186804499527,237.30374555405265,327.4306150853079,237.84031994887474,0.4074192596259952,7.738104320131259,7.738104320131259,0.6488107031130288,0.7025220457903648,39.40048399999796
693,23.1,track,1,326.3757283729269,238.93792021515014,323.5749551084012,237.4908345469796,326.9075567659899,238.49592922456478,0.6915182394026936,7.06941082218959,7.06941082218959,0.6815715151310725,0.6996497865364693,38.703954000084195
694,23.133333333333333,track,1,328.6372129671319,243.56333483415878,324.3960535428901,238.33343307247154,328.9507299938143,243.93524258766095,0.48642399522927254,9.777612267108355,9.777612267108355,0.7310056366437356,0.6609107948194339,37.838141000975156
695,23.166666666666668,track,1,323.4628933682572,238.75598830808943,324.38728645062747,238.4011724207732,323.5450716623208,238.90041296190438,0.16616784479789107,3.7116875872489614,3.7116875872489614,0.7399076945949474,0.6595780684465711,39.63810800087231
696,23.2,track,1,330.8196381454957,245.37007161703733,325.40134361887084,239.38491276586734,330.75253580390626,245.26631768811163,0.12356213827180978,11.97293314966735,11.97293314966735,0.8031998505000242,0.6090425600305654,36.77694299949508
697,23.233333333333334,track,1,328.8666947336191,240.5478413962033,326.0413252223957,239.60907890864743,328.66063432860915,240.28427178534315,0.33455915811981407,8.665298461208675,8.665298461208675,0.8509503565386127,0.5740676633071151,32.4697300002299
698,23.266666666666666,track,1,324.03726495726494,242.05884140550808,325.9620399043592,240.0121849709499,323.67119824569124,242.5846504350819,0.6406871099871934,4.4897788843923605,4.4897788843923605,0.8630749293697907,0.5686452281256842,38.70098900006269
699,23.3,track,1,327.30726109857034,241.8221218961625,326.31486204102674,240.34307194335273,327.7551793411414,242.09274984564823,0.5233261306974765,8.032584175078842,8.032584175078842,0.897624316327521,0.5629056730473925,34.913907000373
700,23.333333333333332,track,1,320.5758572454728,241.0135344599448,325.7479740980996,240.534274691146,320.8700094633549,241.06953663542205,0.29943575428322056,1.3787041310001997,1.3787041310001997,0.8844814574549451,0.5291289326270865,34.57370499927492
701,23.366666666666667,track,1,319.13920561806236,240.51970852525864,325.0359629847341,240.64010769041658,319.24072765693256,240.38433192176555,0.16921450632167043,0.8510026539530395,0.8510026539530395,0.8607853675779045,0.5158899738174153,35.51029499976721
702,23.4,track,1,317.05665229559037,234.95613039860828,324.11094373197017,240.0215659356832,316.96374977830703,234.6146664525298,0.3538763967673817,6.182283787261672,6.182283787261672,0.8222534272279005,0.541982541185753,40.028622999670915
703,23.433333333333334,track,1,317.01016771095186,241.7197688815518,323.25065890563684,240.30270941275026,316.8021066375859,242.1146960059604,0.44638194838484785,3.8338572163028077,3.8338572163028077,0.7827367901359825,0.5367121700224282,36.421556998902815
704,23.466666666666665,track,1,318.5846461898825,234.74898938380747,322.6538183826419,239.68476616646987,318.1750653608944,234.98640957378083,0.473418210551281,5.335398335540094,5.335398335540094,0.7531337962244724,0.5322160453081457,39.89573999933782
705,23.5,track,1,315.06698438907233,235.26497298108677,321.66630242543926,239.17442980018052,315.50077491456295,235.29442506896837,0.43478919660683263,6.51041179964673,6.51041179964673,0.6998523959299268,0.5715017896544301,38.52862200074014
706,23.533333333333335,track,1,316.63441754916795,240.4481467473525,320.9491169690107,239.34053942198017,316.8534020219065,240.20857787021853,0.3245727132582317,3.1535033793682503,3.1535033793682503,0.6564309581144274,0.5617958074900095,36.38918499927968
707,23.566666666666666,track,1,320.51991543021103,234.57431947747952,320.76726414571135,238.77251186646703,320.5872123290441,234.11603225053526,0.4632019591634035,5.91319666475948,5.91319666475948,0.6382450141687783,0.5905768105479792,36.54653399826202
708,23.6,track,1,324.7149359022984,238.3373283774558,321.11865123210714,238.7043428799847,324.58287208311884,238.69224215845307,0.3786880566879117,4.7658102251723715,4.7658102251723715,0.6476344752684228,0.5953613121536124,38.17187499953434
709,23.633333333333333,track,1,322.3261044176707,237.32725186460127,321.1620414124741,238.51890733822432,322.06521008560685,237.48097178251012,0.3028129218922994,3.2573909587586307,3.2573909587586307,0.642258310307557,0.6067715724273783,36.90033099883294
710,23.666666666666668,track,1,319.21516587677723,241.37342180094788,320.83113679798083,238.83825371740676,318.7706833707018,241.34999802141587,0.44509928291859474,1.8258461142428766,1.8258461142428766,0.6172896122474529,0.5921762846182097,36.72773900143511
711,23.7,track,1,321.62316710015455,241.51841381130083,320.8198306502193,239.1548806162792,321.99277769912055,241.20719823815415,0.4831843621610985,2.3299121323162986,2.3299121323162986,0.6080415293377186,0.5763353972436178,38.16716099936457
712,23.733333333333334,track,1,323.6519032708341,232.65703399102125,321.06058279983176,238.381184751319,323.8882680727135,233.13862165865925,0.5364652842342126,7.88651642668062,7.88651642668062,0.6123456912784248,0.6171351799949525,34.13631799958239
713,23.766666666666666,track,1,321.6435127004075,234.38935222209528,321.0495006907752,237.86721077925222,321.7534228596826,234.68674754928784,0.317055553094168,5.595099939219691,5.595099939219691,0.6045098508750376,0.6475163204344923,34.72617899933539
714,23.8,track,1,322.3647036328872,235.77177820267687,321.13087988529077,237.5555451334183,322.2519362967903,235.8730255606632,0.15155032032168042,4.701397144226481,4.701397144226481,0.6017608530566583,0.6693928167594246,38.62714400020195
715,23.833333333333332,track,1,328.8386659640141,238.72092147858166,321.9892648717669,237.62225805005676,328.59017390255383,238.5509540718235,0.3010601666924441,8.71153383613252,8.71153383613252,0.6409470193299301,0.6724717141597659,36.07295000074373
716,23.866666666666667,track,1,328.61214742384357,238.32610003760811,322.76870352629345,237.64180782758137,328.2140547775692,237.98056924496473,0.5271330796701305,8.458652165876625,8.458652165876625,0.6799263093499203,0.6777008597987756,34.46288199847913
717,23.9,track,1,328.1397252045949,233.55154290862677,323.44192534013246,237.09166284879004,328.5314433782574,233.99321019331836,0.5903499961415278,10.433937411067134,10.433937411067134,0.7168845747611515,0.7130750150965831,37.14938199846074
718,23.933333333333334,track,1,327.97913701400853,234.27545134467002,324.0506283772526,236.66751763342785,328.2083908456844,234.45931335819316,0.29387507440211347,9.903377642916183,9.903377642916183,0.7535282073662397,0.7440541663588373,32.548615999985486
719,23.966666666666665,track,1,328.1876482289037,243.34545941396985,324.64108184520217,237.36255297215476,328.2407453779796,243.3052708481343,0.06659150143902418,8.878890683200144,8.878890683200144,0.7919744087538094,0.7171895337650092,35.392540999964694
720,24.0,track,1,324.2705133217896,242.38542888528923,324.7186230040808,237.90471349707065,324.12677181597024,242.1631196900239,0.2647319376175428,4.659327463750048,4.659327463750048,0.805738130782672,0.6952319022096594,38.61181000138458
721,24.033333333333335,track,1,326.5976808102105,238.46956063401228,325.0620935596436,237.9471507189738,326.2653392682792,238.07462525155304,0.5161635950078999,6.554505631136386,6.554505631136386,0.8339500423639612,0.6972972863369673,38.254177999988315
722,24.066666666666666,track,1,328.4206207499145,237.84105155187478,325.5943324030819,237.9132427476876,327.9066825150768,238.19530404934787,0.6242013626979941,8.110028105285537,8.110028105285537,0.8736121983414017,0.7030636600674284,33.76569300053234
723,24.1,track,1,321.2622926036509,239.28530934653614,325.2275675119056,238.05571141313885,321.6384423168553,239.43772959320182,0.405857780924991,1.7322359065736606,1.7322359065736606,0.8675962637289883,0.6994399694725053,37.51140399981523
724,24.133333333333333,track,1,318.30099069802617,244.99795810330485,324.52008040059565,238.87421454587036,318.52488128730323,244.93459917172032,0.2326829391647855,5.150363501937612,5.150363501937612,0.8416081583208401,0.6590641641760682,36.2630719992012
725,24.166666666666668,track,1,316.3371602356966,239.30720395362098,323.61484892127237,238.9603325534938,316.3816063629092,238.98885763060386,0.3214340361609557,3.757017620949768,3.757017620949768,0.8017123090828233,0.6012260759673059,33.75105099985376
726,24.2,track,1,324.9852017103551,243.91243725599554,323.79748483906815,239.58994327216843,324.7845852959355,244.41960707292196,0.5454064254624711,6.513461685855249,6.513461685855249,0.8154761389986562,0.49821937189715637,35.44457499992859
727,24.233333333333334,track,1,320.8475651189128,243.35522838807097,323.4721272716701,240.11047031574498,320.5548798503292,243.07181253613695,0.4074177359582633,3.1215258937688555,3.1215258937688555,0.8027672128700184,0.4545735978001959,38.86039800090657
728,24.266666666666666,track,1,324.55413223140494,242.88219383921864,323.60929650469376,240.53682935025688,324.05795935916836,242.7591677638186,0.511197549262344,4.907141826925103,4.907141826925103,0.8130618925883839,0.386700642750948,38.31137499946635
729,24.3,track,1,317.2944072765542,245.62970758475532,322.86841355895655,241.25886674724632,317.6557760592352,245.76838601349422,0.38706472804153447,6.226528975691875,6.226528975691875,0.7770594923582501,0.3127460171611771,34.78242799974396
730,24.333333333333332,track,1,321.1849128438655,256.71206748534956,322.6393110609174,243.25414653052258,321.3782037524965,257.1112798099841,0.4435446488230166,17.166692818331835,17.166692818331835,0.7649093387831374,0.17436756706744871,32.656002998919575
731,24.366666666666667,track,1,315.08649056603775,259.02230188679243,321.696688513394,245.38972364657906,315.08341279442635,258.59089099176975,0.4314218736021175,19.230030099245198,19.230030099245198,0.7136587486472837,0.031331702088720687,39.39012900082162
732,24.4,track,1,316.57511602040427,263.76170751351975,320.9946411584186,247.94084180638475,316.40155909159586,263.57157557246643,0.2574338022601377,23.844662965531143,23.844662965531143,0.6709945030968352,-0.1314259367752605,37.635373999364674
733,24.433333333333334,track,1,319.7787153173698,266.5679589509692,320.72631845734406,250.6430780926711,319.4452933535426,266.55511069405975,0.3336694227345564,26.560903663794846,26.560903663794846,0.648306675323514,-0.3107111474621607,36.772571000255994
734,24.466666666666665,track,1,319.58390593983813,261.48873873873873,320.45957195998454,252.5354426732162,319.1222977440218,261.6839607700459,0.5011923462628999,21.70171688892471,21.70171688892471,0.6005377620145003,-0.4584184460874711,39.01245000088238
735,24.5,track,1,317.2864383870241,260.62912067282423,319.94313724738157,254.16669644693388,317.6194948217003,261.04091571388767,0.529624154022151,21.17514908997896,21.17514908997896,0.5878165460037237,-0.5999793423481562,38.398610000513145
736,24.533333333333335,track,1,319.40771704180065,263.94435407603555,319.7221089697817,256.04869783103675,319.53217208612006,263.56492097378185,0.39932259783589913,23.569564345943885,23.569564345943885,0.5750652490449684,-0.7612624302061324,37.77636999984679
737,24.566666666666666,track,1,327.3991005970826,262.04701080795104,320.4814035076053,257.53859488971085,327.37449887293235,261.9018961963873,0.1471852415171216,23.11009066672405,23.11009066672405,0.5632966594694682,-0.9089336179617125,38.488061998577905
738,24.6,track,1,324.339671531456,264.8505506230233,320.8364412464555,259.22001616462967,324.21014149631,264.92415891786794,0.14898392891473386,25.277242515394896,25.277242515394896,0.5958343086198546,-1.07213714394626,37.41322000132641
739,24.633333333333333,track,1,326.33978920132415,255.76557208629808,321.4149963794434,259.6560731623579,325.97548238801016,256.0427591834216,0.4577686544956461,17.11947756173294,17.11947756173294,0.6186330726933713,-1.1750290661522995,37.843365000298945
740,24.666666666666668,track,1,329.6593229244858,258.34236601110945,322.35900619738743,260.3186446119001,330.1480263322502,258.84429451825855,0.700544964330942,21.403034231877324,21.403034231877324,0.6637460889968283,-1.2903038484598883,37.757357000373304
741,24.7,track,1,317.34973750802584,257.6722816029006,321.77287492329845,260.80672435068516,317.00304136686316,257.39014175942174,0.44699116946018624,17.646495160839084,17.646495160839084,0.6318311458816117,-1.397462626412321,38.181567999345134
742,24.733333333333334,track,1,315.85602480245,254.68168928882,321.04448718698274,260.8547527854559,315.70429571742227,254.62401681458778,0.16232014516818588,15.24188121842913,15.24188121842913,0.5394229039476817,-1.481497411481483,37.43909900003928
743,24.766666666666666,track,1,304.8886658840459,242.8538266368766,319.0516557023602,259.43500811668616,304.9077049127914,243.01377282147732,0.16107534443204613,15.390263078286079,15.390263078286079,0.32243066213857285,-1.417748343765667,38.01858800034097
744,24.8,track,1,303.6966317534474,244.57199909577272,312.1410605424967,253.0422872545368,303.8996686500003,244.94505536743057,0.42472928223174944,16.842631687676864,16.842631687676864,-0.16127708091519227,-1.0669656118046744,38.2182039993495
745,24.833333333333332,track,1,299.55612688570454,243.54115467503496,303.6638472359064,246.08909677389,299.93006636658924,243.1188943351075,0.5640341568025498,20.310828095453864,20.310828095453864,-0.7405566967556094,-0.6540361861457651,37.95957200054545
746,24.866666666666667,track,1,302.315099542896,236.67337841411356,299.23301749814436,238.5325131457257,301.84096193871244,236.44697289069694,0.5254197643165754,18.503369016228714,18.503369016228714,-1.0746596210525052,-0.2006904801729234,38.18733499974769
747,24.9,track,1,303.47279647734905,235.64217478916336,299.76847350820657,234.54704378251967,303.144032113843,235.68579453108003,0.33164542601458974,17.399310969323302,17.399310969323302,-1.1474142905756297,0.08794038810091248,38.85785099919303
748,24.933333333333334,track,1,303.9629219912264,244.80644669082585,300.90252082832944,237.04222848551277,303.8374370719572,245.00456445789902,0.23451463620433757,16.919636692796026,16.919636692796026,-1.1642848072149934,-0.02974382072744791,37.501210001209984
749,24.966666666666665,track,1,313.072511938873,244.519923591213,306.70327300264546,241.08828835509485,313.13838796067495,244.95945335879057,0.44443904737910084,8.466280021132633,8.466280021132633,-0.9031512280472755,-0.2516679295288703,38.33812199991371
750,25.0,track,1,315.6220050913447,244.27369721473494,311.93157736280386,243.60687936621545,315.82312312789884,243.94112037861558,0.3886589977738233,5.742711053451374,5.742711053451374,-0.6359987868855768,-0.4095632001288936,36.45551599947794
751,25.033333333333335,track,1,312.77507851818217,251.06654179437697,313.8618586111816,248.1555133637237,313.1646192768381,250.92695453745537,0.4137953660314858,12.888784469227108,12.888784469227108,-0.5260270071908885,-0.69145707275972,37.098316999617964
752,25.066666666666666,track,1,315.2066240120437,245.79439217162212,315.92993736680785,248.70874959168953,314.74988706501296,245.90588976782456,0.47014928771813,7.902102238000539,7.902102238000539,-0.40317595557797276,-0.7724818240961686,35.10250200088194
753,25.1,track,1,307.25640735715365,246.64239409015528,313.99687261106857,249.2415672114123,306.9307800513485,246.93020173711398,0.434587602140026,14.792978272928265,14.792978272928265,-0.5376861606887398,-0.8315508019021838,35.21796599852678
754,25.133333333333333,track,1,303.91520816265734,245.85342965666194,309.04779852691536,248.24720269224454,303.8129846924749,246.33414329439253,0.4914623478521135,17.382198820631103,17.382198820631103,-0.8541162355238108,-0.8038461525479792,37.92451099980099
755,25.166666666666668,track,1,304.8941078271427,246.14903061805214,305.78859202450724,247.3694321391956,304.95695088506494,245.85077740928713,0.3048019462989678,16.140784459479445,16.140784459479445,-1.1019213306696551,-0.7737306531694801,38.22618599951966
756,25.2,track,1,307.50785798546366,241.0972639750371,305.08181189627646,244.392455134644,307.70794102079896,240.998361105695,0.2231927386656717,12.332535783265403,12.332535783265403,-1.1919153470913282,-0.6060559883524437,35.757607000050484
757,25.233333333333334,track,1,313.79780410504077,242.74649109568367,308.9428058896371,242.64717419984078,314.2088285108044,242.85758070533277,0.42577219672651223,6.457819655639379,6.457819655639379,-1.003202714707796,-0.5055079726547425,32.397180000771186
758,25.266666666666666,track,1,312.10117212771627,248.59980210830764,311.69732341129503,245.05306977561452,311.66117730138416,248.9641107409961,0.571240953582944,12.243008019918646,12.243008019918646,-0.8722691484089156,-0.6540255990144795,37.61937499984924
759,25.3,track,1,320.0700106076678,241.08599787846643,316.60492992249044,243.88383843071003,319.7963462962667,240.66789665663327,0.4997006974510257,0.6982555227036924,0.6982555227036924,-0.6013716754044616,-0.6092229244799005,37.16834899933019
760,25.333333333333332,track,1,320.66624412795466,242.218216389531,319.93602695414245,243.41508260420005,320.613202027389,241.9991524122744,0.22539407836917863,2.091082756348145,2.091082756348145,-0.3889869534327101,-0.5915653550384952,33.093392999944626
761,25.366666666666667,track,1,311.48939152837767,243.47760854739712,317.6163695444,243.62062928320617,311.5555982137092,243.49253022344945,0.067867382436601,9.138144718159127,9.138144718159127,-0.5278241324923905,-0.6059596344171747,32.53547299937054
762,25.4,track,1,307.9535406519296,240.6706257025103,312.4868854636078,242.3902581626189,308.18421903659896,240.8518847510411,0.2933723910458508,11.846450413694676,11.846450413694676,-0.8365140326685173,-0.5384531189194119,38.86298700126645
763,25.433333333333334,track,1,316.0065194048167,247.45267679091884,312.80651998449287,244.64517469560892,316.4237140767626,247.8668610881349,0.5878775606879657,8.641604271473948,8.641604271473948,-0.8291881214126002,-0.6788563638321201,31.773639000675757
764,25.466666666666665,track,1,313.0098931089379,241.16753847320143,313.252845118719,243.88198611734558,312.5720895299817,240.78673552218518,0.5802437946669573,7.469458262315622,7.469458262315622,-0.8241107783652681,-0.6325576201662737,36.25027900125133
765,25.5,track,1,315.5776978417266,242.71465354032563,314.4085204959917,242.9751621852269,315.38159116366825,242.5686179568107,0.24450812017524076,5.284647423202193,5.284647423202193,-0.7744656274528836,-0.5750408076961082,34.641320000446285
766,25.533333333333335,track,1,311.11803241867256,242.88784486953918,313.02345760308714,242.55159144684774,311.0398489731175,242.97390295125794,0.11626970623500016,9.440784140527958,9.440784140527958,-0.8614314739893539,-0.5411922263919849,38.970229999904404
767,25.566666666666666,track,1,314.0589676422366,249.1022369636093,313.42783440767573,245.19889545389483,314.1782207371518,249.35254742098482,0.2772663443665447,11.016499309994051,11.016499309994051,-0.8573347395142422,-0.6791592639578663,38.02416999860725
768,25.6,track,1,321.1364354498947,242.75658290701173,316.70678211357904,244.27463829229748,321.438788159658,243.26536296670133,0.5918397673686284,3.5682918424193537,3.5682918424193537,-0.6904204418877995,-0.6359065145023097,34.92379599993001
769,25.633333333333333,track,1,319.18882408278455,243.01715898400752,318.12582410888706,243.75011911178078,319.62410919950133,242.70358486324548,0.5364716786996604,2.729590629869178,2.729590629869178,-0.6070900720945098,-0.6090695822865726,36.29704099876108
770,25.666666666666668,track,1,314.5085848074922,242.68711907239484,317.3711180226219,243.27363409793952,314.0787658725439,242.5791069681577,0.44318272924586416,6.4585452189599515,6.4585452189599515,-0.6363821246347154,-0.582077749298505,33.72093899997708
771,25.7,track,1,313.1410688853909,249.0211378457387,316.3454193813213,245.06277001279852,312.8853211841621,249.1570514715336,0.28961940604962594,11.596130660907916,11.596130660907916,-0.6860178007277875,-0.6765458252237367,35.87350099951436
772,25.733333333333334,track,1,311.22672003625104,241.59787780379125,314.9851032269777,244.06117449812496,311.17765688815103,241.8807481339882,0.28709374114948977,9.020584877195544,9.020584877195544,-0.7602456077954777,-0.6289782285553426,36.25493699837534
773,25.766666666666666,track,1,320.54421638943995,248.82305814130933,316.6625152462556,245.4064897997998,320.64863575680494,248.4135515027636,0.422609857071426,8.438517478482904,8.438517478482904,-0.6772916361557424,-0.7033985996217844,35.87992800021311
774,25.8,track,1,318.94880766744,249.0170387555623,317.50127009614505,246.48274895573428,319.2170756743209,248.7644943366209,0.36843779265200866,8.799393813007812,8.799393813007812,-0.6313565778950907,-0.7701473910238195,35.633052999401116
775,25.833333333333332,track,1,317.3367258471861,245.878133363489,317.7310683511784,246.512160708436,317.8502800335533,245.86498763821444,0.5137224079483999,6.246549121758975,6.246549121758975,-0.614457090830453,-0.7855969254198641,36.609917999157915
776,25.866666666666667,track,1,320.37138953201503,242.6434508672714,318.63156721231684,245.75048591394585,319.9714499266771,242.7965281238842,0.4282339715738921,2.7966738555580686,2.7966738555580686,-0.5607234326043997,-0.7582551469960137,33.464722999269725
777,25.9,track,1,317.9106269285768,244.92270640475652,318.78207710791185,245.65399928509652,317.7134386110591,245.29819354146565,0.4241153409150444,5.770547442680268,5.770547442680268,-0.5433682162338094,-0.7626414541740215,34.61459900063346
778,25.933333333333334,track,1,311.76212902743515,241.24542124542126,317.5640685609451,244.77767953272533,311.6645951361261,240.83806574136696,0.4188691521671386,8.37742970316946,8.37742970316946,-0.5992319379113329,-0.7244115281258199,33.742665000318084
779,25.966666666666665,track,1,317.2959494441906,245.33497030607583,317.6937109596287,244.89793137170687,317.3956448893764,245.18901399770215,0.1767552707696815,5.805904908847551,5.805904908847551,-0.5890606353724078,-0.7352118031588639,35.47843600063061
780,26.0,track,1,310.95719902639956,238.4157648380453,316.5482587776918,243.63650091765533,311.2480727149747,238.44950570430743,0.2928240918391334,8.88820925515066,8.88820925515066,-0.6469505049673342,-0.6723860810362154,35.83007999986876
781,26.033333333333335,track,1,315.8822848176928,240.119022713688,316.5102121356989,242.89965194492214,316.37635019757045,240.41741498266282,0.5771815535666461,3.647611980241203,3.647611980241203,-0.6512305912100449,-0.6316245443585708,35.53786299926287
782,26.066666666666666,track,1,313.2191465705632,243.37710386075221,315.99314758988106,242.8684215032719,312.8792224572432,243.8344957606271,0.569873453397829,8.08757259946993,8.08757259946993,-0.6815367599735902,-0.6251217211548171,37.540892999459174
783,26.1,track,1,313.10742099745397,242.59832259997006,315.52993034192,242.71000013437964,312.9281809782094,242.30585050646098,0.34302610684956897,7.438250522475401,7.438250522475401,-0.7115037488113901,-0.6116900809743794,35.60525800094183
784,26.133333333333333,track,1,308.67663881989915,234.11180100850456,314.38506999164446,241.15016124273697,308.70990749754526,233.99688640777936,0.11963348349083815,12.786851118046576,12.786851118046576,-0.7800736602399205,-0.5227921151289506,39.112533999286825
785,26.166666666666668,track,1,308.0798895988506,236.24492419373132,313.29621870450296,240.15033124514275,308.237570507831,236.37119312200886,0.20200770110376715,12.309467369305763,12.309467369305763,-0.8508687041853945,-0.4489840137763313,35.55925600085175
786,26.2,track,1,311.77150427286637,235.0940403776542,312.93157414792984,239.10418562802485,312.13392869362303,235.4127771254049,0.48264332081515915,9.105915192786263,9.105915192786263,-0.8879003945284705,-0.383577846697581,35.641931999634835
787,26.233333333333334,track,1,307.6909275941352,238.13636877614866,311.99058107669504,238.66185082054224,308.19378619752547,237.68148704869697,0.6780738610011878,12.031715864958748,12.031715864958748,-0.9571600045265178,-0.3386065341577679,35.501660999216256
788,26.266666666666666,track,1,312.1586227863495,244.04985939043854,311.83234538701396,239.1653397908622,311.81339692868175,243.85075674017907,0.39852573084153,9.04703251455149,9.04703251455149,-0.9886810008763488,-0.3424325658924851,33.52466600154003
789,26.3,track,1,312.85156935280884,244.17550818046604,311.7999782788294,239.64198693203934,312.71711787962454,244.13394914760923,0.14072793558288893,8.374360126857672,8.374360126857672,-1.013896494917366,-0.36624110125885667,38.82351599895628
790,26.333333333333332,track,1,312.5828172205438,242.0535498489426,311.7400717542426,239.77497853821544,312.5836619270185,242.2193200630857,0.16577236629208092,7.741282319820757,7.741282319820757,-1.0403405524222458,-0.349967926097587,36.547060999509995
791,26.366666666666667,track,1,320.4543162719633,245.84071810542397,312.7914019372744,240.43107235724102,320.65770099135403,246.2357052480984,0.4442749002135517,6.270294294145224,6.270294294145224,-1.0074377792025737,-0.33486662036004883,37.10345299987239
792,26.4,track,1,315.8291854781538,243.43901346964665,313.11155316109017,240.7009426416658,316.1865375905395,243.07503146494733,0.5100817894920859,4.898807411889591,4.898807411889591,-1.0083497822059693,-0.3571333364364563,36.98899099981645
793,26.433333333333334,track,1,316.62520175669084,247.67193423670284,313.5121785736147,241.52053911601087,316.16719179164073,247.49561308840487,0.4907772156715493,8.418707402750883,8.418707402750883,-1.003084355300655,-0.38928629232416995,34.96704100143688
794,26.466666666666665,track,1,322.37756487628246,248.6460093542547,314.64080405431025,242.3984355962671,322.04318297551254,248.70754649702462,0.33999716984527467,8.944046213502592,8.944046213502592,-0.9568506090562299,-0.4286072586026687,36.123384999882546
795,26.5,track,1,317.7356308851224,248.3575517890772,315.06409618563265,243.16305263330625,317.6120043514131,248.625794504944,0.29536024521349974,8.950243240224934,8.950243240224934,-0.9427777911452171,-0.4661675802219132,38.25265399973432
796,26.533333333333335,track,1,322.42782438583953,248.21835145404611,316.0550021939662,243.84410385927313,322.39101077906645,248.67926848096207,0.4623848476590492,9.002590400003406,9.002590400003406,-0.8962685139190902,-0.5029782305731788,35.51558399885835
797,26.566666666666666,track,1,321.5178428913465,249.66469045718847,316.8446039954591,244.6510347877219,321.68123256797173,249.3280628684292,0.37418487401492867,9.478359553476364,9.478359553476364,-0.8558258391761675,-0.5497344568127498,36.8741170004796
798,26.6,track,1,321.71931696905017,251.73772678762006,317.5905976215483,245.65080125126207,322.08432573140374,251.6310395541671,0.380280899305671,11.816323238012382,11.816323238012382,-0.8140161727419907,-0.6104662929872793,39.70595999999205
799,26.633333333333333,track,1,322.25719912310035,252.7826329283246,318.3380565166539,246.69680111976407,321.8267733503246,252.89488859180912,0.44482320066963055,13.023642066205024,13.023642066205024,-0.768720062395777,-0.6781329046216913,31.576813000356196
800,26.666666666666668,track,1,325.2609985170539,250.262519487433,319.3924561303323,247.34077028972234,324.94459174589866,250.54779579880315,0.42602326070514945,11.649248205221596,11.649248205221596,-0.7037609551202729,-0.7289877283453867,36.421462000362226
801,26.7,track,1,323.30380791596326,253.4052147814669,320.11526595310437,248.31331105651094,323.16673804044433,252.960370993351,0.4654827027936377,13.341643305908434,13.341643305908434,-0.6578876809068689,-0.8000473679450122,37.53350399892952
802,26.733333333333334,track,1,321.18050650033814,247.93217855264146,320.5107869196352,248.52984342744975,321.24356781555787,247.6614209542814,0.2780043282881603,7.761690018970961,7.761690018970961,-0.6147483448022838,-0.8349272593680568,37.17464599867526
803,26.766666666666666,track,1,327.6825330655247,252.59680903475197,321.65719978064664,249.2857041469118,327.9469899846741,252.55173093640192,0.2682713123627627,14.855995399714526,14.855995399714526,-0.535762195148417,-0.8991504475858856,34.92339099830133
804,26.8,track,1,323.922381852552,249.93988657844992,322.2493425717149,249.64978180298465,324.3299219785062,250.10604138110853,0.4401095008168833,10.99455759622137,10.99455759622137,-0.4815467321710061,-0.9454402289242978,36.12251300000935
805,26.833333333333332,track,1,322.1974773953347,243.51128333713243,322.5724807873334,249.19209001102402,321.75821582972986,243.89666094591925,0.5843514562075439,4.274960752026267,4.274960752026267,-0.4394359001824693,-0.9491111042579699,34.55626999857486
806,26.866666666666667,track,1,322.63788175116593,246.23442906574394,322.9070828390875,249.07791290839347,322.36835067068955,245.8268680999053,0.48862351991904895,6.289791471348616,6.289791471348616,-0.3957724424272482,-0.9685005577102728,36.45708499971079
807,26.9,track,1,321.97783333955294,242.8596857857223,323.1197024235357,248.5495330427828,321.8375545087913,242.68615405694487,0.22313989166514805,3.254539935293563,3.254539935293563,-0.35768242027944563,-0.9647395278731042,35.45988699988811
808,26.933333333333334,track,1,314.2977856577012,237.97842242257346,322.3733922166499,247.4550479899927,314.36469229736343,238.03122795576743,0.08523451628767638,5.969317906222343,5.969317906222343,-0.370314339792298,-0.9279024766326274,33.621621998463525
809,26.966666666666665,track,1,311.2888168678289,240.21129488898822,321.29518791272767,246.6904747727105,311.53059283686827,240.50389542717866,0.37956645551766977,8.484383790024983,8.484383790024983,-0.4045633331821695,-0.9031972106255712,36.440173000301
810,27.0,track,1,315.40274191098285,234.66709706820598,320.76604072800166,245.30361203829915,315.8128336787524,235.12760197701678,0.6166360588152342,6.4243773469622,6.4243773469622,-0.41501817185277495,-0.8414228764040622,37.24842500014347
811,27.033333333333335,track,1,314.7668679443423,235.67869332033155,320.18395791724805,244.12494520675347,314.30778635164467,235.3123036304072,0.5873647194347622,7.373994404121572,7.373994404121572,-0.44089709367121244,-0.7841147972549519,39.440561000446905
812,27.066666666666666,track,1,313.47199181911145,228.75071014657425,319.4757189739214,242.19349963162662,313.23152130954384,228.6634985811455,0.2557966440675937,13.203354429948835,13.203354429948835,-0.4580654749416411,-0.6811169301443306,33.646199999566306
813,27.1,track,1,309.412537993921,233.65482522796353,318.32065010895724,240.97984130157352,309.34722684538275,233.86532753046828,0.22040137359640896,12.292915935292342,12.292915935292342,-0.511647679198334,-0.6075109773999767,40.188827999372734
814,27.133333333333333,track,1,307.50212539851225,231.50736298770306,317.0077760860106,239.59896707489165,307.60906988998903,231.83851309998738,0.34799069114438236,14.837284704765022,14.837284704765022,-0.5791673910771848,-0.5404503770346659,35.65844200056745
815,27.166666666666668,track,1,299.3037513155916,232.23846038189745,314.7983897904922,238.40969377743195,299.567732771495,231.7380970708234,0.5657293099441383,22.039432481535826,22.039432481535826,-0.7005677379334483,-0.4369745297571931,34.6505880006589
816,27.2,track,1,302.6880267910897,234.1937086092715,313.1410828304422,237.55004675620916,303.07222912429677,233.9574408630496,0.451036451682689,17.973924105321274,17.973924105321274,-0.8025791817863895,-0.36552453492503967,42.395303999001044
817,27.233333333333334,track,1,300.179921872037,230.89225167823415,311.3024888658543,236.37260032782748,299.77246415499735,230.81334280546884,0.4150281934715726,22.215937449738604,22.215937449738604,-0.9216762800603666,-0.2736499071082368,40.80670899929828
818,27.266666666666666,track,1,300.79721865316304,236.66034313355,309.67321817008144,235.98477907800492,300.5499673700806,236.84739948392522,0.3100375383749807,19.703874221048117,19.703874221048117,-1.0376918601246565,-0.21905629860021236,41.85622200020589
819,27.3,track,1,312.46898847822837,238.83693700433938,309.5682939422699,235.90902420238072,312.38883962128637,239.19902530277537,0.3708527674608643,7.653190365860134,7.653190365860134,-1.079505103795172,-0.17993729228808353,37.7376300002652
820,27.333333333333332,track,1,308.8489960748792,237.85371376811594,309.0647823683342,235.74697079322655,308.9779460485233,237.48355058530336,0.3919807107661578,11.305670743745841,11.305670743745841,-1.1425718786547665,-0.13658239104802228,34.86967599928903
821,27.366666666666667,track,1,311.7516339869281,242.70093316710114,308.9672736248644,236.20048492357733,312.05530073983044,242.56675174532202,0.33199119080018963,8.34903951701346,8.34903951701346,-1.1856418521942698,-0.12606428145981777,37.59225799876731
822,27.4,track,1,314.0340594059406,250.28543140028287,309.17582244815344,237.55699159535186,314.48203929000056,250.33174651750159,0.4503677015565971,11.712936288523203,11.712936288523203,-1.2121259003566598,-0.16645850021275232,33.56728899962036
823,27.433333333333334,track,1,318.6936936936937,251.89926635496255,309.95411901460375,239.0413503271998,318.3143866081198,252.1480210437879,0.45359977995937995,12.264408171094102,12.264408171094102,-1.2065457901993815,-0.22051225706325916,34.01182699963101
824,27.466666666666665,track,1,313.6614642667274,247.69203311308576,310.10365613699105,239.9425868838372,313.4678529502507,248.15671607456858,0.5034040092811138,10.449926420825847,10.449926420825847,-1.2301458627478217,-0.2539213765311941,33.460280999861425
825,27.5,track,1,322.6457734764857,248.26349614395886,311.3376599580695,240.86344479525692,322.59850362019836,247.9699941061741,0.29728418305928594,8.382900877180528,8.382900877180528,-1.1944778832524077,-0.28732209803743525,36.63050100112741
826,27.533333333333335,track,1,324.08446046373365,256.67876783590964,312.68237401662606,242.73764197468805,324.2608666968967,256.56976897197353,0.20736419999155717,17.108834816938884,17.108834816938884,-1.14662274338054,-0.3790043997070166,34.59921100147767
827,27.566666666666666,track,1,319.8401306296043,252.50535429482798,313.4451252674662,243.99435156187965,320.16511180720244,252.63929033438762,0.3514991159106956,12.640368747224983,12.640368747224983,-1.1230139465356022,-0.4466236160225937,34.00332000092021
828,27.6,track,1,322.5330406479449,255.5135493149648,314.4876109467308,245.52554064017036,322.9902195558597,255.83249718424807,0.5574408463348441,16.112398334247725,16.112398334247725,-1.0804319939209424,-0.5348134172098222,38.86953299843299
829,27.633333333333333,track,1,326.5361164827665,257.0146361809426,315.9457101476938,247.12924206575994,326.1936389089341,256.58129573781076,0.552335793002621,17.700297491257132,17.700297491257132,-1.0105206732989922,-0.6338750929454642,36.77087899995968
830,27.666666666666668,track,1,330.08164881580933,255.21949011917332,317.73430414703273,248.40152419651426,329.87934099104206,254.9852412430004,0.309517353229743,17.9487836225245,17.9487836225245,-0.9160900370250392,-0.722462959964501,36.41439400053059
831,27.7,track,1,333.67067879108026,253.77089386107232,319.8324132789217,249.40014895232844,333.6386211858348,253.7214618023554,0.058917047474122575,19.34658889427797,19.34658889427797,-0.7881594131231633,-0.8020195250183775,38.93450900068274
832,27.733333333333334,track,1,333.1310313286074,255.34865462306578,321.7202879148191,250.5013663613443,333.2596748816497,255.5157986752961,0.21091775158891612,20.409776738106967,20.409776738106967,-0.6788745267560368,-0.8911964230578671,37.36459699939587
833,27.766666666666666,track,1,331.32925338898605,256.4592287589073,323.25356898730837,251.64061998725788,331.6583368589751,256.84533389526973,0.5073195310112693,20.486143911445613,20.486143911445613,-0.5719120611014806,-0.9868511677347744,34.28224100025545
834,27.8,track,1,333.2712078913084,250.14066629443514,324.8972456862728,251.92421201948306,333.76609006617116,249.70464562503156,0.6595622723777064,16.842962400283998,16.842962400283998,-0.4524647984684642,-1.0414285126450886,40.96642800141126
835,27.833333333333332,track,1,327.8340115163148,245.77692898272554,325.7574630011193,251.6381748425702,327.4246018643571,245.61810574525498,0.43913674849269047,9.310629678441837,9.310629678441837,-0.3678334012896262,-1.0662448230081574,36.970924000343075
836,27.866666666666667,track,1,324.71064753131066,246.63150481556207,326.15687640347744,251.44398111557157,324.55719431292385,246.65823809404182,0.15576443243418328,8.06846667729967,8.06846667729967,-0.3044899621248684,-1.0938832551682114,38.31646100115904
837,27.9,track,1,328.4411167894183,245.46847286938223,326.9438071733753,251.0972384596668,328.4159816666223,245.73156045253674,0.2642855478607423,10.18231469922267,10.18231469922267,-0.21948202536984046,-1.1116619701346504,35.37298300034308
838,27.933333333333334,track,1,327.3478683620045,239.07535527299925,327.51720001497796,249.98428561220337,327.50488164517185,239.53881529087175,0.4893346086854902,7.519038491986262,7.519038491986262,-0.14323806095786296,-1.0862044085011069,35.246034000010695
839,27.966666666666665,track,1,324.49539394847216,242.01662672258837,327.67946322398666,249.273303942199,324.80425382039965,241.70165397559904,0.44113745231284907,5.096712766430602,5.096712766430602,-0.08732304831637011,-1.0763204564189948,37.27924400118354
840,28.0,track,1,318.4638857572341,234.11890266816985,327.07654658270485,247.64735580242308,318.9611812029039,234.00077816900216,0.5111322310200651,6.088497932226081,6.088497932226081,-0.07248950142633992,-1.0136996876584223,38.99966100107122
841,28.033333333333335,track,1,316.69088134299886,235.35093475772607,326.2681027392083,246.26031316536609,316.3651092884233,235.46197327505868,0.3441758037309005,5.814302799251877,5.814302799251877,-0.07238585650352053,-0.9558036149720792,36.26828200140153
842,28.066666666666666,track,1,309.94739795727486,232.2294137453702,324.6768130178087,244.58275425947798,309.7507565806891,232.59968356034054,0.4192464273714316,12.641664213044981,12.641664213044981,-0.11868839737132356,-0.8755916535511369,33.79173099892796
843,28.1,track,1,303.1480416816385,232.2608884770316,322.3504386457996,243.01559435742598,303.16477837402846,231.81708743075973,0.444116522485008,18.718566860510723,18.718566860510723,-0.21229597479873172,-0.7932564746169452,38.48159500012116
844,28.133333333333333,track,1,308.50694235965176,231.41856799759833,320.79716249536455,241.45327357535737,308.69826068763973,231.14664584626706,0.33248211832929886,14.35657310279754,14.35657310279754,-0.27609581519599397,-0.7038164361285377,38.75742700074625
845,28.166666666666668,track,1,297.42740458015265,229.12725190839694,318.01089613636844,239.7273758521663,297.76403624864247,229.0638077323963,0.3425580880648383,24.779797926247927,24.779797926247927,-0.4133576781792224,-0.612751263794937,37.437069999214145
846,28.2,track,1,303.28753944431617,229.82455937812668,316.1021299981501,238.21062639023842,302.816110463591,230.0340741143262,0.5158892405859461,19.86468571002952,19.86468571002952,-0.5169860967622233,-0.49756263329319783,34.820294000383
847,28.233333333333334,track,1,302.1683220269105,225.67246355084143,314.1902544372656,236.3148402156447,301.8535177963424,226.04087723305074,0.4845929681935361,22.89436447666596,22.89436447666596,-0.6297908760671371,-0.3688901708369893,37.090354000611114
848,28.266666666666666,track,1,305.3776708699002,226.69231202901545,312.7993844604314,234.68676418297977,305.2443830664454,226.31770185506124,0.39761592143652635,20.12295986222699,20.12295986222699,-0.723639439383099,-0.24636042433733135,35.57050199924561
849,28.3,track,1,298.57956595211425,230.1264548958551,310.70530280490794,233.60328398923184,298.59339294802567,229.94643212525565,0.18055299429871396,23.649884830369235,23.649884830369235,-0.8611696093914765,-0.14608459062591683,38.85518099923502
850,28.333333333333332,track,1,303.1580770244325,232.12592704137333,309.31696071560685,232.86205939741527,303.3716001361376,232.1538568159402,0.21534203384288728,18.386561530021513,18.386561530021513,-0.9702421248290263,-0.0598874920780757,38.811694999822066
851,28.366666666666667,track,1,298.0538942452546,238.5844004218138,307.43732268691383,232.97630868287416,298.4196425582924,238.7878491343793,0.4185250376436056,21.614373389781363,21.614373389781363,-1.1112585844570781,-0.016786257099707935,36.55251099917223
852,28.4,track,1,304.80460906601763,238.73014907210222,306.5184249164606,233.13701770684958,304.31127214770555,239.1962769684908,0.6787168266378075,15.709301459159091,15.709301459159091,-1.2088670019032526,0.02236174467066826,37.83473700059403
853,28.433333333333334,track,1,305.7593220338983,243.4031261770245,305.8105585538907,233.8799600817859,305.4733568774268,243.0362363218548,0.46517119057632883,14.840555630189652,14.840555630189652,-1.2985436494371738,0.028713930976622615,33.84184899914544
854,28.466666666666665,track,1,305.81979821054637,247.09095754806776,305.1941930209664,235.04759928186138,305.71578684728536,246.9383004517982,0.18472290796993357,15.88013723339975,15.88013723339975,-1.3855332987638946,0.008027750763145047,39.56688899961591
855,28.5,track,1,309.31802106704185,254.52975624595962,305.0746768384003,237.0569280562661,309.3354062368112,254.62433888909035,0.09616714880615326,18.099857681120202,18.099857681120202,-1.4212895312904243,-0.11705407195679007,35.563844998250715
856,28.533333333333335,track,1,321.0073565473271,249.090428943298,309.61204898796143,242.4092173063109,321.1841643000419,249.41735857529548,0.3716772332253668,9.491516613544174,9.491516613544174,-1.1519505150386453,-0.40160280601046405,37.214035999568296
857,28.566666666666666,track,1,324.16319861778845,249.86384465144232,318.57059291878653,246.50716990143533,324.5482570705631,249.38672787859193,0.6131153455822148,10.430594549049557,10.430594549049557,-0.611181836795304,-0.6549214759912116,37.985544999173726
858,28.6,track,1,319.2773526447422,257.94087125312626,322.59107935954734,253.369617135464,318.8297930041238,257.67925574831236,0.5184132562632945,17.7179419862306,17.7179419862306,-0.3654588934035967,-1.085153116889812,36.46113600007084
859,28.633333333333333,track,1,316.21851267012556,255.69215730506053,320.73494271761473,256.5784450007018,315.938614365448,255.65915560057243,0.2818371399593807,16.177268230312688,16.177268230312688,-0.4338929538507238,-1.34420715391673,37.19355400062341
860,28.666666666666668,track,1,315.191135734072,244.28937881835085,318.5564700214048,252.59990143160283,315.08035591721386,244.42452240832387,0.1747454083342965,6.616592509974652,6.616592509974652,-0.5493750814091962,-1.1462148867548387,35.485227999743074
861,28.7,track,1,320.6899932386748,240.04687852152355,319.23522256090484,245.27835870416274,320.7600250999632,240.4435868306217,0.4028423315678678,0.8800042209416076,0.8800042209416076,-0.5155098013867967,-0.7364401901199047,35.95740699893213
862,28.733333333333334,track,1,316.7530259152001,247.85312244746416,317.9232737024064,244.41003276943064,316.9299399557371,247.47395187524984,0.418412357098183,8.079927308393938,8.079927308393938,-0.5895740361354039,-0.6945575732608977,35.22850299850688
863,28.766666666666666,track,1,314.882763565014,246.8340502603577,316.1071705081103,245.39387204850047,315.2828017147083,246.63715382891033,0.4458685074408722,8.142712730495786,8.142712730495786,-0.6999554346543134,-0.7525704853440172,36.51488200011954
864,28.8,track,1,315.45793051359516,244.81827794561934,315.24828276975,245.1621625904962,315.0508505729096,244.87742309694553,0.4113541382239248,6.9486211666982465,6.9486211666982465,-0.7655184219727635,-0.7484726114640607,40.029505000347854
865,28.833333333333332,track,1,318.5937132227326,245.78022854105765,316.24197564000735,245.4396938564656,318.3522063379714,245.97947538490186,0.31308925272029847,6.202366470248992,6.202366470248992,-0.7292802834416237,-0.7709563974733662,34.67966400057776
866,28.866666666666667,track,1,315.87676737045604,236.00352526439482,315.8146981510223,241.43874102406076,315.74661584818574,236.44527709471052,0.4605258932313603,5.543223942462941,5.543223942462941,-0.7636340435366764,-0.5565171276750711,39.37875699921278
867,28.9,track,1,316.40812240272004,242.7868530411787,315.7702695466513,241.453843147249,316.49111293041483,242.46432766025504,0.3330316036459687,4.287796553499254,4.287796553499254,-0.7780589893939743,-0.5405407888155314,37.15328999896883
868,28.933333333333334,track,1,313.8548703170029,238.2386167146974,314.82811461396204,239.84184450169465,314.0962123261141,238.11259289422694,0.2722645197005888,6.198146051945688,6.198146051945688,-0.8409504719567187,-0.4450796699537089,37.64200099976733
869,28.966666666666665,track,1,318.30584926884137,242.46775403074616,315.69097331331193,240.17106459305734,318.70265782076575,242.53149436518962,0.4018953310443983,2.8445668301179086,2.8445668301179086,-0.8094059149077943,-0.42327907780075064,34.30833899983554
870,29.0,track,1,323.42535126606055,246.63828987902923,317.9461127489325,241.75548381621974,323.03102588248834,246.97758604335348,0.5202061084363775,7.607484794116615,7.607484794116615,-0.6964523289125035,-0.49809563102425447,36.45548399981635
871,29.033333333333335,track,1,317.4934116406897,246.38999322340186,317.8837808483112,242.87932835705269,317.2661678336679,245.9786119968041,0.46997261774155413,6.5740124522244265,6.5740124522244265,-0.6969265587360546,-0.5490114627524186,37.4591630006762
872,29.066666666666666,track,1,320.1129883036465,240.60488494763396,318.5534494989745,242.15086007418998,320.0552101816101,240.36821096049783,0.24362448065201406,0.372327108312245,0.372327108312245,-0.6580265378084053,-0.5061431582598029,35.02345500055526
873,29.1,track,1,323.434369197877,241.71005795090116,319.9257401115493,241.87817041957777,323.5926661759189,241.68107734531443,0.16092796139071716,3.966518787617325,3.966518787617325,-0.5739318890070639,-0.48467962612367027,38.991013998384005
874,29.133333333333333,track,1,321.22521442750667,250.23030825124536,320.4613629993996,243.74455255109018,321.5038765948972,250.38642969379856,0.31941588620428274,10.494739948988732,10.494739948988732,-0.5598967054583386,-0.5775841909741404,36.56518500065431
875,29.166666666666668,track,1,319.3540848756777,239.96391848943728,320.44949574509985,242.8746391245569,319.84146932170205,240.33236770873475,0.6109815262570394,0.3682394190892606,0.3682394190892606,-0.5462770858005519,-0.5327938623558605,34.678932001042995
876,29.2,track,1,321.55428635631625,248.97281000711584,320.9122872015848,244.14065437803293,321.1473656712024,248.57104016044443,0.5718421580015705,8.647495441768383,8.647495441768383,-0.4847243012775303,-0.5987472188359672,36.93509900040226
877,29.233333333333334,track,1,315.49191563482145,243.33340906509144,320.0217950433657,244.00574318230983,315.30695423199137,243.14311937165652,0.2653693425481328,5.648351791904097,5.648351791904097,-0.5170440323540849,-0.5957591746255844,36.594577999494504
878,29.266666666666666,track,1,311.1417039011752,241.6283933466001,318.41196035504424,243.55408721176192,311.0960405936253,241.6158400636439,0.04735739191909699,9.049388499873661,9.049388499873661,-0.5903050724163347,-0.5752531671814612,37.398532000224805
879,29.3,track,1,311.52498594189314,242.3237113402062,317.1331386106825,243.3078961345335,311.6339982230465,242.56486368439846,0.26464718126533354,8.750343504773703,8.750343504773703,-0.6547955126757383,-0.5636800278656471,35.57544999966922
880,29.333333333333332,track,1,314.3253304458218,248.2112239563886,316.5638562788464,244.17582080571364,314.63288800935084,248.6760478854282,0.5573624851851096,10.201945796288728,10.201945796288728,-0.6875453574802155,-0.6105670095290421,34.79919999881531
881,29.366666666666667,track,1,313.21945572550953,242.09579838311763,315.8865582338003,243.84086211718977,313.65845808513734,241.78789361597626,0.536216763433559,6.588756896411389,6.588756896411389,-0.7288608822539788,-0.5971769111250245,38.99567899861722
882,29.4,track,1,317.10902170636115,250.84730177871572,315.9678311238515,245.0364062209825,316.71549128705016,250.72249645646974,0.41284689581490935,11.214273393512823,11.214273393512823,-0.7328370398446123,-0.6639775701214143,34.33248100009223
883,29.433333333333334,track,1,315.6225072029829,249.12003088337758,315.79869176705347,245.78664294328854,315.36979965116893,249.170931525675,0.2577828196953648,10.27349698588241,10.27349698588241,-0.7497982281584507,-0.7123940964092279,35.883193000699976
884,29.466666666666665,track,1,314.57558581862446,241.72287735849056,315.48903851358784,245.26137502968692,314.52787625433973,242.00299914482667,0.2841556223346148,5.827190048556454,5.827190048556454,-0.7749333431736215,-0.6960927106186694,40.03190899857145
885,29.5,track,1,309.95461912479743,249.703441257397,314.50868713069923,246.0286351833718,310.1238715605931,249.21127543838818,0.520455166583432,13.505017887937623,13.505017887937623,-0.8370842231453818,-0.7462279291094471,36.42433599998185
886,29.533333333333335,track,1,314.5748940357251,241.66537995761428,314.3435296563001,245.49421699404664,314.86939837645366,241.39550290390005,0.3994576708857118,5.317001163656993,5.317001163656993,-0.859996802363155,-0.7302479440026975,33.36751899951196
887,29.566666666666666,track,1,311.68518028073095,240.34501153948017,313.7805255739936,244.8225535108677,312.1424075312418,240.32754528563694,0.4575607376436974,7.864416400422114,7.864416400422114,-0.9046283790530187,-0.7043835227010431,35.429589999694144
888,29.6,track,1,320.9709007808037,239.606627309084,314.61538951650465,244.11530206077808,320.60567340703653,239.73772234593224,0.38804245030033374,0.6600226085631686,0.6600226085631686,-0.8770323415602879,-0.673418816586468,34.08352099904732
889,29.633333333333333,track,1,320.5370249894761,241.3635528682408,315.3097579301095,243.72696370636856,320.3232413268657,241.72877814907386,0.42319376195629205,1.7587378554261954,1.7587378554261954,-0.8529083172930305,-0.6560865598170117,33.57597200010787
890,29.666666666666668,track,1,315.02701160357617,247.76815674338977,315.1822307518929,244.2584811781008,314.98432961692623,247.3899669914765,0.3805906468065056,8.931324735264964,8.931324735264964,-0.8691309739603973,-0.68582977755329,35.566821999964304
891,29.7,track,1,318.3293198704515,246.91019241760335,315.5170823165083,244.62348832562438,318.490419944963,246.7272968575077,0.24372939894543885,6.894588816716954,6.894588816716954,-0.8609668614266872,-0.7089176670165844,37.35655799937376
892,29.733333333333334,track,1,319.7919821320412,241.84422319806177,316.0191126093857,244.28048065560327,320.15981933856136,241.86390211265964,0.3683632313088651,1.870741378853656,1.870741378853656,-0.8421252138913481,-0.6958290794238737,35.47117800007982
893,29.766666666666666,track,1,319.7031876312273,244.72418400458102,316.46721728780034,244.34467078433812,320.21077039732444,245.00072328486516,0.578026156829329,5.005163087470867,5.005163087470867,-0.8236637474950987,-0.7028168208249954,32.23055899979954
894,29.8,track,1,318.50647595449936,239.75507752374517,316.7230128985707,243.76007693627957,318.2219577555378,240.206329245106,0.533459203286844,1.7899737373710773,1.7899737373710773,-0.8132199442160093,-0.67546463006525,37.49002000040491
895,29.833333333333332,track,1,324.0609919073428,242.7831687578885,317.66800166873526,243.61177341967598,323.8808101441859,242.44160926781782,0.3861714036948622,4.5849910787165085,4.5849910787165085,-0.7647658863713578,-0.6686794695852227,35.86848099985218
896,29.866666666666667,track,1,324.20144401602784,244.382513041506,318.5529407463289,243.6793203149222,324.19874234365216,244.2403859833059,0.1421527337276244,5.967437520057906,5.967437520057906,-0.7151926401570845,-0.6726587672807947,33.198122000612784
897,29.9,track,1,325.2365611537741,239.6131485296872,319.4942471634828,243.1445805162743,325.3970272649844,239.72136901995356,0.19354856589609512,5.4042148848862865,5.4042148848862865,-0.6586153438375979,-0.6448341407146458,37.96992600109661
898,29.933333333333334,track,1,325.51149219735333,242.22084596125973,320.39130118382707,242.9772920375008,325.85543188048615,242.54301037654827,0.47125833267084993,6.383806410147925,6.383806410147925,-0.6206697187668886,-0.6341895909741175,34.70752400062338
899,29.966666666666665,track,1,320.2286765124083,244.38669497791344,320.55911329974373,243.0933662013484,319.7344241148502,243.91817289961108,0.6810274372950795,3.927163024629841,3.927163024629841,-0.5780976511631635,-0.6378841744058805,38.36842399869056
900,30.0,track,1,315.7575712808391,243.77917713103855,320.15428818378587,243.1294373362756,315.38451028095716,243.5065890968302,0.4620376023945347,5.796456886805817,5.796456886805817,-0.5925672991910937,-0.6378551860802364,35.09816100086027
901,30.033333333333335,track,1,317.532379893409,236.79325946091024,319.98527039472214,242.31102379150997,317.3447131159212,236.69292206867414,0.21280604233289002,4.24114523220126,4.24114523220126,-0.580120203999835,-0.5925492901116078,39.10638300112623
902,30.066666666666666,track,1,315.00272644653137,238.48530748258105,319.51128219176866,241.75928934220883,315.03357859973704,238.64402665563406,0.1616899231617703,5.14820407866868,5.14820407866868,-0.5683914966354465,-0.5578881746892481,35.41847500127915
903,30.1,track,1,322.11898829747076,241.55285013212534,319.92632645859175,241.62341743943347,322.3089359340013,241.90959620997577,0.4041631708669113,2.996288175806229,2.996288175806229,-0.5565272008200229,-0.5429985896041479,38.59231699971133
904,30.133333333333333,track,1,322.09170835228133,240.3897604971957,320.30369974236106,241.36271578152673,322.4358392677,239.95983608785133,0.5506914605266631,2.4361703712811713,2.4361703712811713,-0.5446085059715794,-0.5209686897764193,47.65241599852743
905,30.166666666666668,track,1,316.4175712347354,239.23134328358208,319.9635244657945,240.98653725371156,315.9199225515484,239.06113799525514,0.5259506175034394,4.186704413893702,4.186704413893702,-0.5333479724729473,-0.49178697048701575,94.81313099968247
906,30.2,track,1,314.08324554142524,243.96933554067274,319.35702448623204,241.21365128993696,313.8108923849684,243.9921391577161,0.2733061411353113,7.364932323179395,7.364932323179395,-0.5565883796172457,-0.4932395103707472,100.32407499966212
907,30.233333333333334,track,1,311.27708485243886,240.54779905591587,318.44691977593817,241.02224368184696,311.10915261980625,240.75331515057172,0.26540177075438737,8.922704234366336,8.922704234366336,-0.5971940819622901,-0.4736226481307396,96.04350199879264
908,30.266666666666666,track,1,309.88169192861943,246.08862838796387,317.42518781521716,241.51595603741765,309.95003851886804,246.5147471776357,0.4315651507130886,11.976796590104907,11.976796590104907,-0.6480568700656253,-0.48987190448041595,96.04169700105558
909,30.3,track,1,309.1687854710556,246.472304199773,316.3841400664715,242.03063804837345,309.36537783097094,246.13286931980917,0.39225577588242605,12.276289128717234,12.276289128717234,-0.7047191379963951,-0.5096656832749807,95.58507900146651
910,30.333333333333332,track,1,309.4699130696572,241.90667218605353,315.4498940070968,241.96942825264205,309.85429263218526,241.74764207904795,0.4159786328929337,10.295126557249759,10.295126557249759,-0.7604885684890222,-0.5013271864925098,98.42996100087475
911,30.366666666666667,track,1,309.53899220155967,246.82206058788242,314.5908568649481,242.5041751369834,309.0788979130025,246.89912920547093,0.4665043688755065,12.917757335869227,12.917757335869227,-0.8164907929361441,-0.5246833787033036,98.79211999941617
912,30.4,track,1,317.9104921986885,249.29788196276476,314.79941486403453,243.30406250961863,317.612980890624,249.60982078934688,0.43106705969683223,9.901844062188104,9.901844062188104,-0.8194601322462356,-0.5647241062566366,91.13816199896974
913,30.433333333333334,track,1,312.9173478310459,246.80747443257422,314.40860510546366,243.75530580727744,312.78798283871885,246.36973612379808,0.45645386208244604,9.622199843145642,9.622199843145642,-0.8533279830953662,-0.5899179330542768,104.53217500071332
914,30.466666666666665,track,1,318.0254246864289,243.17827413461902,314.6648409319294,243.74116841037724,318.0794421551853,242.91150969695863,0.27217852988637764,3.4878978125460423,3.4878978125460423,-0.8542889371927695,-0.5924672671885521,92.36518100078683
915,30.5,track,1,319.20335799872294,241.7671186568005,315.0569419418124,243.55552211278473,319.5088777794333,241.6652625712506,0.3220512359374875,1.7361740888351316,1.7361740888351316,-0.8466432292693538,-0.5859030346065537,41.610402999140206
916,30.533333333333335,track,1,314.63449730666366,245.35167815572382,314.8867842206512,243.80754412676396,315.0005937837732,245.47047262309894,0.38488797854822976,7.410811914690749,7.410811914690749,-0.8669148364009309,-0.601846753392395,33.06266199979291
917,30.566666666666666,track,1,315.2209464818522,243.94330928730596,314.8052614515365,243.8725955655457,314.80447278746925,244.29017175183785,0.541999914588654,6.737883694188773,6.737883694188773,-0.8829182882614774,-0.6089408298063554,34.67199999977311
918,30.6,track,1,312.499071934543,245.06848744270616,314.4109020980047,244.0650641119472,312.2629718403093,244.635215228496,0.4934248332864048,9.019247471841975,9.019247471841975,-0.9156421080868052,-0.623078755295696,35.45583600134705
919,30.633333333333333,track,1,320.26816012725345,243.77056506589912,314.9789748602176,244.08681000411087,320.1650317999764,243.56290803042154,0.2318553347893819,3.566728070409314,3.566728070409314,-0.8985710352187298,-0.6289292297976656,35.45794499950716
920,30.666666666666668,track,1,322.5631760817308,243.09491436298077,315.7940505361254,244.02268086920336,322.64325422143116,243.12151188952998,0.08437971839495055,4.090309200487258,4.090309200487258,-0.8655406604142424,-0.6302384359120123,35.53549600110273
921,30.7,track,1,320.57552592036063,240.43842975206613,316.3253112322413,243.6412261651888,320.7667135470156,240.6368011951722,0.2755066932507436,0.9966771921490127,0.9966771921490127,-0.8437153563521991,-0.6142869667511489,34.09764400021231
922,30.733333333333334,track,1,322.51460590212923,244.23474038102353,317.0574676101554,243.73534207291715,322.95140698375303,244.69415368716395,0.6339209499350773,5.544896935242444,5.544896935242444,-0.808565849645555,-0.6218779179297196,39.156329999968875
923,30.766666666666666,track,1,320.6424589480071,242.24236793204142,317.519553256865,243.5835564750075,320.2478426347268,241.87353342434136,0.5401489875740751,1.8898554081496772,1.8898554081496772,-0.7843286861331924,-0.6166993553025899,34.0129469987005
924,30.8,track,1,317.88294629079,246.33580488539275,317.61989214254993,243.92960793668,317.6278018190105,246.1829524006366,0.2974266019975228,6.622403234357438,6.622403234357438,-0.7771366169503687,-0.6372753097231766,38.410408998970524
925,30.833333333333332,track,1,316.0663999094032,242.97206598467403,317.4928282347218,243.8500239482099,315.941070230014,243.0454477256064,0.14523225687860952,5.074412549948978,5.074412549948978,-0.7815034038969916,-0.6366454267318068,33.67509700001392
926,30.866666666666667,track,1,318.3211197086937,242.15581854043393,317.6399337645102,243.6755872252159,318.3644490302778,242.43150734121815,0.2790730101367428,2.9304018367720492,2.9304018367720492,-0.77179103209795,-0.6305482071697079,35.73152600074536
927,30.9,track,1,323.4333193341478,245.14034819792303,318.3864205866508,243.86761292900403,323.6599026059445,245.66307466428415,0.5697218072818353,6.7427962847958405,6.7427962847958405,-0.7295163753101807,-0.6431218849060258,37.04574000039429
928,30.933333333333334,track,1,319.12639349201567,246.07784724314553,318.56661834215697,244.1585476455091,319.5016908361573,245.85216344613758,0.4379283876979141,5.873340533553158,5.873340533553158,-0.7141196353731146,-0.6617430146616387,34.49250100129575
929,30.966666666666665,track,1,318.0172252911317,239.15596073454762,318.59678596349175,243.6009667040489,317.5866164309317,239.0882867775806,0.43589420153782804,2.5798529515038524,2.5798529515038524,-0.7059683574346701,-0.6364116628528584,35.02512900013244
930,31.0,track,1,319.16748879768045,244.18684339345558,318.75657330242217,243.6782610601541,318.9690915711788,244.33352096167584,0.24673015320903735,4.454455759562387,4.454455759562387,-0.6908789885711318,-0.6423534824662605,34.44409899930179
931,31.033333333333335,track,1,314.8345452468877,243.64030913313283,318.38189389234645,243.6847820715071,314.7520808292995,244.00251655863826,0.3714762431965776,6.600060183390723,6.600060183390723,-0.7036694926365669,-0.6447974407097126,38.42292799890856
932,31.066666666666666,track,1,314.36007413290974,240.66394341692197,317.96826006606426,243.33404782119516,314.4892220374609,240.22324958644097,0.4592278666130365,5.51529819051091,5.51529819051091,-0.7203427464169991,-0.6281913021927997,31.494319999183062
933,31.1,track,1,319.4873599757796,245.54363457462912,318.19012439036544,243.58880393213371,319.7584078459639,245.32805230645658,0.3463273917579497,5.3335268021478175,5.3335268021478175,-0.7051771376090576,-0.6422221997396279,38.29853599927446
934,31.133333333333333,track,1,317.70434256317145,237.31547889241943,318.181990099139,242.84350011996167,318.1029915705972,237.3456617216067,0.3997899877426924,3.262537766428022,3.262537766428022,-0.7014382333099382,-0.6040907309074413,34.895266999228625
935,31.166666666666668,track,1,315.6642128030964,243.57242059727545,317.92710933016883,242.89386711248997,315.3033324705737,243.78165184093095,0.41714784875786853,6.029890258369857,6.029890258369857,-0.7110162033990806,-0.6050005795785056,36.44870500102115
936,31.2,track,1,322.050151012342,239.57032327827287,318.449486896618,242.4645766855484,321.78580126775284,239.96379842124293,0.47402898181403796,1.786168167394149,1.786168167394149,-0.680474294766825,-0.5805745885979592,36.600174998966395
937,31.233333333333334,track,1,319.1380573068066,247.4821624070369,318.5884001103165,243.01112252937213,319.1112761373721,247.1511454262883,0.33209858864528485,7.2061578536643545,7.2061578536643545,-0.668168093040787,-0.6062153717681341,39.56445999938296
938,31.266666666666666,track,1,317.7180978832007,244.06714457288695,318.54501234168276,243.11778753412625,317.81934392948824,243.9121051246503,0.18517017145960532,4.478819867350662,4.478819867350662,-0.665070373129741,-0.6108807608862172,36.45213900017552
939,31.3,track,1,311.70462886675153,245.3049209797019,317.7811642568023,243.36698711701945,311.9828071287825,245.3076777962155,0.27819192206794324,9.614927203195029,9.614927203195029,-0.7006483836209846,-0.6236590337245301,42.29052499977115
940,31.333333333333332,track,1,311.4886764154481,246.14116985376828,317.0366029850817,243.7011607876999,311.96830130912343,246.45211716564327,0.571601495270418,10.30232982291952,10.30232982291952,-0.7387093720027291,-0.6421123044420417,37.15169200040691
941,31.366666666666667,track,1,319.3117242410648,239.97659638103784,317.27464527309075,243.27654575165278,318.8964077519817,240.44276078426782,0.6243372781942876,1.1890975409828712,1.1890975409828712,-0.727876319468124,-0.6216842627067658,37.70614299901354
942,31.4,track,1,317.3252574197456,243.90872955784374,317.2621107800588,243.3479405123865,317.10887975649905,243.59130764014333,0.3841561752577184,4.610430221631472,4.610430221631472,-0.7294302926302089,-0.6258130561322678,35.20553700036544
943,31.433333333333334,track,1,317.8376330643634,239.77039057468653,317.3128420258002,242.92007291365496,317.7903108810796,239.69120682610261,0.09224670764066999,2.2311609593484616,2.2311609593484616,-0.7277235527170285,-0.6036814390935641,37.00994500104571
944,31.466666666666665,track,1,312.9135442318621,240.7657132032582,316.7725369178108,242.6384562522822,313.071628520188,240.91489757882368,0.21736287661047657,6.9885169343723685,6.9885169343723685,-0.7572895303763636,-0.5874514682751545,36.97023899985652
945,31.5,track,1,319.82616983106595,245.70776648228434,317.09427447612217,242.96736793183214,320.1412123855382,246.0585474522548,0.4714860549600806,6.060192915168008,6.060192915168008,-0.7433593650720021,-0.6024895700933903,35.442996999336174
946,31.533333333333335,track,1,312.8632183034357,244.43911523259348,316.56552798649807,243.1260644247307,313.31672986367136,243.99117396816473,0.6374355745056939,7.784315599929007,7.784315599929007,-0.7732886785952462,-0.6099420005166247,33.733629001289955
947,31.566666666666666,track,1,320.05575957430864,245.6433335831522,316.93208332203625,243.41980302022145,319.76248446159065,245.44134002042904,0.3561062918867797,5.446521353020529,5.446521353020529,-0.7578633319032742,-0.6253264009144655,35.666548001245246
948,31.6,track,1,317.35689596232004,246.61256504728985,316.95579049409076,243.81125736840656,317.1726997592878,246.62577388453175,0.18466920315194238,7.203784159736757,7.203784159736757,-0.7590390644059767,-0.6472518672698377,33.83471599954646
949,31.633333333333333,track,1,317.8409698430029,243.73348142012725,317.0376106817096,243.83288203918315,317.8395377748024,243.94651420187984,0.2130375950872912,4.499174521192189,4.499174521192189,-0.7569632574148326,-0.6512491874891433,36.46449999905599
950,31.666666666666668,track,1,318.2462788061957,239.97034378541744,317.16423524278207,243.4010989189009,318.42699805554173,240.4044976798547,0.47026487338439377,1.6241777889988929,1.6241777889988929,-0.7520869311544414,-0.6312158233468658,36.15979200003494
951,31.7,track,1,317.29779502223903,243.61472508753667,317.17051709755367,243.43069650129604,317.6355495333943,243.28546439822858,0.4716892105288822,4.047826864017223,4.047826864017223,-0.7530064343264957,-0.6338281160124302,35.22578999945836
952,31.733333333333334,track,1,316.9542725522033,240.45602839557452,317.13593255048124,243.08038640112818,316.517567884464,240.3031578192988,0.46268821026278606,3.495602680900497,3.495602680900497,-0.7560274681562078,-0.6163189650306127,37.4836070004676
953,31.766666666666666,track,1,314.27938372359085,241.23720540004575,316.78419586814067,242.84541806805544,313.95196255962435,241.30573409424102,0.3345157702430327,6.18738219322591,6.18738219322591,-0.7760490814012391,-0.6033817220350348,37.168322000070475
954,31.8,track,1,321.07480835315886,243.96510705789058,317.26815563652343,242.95255111987075,320.91653479626433,244.23047929130033,0.30898695939622434,4.32862461607428,4.32862461607428,-0.753098812952675,-0.6076040954995257,38.49023200018564
955,31.833333333333332,track,1,315.1490591142368,238.20646264968636,317.0145292136077,242.3658772043039,315.1274493885251,238.7121288101162,0.5061276973740972,5.039877147621447,5.039877147621447,-0.7672488651527622,-0.5753602540136152,33.82054100075038
956,31.866666666666667,track,1,320.48677485543743,243.06431635888828,317.4153929850181,242.39867077094024,320.63777812377674,242.74481588946418,0.35338723379795883,2.817938111851147,2.817938111851147,-0.7476351091071904,-0.5735228869385038,34.06719600025099
957,31.9,track,1,316.14342224231467,236.20716546112115,317.2722606855,241.61253627040045,316.4956500516516,236.14918389694753,0.35696819389729595,5.206654705280325,5.206654705280325,-0.7551844181731626,-0.5282587531043503,31.755639998664265
958,31.933333333333334,track,1,318.3130257648346,239.97468784186503,317.3971227252262,241.32983698047158,317.8423137759173,240.10931882943854,0.48958684553967,2.1604537597611273,2.1604537597611273,-0.749070511051644,-0.5063801180794453,36.37822500058974
959,31.966666666666665,track,1,319.1994851994852,238.56457718222424,317.62004015175177,240.9019891007163,318.85701258657406,238.91966456827245,0.49333005414705217,1.5727507343174483,1.5727507343174483,-0.7371699451452873,-0.4756014534763019,36.48461699958716
960,32.0,track,1,317.05414551607447,244.4631321677007,317.57175490029414,241.21294115158457,316.9337464479188,244.02229909034912,0.45697892478759167,5.057746614637194,5.057746614637194,-0.7387147239291615,-0.4823853155021375,36.86795700014045
961,32.03333333333333,track,1,317.3773273892032,245.61806466114712,317.5639537391528,241.649573332682,317.40581823161443,245.42210505597657,0.1980199357637972,6.010740577122821,6.010740577122821,-0.7383178966501911,-0.49739136914314624,36.766097000509035
962,32.06666666666667,track,1,319.2394964299136,246.46493799323562,317.77836739742605,242.1654823150581,319.45442542441657,246.4715968384606,0.21503212061875782,6.49455289123866,6.49455289123866,-0.7261377468562284,-0.5187398021681886,38.57740300009027
963,32.1,track,1,317.88023547939554,242.35685627507593,317.8157049413889,242.16112842351632,318.24033251517136,242.58538581582624,0.4264922345952906,3.1274029919149653,3.1274029919149653,-0.7224581471438564,-0.5148684571057094,37.43699100050435
964,32.13333333333333,track,1,319.58058587449835,237.4108623082405,318.0524186748491,241.56727866158408,319.1414403417545,237.8554161630439,0.6248815317717892,2.3100572548099145,2.3100572548099145,-0.7080242018029788,-0.4797770164673507,38.41371799899207
965,32.166666666666664,track,1,322.8401660806464,244.93659759108252,318.66228137361867,241.91282923931112,322.54142822861405,244.57233504903797,0.4710960663958505,5.231166718988934,5.231166718988934,-0.6727130834369155,-0.49223329500837165,35.8371279999119
966,32.2,track,1,319.1309875141884,243.50117290957246,318.7874260517343,242.06840973470673,319.04532418932575,243.32094469849793,0.19955052817181737,3.455442025843872,3.455442025843872,-0.6605596547768977,-0.496242674246381,38.33368800042081
967,32.233333333333334,track,1,315.7431580536786,240.2913442301159,318.4950592209656,241.83241938178517,315.7738012406056,240.35993318371953,0.07512289572085418,4.241498302563501,4.241498302563501,-0.6701458678018827,-0.48023575767247206,35.944231998655596
968,32.266666666666666,track,1,318.87050278488636,244.15252897787144,318.59071379526847,242.074689305907,319.12497173850437,244.43272243432241,0.378500754812182,4.5182632324999945,4.5182632324999945,-0.6604603368623189,-0.48878242587919346,37.375199999587494
969,32.3,track,1,314.1571043367538,244.25799565575613,318.1133693190172,242.31641870196168,314.56468774633476,244.77384379327145,0.6574370971763619,7.234100072393244,7.234100072393244,-0.6809769980629546,-0.49849192032131184,36.73803099991346
970,32.333333333333336,track,1,314.6825819518416,250.40657114995125,317.7258332971928,243.2793485332512,314.1990732872629,250.12605978976097,0.5589877028329842,11.669954481160634,11.669954481160634,-0.6989438986598943,-0.5477855411821154,34.6350989984785
971,32.36666666666667,track,1,317.56718758857875,251.26818345017858,317.70645204121416,244.28442653722024,317.2880849276932,251.1029123370246,0.32436528198397646,11.429310815751663,11.429310815751663,-0.6991457633056665,-0.6036838867397507,39.055212000675965
972,32.4,track,1,321.5666828957717,243.8071607804951,318.1666401448461,244.33019050759555,321.46087058220974,243.91180360554176,0.14881655329659416,4.175685609129997,4.175685609129997,-0.6740047287489978,-0.613028914186801,34.69143900110794
973,32.43333333333333,track,1,317.91274793848896,250.73519797934773,318.1606948905021,245.19504425897833,317.9995816294496,251.08151160264313,0.3570339137474731,11.260620456118298,11.260620456118298,-0.6717261192399981,-0.666211770620702,33.93661200061615
974,32.46666666666667,track,1,318.34689966178126,250.88523111612176,318.2054943621109,246.0165918871227,318.5500582308331,250.47097033285863,0.46139505928105395,10.570882216994965,10.570882216994965,-0.6668345811469549,-0.7208675435582917,36.11992399964947
975,32.5,track,1,317.27182965894104,248.82671942717167,318.1174418658656,246.5307731493742,317.6533931263119,248.5871811312608,0.45052111475487583,8.902035924479382,8.902035924479382,-0.6688843686369429,-0.7626924485810943,33.80781499981822
976,32.53333333333333,track,1,320.48510430736906,246.80399219570765,318.4177668133652,246.75903861699115,320.0884278110005,246.7451476324466,0.4010173629615426,6.745727244801568,6.745727244801568,-0.6507129169085303,-0.7914021673845022,34.02162000020326
977,32.56666666666667,track,1,323.0989911023417,242.28070436692602,319.01051784993234,246.4193936906245,322.8815536139972,242.43166378093372,0.26470324141406665,3.7704562023507417,3.7704562023507417,-0.6157133395135781,-0.7906455384720663,32.5870409997151
978,32.6,track,1,316.4861048180033,242.71326083673162,318.77265357711076,246.14058767892328,316.40896721949395,243.06760607580682,0.36264411970836,4.722893548132964,4.722893548132964,-0.6223856715948014,-0.7913241040852996,37.637740999343805
979,32.63333333333333,track,1,319.56264356994916,240.1014121634344,318.913759536501,245.55667121930168,319.673688542877,239.73267978278125,0.38509031999607884,0.4218284788674254,0.4218284788674254,-0.6100127916446848,-0.7741784439088424,34.12039300019387
980,32.666666666666664,track,1,322.6902651543604,238.77882520844287,319.41697233381905,244.84287992341413,322.96044473740045,238.5940511710935,0.3273201062722433,3.2773350687266616,3.2773350687266616,-0.5778423640902555,-0.7471772409311026,35.34398000010697
981,32.7,track,1,317.9024776558434,243.45600935249087,319.3123405664333,244.72764134655517,318.31970597192304,243.5341218030116,0.4244773523581508,3.913234587820293,3.913234587820293,-0.5759251161519887,-0.7485385639378668,37.0465760006482
982,32.733333333333334,track,1,318.89918377995605,234.39722708806977,319.32868674813346,243.53313571523398,318.50142259414986,234.6053112579671,0.44890197448418734,5.598964267142735,5.598964267142735,-0.5681562963150816,-0.6916109767841183,35.87961700031883
983,32.766666666666666,track,1,317.50539221250995,240.68278654406478,319.1731202185061,243.16363486777792,317.3188132790485,241.13642541834042,0.4905098639840698,2.9120825819431557,2.9120825819431557,-0.5696179289257997,-0.6730620324652077,37.7436190010485
984,32.8,track,1,317.57195362230976,236.9781373143377,319.03142096733416,242.37638514068817,317.47844516974516,236.69597563285058,0.2972524940192443,4.1562983267203855,4.1562983267203855,-0.5711887473670163,-0.6304199922724394,39.09829900112527
985,32.833333333333336,track,1,318.25175898203594,235.8938248502994,318.97685587377134,241.51250789850005,318.37863144512,235.80268807321212,0.1562131045299099,4.499584803235676,4.499584803235676,-0.5689110543196946,-0.5800765133963608,32.512891999431304
986,32.86666666666667,track,1,317.84705882352944,239.81293363499245,318.874896386673,241.17786287773762,318.1721639420212,239.9235227164394,0.3433995966870456,1.8294352761845079,1.8294352761845079,-0.569557500648911,-0.5540201152504284,36.56150800088653
987,32.9,track,1,313.70449234943845,238.91000226124973,318.2818830867205,240.76486258838025,314.17228110155963,239.26816815165253,0.5891596741623808,5.873490053919788,5.873490053919788,-0.5969491737917264,-0.5223195245543572,38.10515100121847
988,32.93333333333333,track,1,318.8696368401348,240.3819917633845,318.34265373860484,240.56317134197144,318.5191910451752,239.94092262443112,0.5633420280272976,1.4819869422479428,1.4819869422479428,-0.5922920906136399,-0.5001334589623048,34.08360499997798
989,32.96666666666667,track,1,313.10243297108264,240.76192983115857,317.7104521133679,240.42965939842875,312.8826648342372,240.49407071567228,0.3464773293039843,7.134463240769347,7.134463240769347,-0.6243848672314782,-0.4583772999568206,35.42718199969386
990,33.0,track,1,313.4150709153154,238.82984086377488,317.1561623327004,240.0835801797601,313.4095298202187,238.82693830511752,0.0062552842965037,6.694054894500553,6.694054894500553,-0.6552162975325596,-0.44396665818734077,33.74565400008578
991,33.03333333333333,track,1,311.3603810527901,244.6979064688606,316.3939515965468,240.47112306373558,311.492765295371,244.92758102406503,0.26509618818849795,9.831281557781269,9.831281557781269,-0.699636690347113,-0.4301833280723014,40.4848279995349
992,33.06666666666667,track,1,316.13262125589176,239.23034818306218,316.2552976763659,240.1906189618572,316.43710403892976,239.60421202410197,0.4821658810031993,3.5848118153225403,3.5848118153225403,-0.7142546063195304,-0.4164046590950341,35.30505700109643
993,33.1,track,1,313.2407979191227,238.96440801661709,315.7864501743157,239.90454534513407,313.7733811327607,238.53531312437758,0.6839351621279406,6.396568623995313,6.396568623995313,-0.7470432544791561,-0.4026771015302152,36.21139700044296
994,33.13333333333333,track,1,315.1701659971197,248.09721064200713,315.5850303008492,240.73774458014083,314.78193842053804,247.93280342573047,0.42160453505897455,9.495132270713142,9.495132270713142,-0.7675846088143745,-0.4286818284083543,33.82535000127973
995,33.166666666666664,track,1,308.50361656768695,246.71657530074614,314.60726812373827,241.3622180170843,308.2876939952671,246.76865654113192,0.22211486415935552,13.527483998153924,13.527483998153924,-0.8302235656752897,-0.4522753033546057,39.295938000577735
996,33.2,track,1,316.1742124872982,243.5690414361522,314.6173165337605,241.57635287527225,316.14716952422503,243.78639751901937,0.21903193513992766,5.4019541692887785,5.4019541692887785,-0.8444187032795587,-0.45713413725719887,34.947341000588494
997,33.233333333333334,track,1,309.89484373237053,247.94599270374968,313.8870491215239,242.30350284552455,310.06340306116203,248.39238231149616,0.47715398900847544,13.00646145526283,13.00646145526283,-0.8977719074375297,-0.4905696787077759,34.824671000023955
998,33.266666666666666,track,1,316.41617199391175,246.65464231354642,313.9936253976641,242.83221500504808,316.74779341458105,246.31122330982308,0.47739855337554354,7.099886431535122,7.099886431535122,-0.9095275242943646,-0.5169204698607771,35.36712099958095
999,33.3,track,1,314.6208040891059,245.7891364052487,313.891187323391,243.22329158870605,315.1048180488469,245.69038635402202,0.4939849044671585,7.506217635596195,7.506217635596195,-0.931631429944547,-0.5384983650698052,34.70334600024216
1000,33.333333333333336,track,1,322.76291070957035,251.9423591987627,314.7802933155205,244.32301560167483,322.436129106086,252.06819778872867,0.35017362422149834,12.31162551775333,12.31162551775333,-0.901041770952222,-0.5996912799582594,36.476141000093776
1001,33.36666666666667,track,1,320.08673821387504,249.4247604446148,315.30379498814085,245.04814529396756,319.95149661805,249.734613338284,0.3380815063804515,9.73473417325595,9.73473417325595,-0.885610202148825,-0.6458945111320997,36.86271400147234
1002,33.4,track,1,319.81578090587,247.33542085607584,315.7687011439192,245.47000692087593,319.8282936719659,246.85335008791355,0.48223313327886325,6.855500746888711,6.855500746888711,-0.8705986913561186,-0.679186747940878,34.541627999715274
1003,33.43333333333333,track,1,325.0850379566957,245.875771287536,316.83898694945725,245.6810559829675,325.21694791255874,245.59063354875693,0.31417155589235973,7.646680913889204,7.646680913889204,-0.820945970945695,-0.7030671602501783,35.57020600055694
1004,33.46666666666667,track,1,320.18089811829975,241.54719244321163,317.2575573060599,245.3506803495129,320.5203478262086,241.51336760569205,0.34113080164743714,1.600326019971589,1.600326019971589,-0.8009520567119089,-0.6989203503542036,33.68271199906303
1005,33.5,track,1,325.8704771992208,250.3239393996709,318.32876039573665,246.08049299167604,325.35171063505067,250.52806605116805,0.5574822310641805,11.810206666230345,11.810206666230345,-0.7441073151099161,-0.7495593069211337,39.657133998844074
1006,33.53333333333333,track,1,326.9260997728169,243.45023563207602,319.4555209094219,245.9332877008397,326.60990980332014,243.83252688710442,0.4961075493091671,7.640626279854678,7.640626279854678,-0.679394475473448,-0.7564818416496345,31.166896000286215
1007,33.56666666666667,track,1,323.6193732621928,241.11632975125875,320.10894703450225,245.5056632398204,323.47125336323194,240.71966041825036,0.4234218513698884,3.5450685507258273,3.5450685507258273,-0.6404988237864525,-0.747552896364206,35.80997900098737
1008,33.6,track,1,321.8583569405099,239.8156776502162,320.5003505284376,244.94021159756747,321.8720846937492,239.62443414878567,0.1917355680316227,1.9093849295436163,1.9093849295436163,-0.6016518510979947,-0.7290904621540086,35.326388000612496
1009,33.63333333333333,track,1,322.4389646193904,240.24670699954052,320.9247210178586,244.45491507190664,322.6082204027821,240.27940467618976,0.172385203163708,2.62314327526451,2.62314327526451,-0.5647336040673411,-0.7120795702297855,35.76398299992434
1010,33.666666666666664,track,1,323.8967354082642,242.87097633361236,321.4842079022272,244.30946025304814,324.2419886480725,243.17219065533848,0.45818104195945875,5.296910537680685,5.296910537680685,-0.518928905374894,-0.710714629850034,34.01058099916554
1011,33.7,track,1,321.23212354060206,243.36405684658138,321.67648389864405,244.22941745929506,320.78094170215354,243.8039182365625,0.6301135562277007,3.8832542915208763,3.8832542915208763,-0.4904612917303713,-0.7119210531328921,32.74471899931086
1012,33.733333333333334,track,1,320.1432765044598,246.20898724172972,321.71216344773126,244.49259200621952,319.8484100208637,245.85874092912778,0.4578413727914652,5.860701732421771,5.860701732421771,-0.4698052140551867,-0.7308220437984461,38.0238220004685
1013,33.766666666666666,track,1,321.8864048338369,238.07197885196373,321.94009660786844,243.7642326523644,321.74960797306335,237.94787250546963,0.1847045379994939,2.696730485831745,2.696730485831745,-0.43913799324860037,-0.6979061256083231,33.915029000127106
1014,33.8,track,1,314.13919497141126,239.03131508197964,321.21385061665165,243.19437028242425,314.1625473451347,239.15355839399083,0.12445384963907886,5.898501241008347,5.898501241008347,-0.45868967899191954,-0.6700483261923417,35.87870500086865
1015,33.833333333333336,track,1,316.55952782462055,241.74937230653924,320.81004840347737,242.98602323703335,316.7822105779407,242.07075189372708,0.3909890633857538,3.8265104429611827,3.8265104429611827,-0.46473264011217913,-0.6587751608763635,38.073689000157174
1016,33.86666666666667,track,1,316.160600874691,244.96041072447233,320.37446683496114,243.17719480969603,316.5802788542364,244.50723907767588,0.6176521253711514,5.657711270302799,5.657711270302799,-0.4942949366809131,-0.6677482810712344,32.45469499961473
1017,33.9,track,1,317.496425346177,242.06976219145093,320.11864950056395,243.01337958834603,317.0117324141054,241.8667668199783,0.5254848801245143,3.523430363307941,3.523430363307941,-0.48502314527908386,-0.6586099361557246,36.02706000128819
1018,33.93333333333333,track,1,312.50368188512516,240.4633133189834,319.27636454913267,242.66985118077332,312.29340875489964,240.45682492915046,0.21037321240467236,7.720119016890268,7.720119016890268,-0.5148012047155829,-0.6391609819904247,36.371119000250474
1019,33.96666666666667,track,1,311.327642337977,241.1171638400969,318.34259940846545,242.4288021675255,311.2156937116119,241.29347796842535,0.20885202128123087,8.879027098900906,8.879027098900906,-0.5593073719934306,-0.6236520807168655,38.20870399977139
1020,34.0,track,1,307.5147890800015,243.9691308805103,317.01110568492896,242.54766937793545,307.5689858635478,244.3323999692281,0.3672896978743465,13.164338264950562,13.164338264950562,-0.6294119631626689,-0.6262639148881674,35.90790399903199
1021,34.03333333333333,track,1,307.5576872437272,244.1725915058496,315.7716768677566,242.68747601173496,307.8359435430134,243.75330420746945,0.5032180508242757,12.729947445396832,12.729947445396832,-0.7007310435310612,-0.630565972202527,34.85449899926607
1022,34.06666666666667,track,1,307.42839229395446,240.20568453851124,314.6024728956434,242.34745622042368,307.8396203782011,240.05656768181146,0.43742927911286306,12.160511191923103,12.160511191923103,-0.7739357989399196,-0.6100127805718769,34.727932999885525
1023,34.1,track,1,310.5039993920164,241.64949746356848,313.88629646353826,242.2044632136146,310.09330054772147,241.68175460115236,0.4119636678522689,10.048432344215335,10.048432344215335,-0.8282249268608481,-0.5985308107484777,37.898272999882465
1024,34.13333333333333,track,1,307.7436341068943,236.61458607590177,312.8998976256472,241.4722062083816,307.5007402035109,236.84651831700387,0.3358422438638267,12.890924799451804,12.890924799451804,-0.8999820252950186,-0.5551303965411778,36.80763000011211
1025,34.166666666666664,track,1,305.78606220994897,239.058796456104,311.7580948979141,241.08284739227378,305.697724684746,239.53100091278918,0.4803962606768798,14.309962939753852,14.309962939753852,-0.9841658381093541,-0.5268503384469818,34.518477999881725
1026,34.2,track,1,312.1702687464762,239.72193196767526,311.470879757994,240.80394878989642,312.2203388123984,239.42083631662763,0.30523040900481696,7.801189573777353,7.801189573777353,-1.0275799206282064,-0.5028477618949527,36.4772829998401
1027,34.233333333333334,track,1,311.1954586263654,238.88040550650905,311.1067581244388,240.44952569337582,311.4749916507491,238.81432453629265,0.2872375434128158,8.607066495620655,8.607066495620655,-1.0759331849340095,-0.4502402049452596,32.73340899977484
1028,34.266666666666666,track,1,312.6915600255188,246.62314707096485,310.96578127177077,241.05151898187765,313.13769629290334,246.7228236711283,0.4571356403694083,9.606641987787182,9.606641987787182,-1.1134840616022401,-0.49259351025939246,37.775203001729096
1029,34.3,track,1,317.3800180423996,240.57901067508647,311.4155101117445,240.90110343869617,316.9333724142093,240.9015218422687,0.5509135777404293,3.196395842510739,3.196395842510739,-1.119600177288709,-0.4758304827469135,37.25394499997492
1030,34.333333333333336,track,1,315.0479436661922,245.17716682897594,311.5779673561551,241.31613094578452,314.77178304456817,244.71747642939098,0.5362648155588466,7.041934137360589,7.041934137360589,-1.1383597721754888,-0.48877809109212544,35.013565999179264
1031,34.36666666666667,track,1,321.38150136074995,242.91703205322045,312.504863833758,241.4406250432712,321.2883890976732,242.66306724463246,0.27049587341845505,2.958356573578893,2.958356573578893,-1.1150059858627532,-0.48835246871908483,34.295700999791734
1032,34.4,track,1,318.23784629474164,244.45088910936425,313.0125358141036,241.7449099157812,318.3506475046722,244.40631349400752,0.12128931711504713,4.704887061483699,4.704887061483699,-1.1091840023236186,-0.49830335137883985,38.65733699967677
1033,34.43333333333333,track,1,326.0295341407237,241.5152685935062,314.4311084675338,241.68232780891825,326.2688898049263,241.6932092648927,0.29825159935756734,6.4935303957883495,6.4935303957883495,-1.0519497888840035,-0.49029799627528003,35.70597399993858
1034,34.46666666666667,track,1,324.15602624179945,240.91051546391753,315.54427922986895,241.55363395871873,324.6631404582511,241.22506951156964,0.5967487556934787,4.82137679937546,4.82137679937546,-1.0040916284970722,-0.4787039874400272,35.76104400053737
1035,34.5,track,1,324.55182699478,248.88083519761372,316.6372253348559,242.38862795633182,324.1570147510779,248.53012390470607,0.528086279645718,9.489140396807143,9.489140396807143,-0.9518465984221561,-0.5180304377869202,38.43047200098226
1036,34.53333333333333,track,1,332.8981784037559,249.51808450704226,318.65788689858823,243.2494031408643,332.6433764373972,249.35653769337154,0.3016975556205519,15.728946733497857,15.728946733497857,-0.8449403200008302,-0.5625831815408271,38.40540599958331
1037,34.56666666666667,track,1,331.71426960802734,249.64718704197827,320.40372667428653,244.07040365743273,331.65775159452676,249.6656452496587,0.05945579265996976,15.143575216306777,15.143575216306777,-0.7645274792553779,-0.6089707742632164,35.420825999608496
1038,34.6,track,1,332.2397725566732,245.0637479357454,322.0897384985223,244.28753188960457,332.3593363139561,245.3090223214237,0.2728644651204502,13.451353542705228,13.451353542705228,-0.6386104026995114,-0.6269389899215773,33.458382000389975
1039,34.63333333333333,track,1,324.8030228230737,246.37208065924887,322.7620127834941,244.64107032888964,325.13549059623836,246.76277537522603,0.5130079739005311,8.491666175716997,8.491666175716997,-0.578903673481587,-0.6531686620607409,35.429465999186505
1040,34.666666666666664,track,1,330.07151946107786,251.7872754491018,323.9995022951779,245.61312632853495,330.54387731351875,251.43310858304795,0.5903864071715871,15.552791411007226,15.552791411007226,-0.4862781281278663,-0.7138600613407936,33.4290160008095
1041,34.7,track,1,329.6862004487659,244.2418474195961,325.08914627771026,245.61356027939894,329.2919603341645,244.11934145675136,0.4128352926935997,10.164128142098422,10.164128142098422,-0.3963824715252344,-0.7270278789891476,37.88830200028315
1042,34.733333333333334,track,1,321.0981709878193,242.14551911107716,325.05641020664,245.35279250583315,320.9221506459128,242.25773966397492,0.20875012157496178,2.4388009767184626,2.4388009767184626,-0.36190440057574425,-0.7261470388655744,37.31133900146233
1043,34.766666666666666,track,1,322.4192175601015,242.18747200238914,325.15543986115307,245.10380859099035,322.441825561018,242.50996716250526,0.3232866375273821,3.5017777238562062,3.5017777238562062,-0.32117155880365805,-0.7245312191451122,36.1006080001971
1044,34.8,track,1,319.6088095690146,247.14733244731346,324.88568856413673,245.45556113608066,319.7455828800726,246.68334345424313,0.4837279445185959,6.688184192909659,6.688184192909659,-0.3003727590756738,-0.7535499343199866,33.35898800105497
1045,34.833333333333336,track,1,320.11899322071986,241.95355631297053,324.6690350980956,245.15698863837517,320.3992505147358,241.67878944510778,0.39248055050440867,1.7256114784394816,1.7256114784394816,-0.27874771365528717,-0.7492357464789275,37.91194099903805
1046,34.86666666666667,track,1,309.891031677276,241.81754491694602,323.2204575459762,244.85346715796922,310.3910553892774,241.76294116252564,0.5029963047185446,9.76932843518231,9.76932843518231,-0.3245186123057854,-0.7430753143726495,34.446502999344375
1047,34.9,track,1,309.5461620226255,244.6177966745122,321.802388684738,244.8980201160501,309.1698277401485,244.79285811353125,0.4150590314628687,11.843315417335615,11.843315417335615,-0.37592187937674715,-0.7538364676784354,36.75013499923807
1048,34.93333333333333,track,1,312.30889359449446,239.3826287529305,320.7909979551296,244.30902247720525,312.09865509641526,239.77201339248467,0.44251624105261866,7.904633399381083,7.904633399381083,-0.4127712881351338,-0.7308046416131573,39.09972699875652
1049,34.96666666666667,track,1,303.7227302044997,239.4094168532079,318.8091376948595,243.75616009927816,303.65766002824364,239.0202061769761,0.39461256737564815,16.371685059519727,16.371685059519727,-0.5065099909937172,-0.7068548846051292,37.00628700062225
1050,35.0,track,1,310.4909575480678,236.72967827907863,317.75886150580465,242.91584344613514,310.66081617638605,236.52454796251547,0.2663276185217353,9.964894447815684,9.964894447815684,-0.5600416396146232,-0.6649369195127416,35.872152000592905
1051,35.03333333333333,track,1,308.1339481442286,236.90853428074684,316.496973317717,242.15031267329863,308.429085293275,236.94943418716454,0.29795761291200584,11.966286764437196,11.966286764437196,-0.6299834819591316,-0.6231044539204814,36.8053210004291
1052,35.06666666666667,track,1,299.68518168412294,236.02223314553635,314.3119116467177,241.33042903302714,300.16652038497625,236.2341914012453,0.525940345573852,20.187823756958483,20.187823756958483,-0.754991470954446,-0.5748633603562523,34.57981700012169
1053,35.1,track,1,306.55961181242657,235.8552257477539,313.09893645673355,240.54820946760307,306.2257447613994,236.30634494064068,0.5612269896863288,14.260897414806896,14.260897414806896,-0.8380818513308211,-0.5249404618916672,38.10490100113384
1054,35.13333333333333,track,1,306.9881285183625,238.21334201355646,312.0324832316615,240.10582051431717,306.7982213236815,237.88747003774807,0.37717010381107935,13.36973234810293,13.36973234810293,-0.9187507552352054,-0.4841335807614399,35.59715699884691
1055,35.166666666666664,track,1,306.29859543036474,240.93685177389108,310.97270051579403,240.0276416592895,306.27718701645074,240.82847330478828,0.11047267875533964,13.74779852188033,13.74779852188033,-1.0036095949344317,-0.47010430916391255,35.85347299849673
1056,35.2,track,1,304.667726367397,244.18228129309023,309.8090324680435,240.35386521301436,304.86040277720133,244.26157475878958,0.20835463181245137,15.727950390731962,15.727950390731962,-1.0983461473885314,-0.45656399258201574,34.744235999824014
1057,35.233333333333334,track,1,310.15736518822774,244.41851000489882,309.4019079547587,240.69847462794496,310.4385032870308,244.74253642215697,0.42898921860550193,10.673044134997571,10.673044134997571,-1.157458130179231,-0.4800967604584128,33.29436200147029
1058,35.266666666666666,track,1,312.8224632127529,241.44673513182096,309.3679512570682,240.6747915024366,312.3240625342137,241.0050459357631,0.6659523873991224,7.741455503434481,7.741455503434481,-1.1978768343660589,-0.46856481405450323,32.16857400002482
1059,35.3,track,1,316.0350887127218,248.0257833144583,309.7485644780651,241.4466254408589,315.6948638286602,247.79185059735653,0.4128891956268196,8.902085889571266,8.902085889571266,-1.2156246271219802,-0.49960186005677104,35.33813299873145
1060,35.333333333333336,track,1,321.04894174867957,246.2740053957518,310.7311442351996,241.96674542464848,320.89785192446953,246.2659049392691,0.1513068153621864,6.329905432645139,6.329905432645139,-1.1988045690815088,-0.5209552211248791,33.8176929999463
1061,35.36666666666667,track,1,314.501771361091,247.91882214010894,310.89177659180103,242.65416553907764,314.52295995231987,248.03866188650701,0.12169848485095154,9.727181123505027,9.727181123505027,-1.220521921223362,-0.5538052937183824,37.78895399955218
1062,35.4,track,1,319.5437995124924,247.26618677635588,311.6636747469142,243.22140833495425,319.73045786131604,247.6561879375719,0.43236818214967226,7.660931190132684,7.660931190132684,-1.208100948174827,-0.5835427923383452,37.41517299931729
1063,35.43333333333333,track,1,326.43116080286956,242.1953751049378,313.22693607587354,243.1451758710733,326.7978012442465,241.78910729908358,0.5472465105660128,7.029296314988678,7.029296314988678,-1.1492934110650315,-0.5817217414116331,35.41587099971366
1064,35.46666666666667,track,1,327.5707718183517,247.27568678751635,314.8400655114209,243.67839784615597,327.0681132026819,247.0860568339517,0.5372384974999758,10.00851765747154,10.00851765747154,-1.0801291152878851,-0.612142826032008,36.2097460001678
1065,35.5,track,1,330.97776619120333,244.5271684481025,316.76465684622195,243.84653589280043,330.65147762576765,244.54903185591763,0.32702023872439795,11.582213365258921,11.582213365258921,-0.9865373371168651,-0.625551216529139,33.400287000404205
1066,35.53333333333333,track,1,327.2521347971943,250.47320067093625,318.1217368157202,244.71085113240176,327.0888789738406,250.68739476686002,0.26931686651133774,12.824687598864413,12.824687598864413,-0.9140616282409247,-0.6767938064091958,33.00556099929963
1067,35.56666666666667,track,1,328.3124145785877,241.61951404707668,319.51283816471425,244.45683559486108,328.3333510923298,242.0575270145491,0.4385130525784437,8.583598187452244,8.583598187452244,-0.8078644709337103,-0.6722916050535399,35.44761000011931
1068,35.6,track,1,326.4104454918656,249.44564391059754,320.5771095009343,245.14754528950644,326.59903434115,249.14032449523862,0.35886724491034233,11.273543636050562,11.273543636050562,-0.7618772040954538,-0.7169005045435595,36.28420799941523
1069,35.63333333333333,track,1,333.9146590136697,248.54165093270902,322.4559656578122,245.6802645422241,334.30584107969594,248.41579418365268,0.41092983593747984,16.597670943211224,16.597670943211224,-0.6439525391769503,-0.7560314608245878,36.19627800071612
1070,35.666666666666664,track,1,334.3717480602465,248.1846569298646,324.2520322152946,246.12836630231754,333.8985261443109,248.2832929263131,0.4833922232692067,16.17967770653056,16.17967770653056,-0.5222369346852203,-0.7928617320837876,32.11967400056892
1071,35.7,track,1,330.070700152207,238.375,325.395976260171,245.36536920289913,329.7632843347148,238.71143942197455,0.4557367326680656,9.847949500466004,9.847949500466004,-0.42756207509903055,-0.7669959774780185,36.14973399999144
1072,35.733333333333334,track,1,326.80478132789483,244.32472241105825,326.0481242676666,245.35194266245068,326.721123297727,243.79693949826856,0.534372032430901,7.719471998573504,7.719471998573504,-0.35444606460545675,-0.7774236591131926,33.42951800004812
1073,35.766666666666666,track,1,329.11764484857594,240.78560156308708,326.9046430303918,244.90904717401713,329.19009978048024,240.52671235683178,0.2688370106082099,9.205181143357377,9.205181143357377,-0.26817218512325824,-0.7646449390958634,37.683570000808686
1074,35.8,track,1,323.3845568367774,234.19263995128819,326.98994095915884,243.6992526574484,323.6247259428478,234.1123214803971,0.2532434723284085,6.914000036950203,6.914000036950203,-0.21993059857503616,-0.7087982764216749,34.20163800001319
1075,35.833333333333336,track,1,322.64075551207765,242.09722326736397,326.94863402301337,243.50709189483982,323.02314282368894,242.19509200973908,0.39471299296501605,3.7360167911349556,3.7360167911349556,-0.1789277282106157,-0.7015149332389894,36.208326999258134
1076,35.86666666666667,track,1,319.3816243693335,242.69910094457722,326.489699099443,243.39915809146464,318.9394892114612,243.08714261363252,0.5882685056587662,3.264220067567909,3.264220067567909,-0.16131453211346442,-0.697627821166333,42.188267998426454
1077,35.9,track,1,319.42220283036767,237.3754979701787,326.03638331628207,242.66213731084164,319.1914087711476,237.02487194626616,0.41976720502677733,3.0830515259221842,3.0830515259221842,-0.1464575614355032,-0.6595949639341354,36.98476899990055
1078,35.93333333333333,track,1,313.39071455865496,236.23954910202522,324.86559908071376,241.83715641822172,313.29930748125105,236.13135908258218,0.14163450888329193,7.73729040289542,7.73729040289542,-0.17285091585828743,-0.6134984135090559,36.16029699878709
1079,35.96666666666667,track,1,308.75716275742633,236.5886826550205,323.19332558125535,241.10997247394153,308.8584843689598,236.60619435704703,0.10282377483640112,11.646943259879494,11.646943259879494,-0.23214976286051558,-0.568884101926602,36.29304799869715
1080,36.0,track,1,310.54158929857135,234.7695251809466,321.8245354697136,240.21777229474904,310.77152749545075,234.98243014370294,0.31336894796777404,10.504318732313976,10.504318732313976,-0.28366595226306485,-0.50086478224064,38.002486999175744
1081,36.03333333333333,track,1,307.75100522340387,240.13299011686897,320.199803383722,240.03222355378125,308.18376647473235,240.58796261699666,0.6279190047480988,11.830852664226898,11.830852664226898,-0.3661986525785056,-0.48689584789256557,33.72667300027388
1082,36.06666666666667,track,1,300.0861127729584,237.18329344899792,317.75792906121103,239.51686960250314,299.6770685580355,236.8663514110181,0.5174644192606005,20.563105209914614,20.563105209914614,-0.4799906102584037,-0.4725656032276558,35.91313600009016
1083,36.1,track,1,302.4440404499489,242.71022232322085,315.7555281057162,239.70636241288452,302.1981704417091,242.5900125291081,0.27368312982800297,17.98925514087161,17.98925514087161,-0.5915328777684608,-0.45867503908093954,35.824072001560125
1084,36.13333333333333,track,1,300.46445692883896,234.8498127340824,313.65450561056036,238.9560148203494,300.40270266974665,234.9514532265081,0.11893014006793812,20.237141279698836,20.237141279698836,-0.7175926500369583,-0.38977664615369034,36.25121999903058
1085,36.166666666666664,track,1,298.47341858611924,242.3474367244716,311.4662107009431,239.16080233754525,298.50586180316606,242.60171874532918,0.25634334097799055,21.651025778341154,21.651025778341154,-0.8577875804416668,-0.383055669730878,37.48104999976931
1086,36.2,track,1,298.7607433655006,244.90082177322074,309.47505841487384,239.67072764471615,299.03875832716614,244.382849484247,0.5878670011614646,21.41455164294857,21.41455164294857,-0.9971366257545669,-0.41103350942756023,36.822526999458205
1087,36.233333333333334,track,1,305.95457432679535,247.633418666872,308.5007886439037,240.48628928706302,306.40865625933577,247.38338893361887,0.5183678896018397,15.467354551505515,15.467354551505515,-1.0908918509382695,-0.3992213739425492,36.429953999686404
1088,36.266666666666666,track,1,310.73868421052634,246.9240977443609,308.195793861813,241.17390228415027,310.29624276594575,246.8400159370921,0.4503600583934501,11.872182717475923,11.872182717475923,-1.152830244354583,-0.44979563289741953,35.86662300040189
1089,36.3,track,1,309.16031799856825,248.39301458121398,307.7578738503328,241.99873421264908,308.90045939219243,248.53066219656145,0.29406353279253655,13.99899993628873,13.99899993628873,-1.2224824159523089,-0.48734220942483264,37.89368099933199
1090,36.333333333333336,track,1,315.12125572764796,242.59465293293445,308.09588954838273,242.08016377525348,315.04264679693426,242.96410958995443,0.37772686614051043,5.775923860405879,5.775923860405879,-1.2518730162929967,-0.48929550383328085,35.47535799953039
1091,36.36666666666667,track,1,315.6150557972385,251.17938339322868,308.5060253321612,243.1824448057566,315.7050733842224,250.76202556185962,0.42695517958151863,11.587389215394245,11.587389215394245,-1.2749275277485137,-0.5462366805841672,36.27126900028088
1092,36.4,track,1,317.4650641982681,242.32909077336518,309.1424860169689,243.15535554559935,317.73576179916023,242.0991107066087,0.3552013826465932,3.087562208076373,3.087562208076373,-1.283038978342297,-0.5481208630434536,37.190431999988505
1093,36.43333333333333,track,1,317.57141781775755,250.317926907298,309.7789157008179,244.08062294581828,317.98646307610096,250.3832433167492,0.4201533051362894,10.57667588227614,10.57667588227614,-1.2872335569011921,-0.6007298002167871,37.278795998645364
1094,36.46666666666667,track,1,318.87823024184434,249.13111203194455,310.5548485547285,244.80078961051825,318.50395227722663,249.3296826184853,0.42369124682663056,9.448869591145916,9.448869591145916,-1.1771179034437882,-0.6465689909216656,38.833958000395796
1095,36.5,track,1,315.2438484621155,248.92261815453864,310.86671131263876,245.44286507635107,315.0088004945699,249.39213891136373,0.5250688413312317,10.635992940640667,10.635992940640667,-1.0981063194346983,-0.6914357350922566,36.4576499996474
1096,36.53333333333333,track,1,321.9937099811676,251.69879472693032,311.9818393371795,246.3666578186427,322.06025916876763,251.3517482857206,0.3533695328216017,11.537194502341174,11.537194502341174,-0.9821388407620206,-0.754068334012646,38.458117000118364
1097,36.56666666666667,track,1,327.27972768532527,245.61259455370651,313.6720039690036,246.49270285164545,327.1708173365047,245.47694539789805,0.17396021830226358,9.023167523939293,9.023167523939293,-0.8406951954258275,-0.7781630316993393,38.33917699921585
1098,36.6,track,1,327.68238609675905,248.2772005636449,315.31179782887415,246.9156407877424,327.36798424780795,248.35909837728417,0.3248934817794269,11.14278769236231,11.14278769236231,-0.7064360830058127,-0.8183990998275474,37.06657600014296
1099,36.63333333333333,track,1,333.2557029576459,242.3968206246007,317.51619961731615,246.5951133378933,332.79921254736865,242.71428875716694,0.5560301339587403,13.083852845779107,13.083852845779107,-0.5461247855880397,-0.8206192693061702,32.76528400056122
1100,36.666666666666664,track,1,334.57042306676226,244.44440880099634,319.7340384555472,246.52583091270853,334.9360810448342,243.94449517161024,0.6193701589305548,15.448157143708526,15.448157143708526,-0.3746996176033571,-0.8344422631365724,38.22920200036606
1101,36.7,track,1,342.829254539303,237.98360963873537,322.7872975507802,245.676321141133,343.03203817220793,237.7085690433628,0.3417141069330132,23.145743414180473,23.145743414180473,-0.1899003947259073,-0.8060162903435388,33.79262300040864
1102,36.733333333333334,track,1,343.5612727992908,234.68291302789672,325.7155472155845,244.4750964826744,343.5749233972685,234.60161406967927,0.08243700281057253,24.1851107882466,24.1851107882466,-0.0003063900832463995,-0.7546935339047138,32.84509799959778
1103,36.766666666666666,track,1,348.4722841488759,234.47931229926317,329.01679396569415,243.31862530769808,348.394483006834,234.64228097347333,0.18058739290670536,28.895532844932788,28.895532844932788,0.20674090803512446,-0.7000318743753755,37.12962099962169
1104,36.8,track,1,354.82447573624046,239.5875160875161,332.83104125033003,242.84406435586658,354.54827028742903,239.94460105404787,0.45144116258502326,34.548314704142435,34.548314704142435,0.4555245922173833,-0.6761959032085669,38.56808899945463
1105,36.833333333333336,track,1,351.8865699755133,242.68777547560745,336.0052315978632,242.77223193227192,351.38907650542944,242.31331329578083,0.6226730096098314,31.47420439452186,31.47420439452186,0.6866503367921372,-0.6714155229111152,37.451632000738755
1106,36.86666666666667,track,1,349.50195576952007,234.46494659244772,338.6355450225188,241.72495530608492,349.8496051613964,234.24713366822198,0.41024696175812253,30.398921022341717,30.398921022341717,0.9020867596348684,-0.6141912229714159,41.011823999724584
1107,36.9,track,1,357.1555211714092,235.92697562080156,341.94933777457027,240.92249788624937,357.3065692015275,235.93908822048758,0.15153290888047405,37.526938458517286,37.526938458517286,1.1644273503170643,-0.5652642044405313,37.30893600004492
1108,36.93333333333333,track,1,349.29949523275377,235.71624602729483,344.04307578078425,240.1527722446862,349.3269719188364,235.92432451902962,0.20988479459148984,29.608823221371075,29.608823221371075,1.3442928257806976,-0.5035918191344447,37.112675001480966
1109,36.96666666666667,track,1,348.78683444809735,237.0585345576843,344.6638439247803,239.12900711762998,348.63237558845543,237.51771374385964,0.48446162318446245,28.739775171281384,28.739775171281384,1.4653841509045058,-0.4358939199619858,37.65957100040396
1110,37.0,track,1,340.73171594548296,237.94311834363594,343.18374006457583,238.2020877764787,340.369386006417,237.6337373647069,0.4764447238312454,20.506366941455077,20.506366941455077,1.4681819845704358,-0.36121037328788375,37.55481400003191
1111,37.03333333333333,track,1,345.04945305378305,236.89946065025828,343.70775154149334,237.15711734580304,345.57576883588285,236.78443716998885,0.5387380657616614,25.777117679451013,25.777117679451013,1.5753046763604068,-0.2762079792087817,34.810003999155015
1112,37.06666666666667,track,1,338.8197083349198,238.4860450062826,341.40718904310324,237.24820530406706,339.13933004430334,238.56664700524402,0.3296281531450455,19.192927222087523,19.192927222087523,1.5276535554331347,-0.25090857218452167,39.11842500019702
1113,37.1,track,1,329.60502161875144,242.562884017295,336.0810127135451,239.06733755057695,329.74603544376384,242.8504904676591,0.3203160457043521,10.154334186804991,10.154334186804991,1.2982813777777675,-0.32424550346523523,34.187985000244225
1114,37.13333333333333,track,1,327.8383753394271,247.52679083642482,331.8936868962112,242.19106651302465,327.84004751360254,247.04949945153876,0.4772943140798185,10.543329053614459,10.543329053614459,1.101992428923122,-0.4811457686750727,38.374591000319924
1115,37.166666666666664,track,1,333.1208854226402,240.28829758764385,330.90845433816855,241.8279302492403,332.9678180105597,240.03918284296012,0.292382948647587,12.96787720678212,12.96787720678212,1.0809175520960177,-0.44855768987724415,34.847196000555414
1116,37.2,track,1,325.20850886181637,242.1974268473187,328.3710458827565,241.49078851324035,324.82177694238044,242.10927280321172,0.396651878859805,5.262942583806163,5.262942583806163,0.9630625365498509,-0.4191244452785049,33.5226999995939
1117,37.233333333333334,track,1,321.15557895528565,249.84442104471438,324.47209039295956,244.83774905432867,321.6218287997283,249.9954979329587,0.49011543905938676,10.126218819648809,10.126218819648809,0.7502946109122164,-0.602141259686255,36.1757270002272
1118,37.266666666666666,track,1,321.96649253731346,249.49283582089552,322.1453216091634,247.3705411581354,322.2419073465666,249.86216901184994,0.46071718341790935,10.113779025116312,10.113779025116312,0.6044871451853044,-0.762322878562661,33.272014999965904
1119,37.3,track,1,323.67684123151224,245.12205704799277,321.5780915907866,247.091000483974,323.8137833043458,244.72698317553196,0.41813454295613445,6.073657302998662,6.073657302998662,0.54790979705111,-0.7786529645893232,34.80327999932342
1120,37.333333333333336,track,1,328.9580708810807,239.80488730363513,323.55564297877305,244.60911988082523,328.9538094102283,239.575233216224,0.22969362202390411,8.96387917005201,8.96387917005201,0.6659961884195106,-0.63789050884891,37.59870800058707
1121,37.36666666666667,track,1,328.3306980878709,240.17451251111154,326.259989553452,241.64443204088136,328.1102899610676,240.21713149963588,0.22449080280443595,8.113196000389019,8.113196000389019,0.8358456839795982,-0.4581789313983008,38.93079700173985
1122,37.4,track,1,327.12912346842603,243.90529688972669,327.5608644101298,241.4791456571698,326.75382090229687,244.1277702230039,0.4362870616493312,7.915338514190006,7.915338514190006,0.9392095389790911,-0.42484529450425884,36.686912999357446
1123,37.43333333333333,track,1,322.71465692551027,248.08209685923026,326.1797372657744,243.65845568317653,323.2150313753949,248.54975908725626,0.6848960137273431,9.134265553118913,9.134265553118913,0.8675719081177307,-0.5574099478979184,34.88114799984032
1124,37.46666666666667,track,1,319.56166841082376,242.06563013903423,322.52619318803966,243.6331878869919,319.89865101817867,241.67622040940833,0.5149730237469031,1.6792815359650837,1.6792815359650837,0.6593587133048366,-0.5748131815604653,36.65980299956573
1125,37.5,track,1,327.75233505193154,246.98901591571396,324.00035327315913,245.69569588004924,327.8478291703934,246.84352369874446,0.17403192770153722,10.41260002607202,10.41260002607202,0.7532536474102709,-0.7082272181717457,38.43221500028449
1126,37.53333333333333,track,1,325.8575816175634,245.0503545292534,325.5133657748424,246.09608413084345,325.829277888551,245.15677716479925,0.11012210692013889,7.782854966485296,7.782854966485296,0.8551957966251696,-0.7567004861084083,36.45462299937208
1127,37.56666666666667,track,1,322.94621880277725,246.68977294051416,324.95786010387116,246.92663941197932,322.722040287696,246.9709215636997,0.3595838635744858,7.483531971943044,7.483531971943044,0.827597965008017,-0.8250654310125352,36.422324999875855
1128,37.6,track,1,320.77612788363194,246.61203075874087,322.70705671013536,247.1853967083438,320.38533879971953,246.11995527932825,0.6283743991795493,6.132074576482826,6.132074576482826,0.7004632128495866,-0.8635992441928548,31.863528000030783
1129,37.63333333333333,track,1,319.1095011073989,239.65280228236796,320.43763381872486,243.89349068336418,319.51747908956247,239.38169613227168,0.48984138101050945,0.7842997525546311,0.7842997525546311,0.5342102141460424,-0.6763596861087998,33.772921000490896
1130,37.666666666666664,track,1,324.53095798830054,239.92684038593026,321.61770934210233,240.88747444548068,324.7608384564235,239.88759365774845,0.23320663647808063,4.762165263190635,4.762165263190635,0.598282842162114,-0.4884915601003028,34.69329700055823
1131,37.7,track,1,326.8292692119248,240.31017977612785,323.7850952570801,239.35819184195964,326.905086184892,240.39272334026012,0.11207878197755095,6.9162451404480745,6.9162451404480745,0.709334118940963,-0.37150100398607017,34.681289000218385
1132,37.733333333333334,track,1,325.54273071586607,240.57299283758954,324.70231464508487,238.75353724716322,325.5031226342215,240.96483953659833,0.39384341514827115,5.5870630977879685,5.5870630977879685,0.7653532831263281,-0.3036193059267177,35.827808000249206
1133,37.766666666666666,track,1,327.28666439935006,246.09163738049352,326.0329441010034,240.89831893265125,327.0161662840458,245.65623654469655,0.5125847424532285,9.012191807487355,9.012191807487355,0.853659041572087,-0.4219907439969537,35.41814599884674
1134,37.8,track,1,324.5756546675723,247.6162176439514,325.8855240630759,244.54862206523273,324.2153547278508,247.36042755149631,0.4418649318077533,8.482046287449757,8.482046287449757,0.8640907415821486,-0.6381888215022414,38.39099600008922
1135,37.833333333333336,track,1,322.0640533212833,243.43741527338454,324.4041687014669,245.1274373756684,322.49044585055077,243.4613820967882,0.42706556597219614,4.264209956661553,4.264209956661553,0.7811008016155887,-0.6761098907949146,35.74932099945727
1136,37.86666666666667,track,1,327.7099285445656,242.7028958254983,325.472316330548,243.9807706739006,327.93558693946494,242.93139521070415,0.3211443292788863,8.45970554778036,8.45970554778036,0.8370737924751743,-0.6201407127005514,35.239851000369526
1137,37.9,track,1,324.50009495233394,249.59990884575942,324.84994715258364,246.48720068585047,324.5996812887481,250.01293916952687,0.42486643401408986,11.018893718096434,11.018893718096434,0.8069477043497855,-0.7644571764723771,38.7096209997253
1138,37.93333333333333,track,1,318.6237691001698,247.20377287304282,321.78337788899654,247.08744200971398,318.54414263509204,246.90875452030446,0.30557519924437265,7.060482256105739,7.060482256105739,0.6364699468336797,-0.818240371021377,31.8177890003426
1139,37.96666666666667,track,1,325.8205970036605,246.63643911090983,322.88169838000056,247.19708721306924,325.58327659912777,246.51565592223776,0.26628847716973686,8.58060310697096,8.58060310697096,0.7022824273505306,-0.8424971908715471,35.81735099942307
1140,38.0,track,1,327.14871464808994,239.5616173853784,325.23748731360445,243.90712867844502,326.69485282157,239.63886173491198,0.4603881483127777,6.70458612809133,6.70458612809133,0.8447018549116975,-0.6722701368910371,36.809731998801
1141,38.03333333333333,track,1,326.62891828910773,239.85510787040516,326.6095946359805,241.48524602218095,327.02828889601085,240.11565287834338,0.4768444010572972,7.029240385280511,7.029240385280511,0.9436012781718137,-0.5293051623142218,34.26133199900505
1142,38.06666666666667,track,1,324.2724524880039,244.07507462122643,326.27551604407586,241.87908956543114,324.5291403880128,244.52985547575244,0.5222205507775268,6.405677425966226,6.405677425966226,0.9349261025446439,-0.5518332319264477,38.945170999795664
1143,38.1,track,1,321.22807939068775,246.16786102877725,323.82415742536443,244.0565241346512,321.28068734696933,245.89921305658802,0.27375048863062995,6.036627764547518,6.036627764547518,0.8030928181663128,-0.6777962033915274,38.851650000651716
1144,38.13333333333333,track,1,324.4707730748845,241.60161278110093,323.6412751383682,243.38726347025,324.3563197727251,241.550074902057,0.1255217564868302,4.623878692637023,4.623878692637023,0.7964603853273258,-0.6382999571087185,37.08792399993399
1145,38.166666666666664,track,1,315.83145269765356,242.68648184127932,319.9085421774159,242.71492792016295,315.56161722178894,242.8387227807866,0.3098200892407592,5.268547115863863,5.268547115863863,0.5889978986110072,-0.5963271854781862,38.19077799926163
1146,38.2,track,1,322.66343898933354,240.8134125122929,320.60309446217065,241.46207589555337,322.2114461473438,241.12488134188473,0.548917444628312,2.4810989693928165,2.4810989693928165,0.6160556156777354,-0.5179334966772715,37.965790999805904
1147,38.233333333333334,track,1,319.9065161679355,246.56395567950554,320.51541547490376,243.459003628241,320.3385077997413,246.14230884935455,0.6036578661184174,6.151629502119329,6.151629502119329,0.6057735673360818,-0.6196748828997607,31.897793000098318
1148,38.266666666666666,track,1,319.77777777777777,246.1439274743388,320.3138170552869,244.7771735435169,320.0179811595037,245.94586188446513,0.3113320453865351,5.945889073236427,5.945889073236427,0.5703576883402596,-0.6985067049539975,34.31088999968779
1149,38.3,track,1,320.06847085541256,244.36358819076457,320.2793253199231,244.82497353319133,320.14856219299185,244.36152880580656,0.08011780964083536,4.3640582316310725,4.3640582316310725,0.5592846002735924,-0.7139684150171495,34.91771799963317
1150,38.333333333333336,track,1,318.9890757890758,240.49374409374408,319.7827762949297,243.16372116559782,318.8420077118961,240.7616308860172,0.3056016243407707,1.3860114522771743,1.3860114522771743,0.5461623350610948,-0.6334295091713995,33.97723800117092
1151,38.36666666666667,track,1,323.74049674390426,238.45486899893987,321.32806642951624,241.22642480378647,323.43414391085327,238.8723984614677,0.5178637952175685,3.614530347106105,3.614530347106105,0.6073151589231055,-0.527187303757082,35.04728400002932
1152,38.4,track,1,327.67866817155755,236.96802106847252,323.8304890964594,239.36141739080267,327.2184486127796,236.6332401694425,0.5691048169161236,7.964990403760385,7.964990403760385,0.7405488980276127,-0.414183776995971,39.09444700002496
1153,38.43333333333333,track,1,317.3664289218461,241.43499754707724,322.08318375365127,239.58399633592344,317.7187781803179,241.28207227764756,0.38410433214918666,2.6168076573768624,2.6168076573768624,0.6547062616881855,-0.4277309096441464,39.67076300068584
1154,38.46666666666667,track,1,323.33129086493557,248.25380160657576,322.6728818669788,241.92053938543015,323.5283299550887,248.24563189546228,0.19720838528836412,8.968810268226271,8.968810268226271,0.6858307586582186,-0.5168108372196631,38.55194400057371
1155,38.5,track,1,326.91149103563055,244.79873666691884,324.1512409411447,242.65705451960378,326.94309870878226,245.0579642997889,0.2611474883001466,8.59008862223393,8.59008862223393,0.7678443000164955,-0.5525364171780865,35.86008199999924
1156,38.53333333333333,track,1,316.8670723410689,245.47974147705798,322.49960702879235,243.40686430536442,316.7006494268162,245.99326346913395,0.5398161008473367,6.84141222374619,6.84141222374619,0.6875488503950719,-0.5931563940973577,34.78883800016774
1157,38.56666666666667,track,1,326.23041959355396,242.52184365726308,323.6273032541866,243.22316188962256,325.92256987593373,242.2456943655701,0.41355758963097994,6.33403324264019,6.33403324264019,0.7484400548145227,-0.5873463462509414,38.99603100035165
1158,38.6,track,1,319.7133779643708,245.99704981277657,322.9202797975158,243.92306292948592,319.2390874207851,245.89260913183153,0.48565355508952057,5.9415343417127415,5.9415343417127415,0.7156937177650393,-0.6282988611663115,36.0171159991296
1159,38.63333333333333,track,1,320.5854207175264,246.75931221167411,322.54810150334043,244.65595334704474,320.92693065324363,246.90707660478026,0.37210664071420607,6.968996173067211,6.968996173067211,0.6971300358833754,-0.6744495524141462,37.50365700034308
1160,38.666666666666664,track,1,318.2764172591506,245.5552420720009,321.7365596645489,244.98261512699628,318.4585867169683,245.88994859343035,0.3810697663800981,6.0883043076343295,6.0883043076343295,0.6528923894071106,-0.702223799724531,36.589397001080215
1161,38.7,track,1,325.43861820636886,242.04159633922208,322.55836677883275,244.51440393213198,325.4459993674494,241.5838264032483,0.4578294396610255,5.671632497428401,5.671632497428401,0.6921931886115995,-0.6887488859770363,37.1831430002203
1162,38.733333333333334,track,1,324.97665634207146,239.50294628692302,323.14529979828666,243.61744412370103,324.8560010217848,239.27799543176513,0.2552657312483348,4.909382498861421,4.909382498861421,0.7226434789657187,-0.6498866312883194,34.65813299953879
1163,38.766666666666666,track,1,322.7154400274422,242.58181194496322,323.20252738186326,243.4495854963639,322.32317896158247,242.55437095982018,0.39321972414290135,3.4528208015928157,3.4528208015928157,0.7273601674450297,-0.6456507076148416,38.37376400042558
1164,38.8,track,1,320.52255299954896,243.16666666666666,322.84572708275334,243.4136973854724,321.00678582990867,243.40151990215884,0.5381797805745896,3.547387116186723,3.547387116186723,0.7100801013688577,-0.6475111143264239,37.3625259999244
1165,38.833333333333336,track,1,319.40925919000784,240.78998541565386,322.34175644420117,242.96487421428674,319.756063748949,241.1827665065762,0.523975560010671,1.2076595147868865,1.2076595147868865,0.6831778449807954,-0.6269924927613751,36.5662499989412
1166,38.86666666666667,track,1,324.6407763331449,247.65698134539286,322.79284228390725,243.7435832366053,324.8355130378654,247.29662772604686,0.409606048711624,8.75345431883219,8.75345431883219,0.7048644592751976,-0.6698517335838932,38.85123299914994
1167,38.9,track,1,319.7725014638938,237.72856576188587,322.3825627794005,242.7896177771291,319.77105694081484,237.53336294285253,0.19520816377777023,2.4772390470122514,2.4772390470122514,0.6825391708971116,-0.6236773040757568,34.28615700067894
1168,38.93333333333333,track,1,319.1886070249174,241.50540378264785,321.9296115633086,242.55813882352766,318.996016331177,241.5497692006235,0.19763467718894703,1.8465556537685368,1.8465556537685368,0.6560252916687932,-0.6116654041682372,38.49266500037629
1169,38.96666666666667,track,1,315.78016206482596,239.3703106242497,321.0047703951864,242.0268153827951,315.4294557624745,239.66643903535248,0.4590064774829328,4.582699809535216,4.582699809535216,0.6022712879350813,-0.5825621910983813,34.922128999824054
1170,39.0,track,1,320.57617312244054,243.32535597550438,320.90925544904354,242.15413995040592,321.0835316727907,243.80358967314308,0.6972231839021038,3.9549128040427464,3.9549128040427464,0.5885638183315534,-0.586155515668681,34.420355999827734
1171,39.03333333333333,track,1,324.3057424086953,245.02876904951924,321.37219564919906,242.5191208377003,324.55085807328993,244.74234763308903,0.37698662684443707,6.57268364340573,6.57268364340573,0.6042051639977838,-0.6029788774805016,34.77780899993377
1172,39.06666666666667,track,1,319.55985152525767,240.22551956738832,321.10649630336803,242.15880969552654,319.7063937525109,240.12654081747385,0.17683726220163296,0.31971425844271995,0.31971425844271995,0.5831646656739558,-0.5828259199740884,37.02734199941915
1173,39.1,track,1,325.4093589499715,241.82347346395284,321.6888238128544,242.06161112665131,325.3919440363153,241.96138001817863,0.13900178745643513,5.737601595306742,5.737601595306742,0.6062187920466344,-0.5751417772721514,35.39456099861127
1174,39.13333333333333,track,1,318.84463862001434,239.67816654739934,321.31075064543404,241.68143113083397,318.6465563199434,240.01280713249142,0.3888713396384004,1.353504273258065,1.353504273258065,0.5808317519248846,-0.5520152252961427,33.06598800008942
1175,39.166666666666664,track,1,320.2940046697296,241.62551781275891,321.1646335222299,241.60355185401113,319.85942345966475,241.11894535758694,0.6674402448761838,1.1277413165074637,1.1277413165074637,0.5662558177117794,-0.5433715091241484,38.76851300083217
1176,39.2,track,1,327.55961886110276,241.90482826152456,321.9984963388015,241.5732921262228,328.0490462165347,241.63169263698808,0.5604839031016179,8.212768464866919,8.212768464866919,0.6033267564110932,-0.536999934108527,33.601405999434064
1177,39.233333333333334,track,1,327.76339672378083,241.09105629824893,322.784433876632,241.44242226791047,328.0662156722875,241.046650097158,0.3060575538522484,8.133837452133989,8.133837452133989,0.6416529621749283,-0.5252404259919896,37.15417800049181
1178,39.266666666666666,track,1,324.55977934554187,246.60725007505255,323.0857698115342,242.03989062054455,324.63975563156976,246.78454694061097,0.1945003466928889,8.219331451525536,8.219331451525536,0.6577814815478965,-0.5517884196444401,37.6241129997652
1179,39.3,track,1,328.99710798122067,246.20349295774648,323.9255734188185,242.53870407448105,328.95449150947024,246.58812634984037,0.38698709277972787,11.11693874205645,11.11693874205645,0.7040010210352706,-0.5758447023076229,34.0449310006079
1180,39.333333333333336,track,1,322.81768121371044,243.6660048698258,323.9098725646429,242.6770742554209,322.6313755903384,243.30527316438517,0.4060014145420582,4.224803923099093,4.224803923099093,0.7084395236823258,-0.583047205127941,36.259260999941034
1181,39.36666666666667,track,1,321.1782537940431,246.09378193240738,323.68316924248126,243.10929114198404,320.8208947552667,245.955798118766,0.3830731202031861,6.012104409499317,6.012104409499317,0.7015850018722303,-0.6066132821006551,35.79137599990645
1182,39.4,track,1,328.00893434209024,249.42550279435807,324.31826185438996,243.92263725572545,328.45962760597644,249.48061449514375,0.45405034707164543,12.706193388947316,12.706193388947316,0.7395492407682801,-0.6524515401076048,38.61258699907921
1183,39.43333333333333,track,1,329.7891979496457,239.47320217096336,325.1202112740842,243.44227342950091,330.0977483306604,239.74733687608867,0.41273862695228,10.100908870173006,10.100908870173006,0.7891045355242815,-0.6330667112987876,36.5024849998008
1184,39.46666666666667,track,1,326.618819174253,248.85011143429153,325.4661311269085,244.14632030072238,326.72862956137976,249.34082112122832,0.5028462170231767,11.511967468380835,11.511967468380835,0.8178139732638141,-0.6746216172399913,36.91196599902469
1185,39.5,track,1,323.84793940075747,243.70960362995461,325.4388459495436,244.16837467745265,323.8116113944529,243.4074933599051,0.30428660718385697,5.112669793769232,5.112669793769232,0.8280400216090702,-0.6829410817103496,35.556367998651695
1186,39.53333333333333,track,1,324.02136865677306,242.12627623638366,325.42472511054723,243.99161137631884,323.81005367766306,242.05285608504911,0.22370636785359344,4.327901007716906,4.327901007716906,0.8386525594038687,-0.6807155017940621,36.62112200072443
1187,39.56666666666667,track,1,319.9118170459278,247.53345197076976,324.9034259991902,244.47927969905894,319.49862201388305,247.67222286472426,0.435875550490514,7.688587878860489,7.688587878860489,0.8219682159175441,-0.7129822626328003,35.6049920010264
1188,39.6,track,1,316.76186861978675,240.79363212022315,324.0278872506401,244.1143418553395,317.2035541274051,241.08852768924964,0.5310833119874153,3.0008335589659603,3.0008335589659603,0.7838653097330455,-0.7018935570114121,38.300398000501445
1189,39.63333333333333,track,1,321.2928944776911,243.32224831452163,323.75206963107604,244.07451367067048,321.5902910185032,242.8964399390518,0.5193818201547504,3.3042986917145147,3.3042986917145147,0.7735532241895281,-0.7063693112598947,33.317218998490716
1190,39.666666666666664,track,1,317.0786529551362,243.62293291144007,322.9836563977082,244.0701846658422,317.1507038529211,243.3871657619581,0.2465308918704989,4.42621513629195,4.42621513629195,0.7355487467502767,-0.7124069506036962,38.63668500162021
1191,39.7,track,1,322.34133998036106,241.71210061182867,322.89705721633953,243.83321253957834,322.2599321690466,241.68915994839233,0.08457840020899647,2.8214455054004413,2.8214455054004413,0.7302447695781618,-0.7058887264573597,35.3699269999197
1192,39.733333333333334,track,1,318.7868445780868,236.53001315542193,322.38970682184276,242.98637949924935,318.53856310740815,236.75642042764153,0.33601181764377597,3.557612434379225,3.557612434379225,0.7020024359059767,-0.6657080286104274,36.89074999965669
1193,39.766666666666666,track,1,324.6648343373494,238.65289909638554,322.62175510280866,242.44769775280088,324.25802833818807,239.07686123844036,0.5875670334943702,4.3569473834218515,4.3569473834218515,0.7107878207944933,-0.63804947350314,33.25013500034402
1194,39.8,track,1,320.97362861238963,236.97181770165247,322.3986652057921,241.74354090521555,321.32477738246564,236.56216487533757,0.5395562035911333,3.684256432097967,3.684256432097967,0.6963189144163027,-0.5990768008515369,36.18956100035575
1195,39.833333333333336,track,1,324.44101922420657,240.38641792742578,322.6071343848488,241.49706578911272,324.66059067217026,240.2278043348528,0.27086877359669304,4.666154758309903,4.666154758309903,0.7038403914500421,-0.5812802905502306,33.615663000091445
1196,39.86666666666667,track,1,325.05552414339024,236.00889592521392,322.8780954039711,240.7473324063038,325.1173405701756,236.04185866413923,0.07005578332990899,6.469471179765378,6.469471179765378,0.7156362063877532,-0.5355739910865113,34.53543700015871
1197,39.9,track,1,319.13401983796473,244.84773226319376,322.42397328127413,241.10998728595257,319.0254805188093,245.1071724115794,0.2812293981736091,5.199317095621113,5.199317095621113,0.6900742006480991,-0.5458130253693243,35.11695400084136
1198,39.93333333333333,track,1,320.8182479237629,237.96934440659803,322.2009092511974,240.63405797986943,320.5530606193789,238.4630537131249,0.560422328032789,1.6334258285722483,1.6334258285722483,0.6748626317712821,-0.5130935263039642,37.186863000897574
1199,39.96666666666667,track,1,323.9642103676914,242.72144364074745,322.3706351158188,240.76371297671867,323.58520200992643,243.05108730581082,0.5023069591117718,4.7077390751464225,4.7077390751464225,0.6796318799092479,-0.5106554125617122,34.95788000145694
1200,40.0,track,1,325.5580525759178,236.4734098806466,322.7229409155821,240.14488734643004,325.9649043385823,236.5538690257776,0.4147312754283167,6.888824461396369,6.888824461396369,0.6949406859638609,-0.4206806972325331,37.41336399980355
1201,40.03333333333333,track,1,321.95739876561794,234.28477344573236,322.62371516264443,239.3102244731178,322.18260548182235,234.17387189147604,0.2510323081996435,6.221538027386311,6.221538027386311,0.6878494454829848,-0.3393314166061936,39.03249199902348
1202,40.06666666666667,track,1,320.0414183440159,234.32163874208177,322.3019799231134,238.5415831225195,320.0872721977069,233.976851824857,0.347822647606055,6.023780405710448,6.023780405710448,0.6685571106848656,-0.2581179162715561,33.866423000290524
1203,40.1,track,1,326.85657461944464,226.4490935515949,322.81716039855564,236.89058223565232,326.7623043118667,226.85693289719887,0.4185926692066084,14.780695940145192,14.780695940145192,0.6924763135074232,-0.13379590982654213,36.00412299965683
1204,40.13333333333333,track,1,324.0851739731659,222.87849908435174,322.9697999039195,234.9302423814908,323.8120064971521,223.11176746821005,0.3592138762069689,17.313110395943827,17.313110395943827,0.6994418056286498,0.003667398601201022,37.14769699945464
1205,40.166666666666664,track,1,320.9355737026305,220.26143077559928,322.7357339506485,232.79941300266572,320.4949360964338,220.25531625231903,0.44068002835360015,19.750886006341336,19.750886006341336,0.6865686735186372,0.14762946910303665,34.12188599941146
1206,40.2,track,1,320.53271414604797,218.8107467849891,322.4677403158856,230.65437855689257,320.85610288857987,218.5939315475808,0.38934448239159963,21.423180873658584,21.423180873658584,0.6709148332868151,0.30133797172198634,35.68688400082465
1207,40.233333333333334,track,1,325.1580321509828,215.50967886315317,322.7706201502359,228.2806838647905,325.34057002658943,215.1081782166574,0.4410474409488187,25.45828902150722,25.45828902150722,0.6845175569311149,0.4761300384568232,36.75154700067651
1208,40.266666666666666,track,1,319.55363877375754,214.9986931033195,322.3847275865367,226.0325461396213,319.5900815045582,215.4062053624166,0.40913850215133146,24.597210570479948,24.597210570479948,0.6628326540246825,0.6539844569586142,34.4471499993233
1209,40.3,track,1,319.8768251305707,220.60687735885023,322.0621135996534,224.64051935369432,319.7345079386322,220.8005776383297,0.24036218794080685,19.20125790297225,19.20125790297225,0.6428623877527607,0.7952575982374431,36.43356800057518
1210,40.333333333333336,track,1,329.37656999314913,221.95900890614297,322.89834173015515,223.5461568834751,329.01308472069223,221.92557969443615,0.36501925358589654,20.1970385345118,20.1970385345118,0.6832138881593433,0.925689339715457,36.33018399887078
1211,40.36666666666667,track,1,321.27110787618756,221.69721115537848,322.71385688097916,222.53933479339756,320.7705486268327,221.47127653030535,0.5491866867665718,18.54473883889248,18.54473883889248,0.6729760471990162,1.0549435210494784,36.64335699977528
1212,40.4,track,1,324.8562385600976,225.39421903599757,322.9694907318694,222.0890059099006,325.1744091072473,224.95597387595356,0.5415637703683005,15.909029877090417,15.909029877090417,0.6854274416592039,1.1574895332511097,36.020763000124134
1213,40.43333333333333,track,1,327.42632175226584,221.12050604229609,323.5164621217566,221.20632411935046,327.59993689770357,221.42624689445782,0.35159591494491116,20.068466440530877,20.068466440530877,0.7145738331774103,1.2833750773368793,38.840499000798445
1214,40.46666666666667,track,1,324.172231392557,230.17140606242498,323.6383683206757,221.51167376295265,324.20319282784294,230.30860727570038,0.1406512829632451,10.563613154817716,10.563613154817716,0.7235513272765296,1.3481275343757342,51.4906329990481
1215,40.5,track,1,328.4573410052204,235.88450253400907,324.26250583857427,222.53006380578762,328.3145390107747,235.74781871474516,0.19767366052726368,9.338768904109669,9.338768904109669,0.7598345946573113,1.3717115790420864,41.146699999444536
1216,40.53333333333333,track,1,324.8561463046757,236.28148567119155,324.41300692149076,223.575796600713,324.511307841874,235.9189229833459,0.500365134721931,6.0833451373414595,6.0833451373414595,0.7736552883681695,1.3874297317129831,43.626791000860976
1217,40.56666666666667,track,1,329.51575218570997,240.54296050648176,325.10639757585994,225.10303964836498,329.0043124118325,240.9746643769987,0.6692823575466293,9.056909663768906,9.056909663768906,0.8170136658781961,1.3709829825845095,39.73489500094729
1218,40.6,track,1,325.4764390042429,241.49018135395937,325.2671123413677,226.67844013708702,325.75561674842515,241.7736660964772,0.39787411587976473,6.022708325707366,6.022708325707366,0.8350040229625284,1.3433795053971522,38.15248099999735
1219,40.63333333333333,track,1,327.6224991554371,251.9550317180286,325.66694953766677,229.43014682380627,327.80050458181154,251.9444041132208,0.1783223984885307,14.26592658577734,14.26592658577734,0.8695094682047453,1.1851103334960353,35.99112499978219
1220,40.666666666666664,track,1,323.0006352290561,253.6986398624916,325.3281040219264,238.004295658123,323.00502736121143,253.5145202205831,0.1841720211144523,13.844581836739565,13.844581836739565,0.8606187407093165,0.6715414802179013,35.68686600010551
1221,40.7,track,1,325.1206974637681,250.09420289855072,325.22095197613953,246.73881590676794,324.9501256922988,249.69273950951813,0.43619672391675884,10.8836089404632,10.8836089404632,0.8622265744324662,0.10591912932319647,38.133636000566185
1222,40.733333333333334,track,1,325.2641544806899,245.95920509936258,325.2018733615425,250.49871972514958,324.87460206683,246.39431228694593,0.5840114278255053,8.04045862702688,8.04045862702688,0.8691594216761455,-0.1356233571551887,36.904578999383375
1223,40.766666666666666,track,1,325.60862889030375,245.7281000711584,325.3991992565189,248.86318301865697,326.1019270179344,245.93545765016663,0.5351076604722026,8.51253022603262,8.51253022603262,0.888212098732557,-0.09514091196681396,35.2666720009438
1224,40.8,track,1,317.98748444980583,238.99393071210466,321.88741292735057,244.26098706171723,318.33208657512444,238.93939553956824,0.34889068462438816,1.9765669769496514,1.9765669769496514,0.6975557374448554,0.12705391869347382,39.3474039992725
1225,40.833333333333336,track,1,319.06452833043346,237.21658219229897,320.0434892779256,240.3666402286175,319.18342822093996,236.97116114155565,0.2727062084192642,3.1369817182731117,3.1369817182731117,0.5763428814129717,0.3572219838813888,36.194901000271784
1226,40.86666666666667,track,1,327.4509075291306,235.97286749327756,322.50263713236586,237.38528096771816,327.46943822882815,235.51244021059097,0.460800031980732,8.71382237125593,8.71382237125593,0.6904998587510554,0.5195591182762254,35.56577900053526
1227,40.9,track,1,324.7756318370426,234.6146737080347,323.15912007731004,234.9807282146315,324.55291203121857,234.94660287065741,0.3997262574634314,6.801899037097115,6.801899037097115,0.7198981368690691,0.6807641717607823,33.9198719993874
1228,40.93333333333333,track,1,328.11424259573664,242.22358045651765,324.8451853975878,236.21594911407252,327.72777223918604,242.29516941361686,0.3930449278020299,8.061405982701576,8.061405982701576,0.8262275091763215,0.6113586517884672,37.50714800116839
1229,40.96666666666667,track,1,325.42767730292206,240.00602849134125,325.79447922107494,238.34696169633366,325.87149544613646,239.93783173072322,0.4490271065370909,5.871824560365041,5.871824560365041,0.898437044347683,0.4858705581396542,35.487475999616436
1230,41.0,track,1,324.0795527761986,234.53663066136062,325.6382477035867,237.4259812895102,324.3553805277466,234.22884912067462,0.4132921791070548,7.230181326454568,7.230181326454568,0.8957916125177205,0.5531562456291528,36.95334300027753
1231,41.03333333333333,track,1,319.0654016493586,239.8520540623091,322.36790820715123,237.93277570369438,319.2062934000127,240.31346635185184,0.4824435576764076,0.8533647055079457,0.8533647055079457,0.7008748626431254,0.5220576208446923,38.74504299892578
1232,41.06666666666667,track,1,320.90755100504407,231.19235112549876,320.54162149156286,234.86534839263587,320.9075871844694,231.4213762841664,0.2290251615252963,8.626499832219077,8.626499832219077,0.5862951020575995,0.7195862098998465,32.84408500076097
1233,41.1,track,1,320.0347059268791,239.74195745969269,319.72023269875007,236.1142726894838,319.83442204905276,239.7992802426945,0.20832554612487492,0.2602008432205159,0.2602008432205159,0.5368786451845629,0.6520979317096827,34.46424200046749
1234,41.13333333333333,track,1,321.91690683834264,235.20717146386195,320.3981287624656,236.1246249674108,321.5339582948355,235.02751001121842,0.4229986105653708,5.203718356985473,5.203718356985473,0.5214446833807929,0.6500249337913198,33.671965000394266
1235,41.166666666666664,track,1,320.66500285768717,241.05383882644313,320.3555498496243,238.83993283141336,321.0989474143885,240.67270580354017,0.5775554167678106,1.2884946711988146,1.2884946711988146,0.5072150207918462,0.49741689957580615,34.771589998854324
1236,41.2,track,1,326.7331937485979,232.2647124803709,323.1374914530801,236.50403606799713,327.02975928207735,232.6474440326636,0.48418442433471565,10.172393760406976,10.172393760406976,0.6884131203725445,0.6435875872382306,35.41409599893086
1237,41.233333333333334,track,1,330.3147490172362,237.81380405201088,327.4408922850718,236.19566445169343,330.4274566330177,237.98082179905867,0.20148929123919923,10.621154948527087,10.621154948527087,0.9533559757534934,0.6843761644606604,39.22343500016723
1238,41.266666666666666,track,1,324.1899780983309,234.0396118117967,327.31525631560567,234.52622351924535,324.1158340544051,234.02679287755225,0.07524403182202744,7.253915721254379,7.253915721254379,0.9603603138252235,0.7970747539391911,34.81011100120668
1239,41.3,track,1,324.9023114657098,235.30921341451776,326.1082479750757,234.26164179241098,324.6695108256276,235.04189511759213,0.3544787862395895,6.8108101849640414,6.8108101849640414,0.9052583229577192,0.836938925801815,40.02949999994598
1240,41.333333333333336,track,1,323.7527050220133,244.18886650249982,324.73733401903223,238.54992853482037,323.3854193046681,243.7357441810044,0.5832826385236822,5.041512516529921,5.041512516529921,0.833596623306675,0.6159590525595664,34.220644000015454
1241,41.36666666666667,track,1,328.3549008498584,237.16857412653448,325.99474050565715,238.2737400000788,328.8101465969784,237.51525277931802,0.5722191700447455,9.153832629611347,9.153832629611347,0.9025436950235599,0.6223019928594801,37.805990999913774
1242,41.4,track,1,326.02355018028845,236.86966646634616,325.883215099445,237.91047632756002,326.2875276948954,237.0030850660324,0.295778043404683,6.96523536109977,6.96523536109977,0.9046416809653808,0.6365799367311149,34.770154001307674
1243,41.43333333333333,track,1,325.1579242322349,237.75524919674214,325.4799248135672,237.99284856950112,325.2551331364419,237.63174801587087,0.15716905781266416,5.764116735637914,5.764116735637914,0.8904666193738424,0.6291627716626603,34.7817860001669
1244,41.46666666666667,track,1,326.5878592441729,235.67270121445273,325.73602402213936,237.27629837917206,326.52125852564234,235.3477758935409,0.3316807499365016,8.010618071970606,8.010618071970606,0.9106078183510711,0.6656207939213183,37.80400499999814
1245,41.5,track,1,319.53054218440985,235.67554759505953,323.5392779301974,236.76386073471548,319.3444930784853,236.12600622908113,0.48736767514878554,3.9290605825402976,3.9290605825402976,0.7984149367102351,0.6952016843057046,36.17443299845036
1246,41.53333333333333,track,1,325.04239505517427,235.3691934321793,323.6868921701709,236.29529060607354,324.6514048744412,235.59336992206116,0.45069770361677547,6.407336104011606,6.407336104011606,0.8023622422594091,0.7252055051239491,36.62172099939198
1247,41.56666666666667,track,1,318.96765734265733,239.96955761629675,322.03386695053,237.29636202804897,319.4074991235457,240.05460039217542,0.4479877966464914,0.5950113372237968,0.5950113372237968,0.709987189797324,0.6778266342273628,36.54730999915046
1248,41.6,track,1,321.5575539568345,238.52154446655442,321.50318540942595,237.66143776153072,321.8238653394752,238.3276147574813,0.32943965241783546,2.4745418113124176,2.4745418113124176,0.6704369873046192,0.6596000940606679,38.8500720000593
1249,41.63333333333333,track,1,317.5858854361662,238.79359790340698,320.0874317480844,238.01227337261562,317.6959628554773,238.4062654159413,0.4026704534585752,2.801531204139081,2.801531204139081,0.5765849423363288,0.6403094856726208,33.59527800057549
1250,41.666666666666664,track,1,322.9458038652093,240.65856056881358,320.2912213661317,238.73831060401136,322.8905769451293,241.1014324398278,0.4463020354391729,3.0933135138905548,3.0933135138905548,0.5573522811572718,0.599124665768449,35.43930100022408
1251,41.7,track,1,318.80917654208446,245.0139775144333,319.52197331560257,240.3147233679015,318.5562898610956,245.20847396059057,0.319030627039746,5.404858921685687,5.404858921685687,0.5377665558967835,0.5252328191813458,35.19053799936955
1252,41.733333333333334,track,1,326.1542966910865,244.44160906985064,320.51546569496065,241.46074385338704,325.7525077837539,244.42668489746583,0.4020659858491679,7.258573205775461,7.258573205775461,0.5474492414065149,0.43527843376915587,36.086979000174324
1253,41.766666666666666,track,1,318.60321370371776,245.65346572175693,319.77783622749433,242.64262341776555,318.9750862199291,245.46298738742678,0.41781714201614856,5.558298251422218,5.558298251422218,0.5047816400679943,0.353650058856942,35.671145999003784
1254,41.8,track,1,320.1050259440215,235.39950005681172,319.47578705804534,241.57938820843958,320.37142368026355,234.95471645206618,0.5184594573593114,5.058936808195196,5.058936808195196,0.46026964400141374,0.38716726456951756,36.0781510007655
1255,41.833333333333336,track,1,322.9248111825048,235.82963213467102,319.7702293566751,240.7588034906011,322.9591458331459,236.14678830022834,0.31900925000016606,4.858372614886795,4.858372614886795,0.4698443796675264,0.4131732636178424,39.68420899946068
1256,41.86666666666667,track,1,330.50321808112557,238.05964675946714,321.411446490531,240.46288084323746,330.41179852984556,238.19675389305306,0.1647904743496555,10.566799191255287,10.566799191255287,0.53025574513055,0.43965721562368354,34.95968100105529
1257,41.9,track,1,329.37722704431246,235.12361047662554,322.62281560744765,239.68942583861784,329.0640740382859,235.03858993143993,0.3244892884011992,10.333103504752971,10.333103504752971,0.5870745906405876,0.4305177716166011,37.06150500147487
1258,41.93333333333333,track,1,327.9621641931242,231.70370092053352,323.4299495940486,238.44118686133757,327.5231521027645,231.37860291827718,0.5462786162326108,11.442303317167791,11.442303317167791,0.6283698116416352,0.5046811972366918,35.388203999900725
1259,41.96666666666667,track,1,327.3958555945657,235.9080293085025,324.0388067672949,238.0457115212319,327.7191660071905,236.34614878008745,0.544498204123275,8.540266540560763,8.540266540560763,0.6631703178573444,0.5242087163495595,35.50443500171241
1260,42.0,track,1,328.22285308729596,229.84651301781778,324.7016119673126,236.73944681888298,328.4197417239491,230.11086497948756,0.3296165876920938,12.987957582003974,12.987957582003974,0.7039026796721648,0.5944101312043811,38.52688299957663
1261,42.03333333333333,track,1,333.871264978007,232.3371378735022,326.1525573306094,235.97845995083046,333.8933538693707,232.40586188304943,0.0721866234833305,15.833389260637755,15.833389260637755,0.789824388318364,0.6416156856803024,35.807476999252685
1262,42.06666666666667,track,1,326.6415826517025,239.70523112041087,326.34628121099286,236.41540476703796,326.5446508139126,239.50791440952844,0.21984009090879722,6.563124446816208,6.563124446816208,0.8153181986687317,0.6285029447744083,37.195484999756445
1263,42.1,track,1,331.06692218088904,231.3869161687897,327.1605667930516,235.59089619776097,330.68110317871515,230.9902389132734,0.5533616787259444,13.973609410393998,13.973609410393998,0.8747283031518573,0.6806745281267005,35.59167799903662
1264,42.13333333333333,track,1,326.48110725588134,231.19765890113243,327.22573166181115,234.83274331827695,326.0317625419865,231.56348267536194,0.5794287753441013,10.370968321802431,10.370968321802431,0.8977297058282873,0.7329047879385155,35.34314799981075
1265,42.166666666666664,track,1,330.80640784018095,233.0515642668677,327.8827321837996,234.41878880710982,331.12984414451995,233.21173083442008,0.3609215597965574,13.036641781749935,13.036641781749935,0.9523286072520614,0.7700430055755039,35.424524001427926
1266,42.2,track,1,329.0934849579736,241.1953751949188,328.23178272229546,235.1715501461057,329.2394888601168,241.14578703693118,0.15419508699581724,9.310262205234723,9.310262205234723,0.9931453863730575,0.7467030702551094,36.15778399944247
1267,42.233333333333334,track,1,321.2985663749767,238.3920312790914,327.4873765985142,235.48096095401434,321.31703856200966,238.12879571280604,0.2638829002632835,2.2882298962808623,2.2882298962808623,0.9769394096256687,0.7433879883804518,39.158472000053735
1268,42.266666666666666,track,1,322.59010080416806,236.75433231396534,326.97534757060123,235.5496814069266,322.4013356497239,236.2876762379183,0.5033886935996361,4.421284950910898,4.421284950910898,0.9694104247091444,0.7512161628520595,37.543554999501794
1269,42.3,track,1,320.31985425987807,240.66181495535292,326.20581268118764,236.12843566815715,320.0049050565681,241.00790472117944,0.467943507995842,1.0079166565523894,1.0079166565523894,0.9454657681546188,0.7312832339392882,39.32968200024334
1270,42.333333333333336,track,1,316.8898579054206,235.2901285617623,325.0551121672083,235.96684239280796,316.407886454923,235.43628568346242,0.5036450965892914,5.807819563631058,5.807819563631058,0.8973935681913869,0.7479091621678948,37.895433999437955
1271,42.36666666666667,track,1,314.5875719043294,235.37647593097185,323.70464481141505,235.83257293298328,314.94080286938294,235.238721377582,0.37914170392119895,6.947319607354947,6.947319607354947,0.8331988928444245,0.7635116464070595,38.848963000418735
1272,42.4,track,1,321.38610723314343,245.77862883447156,323.32541542540275,237.0282793285758,321.5411980645309,245.4839293847271,0.33301791492370614,5.696382445972805,5.696382445972805,0.814384446294675,0.7086681521853466,37.248169999656966
1273,42.43333333333333,track,1,317.2738566867956,239.6730643486288,322.4651813709239,237.36661855444237,317.29291136907756,240.14794893465694,0.47526671560712364,2.7111284998936633,2.7111284998936633,0.7680182388804832,0.6939601950952472,37.02126399912231
1274,42.46666666666667,track,1,312.6557759401685,244.91624742188554,321.1023113043372,238.3308461964942,312.4770205468659,245.2130547502332,0.3464795532143817,9.152658612731425,9.152658612731425,0.6909364639934068,0.6442336102165431,32.90296900013345
1275,42.5,track,1,312.1926272850884,241.6210152591026,319.792832670856,238.81367323058026,311.86863328710643,241.70091158776873,0.3336997663509368,8.307359679763449,8.307359679763449,0.6214409706893819,0.615721888155149,39.0058439988934
1276,42.53333333333333,track,1,317.0297272221191,244.97483763221376,319.18600211791534,239.66879049863152,317.4820211907351,244.80734623796437,0.4823102748169706,5.426858680265885,5.426858680265885,0.5626585417659234,0.5478430752102735,34.46349700061546
1277,42.56666666666667,track,1,314.7745697463768,244.17217693236714,318.3624642280821,240.35843521828875,315.1075244430543,243.81581882307205,0.4876986078511497,6.204578177912046,6.204578177912046,0.49990842208054104,0.5371737088399658,34.89458399963041
1278,42.6,track,1,314.6652462666513,238.55952243848134,317.6004280044352,240.30768103621298,314.82369799158266,238.97494614893932,0.4446164733165002,5.276820811807019,5.276820811807019,0.437045700117191,0.5266212136561105,39.23513100016862
1279,42.63333333333333,track,1,319.379177857356,237.95915398388541,317.48184872350697,240.17769222393338,319.3196774299448,238.16786473137395,0.21702644304171625,1.9543690649081418,1.9543690649081418,0.4054255670785952,0.5163415405396566,35.4495190003945
1280,42.666666666666664,track,1,317.9190243902439,241.65545966228893,317.2146792729719,240.49460902540255,317.7418707014461,241.67078228893786,0.17781510718187227,2.809032108398906,2.809032108398906,0.36582239856793614,0.5059570634254582,34.32145999977365
1281,42.7,track,1,322.1643213972467,239.02776188841855,317.49732426693805,240.46457133428083,321.7688872445246,238.84516838333934,0.4355554582784474,2.1124862476903545,2.1124862476903545,0.35484531160386257,0.49585555233696776,36.17354200105183
1282,42.733333333333334,track,1,325.19521882494007,235.23546163069545,318.14535506204834,239.97074260557326,325.5984156120823,234.82401586954913,0.5760688010360393,7.624504514018348,7.624504514018348,0.3651601722572753,0.486493028136717,35.40885300026275
1283,42.766666666666666,track,1,326.77193179688965,233.0486790331647,318.95724919660705,239.23825439459495,327.07035570519537,233.3926290364786,0.45536626338378233,9.677152517531916,9.677152517531916,0.3876902556513182,0.517896321130287,36.407945000973996
1284,42.8,track,1,327.7256240102556,238.6752130306915,319.84432504112385,239.22357464984628,327.8446240767418,238.80594343288172,0.1767808074439435,7.9349793944833635,7.9349793944833635,0.42658277048106064,0.5131396179995713,36.35778599891637
1285,42.833333333333336,track,1,325.7105565777369,236.7319840539712,320.4420605056353,238.9733625896411,325.6656779814753,236.6245057774382,0.1164717490592093,6.594988114949279,6.594988114949279,0.4157505291771234,0.5212305743094457,36.155375000817
1286,42.86666666666667,track,1,325.8040072998251,235.04425518971942,321.01887951867116,238.5339497877126,325.59139745100885,234.70341345069662,0.4017163662010408,7.701789047319444,7.701789047319444,0.4592473429905266,0.5407122487230702,35.26060300100653
1287,42.9,track,1,333.0118795894045,238.02460497481835,322.42641501141975,238.47807397621906,332.633864805384,238.4957698583584,0.6040625169792857,12.723099002984448,12.723099002984448,0.5283993980532123,0.5419026826934787,36.9618429995171
1288,42.93333333333333,track,1,334.28850048758534,236.9405520966169,323.89824099552453,238.29560886557147,334.7446382351665,237.21767634703855,0.5337223013330009,15.004855267404722,15.004855267404722,0.6075884490854774,0.550236270468927,34.6869280001556
1289,42.96666666666667,track,1,337.00880075542966,237.74564683663834,325.59825411394723,238.22114261760652,337.23106518704725,237.77945050675635,0.22482029640523268,17.373555984087318,17.373555984087318,0.705733509989549,0.5537459296109857,38.92184999858728
1290,43.0,track,1,329.8457841516398,234.45614979430198,326.3237300987207,237.75815521835182,329.9718267815562,234.26979767504926,0.22497523620662047,11.500980308053427,11.500980308053427,0.7596878118680934,0.5783610036649254,41.470899999694666
1291,43.03333333333333,track,1,335.0022133023221,239.50984731965337,327.6063747133514,237.93045159313436,334.9431092718021,239.1510344305031,0.36364814841282583,14.967206060157276,14.967206060157276,0.8465535211739412,0.5712623789982972,38.94431099979556
1292,43.06666666666667,track,1,327.17451387577876,230.6191051538607,327.85483710798525,237.02998076520322,326.88849590614814,231.0543578816675,0.5208178338103387,11.290522076427823,11.290522076427823,0.8839110826527448,0.6205586192525657,35.356924001462176
1293,43.1,track,1,326.0510714694984,231.24939837274152,327.93392211597245,236.26390907957028,325.6258286642017,231.45466069122696,0.47219070601466595,10.230971217876403,10.230971217876403,0.913098806640412,0.6666891071947304,35.177384999769856
1294,43.13333333333333,track,1,331.0818558471128,231.42040237393155,328.59129075976375,235.5717845401603,331.48421787152046,231.43987369861551,0.4028328824343416,14.323512921633585,14.323512921633585,0.9730456697354146,0.7122576161830945,35.75993000049493
1295,43.166666666666664,track,1,330.6013457322144,238.2309291600514,329.13146095100495,235.7459356968858,330.8719089223419,238.0090410130711,0.34991254567724034,11.052706514846504,11.052706514846504,1.0291879715389403,0.7147033046039717,37.04616899995017
1296,43.2,track,1,324.8180799402316,242.63843855061637,328.9260526096568,236.4456779136662,324.86394264986257,242.21243348433663,0.42846669022305833,5.343482013047858,5.343482013047858,1.0474887537993025,0.6882746582667322,38.02856500078633
1297,43.233333333333334,track,1,326.3076691785842,235.75075639411423,328.89217728867806,236.28458179360604,326.22623092877984,236.08863377521385,0.34755332423950935,7.352872725873374,7.352872725873374,1.0734218915356932,0.7044055627243286,38.6267530011537
1298,43.266666666666666,track,1,317.4937042124542,238.3804181929182,327.7877984268007,236.45341140463486,317.2081446647465,238.5201118897263,0.3178971283527699,3.159829905534929,3.159829905534929,1.0415669315635574,0.7034740758749173,37.69652899973153
1299,43.3,track,1,316.24304080491896,236.53281162660704,326.58742033477836,236.3956087601851,315.83796427843924,236.42504419188353,0.41916680723998195,5.486606453677305,5.486606453677305,0.9990586686728123,0.7136600073310571,34.92489800009935
1300,43.333333333333336,track,1,313.33013744803566,241.89685779558818,325.1032214331192,236.98773180104408,313.703438690922,241.6064397559483,0.47296559672850713,6.498256151343178,6.498256151343178,0.9354768310385064,0.6892967978480106,38.71773700120684
1301,43.36666666666667,track,1,315.121492128679,244.49117803635258,323.92128340638715,237.85689629553255,315.345555318547,244.98624215116715,0.5434084935211732,6.821031159786783,6.821031159786783,0.8808259165280294,0.6473735937669874,36.11325599922566
1302,43.4,track,1,310.91020928662516,236.35691245968044,322.3097335983075,237.69913589731328,310.9860581459789,236.61668764254722,0.2706218673698271,9.627977474826462,9.627977474826462,0.7975674387275602,0.6561031750146922,35.784159999820986
1303,43.43333333333333,track,1,316.677268439917,236.83346538388983,321.49433259687504,237.6070570231154,316.5911305940752,236.88360193232907,0.09966645361235833,4.618693272218152,4.618693272218152,0.7491888737881903,0.6618860606118369,36.61032499985595
1304,43.46666666666667,track,1,312.12495319403877,238.468284280686,320.1950297422563,237.71574221595642,311.83352454644387,238.31633660385097,0.32866206525023794,8.338227855190029,8.338227855190029,0.6609948092880575,0.6572913527745405,36.68703999937861
1305,43.5,track,1,320.18356603341726,238.08110170138093,319.9540793120746,237.77082155462276,319.7610211711145,237.720927507334,0.5552203262811911,2.2915676528268243,2.2915676528268243,0.6454138173374068,0.6550048713567515,36.972820000301
1306,43.53333333333333,track,1,317.580517353042,243.574383786049,319.4322210355529,238.47901628563437,317.99956812995055,244.0092648415136,0.6039247354014106,4.480617394523519,4.480617394523519,0.5996923299329706,0.6176543383702049,33.947859999898355
1307,43.56666666666667,track,1,317.05225752508363,239.99912587412587,318.8954939916302,238.71346477633878,317.262335666266,240.2298310405059,0.31202195306912395,2.7472947259766913,2.7472947259766913,0.5532960125034329,0.6023664799559845,36.43672900034289
1308,43.6,track,1,320.3899229178417,241.00041361158114,318.8083187268034,239.04945950157477,320.4915439856256,240.98274658981705,0.10314535896270813,1.0988204355588465,1.0988204355588465,0.5287391414733565,0.5806234885800898,33.26539599947864
1309,43.63333333333333,track,1,315.70945793549356,245.20017291932936,318.1835996320848,239.86260848714528,315.6242215720551,245.04048678440796,0.18101077133240054,6.674874071790367,6.674874071790367,0.47553520000358646,0.5248308315595559,37.059177999253734
1310,43.666666666666664,track,1,321.54714899767964,242.35961809121687,318.31324040669074,240.27924715078342,321.268391535416,241.89929663465858,0.5381464170052639,2.283888086912407,2.283888086912407,0.46016014754329376,0.5150948794298937,37.475770001037745
1311,43.7,track,1,326.3137469770254,242.18266324062878,319.02227002533994,240.64070579732345,325.832756738606,242.49344779545635,0.5726592782572486,6.34336922151154,6.34336922151154,0.47667974670933055,0.4716333601106655,38.875239000844886
1312,43.733333333333334,track,1,318.6042955133251,242.97443682296938,318.77965100763106,241.06538397857977,319.00181569188976,243.09863083461278,0.41646902032943667,3.25543928866299,3.25543928866299,0.44618367697336403,0.43699373876379805,34.78088900010334
1313,43.766666666666666,track,1,318.92381892754065,235.47877107701655,318.6029473262622,240.5570683049989,319.1016522193068,235.3935652829515,0.19719205613472196,4.693215266478419,4.693215266478419,0.4186573074222485,0.4503437270835323,39.17047100003401
1314,43.8,track,1,322.5425930084587,239.09690096564114,318.88273070402676,240.5037343906531,322.5878002621006,238.817017388125,0.2835110451906045,2.8453748534290586,2.8453748534290586,0.415168765985089,0.4419561461024803,38.37080100129242
1315,43.833333333333336,track,1,323.58985638017896,236.88089330024815,319.2821810912802,240.18098455211833,323.45076150179614,237.3747126474635,0.5130350211014119,4.3358838344294295,4.3358838344294295,0.41979327815221507,0.45789109661118604,34.06034199906571
1316,43.86666666666667,track,1,327.1856600368463,233.31029815392714,320.0967686101139,239.4446075040839,326.82910875643495,233.578196767409,0.44598036130357643,9.374235070944868,9.374235070944868,0.44372289845289054,0.47927587508750646,36.51026399893453
1317,43.9,track,1,333.45431077028206,231.2988497019855,321.6177120114915,238.50901826240502,333.0270456703258,231.38887361334812,0.4366460468820067,15.615870662362882,15.615870662362882,0.5191106943688221,0.5236383852772328,34.72279800007527
1318,43.93333333333333,track,1,327.0331325301205,230.89130271084338,322.27876489461124,237.58170875136207,327.3865430666222,230.71661043949265,0.3942288637074948,11.863487691534957,11.863487691534957,0.5511488810421991,0.5719496444421792,37.54492699954426
1319,43.96666666666667,track,1,329.0842423098698,237.53813927156068,323.1422726334603,237.50942410508725,329.2686866929687,237.19030319743487,0.39371266796990506,9.685192261114876,9.685192261114876,0.597257288034554,0.57904554747075,36.21004199885647
1320,44.0,track,1,330.34159987902615,231.02627400574625,324.09811723573966,236.66713048883716,330.35964004528046,231.45381829907583,0.42792472510615803,13.429793875297921,13.429793875297921,0.6523631240679688,0.6275983483895016,37.840273000256275
1321,44.03333333333333,track,1,334.2900118496999,233.39039027560108,325.45941593220476,236.16540515111365,334.09505630241785,233.60546010572048,0.29028037695241854,15.477750244394736,15.477750244394736,0.7334453993825774,0.6618038633604839,39.238373001353466
1322,44.06666666666667,track,1,333.3228993815055,240.24268366269422,326.6094462360803,236.52212654629173,333.0013283047792,240.22771839852066,0.3219191148700616,13.003322396898303,13.003322396898303,0.809357456496991,0.652522618328497,37.70863700083282
1323,44.1,track,1,333.6031157831052,234.06719352643123,327.7065489549829,236.12590234511202,333.1181330309101,233.82781396697158,0.5408427159663187,14.497630656178458,14.497630656178458,0.8874863238453261,0.6816830296462659,41.152601999783656
1324,44.13333333333333,track,1,328.3049179096066,239.26081076004058,328.08365595299045,236.3825554749712,328.6824264488895,238.82576126383438,0.5760041331281917,8.761470518690771,8.761470518690771,0.931957559347415,0.6777034906626083,34.97775200048636
1325,44.166666666666664,track,1,329.4202391479872,239.57330154946365,328.5507372481696,236.6677974380351,329.57113764150677,239.93869680081676,0.39532776914589396,9.571333963189133,9.571333963189133,0.9825879094730858,0.670906680202587,38.61870899891073
1326,44.2,track,1,330.35595395357615,241.98962068314776,329.08048546339444,237.2300309173853,330.35184763205467,242.1612608329148,0.17168926258938236,10.57505545068996,10.57505545068996,1.0382031613958729,0.6479115891499906,35.40098300072714
1327,44.233333333333334,track,1,330.01820511854055,240.0772304097094,329.5161933014089,237.5325399677067,329.8519471905489,239.9598536884128,0.2035165676853052,9.85202898755879,9.85202898755879,1.0906478096421077,0.636062991806518,36.388186999829486
1328,44.266666666666666,track,1,328.23713714091576,243.47495375788003,329.6906045429714,238.22459792285477,327.92056826740213,243.2205860731866,0.4061019215590846,8.550296856447801,8.550296856447801,1.1305290956410625,0.6019509845522496,38.112079000711674
1329,44.3,track,1,319.33018368735355,234.97195555219594,328.7678584584762,237.85693790756505,319.79057270647047,235.4565945092982,0.6684556587123933,4.548229682438459,4.548229682438459,1.1121276402841707,0.6210458888268227,41.28863300138619
1330,44.333333333333336,track,1,323.5279521786533,237.21091018459342,328.3856505959731,237.77905250301032,323.86616485746083,237.4727993319717,0.42775430052854857,4.618871498704839,4.618871498704839,1.1177400074336559,0.6262182624619488,36.19127700039826
1331,44.36666666666667,track,1,314.88695684831185,237.24005708491381,326.9787532007856,237.70964218705794,315.01539207733026,237.3250710557184,0.15402267133437025,5.656992221993711,5.656992221993711,1.0663955536694516,0.631210030697058,32.82764299910923
1332,44.4,track,1,317.3929689562823,243.94391007506317,325.9477585347401,238.44670018343376,317.39317859914286,243.8359409948164,0.10796928377765827,4.637883259815831,4.637883259815831,1.0281607598517377,0.5935157852743065,35.454749000564334
1333,44.43333333333333,track,1,320.73134384525645,236.5955292966545,325.3741829726257,238.25864106390648,320.53321552566456,236.26382420886523,0.38637170741345145,3.774033431101433,3.774033431101433,1.0090841985753571,0.6017748525341902,37.6510900005087
1334,44.46666666666667,track,1,315.8274581181977,234.93919245198916,324.2473813916401,237.88232309686046,315.4733385115655,235.3435323509707,0.5374862321117979,6.49410156968096,6.49410156968096,0.9574699442182826,0.62085479353396,35.90337599962368
1335,44.5,track,1,316.0551948051948,244.03031561461793,323.21846843912385,238.6158421801373,316.54260034492455,244.28797887147317,0.5513206998585406,5.508209797848678,5.508209797848678,0.9056440565010484,0.582503859822997,35.394321001149365
1336,44.53333333333333,track,1,309.2687747035573,234.591341991342,321.4464575249438,238.17402199699816,309.5309478606904,234.58391739497065,0.2622782662600974,11.787069333811717,11.787069333811717,0.8093642334611179,0.6034957918424119,36.50342200126033
1337,44.56666666666667,track,1,310.347508001829,238.03120713305898,319.9226600969788,238.16914808447652,310.4929570409318,237.78747808195325,0.28382965547811967,9.761102348782412,9.761102348782412,0.7222841393451245,0.6031843881797998,35.11027500098862
1338,44.6,track,1,315.4895384847798,243.26066923483646,319.1231483527152,238.7892149162129,315.45262158663877,242.80775734289088,0.4544139514078291,5.3443569988223425,5.3443569988223425,0.6591149837473687,0.5696496749399239,31.88055999999051
1339,44.63333333333333,track,1,314.54212523719167,242.19024667931689,318.27828341461355,239.24115509057512,314.34824670553496,242.59214208766176,0.44621609595133527,6.217838523484175,6.217838523484175,0.5938210764092026,0.5423531687507371,34.54792799857387
1340,44.666666666666664,track,1,314.11162808435984,238.52095648525992,317.45452796011136,239.22267808381687,313.7469359551976,238.65909520471521,0.3899777620398688,6.395219747469051,6.395219747469051,0.5261174206551384,0.538135833275912,34.127574999729404
1341,44.7,track,1,320.440314591447,235.94059817748706,317.4607030982248,238.8924750886776,320.9189028296361,235.86340509498737,0.4847736314185774,4.237428444055394,4.237428444055394,0.4992943377115652,0.5506527945182048,38.88561699932325
1342,44.733333333333334,track,1,322.0117806977798,242.9097945929618,317.67676218238483,239.41275476816048,322.25079161336373,242.64987605337336,0.35310602513983935,3.4767665991593524,3.4767665991593524,0.4841254199410861,0.5194336080442397,38.9219900007447
1343,44.766666666666666,track,1,317.98896396396395,242.4748123123123,317.4188869481152,239.8454173655841,318.0796973760436,241.94671139309645,0.5358387191536763,2.734455597662049,2.734455597662049,0.4452298588774083,0.4825991919452828,34.81691399974807
1344,44.8,track,1,318.3973363774734,235.0337519025875,317.2450307320997,239.35645702665116,318.35568116926896,235.33466529397538,0.3037828591067972,4.946628380658339,4.946628380658339,0.4102774036644033,0.5086440793580977,35.06195600130013
1345,44.833333333333336,track,1,320.57306483006437,240.95373558916006,317.3609418907648,239.60104974786682,320.37016149778253,241.02556984837918,0.21524386878290389,1.0903270373356324,1.0903270373356324,0.3906198550124472,0.46951419608716066,35.611510000308044
1346,44.86666666666667,track,1,328.71225308408384,235.71486414894423,318.4608375587216,239.200157330848,328.301828674491,235.58381068301233,0.43084011758702595,9.403355115280762,9.403355115280762,0.42451884409958257,0.5041304813828189,32.37590699973225
1347,44.9,track,1,323.5349334333396,239.0299268704294,318.88807386682385,239.21713107922463,323.9940644104901,238.70808447318578,0.5606993693974837,4.197808504871023,4.197808504871023,0.4281297607519525,0.49894971525136256,37.04566500164219
1348,44.93333333333333,track,1,323.9959735079401,230.84831037856551,319.3547329970486,238.2521851226136,324.2786633178194,231.30345951667724,0.5357931191546139,9.692098646078929,9.692098646078929,0.43637926006304556,0.5461437712230574,36.37103099936212
1349,44.96666666666667,track,1,331.0238932365506,236.55468602321272,320.64141059797123,238.02871142573758,331.1564764378347,236.76227327051996,0.24631437332674386,11.616791333356684,11.616791333356684,0.4909475072133058,0.5582768841469498,39.877544999399106
1350,45.0,track,1,336.4861570012533,235.764080361551,322.506509074271,237.7261898031587,336.42339205332763,235.74808423496364,0.06477124943914399,16.96486351876342,16.96486351876342,0.5825353289037056,0.5757376739138569,35.878960999980336
1351,45.03333333333333,track,1,327.48291746641075,237.6754318618042,323.17826774583335,237.6734929538697,327.2865337964791,237.43466008503765,0.31070499561989134,7.7249300091671405,7.7249300091671405,0.6192960728440902,0.581317809524593,39.30243399918254
1352,45.06666666666667,track,1,335.0566248880931,234.1338033422859,324.70822600882724,237.2035589371586,334.6692387050877,233.74216598318745,0.5508610313183219,15.948261684861444,15.948261684861444,0.7050767551517297,0.6093867784406151,39.031475000228966
1353,45.1,track,1,336.7203364373686,232.86136978071494,326.33297047748033,236.6142791797955,337.10952955482014,233.2593487127536,0.556649362721532,18.389463868300254,18.389463868300254,0.8028846591489853,0.645889736387952,38.648120000289055
1354,45.13333333333333,track,1,336.540822103952,230.95444079568188,327.8210250859223,235.83884401656647,336.72132613794383,231.09665084748505,0.229794266945867,18.94392709928626,18.94392709928626,0.9006862134788896,0.6948806584792355,36.98318900023878
1355,45.166666666666664,track,1,334.14078808047196,234.11669944032673,328.91048186150135,235.4971408764326,334.25082672009506,234.095178689063,0.11212334701148197,15.425724518487652,15.425724518487652,0.9837856559796448,0.7241388957932955,38.893790000656736
1356,45.2,track,1,327.694013471581,231.67823355785967,329.1384803156201,234.894169226109,327.579351682236,231.41615768148554,0.28606134117189824,11.45115369175234,11.45115369175234,1.0256173598371747,0.7687010884450844,36.4294789997075
1357,45.233333333333334,track,1,329.5130530469758,236.93181300751309,329.5457583386632,234.96711475940702,329.21505204539255,236.46621477094737,0.5527986205099695,9.869388139310562,9.869388139310562,1.0776252382858513,0.7797650618825475,36.55788600008236
1358,45.266666666666666,track,1,323.89597862340815,235.08815949060036,329.2323170110749,234.8258072004929,323.44976876977836,235.38979668030913,0.5385983918391595,5.758027371750398,5.758027371750398,1.092545011565417,0.801685356971356,35.67025999836915
1359,45.3,track,1,325.80865516715005,242.26129598534575,329.14447421510766,235.56125332100024,326.23096970938485,242.34535901575583,0.4305997743435491,6.6577543084781,6.6577543084781,1.1174786393744494,0.7772699101744136,34.45512199868972
1360,45.333333333333336,track,1,318.98301164157596,236.95161351484586,328.22543968874913,235.62475696803108,319.20261666337313,236.84574209104224,0.24379319920117776,3.253484768944335,3.253484768944335,1.0970893240118538,0.7850698872175369,36.543730999255786
1361,45.36666666666667,track,1,321.396065175282,245.15367085722966,327.6345299406335,236.67167675453507,321.4171711414556,244.7984718532291,0.3558255109616314,5.003369481699953,5.003369481699953,1.0894012787489258,0.7399045879376048,37.128018999283086
1362,45.4,track,1,321.3250533088923,237.19389472896637,327.058298222762,236.70603888495916,321.1948803608743,237.6622022454467,0.48606267742716774,2.6254594679784278,2.6254594679784278,1.079176313908764,0.7437149881289743,45.906123999884585
1363,45.43333333333333,track,1,316.42612924058807,242.1236561182236,325.9214514920288,237.32957067227807,316.14294907305515,242.36836148004218,0.37426156814016,4.526143828160317,4.526143828160317,1.0358916002787049,0.7157217485274866,41.92367399991781
1364,45.46666666666667,track,1,318.7153453169347,245.39780510879848,325.1220427206755,238.30659852638752,318.22596414007023,245.37204781951715,0.4900585416257688,5.657393481763108,5.657393481763108,1.0049427671785318,0.6659221649086458,37.781610000820365
1365,45.5,track,1,311.0054136932367,243.94548448768668,323.44740525569387,239.0470841101227,311.34313025280846,243.72939124230047,0.40093486417441154,9.426014685856767,9.426014685856767,0.9233292501184713,0.6242126829103227,38.34271499908937
1366,45.53333333333333,track,1,314.0166654183207,239.94786907347765,322.23843684346303,239.25822148834283,314.2079131400944,239.5705011678797,0.4230629117034359,5.80798927680519,5.80798927680519,0.8586720944995121,0.6072868845756739,39.44109099938942
1367,45.56666666666667,track,1,308.12364408708186,240.736706364257,320.40669036205173,239.54369849037022,308.18339869736155,241.1018731745787,0.3700235300764136,11.867863785802935,11.867863785802935,0.7339205652531544,0.5615610159494805,39.05357899930095
1368,45.6,track,1,316.4153332827785,246.6451429438083,319.69211510482427,240.51072490149747,316.2906715860806,246.7548298194607,0.16604743091653357,7.706285951882748,7.706285951882748,0.717549571820235,0.5244132279466003,42.436596000698046
1369,45.63333333333333,track,1,308.8785480557035,239.42032569819648,318.1367032901442,240.54477076183608,308.55691606823626,239.3474721647175,0.32977988523028917,11.461673631944329,11.461673631944329,0.6022517080740902,0.5104803167715,36.37009300109639
1370,45.666666666666664,track,1,317.03061282552204,239.65485651423478,317.67174759672866,240.59423196142106,316.5136666504378,239.36499431626893,0.5926663831733713,3.5436919226479406,3.5436919226479406,0.5532991907157071,0.4957373117628254,35.46311500031152
1371,45.7,track,1,318.3028252024792,238.56435605916576,317.4096634427265,240.50020966726885,318.64921517751003,238.07684082854706,0.5980444087917401,2.3501405990733426,2.3501405990733426,0.5133491333730796,0.4886365059311832,36.52086299916846
1372,45.733333333333334,track,1,316.36427327122624,240.84992047261986,316.9538859495272,240.6760299536596,316.5264079884253,241.16675948562437,0.35591379108275445,3.664310188858181,3.664310188858181,0.46232819131555186,0.4678446106929699,36.64365299846395
1373,45.766666666666666,track,1,321.77053940364067,244.0112050031642,317.19467808703405,241.21021452315466,321.8076851388589,244.06411621510455,0.06464829459390019,4.448006988655378,4.448006988655378,0.446887903812614,0.4274793950022829,36.12667500055977
1374,45.8,track,1,315.62865586858067,234.71455438704228,316.70698700669624,240.5900270716946,315.4780984700632,234.56666493315083,0.21104222520781643,7.068855875960257,7.068855875960257,0.39431151024071814,0.44650891838259044,33.330449999994016
1375,45.833333333333336,track,1,321.64443188241944,244.16807989447898,316.9888542378456,241.12984974102352,321.3437740895109,243.77014541349735,0.4987453855333117,4.0024648958555336,4.0024648958555336,0.38119571576392924,0.40682529251736493,35.62741099995037
1376,45.86666666666667,track,1,325.95691729323306,242.04473684210527,317.7882011518602,241.37430903849312,325.47555413865643,242.490381096435,0.6559796399287521,6.015288117026344,6.015288117026344,0.39754708769773806,0.38080611981197615,37.95778799940308
1377,45.9,track,1,328.74666766511905,231.99760371424293,318.88778072017584,240.39307151589324,329.0785583188772,232.2617568979484,0.424179573428214,11.928982666418092,11.928982666418092,0.4341095011157733,0.439834478471549,36.76262000044517
1378,45.93333333333333,track,1,329.10873793813647,233.9972157595637,319.97422250973995,239.70440142292694,329.3047711189703,233.9786918992956,0.19690642799830657,11.083091482976755,11.083091482976755,0.47686599103333277,0.43278140736777493,38.28315200007637
1379,45.96666666666667,track,1,331.7601027014959,237.31839324253926,321.3173658656558,239.45182750371217,331.73222616260637,237.13514090519286,0.1853605151141398,12.076942840124918,12.076942840124918,0.5361268757907713,0.4549335879208688,37.70407900083228
1380,46.0,track,1,329.2629997337289,236.5416714215071,322.28075145523275,239.1203257900763,329.1155167660135,236.11831295371152,0.4483119650649005,9.907579938451025,9.907579938451025,0.5829212314363436,0.46825226135925807,36.489963000349235
1381,46.03333333333333,track,1,331.3359896219422,235.1425871015567,323.42999891448574,238.64151556275266,330.97936397958836,235.5040743722869,0.5077941469574647,11.864222715635847,11.864222715635847,0.6443207829502235,0.4911200891303914,36.03980700063403
1382,46.06666666666667,track,1,325.0560768967744,229.18832871091524,323.7509659004055,237.48124072271472,325.57710943888327,229.35387351550116,0.5466991789474417,12.018492368730298,12.018492368730298,0.6670264470087215,0.5525794187532289,34.85781599920301
1383,46.1,track,1,333.0757059580589,233.89866757513818,325.00257488653136,236.9599093586799,333.3981088247149,233.8462528087864,0.3266357545641675,14.74374187824353,14.74374187824353,0.7408997764596663,0.585292324394908,37.719511999966926
1384,46.13333333333333,track,1,328.3996595422735,237.14333270285607,325.60674526157504,236.8656568512319,328.5535746376213,236.85225723649305,0.32926400303459546,9.114380044005664,9.114380044005664,0.7859077971671147,0.5976572580136587,34.57107499889389
1385,46.166666666666664,track,1,329.35133707992304,233.75743974653943,326.2737395715379,236.37986172131903,329.36023615624595,233.32312740714917,0.43440350102875713,11.497593162129908,11.497593162129908,0.8369010178607535,0.6312915035662502,37.63117000016791
1386,46.2,track,1,329.33753836939434,227.6685258665868,326.8827479384085,235.20400699222978,329.1690629284583,227.96837963506425,0.3439422286790661,15.127180953236618,15.127180953236618,0.8876117951681812,0.7037485974524744,38.91279900017253
1387,46.233333333333334,track,1,326.8287494710928,236.6229564949802,327.137580098167,235.18228903892503,326.48080718265084,236.69291740468404,0.3549061354398145,7.275826896713556,7.275826896713556,0.9219162816572588,0.7198366065649948,39.851860999988276
1388,46.266666666666666,track,1,319.5101862741379,230.8803444743731,326.4843367041686,234.48736174545175,319.96491517157204,230.73472275855016,0.47747675784367233,9.26534366907748,9.26534366907748,0.9086701538342634,0.7716887822660732,37.660791000234894
1389,46.3,track,1,319.92418555772406,231.7915478156433,325.9056285011,233.95705331862987,320.2639741839035,231.41367835580226,0.5081748116164941,8.590378440289232,8.590378440289232,0.8961000073040023,0.8175988236898403,38.96111799986102
1390,46.333333333333336,track,1,320.7236752331135,236.69141839132743,325.44620174479473,234.05966804218207,320.8627682342635,237.11842401107526,0.4490887020012235,3.007964295998501,3.007964295998501,0.8868682260436656,0.8318535715373896,33.99750700009463
1391,46.36666666666667,track,1,324.05766547237414,234.73147275127286,325.40448453029404,233.9356527130328,323.99788068493797,234.98289862709322,0.2584360498088901,6.4151661051778825,6.4151661051778825,0.8973887580865176,0.8573630035070525,37.27532199991401
1392,46.4,track,1,320.24041917300343,233.69208943366246,324.9009865596147,233.70822506115724,319.99969106514993,233.70378097609805,0.24101185463634164,6.296219031481166,6.296219031481166,0.8827078340010297,0.8885184142517142,37.41131200149539
1393,46.43333333333333,track,1,321.2391561438981,235.9534582077595,324.5416608019685,233.7783168991167,320.887453101899,235.73260894988917,0.41529438288193365,4.358692393669935,4.358692393669935,0.8730844788791146,0.9044043366900443,35.109632000967395
1394,46.46666666666667,track,1,322.4666019489975,240.14423328230595,324.34695718611846,234.3577741124528,322.9031876089797,239.7093610859771,0.6162149508426212,2.917699311320075,2.917699311320075,0.8702797589559387,0.8924087553667343,40.40669200003322
1395,46.5,track,1,318.24149349166476,237.93849432899444,323.65592927606036,234.6481983386583,318.547921209954,238.3032163396162,0.47636130360045315,2.233295234098473,2.233295234098473,0.8398774545485969,0.8927754604974119,38.63476800142962
1396,46.53333333333333,track,1,317.26575731741974,241.69970635597235,322.8896281215562,235.37875558001656,317.33544539231315,241.87978715146443,0.1930945900003604,3.2608972679549386,3.2608972679549386,0.8021491504817517,0.8679623818006186,37.09115699894028
1397,46.56666666666667,track,1,314.1040792408605,242.55226645495443,321.79403818454017,236.1720296357743,314.0352030574024,242.51025320248044,0.08067863429183438,6.471489295902851,6.471489295902851,0.743283724607366,0.8361465539689683,34.25963699919521
1398,46.6,track,1,312.7883436722261,248.00018572861336,320.613570969413,237.57054366739484,312.53737302448553,247.72621460625538,0.3715460158761223,10.741750021183243,10.741750021183243,0.6748994345417063,0.7682036387860774,37.35328799848503
1399,46.63333333333333,track,1,319.38212855955885,247.16564695218673,320.30326965816994,238.78140916361582,319.0010868575343,246.67692830151833,0.6197085590766993,6.751236850370988,6.751236850370988,0.6316872887445248,0.7037325499505341,37.073845998747856
1400,46.666666666666664,track,1,317.4181879269795,248.33086945159965,319.7881915129842,240.05065157501903,317.8364418086356,248.68636422741105,0.5489197073794816,8.951754439140206,8.951754439140206,0.6179267392030697,0.6331905894557333,40.797550000206684
1401,46.7,track,1,314.0312488040109,245.54091239618813,318.9116146153896,240.89748612634955,314.31036459917,245.68137959539214,0.31246865628334003,8.040523932015644,8.040523932015644,0.5465557557694788,0.574260754561301,40.56599700015795
1402,46.733333333333334,track,1,318.8452153736761,245.83387597769544,318.6784283363432,241.71343553902747,318.9173327060104,245.7170685256122,0.13727669316090604,5.818680348328169,5.818680348328169,0.5161124716932686,0.5156761791693417,37.73233600077219
1403,46.766666666666666,track,1,321.68541572355514,244.11532367587142,318.81406710286996,242.2576485865524,321.60400928448547,243.76447549905984,0.36016864312987346,4.091958158111766,4.091958158111766,0.5045454629126709,0.4680508577615605,38.53605800031801
1404,46.8,track,1,317.1607698141828,241.2664012135002,318.4142307159316,242.4102106467519,316.89285144680457,241.73130508023647,0.5365779131542403,3.5569353961629737,3.5569353961629737,0.4654141419544902,0.4390884743441815,36.63079400030256
1405,46.833333333333336,track,1,318.3467931688805,241.36273244781785,318.1945083308715,242.54733922094573,317.9081336327973,241.55863641254993,0.48041706047400495,2.6086878626544125,2.6086878626544125,0.434504493329958,0.41059565301262446,35.54119700129377
1406,46.86666666666667,track,1,318.8827501534684,238.6947130141191,318.06631927973,242.33997275471228,319.2950574834528,238.77352100603235,0.419771406777864,1.4146358804582106,1.4146358804582106,0.4079255129124316,0.4002461192888128,31.34131400111073
1407,46.9,track,1,326.7285040558385,247.64595359366157,318.8979731638837,243.20015642108078,326.9537927796178,247.45552392838465,0.2949889260287141,10.195100346175153,10.195100346175153,0.4323413796194826,0.3344398369909153,40.37339999922551
1408,46.93333333333333,track,1,322.5843647961121,237.94319993925126,319.1941773024669,242.83093713942662,322.7011194452638,237.50717129765954,0.45138965914923923,3.675628000327943,3.675628000327943,0.43240366548768744,0.3307890089898275,38.853908999954
1409,46.96666666666667,track,1,325.3818017270636,238.14050303555942,319.81532312498763,242.49225589246203,325.2669788802944,238.5316807630095,0.40768161669761604,5.467817472006876,5.467817472006876,0.46121840424532284,0.32766268644447794,36.71843399934005
1410,47.0,track,1,330.25257380772143,233.96116578349736,320.9870757851833,241.66112635826667,329.9809816668186,234.15586503960841,0.33417075175781674,11.566067113268884,11.566067113268884,0.5038931216423213,0.3528012087818289,39.297995001106756
1411,47.03333333333333,track,1,324.70446722324704,237.47954662153168,321.4257262866007,241.29154173642348,324.28847752375646,237.4175411420452,0.4205854367053296,5.006009710816943,5.006009710816943,0.5221468336720465,0.35758788766496347,34.379231999992044
1412,47.06666666666667,track,1,324.14590145450444,239.03198406434396,321.7700803329938,241.12279369749103,324.5391312065111,238.76909850349068,0.47300999563262264,4.7030660854417015,4.7030660854417015,0.5376697801731104,0.353839659682083,34.64273099962156
1413,47.1,track,1,325.79566751394213,230.4448196062066,322.2886412753292,239.9313440588483,325.97761335420853,229.9698528841561,0.5086233142961998,11.676288476133326,11.676288476133326,0.5642589129442719,0.4021716207064397,35.6611619990872
1414,47.13333333333333,track,1,326.6066530658506,229.19126147568855,322.8688757419091,238.66023865871242,326.67738422685267,229.52408895853634,0.34026023933968125,12.423050038604893,12.423050038604893,0.5966184063152259,0.4673675847525738,33.75031099858461
1415,47.166666666666664,track,1,333.0627471858838,229.02160024338303,324.1802797126272,237.44876371571712,332.9332094077124,229.13323103894268,0.17100137569871945,16.89244130481854,16.89244130481854,0.6706000880119494,0.5320225525303917,38.24601300038921
1416,47.2,track,1,334.2309794988611,233.4542900531511,325.54219026077163,236.84812839453053,333.94551302086364,233.30442219419612,0.3224150821658489,15.469586147297248,15.469586147297248,0.7531296560736185,0.569791912614288,35.92829700028233
1417,47.233333333333334,track,1,332.35992712642803,230.27403499449653,326.58361572104155,235.91314907223503,331.9182330533411,229.9699564277524,0.5362438148391788,15.577100281340487,15.577100281340487,0.8246056233800213,0.6281877037893746,36.81306399994355
1418,47.266666666666666,track,1,329.7708692071573,228.34790746425097,327.23484059659967,234.8167006712771,330.1534484995872,228.8154820095963,0.604146398194241,15.10582533698288,15.10582533698288,0.8798000705185469,0.6993639005776089,37.01287900003081
1419,47.3,track,1,329.09890689785146,234.70561628345268,327.7471303893262,234.56246465291633,329.3196345484087,234.96940399578511,0.3439544343341146,10.590679122394185,10.590679122394185,0.930250217834534,0.730489723560236,37.955605001116055
1420,47.333333333333336,track,1,325.7095993037951,229.55533694048205,327.8031089877947,233.72378661483617,325.7598031927023,229.591377327862,0.06180080892598175,11.895997593712291,11.895997593712291,0.9583314436552094,0.7936931454559674,44.02636400118354
1421,47.36666666666667,track,1,321.3999228395062,239.53576388888888,327.3210468477256,234.14725900761343,321.2310655105588,239.41866724667145,0.20548581741290953,1.3614220731940194,1.3614220731940194,0.9575796643882136,0.7931336774924289,43.01196000051277
1422,47.4,track,1,324.98538582195187,233.4181873828379,327.2803498076482,233.82949522982523,324.70465043707975,232.99619620444741,0.5068420966718306,8.437239082881998,8.437239082881998,0.9776870607729536,0.8298153553245449,37.07485500126495
1423,47.43333333333333,track,1,325.97740649325993,237.90446174292765,327.3456851742211,234.08312863160475,325.5089239063091,238.32255420317796,0.627914993923764,5.758651492040483,5.758651492040483,1.0027080906806625,0.8370524419232319,39.42603600080474
1424,47.46666666666667,track,1,322.820417878868,235.76283674009144,327.0152357912505,234.07940084925147,323.2166455355818,235.86760513325595,0.40984481471792933,5.236744774788136,5.236744774788136,1.0063876829312892,0.8564112838415643,37.21285099891247
1425,47.5,track,1,319.2683369919007,241.7077056997956,326.267563910302,234.7999001662122,319.4584024798401,241.68541863055734,0.19136771713348577,1.7703004925924586,1.7703004925924586,0.9858387340978834,0.8367425259778443,38.085394000518136
1426,47.53333333333333,track,1,314.3477012579804,244.96286502209966,324.9675448825743,235.8761210887036,314.32669806246565,244.69867402285792,0.2650245616960527,7.366402951747261,7.366402951747261,0.9320319545307305,0.7944623961856409,33.34200700010115
1427,47.56666666666667,track,1,316.4458268728964,241.9440305562909,323.99306293517714,236.53178672690134,316.27849085868763,241.47159952729686,0.501191000325872,4.00190397905945,4.00190397905945,0.8892949209623409,0.769338308953939,35.08331600096426
1428,47.6,track,1,318.9699927830744,236.4164545903445,323.3795316039834,236.48918814332234,318.6123924270384,236.7371270865188,0.4803216260379495,3.5456726337987967,3.5456726337987967,0.8610102921062516,0.7780575796491187,38.72211899943068
1429,47.63333333333333,track,1,317.56505380389797,243.39032282338778,322.6377804226396,237.28515528518537,317.08025213108175,243.49436719022773,0.49584059155794297,4.553628188400183,4.553628188400183,0.822821918083209,0.7419551377178704,34.08267899976636
1430,47.666666666666664,track,1,316.89196781050714,240.47384603704828,321.86561863559564,237.68362377265495,317.22145220735825,240.31219940798076,0.3670008180607161,2.7960322434367333,2.7960322434367333,0.7794726721210451,0.7232092275927453,40.84850599974743
1431,47.7,track,1,312.2214372071936,242.39761221097174,320.5893715445895,238.28575106452035,312.3503005450137,242.07807966261345,0.3445385454408185,7.926936156913691,7.926936156913691,0.7057046009260477,0.6916267691662814,38.3525710003596
1432,47.733333333333334,track,1,318.15479004840705,241.86239633757364,320.1116299382264,238.78316689122695,318.1289628616468,242.29347639668134,0.43185305479554753,2.9598672191892863,2.9598672191892863,0.662900873416885,0.6627950144152818,38.97014799986209
1433,47.766666666666666,track,1,318.2295379725281,248.30669391152986,319.68506325787524,240.01523193951886,318.0393637079761,248.57217919893705,0.32657110822538254,8.793540293208999,8.793540293208999,0.6484814133029665,0.5933486324618716,37.08840999934182
1434,47.8,track,1,313.465293496303,243.551116644032,318.7286591750265,240.59434669689034,313.1555725083368,243.60457644215415,0.3143008755985755,7.7355774843232,7.7355774843232,0.566835567445696,0.5516512291657154,39.71368500060635
1435,47.833333333333336,track,1,314.15709555885377,249.22727099745023,317.92929486642277,241.80554322618397,314.65861730451735,249.01787825845665,0.5434789605096793,10.48105421147828,10.48105421147828,0.5049249929293319,0.47452272280087954,38.97588499967242
1436,47.86666666666667,track,1,318.60271800679504,241.20090600226501,317.7284730659812,241.96850031537704,318.9237442242506,240.82875311342832,0.4914830668123864,1.3583660102678923,1.3583660102678923,0.47164102670947716,0.4479788235796017,36.17360899988853
1437,47.9,track,1,318.9513320825516,238.88803001876173,317.60001616905777,241.82952111627122,319.17524870130103,239.3021662574167,0.47079451602528294,1.0803641224112601,1.0803641224112601,0.4417015929444881,0.4370034526342803,36.104150998653495
1438,47.93333333333333,track,1,318.2286879724571,240.21042586632737,317.41078729168083,241.8429161946998,318.2204147087016,240.40658093903647,0.1963294665675087,1.8254401849946915,1.8254401849946915,0.40841872227006504,0.4188372666979646,33.79001000030257
1439,47.96666666666667,track,1,317.5413988514053,240.41657475373674,317.16822124498054,241.8669338833606,317.3279343163315,240.39138430430256,0.21494572914335405,2.700577103415721,2.700577103415721,0.37197522275381856,0.40041764883971553,34.53634800098371
1440,48.0,track,1,322.6342342342342,235.3084147977765,317.56657252242223,241.26613697527878,322.2776702030838,235.04187419003927,0.44517614927482646,5.456261824859085,5.456261824859085,0.36913537581037004,0.41556348697320006,35.49641899917333
1441,48.03333333333333,track,1,322.5468535156618,234.85112354259667,317.9454176203342,240.63714171335923,323.00656584269115,234.35125894693502,0.6791171015507835,6.399040056994392,6.399040056994392,0.36759504151554345,0.43528954895750493,37.75615099948482
1442,48.06666666666667,track,1,328.46219185322207,240.2362490090226,319.0214220944587,240.6833391954237,328.7358456218801,240.5353277151395,0.4053818663350709,8.752232543295365,8.752232543295365,0.4054401199294304,0.4222739047249601,36.73646999959601
1443,48.1,track,1,329.52121557454893,240.73101614434947,320.1672754544796,240.77977838287765,329.60682083330954,240.86902173708182,0.16240013532284847,9.646046096864296,9.646046096864296,0.4435940295361948,0.4067793894023396,36.41443500055175
1444,48.13333333333333,track,1,334.52331920048454,239.5061705027256,321.84552746826347,240.71783004383,334.5108296923086,239.41262970779403,0.09437090722732862,14.52271263295365,14.52271263295365,0.5326043563519056,0.39964925090225906,33.54949400090845
1445,48.166666666666664,track,1,336.0846771140889,236.0263456734045,323.6063253194561,240.2379027257964,335.87731036366205,235.6687800093965,0.41334510189438006,16.45747401611358,16.45747401611358,0.6257368105336791,0.42781360207582564,34.12576099981379
1446,48.2,track,1,327.8655627386488,231.42043779063172,324.2686037417281,239.23247175007901,327.4937657448519,231.87616308404552,0.5881484061472189,11.052296199240246,11.052296199240246,0.6685431742823067,0.4623488027633026,35.877643998901476
1447,48.233333333333334,track,1,329.41711536258447,235.89063275671134,325.06461937769745,238.8224077957113,329.87277682137,236.1322380207586,0.5157523326538596,10.603362904882868,10.603362904882868,0.7216350463392123,0.4815238999787854,38.11669000060647
1448,48.266666666666666,track,1,334.2921735138857,233.40237931298293,326.38159828849547,238.14148536435238,334.6055589179595,233.43522999363861,0.31510248920954076,16.013074549954755,16.013074549954755,0.8060622537776412,0.5171640685694308,36.75088400086679
1449,48.3,track,1,328.7289248796507,233.69668246445497,326.9359800902476,237.54111060290023,328.8079156261469,233.52082622985014,0.19278213942533462,10.934307038908342,10.934307038908342,0.8556545382566945,0.5516945599932547,37.8724570000486
1450,48.333333333333336,track,1,335.81409031863683,234.94204172079162,328.28504817431383,237.1322019796222,335.8000930757847,234.52701766488707,0.41526002671450046,16.721138622830594,16.721138622830594,0.9498316663403914,0.5787923816841556,31.549147999612615
1451,48.36666666666667,track,1,323.04573749335765,231.45483185303272,328.0030974268775,236.33847510017873,323.2127262166446,231.86715130421697,0.4448511700893949,8.744417513569177,8.744417513569177,0.962830086681594,0.6282257849653806,36.47712899874023
1452,48.4,track,1,316.8596100908782,230.21132018552737,326.9773050665321,235.4537743208694,317.26015338880643,230.36757496294896,0.42994242519467424,10.014508053183468,10.014508053183468,0.9345680581849607,0.6859828815272481,41.70235700075864
1453,48.43333333333333,track,1,312.1723559890277,236.09036879000305,325.4365943350634,235.3380550990164,311.6935659363378,236.02100037067277,0.48378909883874954,9.210281478008918,9.210281478008918,0.799072004384602,0.7066162816711901,36.831746001553256
1454,48.46666666666667,track,1,302.2293037228581,228.42662661140054,322.7900327510126,234.3253739735273,301.96179950212746,228.1671950900482,0.3726435594236013,21.57294484391105,21.57294484391105,0.5396211071517073,0.7961051664415567,37.965911000355845
1455,48.5,track,1,302.822011664559,238.2391423340443,314.55288097417787,233.9674154170673,302.74250634031773,237.78349276751356,0.4625339166616278,17.399252619743134,17.399252619743134,-0.029168731970916406,0.8432955206096805,36.26986000017496
1456,48.53333333333333,track,1,298.75402996396735,234.44748719893798,304.26478022050065,233.60669906409458,298.8067693526074,234.7892116948618,0.34577026220961715,21.824420726208224,21.824420726208224,-0.7118578444572599,0.8881489953678043,39.41212599966093
1457,48.56666666666667,track,1,301.11284134506883,233.99894681411268,298.3074330169412,233.41813540242688,301.337506287119,234.13692475737375,0.2636517570830345,19.561807761145666,19.561807761145666,-1.1289527648608009,0.9196874975216873,36.07990199998312
1458,48.6,track,1,296.15063836216666,243.2370627785752,295.5377456418952,237.93257296181844,296.5934630299866,243.11697568052725,0.45881869790518814,23.613163920186608,23.613163920186608,-1.397970447750791,0.6809697691727753,35.978314001113176
1459,48.63333333333333,track,1,306.44680771109694,241.76073804065987,299.12779388125415,240.4663490434605,306.0477031426605,241.4511210082117,0.5051209393094386,14.027556443507855,14.027556443507855,-1.2729911017411786,0.5504476096734806,40.85861999919871
1460,48.666666666666664,track,1,306.20708384332926,238.68183904528763,303.38879307264835,240.43550388724267,305.97285549782026,239.16890367021065,0.5404580156601301,14.051743806176534,14.051743806176534,-1.0879523773854751,0.5288840949500101,37.62196100069559
1461,48.7,track,1,305.0432826906566,239.47291798872672,305.4838016380181,240.52712233669428,304.92724840939275,239.75193698669173,0.30218463834851095,15.074792727288992,15.074792727288992,-1.003211982156711,0.4839651733528218,37.76448800090293
1462,48.733333333333334,track,1,313.23405788854745,234.96468267516406,310.3229452436685,238.39752263877176,313.3184101462754,234.99702895713114,0.09034149290829722,8.347057099911295,8.347057099911295,-0.7576035504938397,0.5873782161297515,38.22130599837692
1463,48.766666666666666,track,1,309.5010508617066,240.72092934388016,311.70076820526157,239.39891842516897,309.74492570763897,240.56180688945145,0.29119563180440616,10.270451583201158,10.270451583201158,-0.6811295281470258,0.5310482856322969,48.4123490005004
1464,48.8,track,1,313.41021379466645,235.44945984739743,313.97745403357936,237.9785565201623,313.78456013897323,235.07176030622853,0.531782031376634,7.93216484607482,7.93216484607482,-0.5532162953374986,0.6028679022113661,104.48084699964966
1465,48.833333333333336,track,1,307.8036545099805,235.12779528740808,313.3500241683775,236.87622454515707,307.428514929907,235.53122351979493,0.5508938584015093,13.342121274280373,13.342121274280373,-0.6104573235173099,0.672785901016895,107.0566640009929
1466,48.86666666666667,track,1,313.08469986460057,240.0436287046788,313.1122271966214,237.69116022816507,312.8722782491569,240.2488593145187,0.2953684917572384,7.132064800313038,7.132064800313038,-0.6483537228304981,0.6380634282310303,98.53818700139527
1467,48.9,track,1,311.19239423942395,238.114498949895,312.12743799808305,237.77115198750005,311.08882445237174,238.05161277462224,0.12116671090062263,9.121691861747088,9.121691861747088,-0.7290142645246087,0.6375497047815818,108.15232599998126
1468,48.93333333333333,track,1,310.0205110706703,235.05053836821352,310.9019929810766,236.46959794083847,310.06015415991635,234.78732487960514,0.2661821089223837,11.223747913928387,11.223747913928387,-0.8281094963495941,0.7141741770194723,93.72714499841095
1469,48.96666666666667,track,1,310.67073310205484,243.6894895352827,310.4094047041153,239.3881838497704,310.9698440723512,243.2361256901744,0.5431446847783746,9.592508825133173,9.592508825133173,-0.8917149551701202,0.5621339108641804,96.64541799975268
1470,49.0,track,1,313.6261992205067,235.03269749662718,311.34831974618487,237.8249530229388,314.0578656561927,235.36358134980273,0.5438934049886541,7.536931634276075,7.536931634276075,-0.8765285233184379,0.64049829378702,107.11485400133824
1471,49.03333333333333,track,1,312.30648092065417,238.75537552998182,311.52077976314604,238.15736021648138,311.9308154943309,238.8699756601288,0.39275654337560983,8.147925723472929,8.147925723472929,-0.8962371197954333,0.6240694657297774,100.30292500050564
1472,49.06666666666667,track,1,317.43169337666706,242.55433523852219,313.4535822567477,239.72321421633768,317.229623544372,242.47131167773654,0.21846081746915216,3.712461058976252,3.712461058976252,-0.8173487436838508,0.5236918524220505,119.41271599971515
1473,49.1,track,1,310.38148630032146,242.1056941680698,312.54901799197637,240.69302090575644,310.34460543213197,241.76440830218792,0.34327283709776585,9.815283027913413,9.815283027913413,-0.881858562603963,0.47542516014885533,65.08618599946203
1474,49.13333333333333,track,1,318.5849408952548,236.34346112905936,314.3603268953759,239.6523400885079,318.70130093776635,236.8010829450688,0.47218363586750756,3.4524903444580803,3.4524903444580803,-0.8032160683275771,0.5000798080624888,34.716391000984004
1475,49.166666666666664,track,1,320.4714656046887,237.0114964120675,316.24952719595643,239.04884043773762,320.7786156346786,237.2583716596286,0.3940666552515598,2.850047063347122,2.850047063347122,-0.7105894260431982,0.5421411563595342,33.32549100014148
1476,49.2,track,1,316.63380599966104,232.97875826224507,316.6747596706056,237.5167339778874,317.1446304958519,233.01823956358436,0.5123479667804963,7.543083838637723,7.543083838637723,-0.6874336617634872,0.6208343468559198,34.38167200147291
1477,49.233333333333334,track,1,312.82927844413337,233.79666275682015,316.04930733719834,236.5231554962923,312.42368249315507,233.65702985158407,0.4289585337473272,9.880984630502194,9.880984630502194,-0.7189984743495379,0.6783501673413802,28.946198000994627
1478,49.266666666666666,track,1,313.2699045184573,235.97936245395084,315.64533140380246,236.2500201943011,313.1059286457471,235.63163911947777,0.3844471409285531,8.161543764509714,8.161543764509714,-0.7419572572829551,0.7019891703875742,35.63680200022645
1479,49.3,track,1,315.62645301981604,240.59146676780128,315.83529504343636,237.05939619543616,315.6225270178619,240.95768042841084,0.3662347044019695,4.481006752093799,4.481006752093799,-0.7351720137500816,0.6686826297833179,39.73556600067241
1480,49.333333333333336,track,1,320.3979483823784,234.4679651263496,316.9904910619235,236.43181466715217,320.52548945159566,234.63383194346378,0.20923318416701672,5.391836308228215,5.391836308228215,-0.6758846816301495,0.7084402422538896,34.40485299870488
1481,49.36666666666667,track,1,317.93223718865227,236.12721047482881,317.44067840818553,236.2507816363966,318.2329355376224,236.10101756186106,0.3018369854128052,4.280722003016992,4.280722003016992,-0.649120188397157,0.7270533303555511,34.99504800129216
1482,49.4,track,1,320.4352388948252,242.31930239658067,318.2888925343704,237.29474727909687,320.9426747894193,242.1112242053143,0.5484411735119756,2.3121209751463527,2.3121209751463527,-0.5991806641165713,0.6807374780473003,34.92197099876648
1483,49.43333333333333,track,1,316.98443684433,239.464781155132,318.3576426863046,237.6509732751827,316.65199048838946,238.99002938299975,0.5795772810599453,3.497028501033202,3.497028501033202,-0.5872724254877659,0.6661580991982313,36.00729800018598
1484,49.46666666666667,track,1,316.711832349826,241.88977152367983,318.35764563491443,238.384818685746,316.5096849148102,242.21807706726656,0.38554910897739414,4.1354764260285,4.1354764260285,-0.5790341702663444,0.6295749481136036,35.58759299994563
1485,49.5,track,1,319.11641048824595,236.67751657625075,318.75885508916656,238.12324800055754,319.1121642121504,236.77281172819858,0.0953897103750632,3.3470877681708915,3.3470877681708915,-0.5497155911359716,0.6426518094592719,33.09493099914107
1486,49.53333333333333,track,1,309.9379744913453,246.48716975402368,317.58090732271233,239.5157232903024,310.1206598624798,246.46082050418653,0.18457580500575996,11.804387452982684,11.804387452982684,-0.6032131228706249,0.5432184945260534,35.64440599984664
1487,49.56666666666667,track,1,311.45006518904825,245.1304153473645,316.7894703214341,240.50840896613332,311.77088497014046,244.8239890014974,0.44364674841760654,9.53882613643986,9.53882613643986,-0.6417639975277032,0.5077090061664099,34.11121700082731
1488,49.6,track,1,313.00052572286893,242.500150206534,316.3310953296085,240.96524300734416,312.5048859592685,242.935319236403,0.6595686922671594,8.049399574078045,8.049399574078045,-0.6664559750106605,0.47267443974490264,39.28820800138055
1489,49.63333333333333,track,1,312.0194666666667,244.5623619047619,315.7749772130547,241.67300633985113,311.6933179984081,244.78995175180685,0.3977060375262246,9.588774877960622,9.588774877960622,-0.6987003503924718,0.4223185719007055,34.917884000606136
1490,49.666666666666664,track,1,309.8606213900109,235.6985918683227,314.9617487580862,240.98955883186878,309.7111188366407,235.73244472398514,0.1532874075086255,11.138810691791647,11.138810691791647,-0.7473473878049911,0.44310450899074333,36.451806998229586
1491,49.7,track,1,315.96922496699983,242.65989062794645,315.11343709110616,241.37377503903144,315.97176685707547,242.52845550366948,0.1314597014254206,4.756022443995838,4.756022443995838,-0.7483672208077115,0.410291701972607,36.52504800083989
1492,49.733333333333334,track,1,313.2944463321629,236.6468078680107,314.8728097079319,240.86625642169392,313.45828391457763,236.3028013748232,0.38102915999523523,7.514208342618869,7.514208342618869,-0.7696948110269175,0.42355964451298894,36.35231199950795
1493,49.766666666666666,track,1,315.19738991643976,233.42762181954745,314.91827842499254,239.96017000807785,315.5602717018923,233.80840236382124,0.5260009630320746,7.618862687393218,7.618862687393218,-0.7768662790052816,0.4585226241386772,35.09141799986537
1494,49.8,track,1,317.2281425333482,237.04466243079554,315.23412895862066,239.62718734934793,316.7497465857671,237.25705486323497,0.5234245198875714,4.25298663059683,4.25298663059683,-0.7694070425768673,0.45183288869571814,37.29691199987428
1495,49.833333333333336,track,1,314.90335611008345,231.40126090075125,315.2104711530816,238.57132510157987,314.5759014342447,231.38498048421556,0.32785914153982076,10.180344125243277,10.180344125243277,-0.778552398210862,0.521126069033597,35.40535800129874
1496,49.86666666666667,track,1,315.1835320055304,233.3458017263929,315.2247841155669,237.8648254097984,315.0447724083077,233.17195916093758,0.22243080583743916,8.436612008701879,8.436612008701879,-0.7856820279265426,0.5585487644859404,36.4934089993767
1497,49.9,track,1,315.7455219965525,239.58390167128832,315.3097706115689,238.02931598149206,315.7858641023863,239.13246262467848,0.4532380150727688,4.302506532375758,4.302506532375758,-0.7888823505986564,0.5529567201350073,36.52830299870402
1498,49.93333333333333,track,1,312.95228763096407,236.046807869149,315.0291013208558,237.72991543865524,313.1174321632797,236.3866144651855,0.3778111158550735,7.773435215544238,7.773435215544238,-0.8110619755505082,0.5714831212250353,34.479739999369485
1499,49.96666666666667,track,1,313.5664950015147,235.98011966070888,314.84828452076687,237.4490383192484,313.9694951433123,236.1294031324127,0.42976117694931393,7.165787391341606,7.165787391341606,-0.8290532355828222,0.5904164334736535,35.36368200002471
1500,50.0,track,1,318.0068187778652,231.58131954591434,315.2391598839798,236.64144343731434,317.5297255876008,231.49305270530388,0.48518959938151973,8.85835243977636,8.85835243977636,-0.8173034258517672,0.6386464007415233,37.21334599867987
1501,50.03333333333333,track,1,321.0668674922831,234.4886756666295,315.98109366067683,236.2625558793749,320.76588765147005,234.21194280768657,0.4088642070352643,5.838509223780121,5.838509223780121,-0.7850274715888803,0.6675965312431582,59.67506499837327
1502,50.06666666666667,track,1,316.0965821884476,236.83876764122337,316.05111039524803,236.2091450184938,315.9299614535392,237.32387097399192,0.5129207665561687,4.871024567123407,4.871024567123407,-0.7851167235110124,0.6808296951425955,99.23540399904596
1503,50.1,track,1,312.87339268051437,238.44517994369627,315.7164831429916,236.36419151091167,312.93959837651283,238.74615296283392,0.30816870774215394,7.170871877083733,7.170871877083733,-0.8063170676658367,0.6830828308257144,101.83332399901701
1504,50.13333333333333,track,1,315.5011548218545,237.18087160652757,315.7243884369972,236.36015428301064,315.749372754115,237.26299406819123,0.2614502641141332,5.055594273101483,5.055594273101483,-0.8106750061454993,0.6929504210524727,105.77157399893622
1505,50.166666666666664,track,1,321.4481021225395,238.76791186478914,316.4542163849448,236.55575754232072,321.81894552744615,238.61447176380645,0.4013336461752442,2.2865369721712248,2.2865369721712248,-0.7765082522231573,0.6920067063223385,95.93232600127521
1506,50.2,track,1,320.9141356474081,238.71062647484206,317.0663871983722,236.73649884048626,320.4863407732464,238.36882967392592,0.5475705502266592,1.7021292490250413,1.7021292490250413,-0.7453274187154805,0.6907749237291898,87.25855299962859
1507,50.233333333333334,track,1,320.9582371855495,239.2426707017212,317.6376167297913,236.97402027663207,320.6929585646298,239.70642445530768,0.5342661234652517,0.752581007423912,0.752581007423912,-0.713573867735835,0.6855007664903455,100.02053599964711
1508,50.266666666666666,track,1,323.14895369295846,237.06116871935012,318.42855123880406,236.9360539908218,323.07811249716366,237.2490326912954,0.2007768586682687,4.12826812098687,4.12826812098687,-0.6675844687942121,0.6936275472511011,93.70569400016393
1509,50.3,track,1,315.5714559975426,236.2570265704193,318.24595950806696,236.80670106448142,315.63488622887473,236.26061381611646,0.06353158725026523,5.747801950927549,5.747801950927549,-0.6699552096946911,0.7065849453231079,101.70538200145529
1510,50.333333333333336,track,1,319.4782014279204,237.57807990277988,318.5354596389342,236.84773873248892,319.70465311793515,237.374380883804,0.3045876856379293,2.642178177958339,2.642178177958339,-0.6480777598397196,0.7108600394704468,97.99117900001875
1511,50.36666666666667,track,1,320.9404343720491,237.52698772426817,318.97284237545256,236.8831397958198,321.3583688725265,237.076617094521,0.6144126877174495,3.223559151915131,3.223559151915131,-0.6171855362040675,0.7150847273889118,84.68564699978742
1512,50.4,track,1,315.9598779385172,236.00316455696202,318.77476685092677,236.73624268638423,315.5416996302697,236.3817432079474,0.5640876638171151,5.741796269458888,5.741796269458888,-0.6183616780788355,0.7286959199023288,31.535980000626296
1513,50.43333333333333,track,1,320.1171670398907,237.6035981326147,319.0778079984652,236.79336216671797,319.880481249746,237.76875980062957,0.28861486420118343,2.2344389808067886,2.2344389808067886,-0.5939345828466547,0.7319399016124916,31.175488000371843
1514,50.46666666666667,track,1,314.6673634601498,245.15879290030784,318.6992788928593,237.75512256434996,314.5943611475315,245.11977307910183,0.08277610823518378,7.445334632158091,7.445334632158091,-0.6046875372460627,0.6866208956299144,32.32509200097411
1515,50.5,track,1,315.5489743395655,246.63776398455832,318.4412386928726,238.8347586492147,315.6372928444282,246.38504389412208,0.2677080544385659,7.733175237581454,7.733175237581454,-0.6109434294990733,0.6306306331602517,35.435019999567885
1516,50.53333333333333,track,1,315.4229197411738,241.77343247436335,318.1771035993702,239.26171754200328,315.6428855209285,242.25760970437176,0.5318012169238568,4.907264835018412,4.907264835018412,-0.6189220239347768,0.6044841413583829,34.08303399919532
1517,50.56666666666667,track,1,313.96712001195635,240.6052906889852,317.74940972821423,239.51676931084117,314.3835311847386,240.90279897736056,0.5117708925583121,5.688564664862913,5.688564664862913,-0.6370249736606473,0.5602493790850118,34.733831000266946
1518,50.6,track,1,315.18005974607917,244.05485436893204,317.4893608600476,240.16247591189557,314.75598861247244,244.11085483652099,0.4277527074475134,6.663241172242436,6.663241172242436,-0.6483217166113211,0.5513873776924951,31.139456999881077
1519,50.63333333333333,track,1,313.7527243832299,243.8842515513849,317.07203280491734,240.74009050453398,313.53745807104673,243.73166578367264,0.26385981442669126,7.4625583886836155,7.4625583886836155,-0.6693433423276434,0.5033413160858887,36.17542199935997
1520,50.666666666666664,track,1,312.23255015638114,244.35048440003052,316.49743933490254,241.32831528875053,312.1916909443574,243.98454413482312,0.3682142758058998,8.766201131093432,8.766201131093432,-0.7007476273168189,0.46022752390506333,36.67271500125935
1521,50.7,track,1,313.74193065788984,237.8355088454202,316.1397585453936,241.08946289507952,313.8241854702037,238.27859960092647,0.4506609277094018,6.411232677135777,6.411232677135777,-0.723269364818267,0.45871595257316444,37.39128099914524
1522,50.733333333333334,track,1,306.95872778297473,234.5623199251637,314.9948078992156,240.4626642899467,307.2112745226465,234.8149638686849,0.3572237644905137,13.799858659354234,13.799858659354234,-0.7893707293771497,0.5033321410620841,35.31056700012414
1523,50.766666666666666,track,1,312.8847487001733,242.65172179941226,314.6348230164213,240.83401306404286,313.3049904302409,242.64758068456868,0.4202621331054404,7.199502525901869,7.199502525901869,-0.8187694902708196,0.4511103590555487,34.01154599850997
1524,50.8,track,1,311.77236629154277,240.13331325981406,314.1714468830981,240.87338186693452,311.3592428630283,239.9135265810794,0.46794994533255263,8.641189822721563,8.641189822721563,-0.8552394731863926,0.4378034974862895,35.183492000214756
1525,50.833333333333336,track,1,307.31174334140434,235.5591328692494,313.21138925451675,240.35496237536063,307.0844643472997,235.16788606619306,0.45247077481648434,13.789865346168702,13.789865346168702,-0.9201019279931163,0.47285234292885303,33.21789700021327
1526,50.86666666666667,track,1,308.6687483441202,233.26728738503462,312.4836471942191,239.58772934264977,308.62698578631984,233.6344586546736,0.36953870227939095,13.03324859440772,13.03324859440772,-0.9766741201747744,0.4663031895076182,38.58588200091617
1527,50.9,track,1,307.540968237897,239.51895601304983,311.67894079679303,239.6123186860841,307.6569261096348,239.63417965969822,0.1634708437762343,12.348493737472332,12.348493737472332,-1.0403332263453822,0.45997452547297096,37.90140999990399
1528,50.93333333333333,track,1,314.42755887508577,237.1153494398293,311.76316729798134,239.3455942734965,314.6985205537577,237.07443255468823,0.2740336161830536,6.055132467254335,6.055132467254335,-1.0599168147166815,0.4883335747155662,35.86159599944949
1529,50.96666666666667,track,1,318.9972837363715,237.91881389821557,312.4045126700058,239.18994616090868,319.46805949066646,237.60915455381098,0.5634879949112137,2.449306565751374,2.449306565751374,-1.0490858541500705,0.4932542326825702,35.35753799951635
1530,51.0,track,1,313.7214145827056,235.82570051220247,312.3879642462085,238.7927453524095,313.39390929251704,236.35013369716282,0.6182959490318195,7.5473146525157615,7.5473146525157615,-1.0699964484848843,0.5119240167599315,37.96361799868464
1531,51.03333333333333,track,1,317.59690009337066,235.06005602240896,312.847342582516,238.32884355728675,317.4001890895052,235.36323503059788,0.3614038323650899,5.3158824433768705,5.3158824433768705,-1.0651533640186064,0.5360606996198016,38.04540200144402
1532,51.06666666666667,track,1,319.749013120794,229.09195834429866,313.5454727279018,237.1813605856427,319.712358146728,229.14024079619188,0.06061998255198185,10.863567913003951,10.863567913003951,-1.0450828034637023,0.5987669866786232,38.71429599894327
1533,51.1,track,1,325.95039458850056,230.05201052236,314.94940127491856,236.22445412288826,326.05423711292815,229.92277192697264,0.16578867397139507,11.756033032250599,11.756033032250599,-0.9838721373504333,0.6564804082785217,39.13072000068496
1534,51.13333333333333,track,1,323.7483851240301,233.64423040171235,316.005629381336,235.7648859765395,324.04783889577624,233.24211186771552,0.5013699998970227,7.877439414849878,7.877439414849878,-0.9345238475929045,0.6919741147890406,33.84666200145148
1535,51.166666666666664,track,1,327.0600084899471,233.31598039594027,317.39069211893633,235.3048813600237,327.5307743629544,233.76563103866712,0.6510039997519046,9.776498291912183,9.776498291912183,-0.8626125099611172,0.7294741894355103,37.27769200122566
1536,51.2,track,1,325.37439649969826,235.61734308992155,318.48197128418,235.16013335061962,324.99315882824516,235.79547931321662,0.4208024194141689,6.527605172624334,6.527605172624334,-0.7999298989752807,0.7520885856934464,35.86736000033852
1537,51.233333333333334,track,1,326.42599910527883,230.57571577691618,319.6209801198214,234.43297162613976,326.27145169434124,230.57217178543326,0.1545880399744599,11.323208520460813,11.323208520460813,-0.7098841742816219,0.8061444713376318,35.63699500045914
1538,51.266666666666666,track,1,325.58905197851254,240.82897026556708,320.5753889782147,234.99016230985717,325.5905696752311,240.615732830429,0.21324283609910966,5.62437518414995,5.62437518414995,-0.6628721587270123,0.7947626485308193,33.0867330012552
1539,51.3,track,1,321.9033404678184,240.62295520562606,321.01283310080316,235.50049354222438,322.07182276618437,240.15111546667674,0.501017987815245,2.0773265171245416,2.0773265171245416,-0.620742369051067,0.7830947200186091,38.118395999845234
1540,51.333333333333336,track,1,322.9001697152555,242.77307184612482,321.5239768350825,236.24599037129707,323.1851486845156,243.09130907273956,0.4271860781017706,4.438621849817044,4.438621849817044,-0.5729753254805843,0.7562841450169179,34.15570499964815
1541,51.36666666666667,track,1,326.37756557798025,236.4924768408438,322.40044493380583,236.20064871898188,325.82996764985376,236.63594331677294,0.5660796062427539,6.730928625851413,6.730928625851413,-0.5038300028790732,0.767912177353882,35.63344100075483
1542,51.4,track,1,319.54492090718503,244.52475700400228,322.3849856354126,237.12381140611083,319.26501807444737,244.42406957116728,0.2974618545384779,4.4847062335695185,4.4847062335695185,-0.47871844234229877,0.7278248695544378,37.60500299904379
1543,51.43333333333333,track,1,316.5352832116236,237.91573650157025,321.98974234972763,237.2023005647798,316.3662227309625,237.62761201103524,0.3340616233083837,4.339649987171553,4.339649987171553,-0.47439128956922044,0.7283216944568714,34.154136999859475
1544,51.46666666666667,track,1,322.0129095948665,238.63051980104035,322.25547971956735,237.36233200219493,321.96556560609713,238.17154162893954,0.46141349756763844,2.684531275022338,2.684531275022338,-0.43718708625171177,0.723859510823643,37.806209998962004
1545,51.5,track,1,320.61900946275944,237.9109432234432,322.3208544056164,237.42680271228204,320.7940484469799,238.2239639030331,0.3586371311616421,1.9454606533879268,1.9454606533879268,-0.4100822329054354,0.7235656242917882,35.726793999856454
1546,51.53333333333333,track,1,316.93830997588907,244.38643384569016,321.9252021638244,238.26178940175933,317.35274631226855,244.47320836429964,0.42342330355278296,5.1978404321071645,5.1978404321071645,-0.40784780098564455,0.6817955848014995,34.50659000009182
1547,51.56666666666667,track,1,316.62134502923976,238.77972709551656,321.50100262108793,238.37291249312878,316.1248462005349,238.66992336466222,0.5084957681385918,4.097062462958119,4.097062462958119,-0.4095015936888811,0.6747454256821748,31.28019700125151
1548,51.6,track,1,309.02492579343937,240.5476063627369,320.18181639086197,238.6852908454095,308.73007434730573,240.19447866815906,0.4600397199861691,11.271603531424677,11.271603531424677,-0.4708038365169232,0.656393690649177,37.128596000911784
1549,51.63333333333333,track,1,315.78792082177404,239.18384944140362,319.744367666595,238.81137213059236,315.60940051432016,239.6641734025252,0.512426197418656,4.40342404808163,4.40342404808163,-0.45984601855284074,0.6465366528426227,34.70817400011583
1550,51.666666666666664,track,1,308.64405433014264,240.18807460936023,318.47469765936233,239.04531695817536,308.68224277434774,240.40872005136518,0.2239258099200863,11.325134908653046,11.325134908653046,-0.5303749193852827,0.6303766394470878,34.00398299891094
1551,51.7,track,1,311.32526435045315,241.50517371601208,317.60272262928663,239.41750700654234,311.50227656122644,241.5382650898564,0.1800787655048476,8.635830193360247,8.635830193360247,-0.5733163908323531,0.6058572332552193,32.3890069994377
1552,51.733333333333334,track,1,311.7910396191646,244.86747542997543,316.8429550435414,240.16320516996464,312.15471329640513,244.68106216991396,0.40866666984766736,9.135691900463915,9.135691900463915,-0.6145190587949569,0.5684053817189628,35.24358499998925
1553,51.766666666666666,track,1,303.668111245101,247.88129333735304,315.1641076674479,241.2159783351583,303.2498402867157,247.45602592502385,0.5964922184049893,18.334671336436873,18.334671336436873,-0.7082861204334163,0.49491433978425037,35.708304998479434
1554,51.8,track,1,303.00823643410854,244.59920989862852,313.5196106383251,241.80105565863667,302.7599355939719,244.9453361291951,0.4259773171177246,17.93533300930653,17.93533300930653,-0.8078081660461113,0.449767253500397,31.965844998921966
1555,51.833333333333336,track,1,306.6357623446231,243.7748888128635,312.42560705241044,242.23887593602268,306.5164282428167,243.91350010170925,0.1829035736376519,14.040021024812953,14.040021024812953,-0.885342098100804,0.4100508234405932,38.77396499956376
1556,51.86666666666667,track,1,312.3404650106028,241.65832323538322,312.1006216445168,242.3828962279849,312.42303858458,241.55109639548218,0.1353365815828455,7.734096218617988,7.734096218617988,-0.9266800824639352,0.38429154208827415,35.36579899991921
1557,51.9,track,1,311.2044461049879,238.7238184195778,311.68046652364615,242.1532236086347,311.45924949064744,238.46419752807628,0.36376884507557855,8.677736369340398,8.677736369340398,-0.9742815420829212,0.37810960377222563,40.92190099981963
1558,51.93333333333333,track,1,308.807557680003,233.68395498513306,311.0202806047817,241.3221690342825,309.16669120106025,233.13307647096036,0.6576047622425497,12.82634859524969,12.82634859524969,-1.0361434145094648,0.4053362172525875,39.46405699934985
1559,51.96666666666667,track,1,314.18996334504783,238.10127347617427,311.0659078695904,241.060637700535,313.7550802724944,238.40941425503837,0.5329859532787672,6.444298675190623,6.444298675190623,-1.0628678840414243,0.4063243939715175,33.770367999750306
1560,52.0,track,1,312.30487665383004,231.55416174171654,310.90441807671317,240.02485811644075,312.0693169089081,231.6659922148294,0.26075745079352397,11.504408722512219,11.504408722512219,-1.0998627547306263,0.4514084429498647,37.10788300122658
1561,52.03333333333333,track,1,314.5532699033508,236.60719792410967,311.0417974881956,239.65277125174083,314.4646600852189,236.4425297399479,0.18699548321951576,6.579937889017193,6.579937889017193,-1.121036795900624,0.4454551930985996,32.01675699892803
1562,52.06666666666667,track,1,322.7513120407857,236.94508172139751,312.16991463615017,239.3424047196494,322.8142290838981,236.60909758310203,0.34182436352631346,4.406597841598723,4.406597841598723,-1.088195435432539,0.47450239833029867,31.553775999782374
1563,52.1,track,1,317.0466055322842,234.49775463225026,312.56143366293537,238.75821964739384,317.2681401765807,234.9613265792175,0.5137864815646372,5.731604307356928,5.731604307356928,-1.08890591109052,0.5028325520026075,37.900323999565444
1564,52.13333333333333,track,1,326.979697165193,236.42070509658078,314.12820894868065,238.4414335210761,327.38776750406726,236.69292066877236,0.4905330969593705,8.094188186420253,8.094188186420253,-1.024638854754977,0.5197413242501057,36.0302290009713
1565,52.166666666666664,track,1,327.55134460456145,234.65902643821627,315.67382060731455,237.93646294810952,327.146101520929,234.66066148290062,0.40524638209743663,8.920499018978964,8.920499018978964,-0.953950790730542,0.5482408069069578,38.197963000129675
1566,52.2,track,1,328.9727500093322,233.0218373212886,317.2950098539782,237.27113342335394,328.7166961360164,232.82690042941675,0.3218135762404207,11.288673481731378,11.288673481731378,-0.8718494640183594,0.5876168033808492,36.98232100032328
1567,52.233333333333334,track,1,330.7507860146218,228.27114663434222,319.02386787682343,236.08486998886173,330.69599061166423,227.86194908269087,0.4128500605095466,16.178272319255797,16.178272319255797,-0.7764031889437668,0.6577181694771037,40.77971300102945
1568,52.266666666666666,track,1,324.0982347848997,235.68410553652754,319.8396530767065,235.86752233524655,324.1875302438024,236.0108555281284,0.3387318054033318,5.783483652628739,5.783483652628739,-0.7132389591815969,0.6814645720728961,35.28688199912722
1569,52.3,track,1,328.33061193491426,234.37690102337237,321.0964627089533,235.51843888207634,328.58403898600153,234.55712584062405,0.310976293270393,10.164182427917979,10.164182427917979,-0.6390428163241488,0.7131051401289141,36.701327000628226
1570,52.333333333333336,track,1,326.51697954822953,229.91330891330892,322.0411478880514,234.66859741216047,326.967894979414,229.8459904764947,0.45591281843722414,12.314847536513751,12.314847536513751,-0.5681092521505126,0.7727849153555161,35.32051699949079
1571,52.36666666666667,track,1,328.08885037115186,233.03839632239345,323.09491803745897,234.2579241326513,327.6490254777759,232.73641528258375,0.5335152155634443,10.548329427295494,10.548329427295494,-0.4873734747915919,0.8126095379865483,36.44559100030165
1572,52.4,track,1,328.9328509628268,230.78193790436814,324.1616238576519,233.61722258915447,328.743875956289,230.2692380463103,0.5464180611477677,13.082167058188173,13.082167058188173,-0.4016142806621781,0.8662105180258336,37.049163000119734
1573,52.43333333333333,track,1,320.8986589966755,237.7756901124351,324.1762526525727,233.86796139075759,320.8594270415898,238.0734055477917,0.3002892384842158,2.1095926201747064,2.1095926201747064,-0.3676065998398069,0.8748303444567125,34.005908000835916
1574,52.46666666666667,track,1,324.5884762735652,233.19993930887986,324.6054535719639,233.57123816709807,324.68627616962453,233.26159928227145,0.11561475679109297,8.207754173382355,8.207754173382355,-0.31203441974815627,0.9110826530543747,34.53306800111022
1575,52.5,track,1,321.16087848620714,235.61345846948856,324.5732789285708,233.59581409785946,321.4217726797521,235.51853727829126,0.2776253100201694,4.701589697001918,4.701589697001918,-0.27981130946563787,0.9310807261319444,36.94303399970522
1576,52.53333333333333,track,1,323.65779726358755,242.72889107264342,324.8175850308766,234.48376905301745,324.09471624398986,242.36064942487047,0.5714018783573698,4.726453937777852,4.726453937777852,-0.2337590482408914,0.9045196800342306,34.01993399893399
1577,52.56666666666667,track,1,314.1105674404491,246.22196935214686,323.88206119140784,235.74605509679853,313.72778462630725,246.62762460388942,0.5577444451257667,9.125025675803217,9.125025675803217,-0.2502426558959367,0.8536020960716227,37.8898670005583
1578,52.6,track,1,318.5093215158924,249.15919162591686,323.5100819890447,237.28841303450812,318.32846974716,249.4149332183207,0.3132269534042146,9.562164027645515,9.562164027645515,-0.24168013527914872,0.7816918425118594,39.692098998784786
1579,52.63333333333333,track,1,308.6897069872276,241.55251690458303,321.9701567637886,237.82699168521296,308.62658202967236,241.5535651993469,0.06313366129304847,11.479033110693313,11.479033110693313,-0.29777699087467346,0.7559493521542177,33.01197399923694
1580,52.666666666666664,track,1,308.5455927629328,245.37253411380135,320.4960466169795,238.7863727895584,308.6978034120668,245.18516498558748,0.24140271729499926,12.434853583378125,12.434853583378125,-0.3839072714905137,0.705049032580251,33.50538599988795
1581,52.7,track,1,305.2526303837711,252.04026947240936,318.71342653685275,240.47857870975162,305.55504024490295,251.60709712003026,0.5282897036432256,18.530557624642277,18.530557624642277,-0.4436008826953032,0.6356566019811546,37.797269000293454
1582,52.733333333333334,track,1,310.13784814956125,246.80934757726058,317.62574607849956,241.43085478123484,310.6316411363606,247.1893821397947,0.6231033481957248,11.809037359155486,11.809037359155486,-0.49901648358530143,0.5496751221009305,32.54626000125427
1583,52.766666666666666,track,1,301.15425816818424,248.41315326344787,315.53675899040763,242.5019997719799,300.75077568731524,248.53372622327447,0.421112753320951,21.056047109888798,21.056047109888798,-0.6130236347820228,0.47647417207925447,35.43401200113294
1584,52.8,track,1,301.6712354700693,248.54117602514103,313.64992219297056,243.50536000908005,301.5399698373083,248.49528690477817,0.1390556640767112,20.320989473989254,20.320989473989254,-0.7258171814342895,0.40222401184408174,33.83758699965256
1585,52.833333333333336,track,1,302.0374957000344,248.6238198983297,311.9413372681162,244.43695047251555,302.00668752214114,248.33665107536336,0.2888166835710551,19.83076007313458,19.83076007313458,-0.8376187701735576,0.3275710186385703,36.07433700017282
1586,52.86666666666667,track,1,309.0416508033199,238.4395416127313,311.19932956814665,244.07103876952422,309.2067563868003,237.8963059311813,0.567771837453639,10.996346503682904,10.996346503682904,-0.9054812891987647,0.3182220620226218,32.00731499964604
1587,52.9,track,1,302.89056004837124,238.84222658907112,309.79400549099034,243.75416902468956,303.17913018816574,239.22803130289975,0.4817862625619498,16.83857466937091,16.83857466937091,-1.0117148843597419,0.3083399059845473,35.25942099986423
1588,52.93333333333333,track,1,303.9540104538788,243.26638589102396,308.6313683891653,243.96689472895665,304.42226238125306,243.3788464114948,0.4815674782979686,15.939965884248148,15.939965884248148,-1.1108253124701155,0.2722245014864392,36.8403929987835
1589,52.96666666666667,track,1,307.10840905705345,242.49139728884253,307.9494061484688,244.05616325698225,306.7625226444185,242.3566167583724,0.37121853649743225,13.445610781417672,13.445610781417672,-1.1889146278571998,0.24235260497832362,39.89627900045889
1590,53.0,track,1,309.73511393350765,233.64863653343295,307.6567340404288,243.06531029262695,309.5688621714087,233.27930420423345,0.4050259470613393,12.408722270173627,12.408722270173627,-1.2485745303127724,0.27022067564611973,38.98939999999129
1591,53.03333333333333,track,1,315.19693476453244,230.65258144984503,308.068082951147,241.76295313255184,315.14805929258597,231.06727880560976,0.4175676096589025,10.165374393743202,10.165374393743202,-1.2711942750533403,0.3196906022633773,40.28253099932044
1592,53.06666666666667,track,1,322.3553731399228,230.18242812699125,309.34061338616596,240.47553012289947,322.52011014119995,230.4044380140729,0.2764537385382836,9.920976007911126,9.920976007911126,-1.1912866494821843,0.42076586425546025,34.35922500102606
1593,53.1,track,1,323.379095281034,228.22501502855425,315.0597737017564,236.57110772691112,323.695867491108,228.1861523804833,0.3191472050484961,12.378466467579477,12.378466467579477,-0.853141032694776,0.6370560643774534,35.25159600030747
1594,53.13333333333333,track,1,320.55609163089315,233.15913839607947,320.0476728493843,233.5055256698559,320.06951037897136,232.92527712020276,0.5398633262932927,7.075064347319481,7.075064347319481,-0.5756920570323822,0.8083518924808282,35.769349999100086
1595,53.166666666666664,track,1,322.64308803955123,232.57752424415287,322.34560307417917,232.8969475777541,322.3351001572636,232.09890000946245,0.5691552456659037,8.238936448651902,8.238936448651902,-0.4145121135647828,0.8641830926977181,32.23062100005336
1596,53.2,track,1,321.96997752124054,232.52592677258355,323.2663333029476,232.4956039325087,321.8262280688253,232.8762649195371,0.3786828782511023,7.354094808743153,7.354094808743153,-0.3246022816104577,0.9116805145292181,36.106187999394024
1597,53.233333333333334,track,1,315.706608431447,232.25039878465628,320.7659431573456,232.15497337622577,315.7316999631852,232.38739151535444,0.13927165264009667,8.727553674700088,8.727553674700088,-0.4582623194240546,0.9537869350150572,31.442035999134532
1598,53.266666666666666,track,1,318.2691854498461,234.80884868296022,318.8297633521547,233.2901031851235,318.4971317918455,234.76028893626736,0.2330613306187762,5.450980176306254,5.450980176306254,-0.5726456599605155,0.9136194819925202,35.757102001298335
1599,53.3,track,1,319.1108153331305,236.5235016732583,318.106960640412,234.95219539199684,319.5013070531091,236.2812110739067,0.45955251920317236,3.752077522135301,3.752077522135301,-0.6257061290473452,0.8354583827602076,35.545471000659745
1600,53.333333333333336,track,1,321.7320874631157,240.64409472648862,319.043974668046,237.93989740200828,321.25804676896456,240.19289029681389,0.6544463439193445,1.2727483409956275,1.2727483409956275,-0.585014842039349,0.6727814109892029,38.87461200065445
1601,53.36666666666667,track,1,315.3106017409815,239.46238643707,317.0201492156607,239.34754390845265,315.0571260217932,239.78875921056886,0.41324221408197465,4.947385757706145,4.947385757706145,-0.7003829852215143,0.5818529684240628,37.4799860001076
1602,53.4,track,1,313.94381725505,240.61653766282802,315.16835293781196,240.6594060764727,313.82781639198924,240.68592731608956,0.1351707224608994,6.210180897039513,6.210180897039513,-0.8162519405849841,0.49090194128774456,37.78010600035486
1603,53.43333333333333,track,1,319.55839197484653,238.83204821081,316.05215976483385,240.81634445461324,319.6209007645007,238.7073500767123,0.1394882555324191,1.3470931870260128,1.3470931870260128,-0.7669288450538171,0.4721126468783054,34.94142099953024
1604,53.46666666666667,track,1,321.32747327209756,242.94677006474927,318.60152014315867,241.81499113835443,321.5152179748048,242.56868965383745,0.42212897378629904,2.9822897325550186,2.9822897325550186,-0.6182897139680441,0.4044338687816934,31.95598399906885
1605,53.5,track,1,317.3059281369252,236.97657460233498,318.76113277126984,239.9145035828359,317.6759938033605,237.3810492994323,0.5482229273444819,3.5014150816524006,3.5014150816524006,-0.6101664352697052,0.5063160109254847,36.6247209985886
1606,53.53333333333333,track,1,321.46414768676595,233.1815691718885,319.9201722297663,236.04628728611874,321.00981830173333,233.40092654395147,0.5045124842682233,6.6758897145504035,6.6758897145504035,-0.5374725572120399,0.7395398846194652,36.51375399931567
1607,53.56666666666667,track,1,317.368140991773,234.68544795833648,318.8152287391289,234.27623102902683,317.11731424543456,234.68094518345055,0.2508671593899664,6.049976966983633,6.049976966983633,-0.5931710920923727,0.8703093060520785,37.186523999480414
1608,53.6,track,1,316.17604568489526,238.93294758339007,317.51309476811946,235.30597633949597,316.0427119570454,238.69842389073935,0.269776287684571,4.165840734246743,4.165840734246743,-0.6699630048970375,0.8223093799232357,35.43292699941958
1609,53.63333333333333,track,1,318.82908029634063,237.52027987727305,317.63846172592235,236.6138222321302,318.861227255369,237.10233570951723,0.4191786663654005,3.113400344358791,3.113400344358791,-0.671420384909275,0.7527303569485866,33.1819250004628
1610,53.666666666666664,track,1,316.55413196668803,245.41214153822963,316.83058529011646,241.17804404822385,316.7274607759778,245.8098578243853,0.433844580931078,6.668130241104675,6.668130241104675,-0.7223703769342937,0.49101332950768795,38.584200001423596
1611,53.7,track,1,315.29942205381406,239.73571401232442,315.78343520810563,241.5758101679287,315.6307396016286,239.92280341304158,0.380491473426858,4.369942304174589,4.369942304174589,-0.790275853851387,0.4377697615788615,36.64147900053649
1612,53.733333333333334,track,1,319.8442064264849,237.7479215040072,317.11276213781264,240.7935008661788,319.4318132098737,237.6970969885972,0.4155132927760263,2.371960899425222,2.371960899425222,-0.7128815342689019,0.47432627255023413,37.673101000109455
1613,53.766666666666666,track,1,314.32104745326575,237.9374101263907,316.3685251621921,239.28405323527502,314.0590604891909,237.70706838305807,0.34884737073203065,6.368068598175139,6.368068598175139,-0.7478593037725908,0.5566936175374033,35.12806599974283
1614,53.8,track,1,311.61676826973735,241.9240987431324,314.3447832897905,240.08846389192007,311.53131556170484,241.46020908070824,0.4716945878575262,8.593650369592968,8.593650369592968,-0.8637500904303165,0.5201612505016326,36.292737000621855
1615,53.833333333333336,track,1,312.34210926799574,244.3081722721047,313.20780790009064,241.86814660030325,312.4439173431781,244.59335721888544,0.3028123809269792,8.842698437525263,8.842698437525263,-0.9433989788543786,0.4123167572017824,32.72025099977327
1616,53.86666666666667,track,1,315.2154097612893,241.90436369165272,313.7370122205761,242.04514989371583,315.4419592568166,241.99520584817265,0.24408394319340826,4.975598636656945,4.975598636656945,-0.9358535823242611,0.38679884541931253,34.33391699945787
1617,53.9,track,1,319.5008330177963,243.33657705414615,315.86959300530094,242.72214589163914,319.91911015551824,243.23022907299563,0.43158505191403645,3.2312417165799387,3.2312417165799387,-0.8349046087344644,0.33322546427583993,34.27339399968332
1618,53.93333333333333,track,1,323.2479963535534,236.03802180271205,318.7453943626214,240.43450568134946,322.9000021100756,235.69478393117942,0.48878648707583033,5.190847487421869,5.190847487421869,-0.6801071604727242,0.4623753983610077,35.85938699870894
1619,53.96666666666667,track,1,324.28893264170233,231.552156298512,321.1084225838108,237.26391870216077,323.9943066912554,232.04654364868824,0.5755200280537988,8.900109767639337,8.900109767639337,-0.5377176418447391,0.609387966329129,40.12325999974564
1620,54.0,track,1,323.6065610945236,232.60561623644128,322.55810655616625,235.3329643356086,323.54416526216863,232.85778276497007,0.2597714341599776,7.973228608156263,7.973228608156263,-0.4334886894888488,0.7270004953331967,38.38055400046869
1621,54.03333333333333,track,1,314.6152032551242,235.17344183747196,320.8976590815043,234.70410496333798,314.7272206247645,235.21511901907718,0.11951936482300936,7.120202830081846,7.120202830081846,-0.5334165349166848,0.77224346279135,31.440562999705435
1622,54.06666666666667,track,1,310.81036691026895,239.85010924433058,315.9767892340204,236.4761307639266,311.0953042002548,239.72584734069923,0.31085411356225323,8.908915027465534,8.908915027465534,-0.8248504133947686,0.6840673486029888,36.35249000035401
1623,54.1,track,1,312.6925815124778,238.53516113151815,312.7612813482271,237.720271976414,313.13883625568155,238.16690642030318,0.5785800101661791,7.101816668872524,7.101816668872524,-1.043920363997613,0.6143172467386955,35.166339001079905
1624,54.13333333333333,track,1,322.89879899100185,236.47208312940026,315.6553652236562,237.6112929447264,322.4618587371784,236.84881097186036,0.5769234374645978,3.9988424241134024,3.9988424241134024,-0.8753585574218568,0.6264004348809219,34.94976599904476
1625,54.166666666666664,track,1,313.9581353247341,238.28841366825074,315.9546133638835,237.8412072802086,313.69944374173235,238.44747893174122,0.3036825532776584,6.489016168186285,6.489016168186285,-0.8749893357428495,0.6136249974672381,37.008965999120846
1626,54.2,track,1,319.46770542518675,236.90160718327925,317.3252304850679,237.54288839997116,319.3746904314939,236.8507598616421,0.10600584497731638,3.210720402886206,3.210720402886206,-0.8069064754946942,0.6307777308755207,34.025728000415256
1627,54.233333333333334,track,1,318.23877910682813,243.21451872961117,317.77442651461035,240.33968086011893,318.338489620414,242.9436187720333,0.2886675831042644,3.3801639333823377,3.3801639333823377,-0.780212649429518,0.49279626825670036,37.243751001369674
1628,54.266666666666666,track,1,318.498371952143,239.85449795547478,318.1840332978712,240.61102140761804,318.7685188653098,239.4240251273327,0.5082186640238585,1.3595193411798323,1.3595193411798323,-0.7529144096637198,0.44528117498723474,36.47247899971262
1629,54.3,track,1,320.23573914359207,235.85050688455138,319.1780572994902,239.01696138922935,320.6767281216444,236.13829685130614,0.5265874511686729,3.920549981731698,3.920549981731698,-0.6909725031000892,0.5186702135063694,35.14186900065397
1630,54.333333333333336,track,1,315.75639258919,240.62800489970908,318.07094064645366,239.78630848883026,315.35344261357284,240.67966359121868,0.4062478347737442,4.696002357600462,4.696002357600462,-0.7397773964514537,0.4612539644591505,35.839567999573774
1631,54.36666666666667,track,1,321.38502794984134,240.7133630457773,319.33043494607574,240.3337337532758,321.20235371613313,240.60477313642932,0.21251269155767127,1.3458844695016372,1.3458844695016372,-0.6656698311559609,0.4513111962342861,36.354271998789045
1632,54.4,track,1,315.2200887944447,236.58661252988276,318.15242435593547,239.32567237110084,315.1446873796784,236.2247621797382,0.36962284730315825,6.15032366957947,6.15032366957947,-0.7181463566375911,0.47991310227871853,37.115474999154685
1633,54.43333333333333,track,1,322.3810955879554,237.50348319311738,319.51226935096963,238.8660939259407,322.51277930839314,237.93778667832305,0.4538282929590515,3.2506589542415183,3.2506589542415183,-0.6138459333836583,0.5010208175400486,31.863004000115325
1634,54.46666666666667,track,1,316.89838567429734,233.0955558111891,318.9327977481643,237.2426089569643,317.2578043565595,233.34053212757775,0.4349657282481386,7.201954546560826,7.201954546560826,-0.6572078298278128,0.5879986110873263,33.108865998656256
1635,54.5,track,1,316.92097056362667,231.94751654369819,318.49099571065415,235.69591681980157,317.4262849018004,231.94735936840505,0.5053143626179807,8.45393580223523,8.45393580223523,-0.672724090787367,0.6792710753094449,36.93184999974619
1636,54.53333333333333,track,1,319.5115226492664,234.69788405687777,318.8047135506396,235.20327416025913,319.1892601116487,234.48004499891877,0.38898200257114207,5.5791757796762,5.5791757796762,-0.6500361537328593,0.7212800536296584,36.167405000014696
1637,54.56666666666667,track,1,313.6838323353293,236.59191616766466,317.6493494410284,235.27932915037377,313.4888330383028,236.19705950774843,0.4403822291158447,7.540401288439742,7.540401288439742,-0.7051980391191943,0.7347403591249324,38.933134001126746
1638,54.6,track,1,319.5331537819589,236.34587664061908,318.05299435423234,235.29346042876236,319.5565287580395,236.73947506625478,0.39429190984557677,3.290545484569423,3.290545484569423,-0.6823965267930894,0.7507275535134106,35.20077900066099
1639,54.63333333333333,track,1,314.80718100215887,235.52209976139076,317.3603556349641,235.1349104834901,314.95461497338283,235.68769975576106,0.22172084702686412,6.637156278352647,6.637156278352647,-0.7166610840154604,0.7754605475370797,37.55824299878441
1640,54.666666666666664,track,1,311.8251515151515,233.80742424242425,316.1780577139361,234.65903418791015,312.14522784029333,233.7526827381434,0.32472370749181095,10.036255210545143,10.036255210545143,-0.7805786372696942,0.8174906296542269,32.592839999779244
1641,54.7,track,1,318.8312577598856,241.58215132247264,316.57530655041836,235.7989084873533,319.3135923769297,241.32418400059942,0.5469861259241634,1.4915155689608095,1.4915155689608095,-0.7654943235682375,0.7747397142015108,36.43050500068057
1642,54.733333333333334,track,1,321.7568869486678,239.4608234231522,317.4632448842277,236.36236313961285,321.3907646416788,238.9528844682251,0.6261369862956145,1.7408840356060986,1.7408840356060986,-0.7222839794221987,0.7570541551543251,35.58874900045339
1643,54.766666666666666,track,1,320.3283214664445,237.28298742614754,317.95904655583024,236.44941838318385,320.17071689946704,237.5590241368531,0.31786076384055434,2.4469383776935083,2.4469383776935083,-0.6958866975932623,0.7618022145726735,36.94013200038171
1644,54.8,track,1,315.5758711127763,240.76736605470214,317.5553283969183,237.13304002026484,315.5737629232468,240.81617750841582,0.04885695934803231,4.50085773879473,4.50085773879473,-0.7152212406253685,0.7339031625069231,37.842854000700754
1645,54.833333333333336,track,1,318.14936528205516,243.195185157365,317.6402966150297,238.13121293690605,318.28097337866836,243.0786274748215,0.17580211731961393,3.5260458949895535,3.5260458949895535,-0.7102738244585188,0.6857809943618262,34.63566500067827
1646,54.86666666666667,track,1,310.3972879289986,248.29729935626403,316.4539773781049,239.82602847354096,310.7338198341359,248.0172771235872,0.4377969551843079,12.253115005689297,12.253115005689297,-0.7727631472476968,0.5866178508109227,37.8057269990677
1647,54.9,track,1,316.14827910475833,244.50799322926463,316.326545181216,240.70493679031838,315.6412415419802,244.94558667320086,0.6697575025663808,6.592238075001621,6.592238075001621,-0.7841083169980594,0.5407359565648496,36.68600899982266
1648,54.93333333333333,track,1,314.7484826506852,239.54987212276214,316.00316689663254,240.7114013439439,314.42725968526895,239.75793718498093,0.3827208690768396,5.577995071873376,5.577995071873376,-0.8064497637024814,0.5288497441590461,33.70174600058817
1649,54.96666666666667,track,1,318.3681040667598,242.80874523279084,316.26081599172113,241.1964038639627,318.21506592613855,242.83352748994662,0.1550317153183593,3.3488606546577624,3.3488606546577624,-0.7992121605035326,0.49147363482074174,36.58391699900676
1650,55.0,track,1,315.4257031132501,242.3670476763423,316.0648049637899,241.55581151959592,315.4404540970292,242.22782072227093,0.14000620079997897,5.07470629809032,5.07470629809032,-0.8149076474494383,0.45877213266911304,36.29115399962757
1651,55.03333333333333,track,1,314.2901430842607,240.1327882504353,315.73136407088174,241.55082565672487,314.46355598879813,239.76353546072994,0.4079456558970891,5.541491475000679,5.541491475000679,-0.8386771106120237,0.4440955422516122,38.79889199924946
1652,55.06666666666667,track,1,311.65212255163476,235.3820211874095,315.068187447625,240.87594358943184,311.99075592823436,235.78902087967958,0.5294537876483623,9.048775373103672,9.048775373103672,-0.8813568530231369,0.46538716601380903,35.97240300041449
1653,55.1,track,1,314.0277316631452,241.7704874735889,314.8002997335708,241.1344652637607,313.53665011172103,241.9662577520599,0.5286653876335757,6.755816851118111,6.755816851118111,-0.9057827136031531,0.4402845280063601,31.18950499992934
1654,55.13333333333333,track,1,318.16083092814824,238.4905818016102,315.11948914778253,240.92106246700274,317.8444737790981,238.46422807005305,0.31745293339661407,2.646675029127784,2.646675029127784,-0.8999752477494518,0.4395080499384093,34.10840099968482
1655,55.166666666666664,track,1,317.0195645668113,240.6134595241658,315.26403945337654,241.00200640859393,316.88931709458393,240.3619220432991,0.283258730319794,3.1316666015835017,3.1316666015835017,-0.9018590886138937,0.4243388646869501,32.64688800118165
1656,55.2,track,1,320.8619580842854,237.4094726488613,315.90233806292173,240.6516575296583,320.8860397971067,236.8886350683259,0.5213940105049084,3.2350669637749867,3.2350669637749867,-0.8765981362779143,0.43210246270891384,32.353594000596786
1657,55.233333333333334,track,1,324.745509207065,239.39169485155958,316.9905949614103,240.5814490802052,324.95876584962735,239.7077384620377,0.38126363493126536,4.967371091231517,4.967371091231517,-0.8243435146876543,0.42681844546069203,36.34865400090348
1658,55.266666666666666,track,1,322.60668173633195,233.4538523428221,317.7174707803804,239.75535161350268,322.99033947995014,233.55481806007165,0.396720733385482,7.105103830636606,7.105103830636606,-0.7863058836845144,0.4495930451364102,37.46282799875189
1659,55.3,track,1,325.81801895946853,238.71433903112637,318.7901634825271,239.65642169190588,325.3568261973547,238.63534735960513,0.46790858935899476,5.527916762904635,5.527916762904635,-0.7264709997210224,0.44434006853516356,39.76369799966051
1660,55.333333333333336,track,1,321.2983307815826,232.54613689831584,319.209632812633,238.791415802212,321.0036130847748,232.2796467515363,0.39733552464165345,7.785312678691549,7.785312678691549,-0.6965551856479302,0.5033276896205404,36.08102399994095
1661,55.36666666666667,track,1,316.82031042465184,234.81738833440855,319.03472318435615,238.27382249610582,316.6850240458371,235.3318729143085,0.5319744234900979,5.725423658109928,5.725423658109928,-0.6963796995754952,0.5310868487275806,33.19631799968192
1662,55.4,track,1,322.5143447239955,235.28231318062336,319.5691091441345,237.8537949508883,322.5429082582524,235.5660155927903,0.2851366938129628,5.111418602821229,5.111418602821229,-0.6367328370725641,0.5561242465859871,34.29295999922033
1663,55.43333333333333,track,1,322.6681621169493,235.27507413884877,320.07725505887555,237.46656128532356,322.8772831237492,235.31986726133616,0.21386448818624415,5.4938511652323605,5.4938511652323605,-0.6238136091633187,0.581389038043286,35.417518998656305
1664,55.46666666666667,track,1,317.9591116173121,236.13504176157934,319.9662320232247,237.21628087176862,318.33292329314304,235.9469511443664,0.4184653501439355,4.382504965507491,4.382504965507491,-0.6111679493223011,0.601125597117098,36.00283099876833
1665,55.5,track,1,322.6421844862146,229.70647857494043,320.4242792192571,236.2065278352549,322.1657194132563,229.3498423595338,0.5951540606336706,10.868127637442239,10.868127637442239,-0.5983118650887876,0.6623857935972003,36.33633399840619
1666,55.53333333333333,track,1,317.7224471091423,232.07798060032079,320.2461022090757,235.560106878006,317.44342403178604,232.4533520978581,0.4677153395611167,7.9679341889947795,7.9679341889947795,-0.5859203929098974,0.7086968823748447,34.20590200039442
1667,55.56666666666667,track,1,316.0702704722056,238.07172743574418,319.8713753363691,235.6914246977309,315.95269480131446,238.2400436134736,0.20531530403490364,4.4134029788567934,4.4134029788567934,-0.5741863354774099,0.71634583403585,38.09245800039207
1668,55.6,track,1,314.9337012397944,235.08451768974902,319.3769459138132,235.46389444333911,314.9954628972334,235.0539003341878,0.06893420624894323,7.036284070240147,7.036284070240147,-0.5957828390494807,0.7423357962647847,37.471314000868006
1669,55.63333333333333,track,1,317.8407599572715,236.50434915305968,319.25941782346143,235.43194983533715,318.0720437956466,236.24592403481043,0.34680795209405696,4.2202015921421046,4.2202015921421046,-0.5935178752533515,0.758670469398783,35.319554999659886
1670,55.666666666666664,track,1,312.30135028397336,239.5755068266446,318.47945540070486,235.78106550106256,312.75427519158234,239.08887637861514,0.6647933249378812,7.302785376331735,7.302785376331735,-0.6273339885869793,0.7545744234169913,35.47693700056698
1671,55.7,track,1,312.49769392033545,237.4803506765771,317.77072259953366,235.86490152162463,312.08765437392594,237.8106846854732,0.5265481811316839,8.209647669228858,8.209647669228858,-0.6610716744805373,0.7627446883108912,38.19076000036148
1672,55.733333333333334,track,1,311.6597243032664,235.72801168714415,317.00702288746953,235.74052063721382,311.38951224774934,235.62760828550108,0.28826272393122115,9.657034153231386,9.657034153231386,-0.7011054647586984,0.7813003494748323,37.31271700053185
1673,55.766666666666666,track,1,311.6846558856713,242.2622038360286,316.2976996390011,236.41436614604928,311.5660876629278,242.36353944149383,0.15597220386835928,8.758835310754229,8.758835310754229,-0.7418046069452187,0.695080502240158,35.31812100118259
1674,55.8,track,1,314.55335508795616,244.17718765237612,315.9823475653413,237.2810163938819,314.65750613363235,244.47657099694686,0.31698237698933296,6.970073787477558,6.970073787477558,-0.7647836374063512,0.603451812750579,37.64243699879444
1675,55.833333333333336,track,1,312.60146969235456,252.998362777947,315.4601723057139,239.1525754945282,312.8823507154152,252.57709479596758,0.5063209078801784,14.451444386119512,14.451444386119512,-0.8002140863360335,0.4626045143190985,45.31818400027987
1676,55.86666666666667,track,1,312.5226972567073,258.915776763141,314.9694337744085,241.6134938952562,312.95454206928235,258.68303750952856,0.49056855007231726,19.96733252179578,19.96733252179578,-0.8362496436925753,0.2940278855698705,35.13833400029398
1677,55.9,track,1,313.9063517298811,258.543720190779,314.6845241350464,243.8665736694315,313.49072171560476,258.49272142687727,0.41874715842244764,19.60488330890508,19.60488330890508,-0.8634030133083002,0.13960397343752395,37.77727099986805
1678,55.93333333333333,track,1,316.45304827377805,257.3904963360278,314.7326475825406,245.82346833854857,316.2359239954033,257.5087404055566,0.24723392210308948,17.908776026226644,17.908776026226644,-0.8739303942191883,0.0036645957562617126,37.04048200052057
1679,55.96666666666667,track,1,315.43646094283764,261.78926592272074,314.6664252050115,248.16064543941658,315.3310273305002,262.20441982395613,0.4283328242400768,22.689988221835463,22.689988221835463,-0.8901224210597949,-0.150052633622211,40.40404199986369
1680,56.0,track,1,313.61126342243546,269.621163658518,314.3955445904937,251.25923891901752,313.7363171074755,269.2112392327898,0.42857491638066136,29.875244281735718,29.875244281735718,-0.9172490026495284,-0.3541196678896963,37.273656998877414
1681,56.03333333333333,track,1,322.56760991448476,270.12770656749666,315.2230134994441,254.18752194828824,322.8512952675618,269.8960472547849,0.3662559442746701,30.031708678714093,30.031708678714093,-0.8868137455151898,-0.5623806284261531,34.671665000132634
1682,56.06666666666667,track,1,321.8769884961464,264.22730551653444,315.924781995061,256.1806947215456,322.2639711843802,264.2582969276928,0.3882216745085657,24.363713496834063,24.363713496834063,-0.8591156831585676,-0.7331290123807029,34.90625899939914
1683,56.1,track,1,316.3968522911254,266.8753718136978,315.9320857291939,258.3135944231891,315.9756982732738,267.10052833906497,0.4775627368921977,27.397694075308507,27.397694075308507,-0.8649823709658142,-0.9191910429448469,34.92680199997267
1684,56.13333333333333,track,1,319.0929206847574,266.9632578306048,316.26472307631315,260.267032988167,318.8645078462214,267.4216226878064,0.5121237810583926,27.44512221258473,27.44512221258473,-0.8532147929563354,-1.1039148387450617,38.20783099945402
1685,56.166666666666664,track,1,325.65496965813577,265.7087557951076,317.36445889111485,261.8876075713614,325.5851869593981,265.42232174543324,0.2948119567724065,26.02861418323607,26.02861418323607,-0.7988985601622488,-1.2780915848382488,36.203376001139986
1686,56.2,track,1,324.97563498448454,263.8234302570586,318.3144910566835,263.1177344516626,325.13401561247167,263.7287388157225,0.1845288388948974,24.27779154070402,24.27779154070402,-0.7474911344198405,-1.436953854089485,34.23623900016537
1687,56.233333333333334,track,1,324.7741260603294,257.42580546996845,319.1774936446665,263.44036327767816,325.03108818120705,257.58367052138743,0.3015806791315512,18.289267817268975,18.289267817268975,-0.6963617169834749,-1.5510388747906008,33.24887700000545
1688,56.266666666666666,track,1,319.4574578022735,249.54208290274428,319.343593445909,262.7350289882665,319.9126658759638,249.87819299961112,0.5658483786039029,9.878579057070263,9.878579057070263,-0.6995086324585083,-1.547142289431153,38.36102399873198
1689,56.3,track,1,325.7123158648231,248.4220698489244,319.8567233378207,256.9603056061077,325.35156568477305,247.9295478942665,0.6105068125960339,9.566451018319531,9.566451018319531,-0.6605697597171646,-1.2533831731209655,33.245191001697094
1690,56.333333333333336,track,1,323.2637857900318,240.00193152552643,321.04874990977856,247.47033363032247,323.0211032769117,239.74289551050128,0.3549569822590004,3.0320237018016285,3.0320237018016285,-0.5894258673925492,-0.7140661938468464,33.68835999935982
1691,56.36666666666667,track,1,319.54768392370573,245.38718589161368,320.57922852766194,242.82578440298514,319.5295152095078,245.3293127178391,0.06065811090325006,5.350040185139354,5.350040185139354,-0.6163521149396921,-0.4572918996978373,37.39913600111322
1692,56.4,track,1,321.4136126650683,243.3638733493169,320.39714540570077,241.7231492311412,321.5590266402053,243.54363727554988,0.23121482076165054,3.8714246997115094,3.8714246997115094,-0.6455464704414046,-0.3755690259707927,33.010103999913554
1693,56.43333333333333,track,1,324.97752808988764,246.76707865168538,322.17918908317574,243.05305405025956,325.29730513978814,247.14187578263355,0.4926766191022676,8.892009415120597,8.892009415120597,-0.5056758449636467,-0.4495087593566123,34.19070999916585
1694,56.46666666666667,track,1,320.598764036476,243.3996156454895,321.9278654608287,243.30446998229917,321.0748898246736,243.03405071820924,0.6002778375421092,3.218827720747557,3.218827720747557,-0.49187128476078434,-0.47073152401600793,35.587939999459195
1695,56.5,track,1,320.1683732793219,246.41611342410263,321.38452975990714,244.89741369835386,319.814274062655,246.23851014193352,0.39614287962975153,6.241274141936888,6.241274141936888,-0.4995029894432538,-0.5683619555849857,37.69555799954105
1696,56.53333333333333,track,1,318.4369044236052,241.57739888225822,320.16501447609454,243.70940159830926,318.2937959827472,241.56774583120128,0.14343363357145958,2.3171014521894673,2.3171014521894673,-0.5589881858346278,-0.5183657964627084,36.177900999973645
1697,56.56666666666667,track,1,317.47903767251023,247.03963073480045,318.9356007217928,245.21558142185904,317.513959839698,247.27140311167014,0.23438855014891857,7.6846404529451275,7.6846404529451275,-0.6105454283587586,-0.6092948816229496,36.915337999744224
1698,56.6,track,1,314.55434658983205,244.2550707055389,316.9663388039397,245.10852248824307,314.6776359597633,244.67610844806836,0.4387175052039004,7.084740587692767,7.084740587692767,-0.7181475009262481,-0.6190395756942013,35.50374500082398
1699,56.63333333333333,track,1,318.3147810911298,243.05303892556338,317.0139385795873,244.57232838601368,318.6213457601449,242.72909750272453,0.44600441894580495,3.0575579622384472,3.0575579622384472,-0.7254348811397995,-0.6033619125001974,34.9114680011553
1700,56.666666666666664,track,1,322.7046427894637,242.44820920977827,318.5652719088316,243.9751217270058,322.26446998817113,242.26289680602935,0.47759060080886234,3.2013319543692385,3.2013319543692385,-0.6491097129894876,-0.5804905707459375,30.605105999711668
1701,56.7,track,1,320.18918403902586,246.7638629520942,318.9172609421896,244.89440108116267,319.783512386513,246.89275929600456,0.42565685372841733,6.8961581768003635,6.8961581768003635,-0.6289428088437512,-0.6364330921147022,38.88390599968261
1702,56.733333333333334,track,1,316.84529064113116,239.97407795316826,318.20497998034546,243.58135953576218,316.6803830400051,240.32013408812458,0.38333975198256465,3.3350176304579193,3.3350176304579193,-0.6643391141472399,-0.5756599646981847,35.173128999304026
1703,56.766666666666666,track,1,318.2439543726236,240.76840304182508,318.05430437937883,242.79908814461032,318.2183220904242,240.29722964937866,0.47187008767267236,1.806300539207201,1.806300539207201,-0.6727580751624426,-0.5364658795807123,37.14817599939124
1704,56.8,track,1,318.83508268519216,249.36166276523446,318.0971571725919,244.41223394837917,319.0221404464041,249.03039084288594,0.38043618724577044,9.083180504748157,9.083180504748157,-0.6712140354329994,-0.6225045535506892,34.565971000120044
1705,56.833333333333336,track,1,316.25718444427855,242.0428454131522,317.50996711202265,243.9024879293309,316.6279209147633,241.98781072348996,0.3747990763245233,3.914372086237126,3.914372086237126,-0.7031608961318114,-0.6020717139772839,34.566428999823984
1706,56.86666666666667,track,1,321.7242648453804,245.17389489660405,318.304745241875,244.21389017253213,321.2741941136077,245.31121511323514,0.4705534034453812,5.4619205979407806,5.4619205979407806,-0.6634204461162871,-0.6231569453288784,37.067831000968
1707,56.9,track,1,321.81303923775226,246.9070447895566,318.97314972043165,244.8436458235977,321.5191719297513,247.29807467511154,0.4891445247662959,7.4545138886213484,7.4545138886213484,-0.6264260770235269,-0.662705649254621,36.982203000661684
1708,56.93333333333333,track,1,318.323884653129,241.17339775043405,318.7982724504336,244.16557770804388,318.16595649753646,240.78872216524192,0.4158324279944713,1.996446398697608,1.996446398697608,-0.6313372002612151,-0.6349584279835803,34.82614699896658
1709,56.96666666666667,track,1,318.1402329749104,241.65651135005973,318.61832914486274,243.69711645064248,318.1475031270921,241.46362895604167,0.19301935922306154,2.3609223589727097,2.3609223589727097,-0.6372606883810823,-0.6150864172148531,34.34237600049528
1710,57.0,track,1,317.11557958769856,240.51706657654614,318.2746200375143,243.08757053480133,317.39586118737583,240.49020201289275,0.28156611993976577,2.649874896831874,2.649874896831874,-0.6527381085584176,-0.5853394557928843,37.9097040004126
1711,57.03333333333333,track,1,320.70311376792404,240.99829745374748,318.6411024331627,242.66084192587385,321.0338505090364,241.1845168598136,0.37955824206209193,1.5722363264527315,1.5722363264527315,-0.631796464789243,-0.5624467049991306,33.0776410010003
1712,57.06666666666667,track,1,320.8463056020845,247.41161362367393,318.98096061992567,243.4254805204762,320.33949029876425,247.86894187413515,0.6826498958833264,7.876261796148766,7.876261796148766,-0.6105722916649042,-0.6011912272552532,34.703227000136394
1713,57.1,track,1,317.5691078663711,239.34443085391024,318.71894310622775,242.7171265594798,317.2988139730716,239.0548058605133,0.3961583339463673,2.861782296645418,2.861782296645418,-0.6199232121650243,-0.5647487665387292,38.61712700017961
1714,57.13333333333333,track,1,317.9958561435523,246.42887013381994,318.5630791624242,243.2661164775658,317.87861236249444,246.30973497416636,0.1671505024294941,6.656804109539322,6.656804109539322,-0.6248001953020658,-0.5922020590619747,34.61173399955442
1715,57.166666666666664,track,1,320.22402560723026,243.9125211824515,318.7825811810745,243.3465270305644,320.26730262490696,244.040652812963,0.1352428001651934,4.049484639826157,4.049484639826157,-0.6103790143950799,-0.5971501281839662,38.3948459984822
1716,57.2,track,1,316.5417388683794,238.90096436374594,318.40846203700903,242.64468408843155,316.7551016931882,239.15913973264793,0.3349301660317488,3.3520756272437544,3.3520756272437544,-0.626647474968561,-0.5607828527873819,33.9947550000943
1717,57.233333333333334,track,1,312.5722818230237,247.42718557406985,317.4837788762114,243.30691819289964,312.9291505425068,246.91930095377597,0.6207270498992272,9.893110619994943,9.893110619994943,-0.6739558649032419,-0.5940056032127794,36.213023000527755
1718,57.266666666666666,track,1,313.7012296948535,241.68434036739032,316.83149378983654,243.05495275366948,313.23497619079666,241.44275735316188,0.5251234929128487,6.917159526799333,6.917159526799333,-0.7108963519797233,-0.5814953267422296,40.049683000688674
1719,57.3,track,1,317.46748968076645,245.59537243912598,316.7933327715845,243.39077305889873,317.2198501333766,245.50533492998193,0.2634997124937887,6.1674910597555925,6.1674910597555925,-0.7180318853019894,-0.5992152836426178,35.23447099905752
1720,57.333333333333336,track,1,313.41679831490256,248.33464981569247,316.1969235636184,244.07630626400325,313.3093972677471,248.45314836509905,0.15992776851301957,10.780532556567266,10.780532556567266,-0.7550333470426691,-0.6370785740261533,37.86516299987852
1721,57.36666666666667,track,1,320.16713731691704,244.29361045220077,316.59364761272116,244.13760146868736,320.2385354830087,244.6582265977911,0.3715408883910438,4.664329985434418,4.664329985434418,-0.7417110940413344,-0.6447651165554396,33.854360999612254
1722,57.4,track,1,314.9230827237765,242.0535404569791,316.25023049378973,243.88906762060248,315.1603065561998,241.658251136331,0.46100845294644416,5.115899672697402,5.115899672697402,-0.765924586777851,-0.6362394734236023,35.670038998432574
1723,57.43333333333333,track,1,317.0258923894335,238.875851231011,316.2237932987788,243.23997704516484,317.4159397917942,238.6792580280022,0.43679041147621667,2.9020211088531522,2.9020211088531522,-0.7746244822958781,-0.6052718236915844,38.20898300000408
1724,57.46666666666667,track,1,313.5833988837697,245.1078772895831,315.75480117706786,243.46521902639512,313.1442179120742,245.0683713074511,0.44095424765341107,8.52585102774599,8.52585102774599,-0.8068313939366072,-0.6179383735921185,38.73035200012964
1725,57.5,track,1,315.5233906139337,241.5821001230104,315.58364128529143,243.21569655175145,315.2985859187844,241.83261120567803,0.33659018628071236,5.045964545478798,5.045964545478798,-0.8250682845033772,-0.6062787006246498,36.30125100062287
1726,57.53333333333333,track,1,315.2577185263516,240.14102007288932,315.4000079557396,242.80328891211192,315.1452561537956,240.57144227537685,0.4448719564494373,4.888259821894458,4.888259821894458,-0.8445271333440223,-0.5848198871288122,33.63629699924786
1727,57.56666666666667,track,1,314.0152758346882,243.71429651756344,315.08141454851676,242.8779908102144,314.09972126007,243.39801999551278,0.3273558740398107,6.808805262215587,6.808805262215587,-0.8717605069335377,-0.5874472996336804,37.546028001088416
1728,57.6,track,1,322.29645251186264,239.49634706635536,315.83468572484315,242.4196829207411,322.5669643445014,239.41483408467175,0.2825261364556066,2.6328169504170718,2.6328169504170718,-0.8431107007762758,-0.562025210759423,37.88761199939472
1729,57.63333333333333,track,1,318.40983606557376,239.8844508386022,316.05391835833717,242.04702867950235,318.8463802845301,239.98167608358955,0.4472399840880085,1.153765233413412,1.153765233413412,-0.8393134895959329,-0.5391571947788748,33.877855001264834
1730,57.666666666666664,track,1,325.4345267287886,245.2377862451428,317.1307726152157,242.36761150107162,325.0568105803858,245.5423999200439,0.485241156231654,7.502634878467975,7.502634878467975,-0.7886334969511354,-0.551575164041628,39.85773100066581
1731,57.7,track,1,324.75282306276216,240.70268167239186,318.0489911711946,242.11115659689216,324.4952898571621,240.24831354499935,0.5222774618694732,4.502142880510863,4.502142880510863,-0.7414022461131018,-0.534748242511532,32.85083800074062
1732,57.733333333333334,track,1,325.73403693931397,244.30866943083302,319.0219501255782,242.3172888806922,325.67378282258903,243.9738472705965,0.3402005843142353,6.926996004613666,6.926996004613666,-0.6869895681852712,-0.5414984009473691,36.72038500008057
1733,57.766666666666666,track,1,320.4769137989522,246.50665259507747,319.2836566931845,242.78017543274083,320.5586144000802,246.4407476650412,0.10496879549546811,6.464926954940053,6.464926954940053,-0.6659903467885866,-0.5629178167274366,35.84908799894038
1734,57.8,track,1,322.2003368263473,242.4690494011976,319.7313356615919,242.72352013469325,322.504101564472,242.62420464321292,0.341095536840928,3.6272544237551747,3.6272544237551747,-0.6198139969224647,-0.5588281498266894,36.050990000148886
1735,57.833333333333336,track,1,316.8555962097758,245.1629045876724,319.4958906689637,242.9978852462281,317.2794323471641,245.51288872599366,0.5496598661288062,6.147636168385778,6.147636168385778,-0.6351840217960367,-0.5722120477112999,37.643514000592404
1736,57.86666666666667,track,1,318.8621475796033,248.47040048635915,319.5118437494449,243.65421278495756,318.49371095594995,248.01848394595123,0.5830729844053282,8.158737125052065,8.158737125052065,-0.5996573107135189,-0.6072244817594702,36.538316000587656
1737,57.9,track,1,318.918270665473,243.10332736496568,319.5278618768272,243.620224152879,318.6774828893311,242.8971885294226,0.3169731418565764,3.1847688900499476,3.1847688900499476,-0.5888446395346048,-0.6084560881426886,37.261358000250766
1738,57.93333333333333,track,1,320.4717576759743,245.60498327633508,319.7243096923216,243.887419161917,320.39361967959735,245.63050205332362,0.08219947966254809,5.644243955096898,5.644243955096898,-0.5779979596783386,-0.6256202181387215,35.228365999500966
1739,57.96666666666667,track,1,322.4753981903836,244.77817243699994,320.143420880853,244.03596397996347,322.6012578076682,244.96775810308506,0.22755959230050063,5.607598661880337,5.607598661880337,-0.5669583354503163,-0.6376590884271974,37.0085279992054
1740,58.0,track,1,321.23906290932223,249.617641555331,320.38129028669954,244.75302061376001,321.59914096808757,250.0886783751287,0.5929012514823488,10.214630839761435,10.214630839761435,-0.555953123360501,-0.6806067829352112,40.48454499934451
1741,58.03333333333333,track,1,311.927795382526,244.56401840953674,319.4804929746369,244.81458565758473,312.3983404875414,244.20539750727687,0.5916262734122184,8.687381397035736,8.687381397035736,-0.5732591297014655,-0.6917834159688772,35.075656000117306
1742,58.06666666666667,track,1,320.0167337269206,248.75805663144436,319.60018883762433,245.36952115670493,319.70275633129904,248.6009189263615,0.3511040633772573,8.606053693559321,8.606053693559321,-0.5381859123489156,-0.729431577942532,33.07530200072506
1743,58.1,track,1,319.38616627652345,241.1695235218606,319.6331557169637,244.9745315134032,319.1801491318561,241.27344892002375,0.23074564411976733,1.5145387409722892,1.5145387409722892,-0.5286710778418455,-0.718848405269211,37.67729700120981
1744,58.13333333333333,track,1,309.1415115751248,244.96005447117568,318.43347886679834,245.05195967235042,309.08132024802705,245.25360615148102,0.29965911444152415,12.116845510322529,12.116845510322529,-0.602423076277113,-0.7315311940341448,35.28143899893621
1745,58.166666666666664,track,1,310.8408945686901,246.63597068220258,317.5104022966739,245.32006982124295,310.9494777845691,246.1384792283606,0.5092033595887152,10.935852943827584,10.935852943827584,-0.6490867600403345,-0.7545329051704448,37.814270001035766
1746,58.2,track,1,311.42455310697056,237.76774803745388,316.71701852080827,244.50450159778785,311.72012058457994,237.52327847610206,0.3835694203764474,8.642369619545097,8.642369619545097,-0.693159382219958,-0.7208374406910804,37.07350799959386
1747,58.233333333333334,track,1,309.28110233243865,238.28246323668392,315.7217819690319,243.79691611544717,309.7983316619959,238.16075268908804,0.5313564121664003,10.366140436504411,10.366140436504411,-0.7516526132253784,-0.6890929160635653,35.967091000202345
1748,58.266666666666666,track,1,316.480426509928,237.39199728721601,315.6582874746683,243.02545857053292,316.11834095045873,237.54192149488,0.3918969512765497,4.594499636981007,4.594499636981007,-0.765021001311726,-0.6506200334440688,32.97234700039553
1749,58.3,track,1,309.8210269310447,236.7978321988754,314.81164380332564,242.232302389113,309.68049681655776,237.16429918162675,0.3924879138579733,10.702025279562612,10.702025279562612,-0.8203631745139366,-0.6074108372758436,36.899436001476715
1750,58.333333333333336,track,1,308.30984905660375,239.0992075471698,313.8474317948874,241.7680806767233,308.324727279683,238.65501398159563,0.44444266809060967,11.752488267744926,11.752488267744926,-0.8856127462868615,-0.5780876136978634,34.196782999060815
1751,58.36666666666667,track,1,314.3128623741227,244.37648764113518,313.6748364370337,241.97065202202188,314.4811513645123,244.1240426346053,0.30339687804627685,6.88951507099496,6.88951507099496,-0.9128142868852602,-0.5821580236630554,39.79395500027749
1752,58.4,track,1,313.9239976980625,235.81166314981778,313.4812229633715,241.14229104597266,314.2604547501565,235.80861008963655,0.33647090376470745,7.107047843915058,7.107047843915058,-0.9416585034278201,-0.5322504237145481,35.1650669999799
1753,58.43333333333333,track,1,310.1317200241619,239.8990486257928,312.86029967524064,240.8615966915798,310.65419747203066,240.06943581842137,0.5495584399709497,9.34606046549443,9.34606046549443,-0.9937900843235623,-0.5079184826584737,38.17220000019006
1754,58.46666666666667,track,1,319.4596590044147,243.42993606332774,313.40924363506474,241.02973026571877,319.05265865174596,243.87595136961684,0.6038037268157744,3.9900444420766124,3.9900444420766124,-0.9860027971680143,-0.5063604191796429,36.39429499889957
1755,58.5,track,1,313.9443816839886,245.28923783702365,313.2785595649648,241.41856040147684,313.7577638716432,244.9468424450309,0.3899497561769208,7.964719835507235,7.964719835507235,-1.0115538821819552,-0.5174675682511437,38.330858000335866
1756,58.53333333333333,track,1,314.8067447799309,237.50277902959292,313.271796683944,240.85849941919528,314.8078467190348,237.2958825712019,0.20689939285685066,5.8541187860998765,5.8541187860998765,-1.030624273860769,-0.47998470546290856,35.64366799946583
1757,58.56666666666667,track,1,321.6664306080993,244.99567640097655,314.09848101035664,241.2366047643584,321.8097526175188,245.03766775462253,0.14934681839622582,5.352877818760659,5.352877818760659,-1.0048843946546882,-0.49020649811200695,35.913228000936215
1758,58.6,track,1,323.62265857611277,243.8336411261448,315.11801624576265,241.45904369905946,323.98454921230916,244.08580267433666,0.4410785405720169,5.707049668517892,5.707049668517892,-0.9647553743092832,-0.4940413374021864,36.71363099965674
1759,58.63333333333333,track,1,320.01402896792297,242.41908697960113,315.64849891425,241.50367640866926,319.5515895260793,242.8921597066979,0.661549727908241,2.9267148344464076,2.9267148344464076,-0.9457011609916415,-0.4896347649845333,35.73791800045001
1760,58.666666666666664,track,1,327.8282989475284,240.88688779968845,317.08386945159606,241.36658821795697,327.5141865450217,240.59452624691332,0.42911755842617494,7.5376694602279946,7.5376694602279946,-0.875712161743011,-0.4759839868885489,36.364491999847814
1761,58.7,track,1,323.47241755349154,242.24183055691347,317.9080828608575,241.40438728791324,323.390213028113,242.21598845293187,0.08617075101741427,4.050203599760703,4.050203599760703,-0.8315785695059055,-0.4712565523458867,34.66793700135895
1762,58.733333333333334,track,1,322.9706265105038,244.80364379996283,318.61600669317306,241.7505856506966,323.0164356121643,244.97041024071757,0.17294368897692242,5.814108853759364,5.814108853759364,-0.7897330104016398,-0.4833203170690893,34.30983300131629
1763,58.766666666666666,track,1,323.3094995278565,245.42183191690273,319.31293320485054,242.15257853053876,323.53428324006705,245.74218290502859,0.3913469980316437,6.742686596292415,6.742686596292415,-0.7451912967765274,-0.5000817542816917,34.28199700101686
1764,58.8,track,1,328.31592747977226,241.89623913694936,320.5559235068188,242.10952856255466,328.6832109537887,241.47498404197427,0.5588855028787882,8.807595040195428,8.807595040195428,-0.6684478271126159,-0.4951107321691647,38.748883000153
1765,58.833333333333336,track,1,320.9456259340154,250.67425374564127,320.8274538604014,243.12025577532222,320.47905610372277,250.4353661968046,0.5241704565582691,10.446356418001749,10.446356418001749,-0.637983872964944,-0.54621762572877,36.894401999234105
1766,58.86666666666667,track,1,322.48137777607303,248.1376241801235,321.2511365617398,243.76408292259902,322.2311561714221,248.11682721598783,0.2510843785489928,8.417894149695382,8.417894149695382,-0.5983656557892912,-0.5823900662584358,37.777744999402785
1767,58.9,track,1,321.1940987861669,244.46110390106114,321.4794911420616,243.92433288542657,321.14010403104334,244.6855512844326,0.2308507342053388,4.822263787957806,4.822263787957806,-0.5675254533002152,-0.5957669326775858,38.14941300151986
1768,58.93333333333333,track,1,327.5202443475994,252.4181472790256,322.4351651515626,245.02141611481994,327.5530988226616,252.80957114910638,0.3928002833510092,14.87058892071562,14.87058892071562,-0.4972807116723718,-0.6597805279050595,37.27832200092962
1769,58.96666666666667,track,1,323.6015616116439,252.60732289732024,322.84643705069146,246.06619190341732,323.8573916018547,252.26129285269894,0.4303321689949425,12.853745461526204,12.853745461526204,-0.45218917442902795,-0.7258478583542101,35.222301999965566
1770,59.0,track,1,322.4209724707764,251.25838632296387,323.07303187297873,246.87441178506475,322.8047932067424,251.13334699284277,0.4036746108372324,11.481214230020683,11.481214230020683,-0.4155558943472315,-0.7838755092286407,36.99832900019828
1771,59.03333333333333,track,1,319.95413536672834,247.7146955569816,322.9724739547547,247.19542374355535,319.52460449950615,247.761931048064,0.43212030444592275,7.776475710551015,7.776475710551015,-0.39584539694512266,-0.8193958767135772,36.012495000250055
1772,59.06666666666667,track,1,312.4949303874092,247.16983202179176,321.96872205290543,247.41681477116376,312.18040494290716,247.39732063698608,0.38817177290762805,10.76412650721325,10.76412650721325,-0.42522409526324906,-0.8508026990277965,36.34682099982456
1773,59.1,track,1,313.0914281392975,246.45203614776725,321.0842709302447,247.52398604325774,312.95151974665,246.95045205387427,0.517680184857114,9.89898265656983,9.89898265656983,-0.4532781039355677,-0.876793570856837,40.10616500090691
1774,59.13333333333333,track,1,308.1015742128935,239.4106071964018,319.6479289806526,246.76794632529058,308.1979554326414,239.0848008510504,0.33976332084455063,11.837476312633415,11.837476312633415,-0.4968125152113462,-0.8569207597035358,33.31195499958994
1775,59.166666666666664,track,1,309.67325182645,241.9724541523781,318.48348308950204,246.35275137729437,309.8789305120063,241.858617499046,0.23507978503911164,10.290311296970401,10.290311296970401,-0.568343219021867,-0.8514287265240776,38.117476000479655
1776,59.2,track,1,305.2798128494808,244.48465137509984,316.86576687166973,246.25434819273448,305.70894071914995,244.62082373558292,0.4502151044626724,15.019533526847523,15.019533526847523,-0.6524511020588774,-0.8605190896131083,35.31846099940594
1777,59.233333333333334,track,1,312.83234728869127,238.66853826732486,316.25665787618,245.45861214063967,312.3883837927097,238.98026134324178,0.5424710700334859,7.679620317123196,7.679620317123196,-0.6903966578036704,-0.831614102693327,34.356860000116285
1778,59.266666666666666,track,1,314.3369836115097,242.78064345593233,315.87429130689713,245.1981781502004,314.10641063507103,242.34006359201544,0.4972670449092938,6.341158665187307,6.341158665187307,-0.7192197394726306,-0.8272899128277971,34.723167000265676
1779,59.3,track,1,305.61007391602527,232.30496075592472,314.4822082911813,243.6975892664742,305.5522863167196,232.07437693159628,0.23771475906104067,16.47883283780929,16.47883283780929,-0.8036037906985495,-0.7554166979574182,32.86947199921997
1780,59.333333333333336,track,1,311.2644238030509,231.95480289986406,313.8653356910093,242.24786511306834,311.3628647673368,231.95930470230098,0.09854384645794549,11.800545999984525,11.800545999984525,-0.8528571931147702,-0.6793036116186775,37.557892999757314
1781,59.36666666666667,track,1,314.17711896617254,230.53321930824782,313.6507935035436,240.72314929955354,314.4204516016331,230.76399219656503,0.33536084664498395,10.790514374895688,10.790514374895688,-0.8833038402806972,-0.5925329261852011,37.13056600099662
1782,59.4,track,1,313.04364975019723,230.5910371511213,313.3303569426607,239.31012666402424,313.4523750049839,230.99264846229786,0.5730165609870007,11.135698217853466,11.135698217853466,-0.9201083712628024,-0.5048128379744534,39.882540000689914
1783,59.43333333333333,track,1,311.5926080522142,231.61275756080903,312.87252136983636,238.12191309885065,311.2332738925288,231.27460985944393,0.49342163132081746,12.368828551982197,12.368828551982197,-0.9653203270613675,-0.42278541886670074,42.07232899898372
1784,59.46666666666667,track,1,315.7791572610986,241.45782543265614,312.9603903841544,238.20367857209473,315.5840277635752,241.29755105756442,0.2525141503258254,4.602656791447876,4.602656791447876,-0.9831079231365507,-0.40323491449336607,37.77919900130655
1785,59.5,track,1,317.6391602497797,236.48806650576563,313.2816576595647,237.70608047275655,317.61433403245474,236.52671753354238,0.04593738145416989,4.21367929492808,4.21367929492808,-0.9876322141562011,-0.3534596257025621,37.49515399977099
1786,59.53333333333333,track,1,319.123805613616,239.61589280382205,313.77523342581645,237.6327907940955,319.22750196885664,239.88073644230286,0.2844206162252411,0.7816501802692439,0.7816501802692439,-0.9810688905050817,-0.32446994416806285,35.09200600092299
1787,59.56666666666667,track,1,319.4751632025212,241.2365123433631,314.29252110705744,237.77718096970924,319.71936585997764,241.68773539186301,0.5130664454106854,1.7109080260180827,1.7109080260180827,-0.9705488193847434,-0.30722517904896945,39.020758000333444
1788,59.6,track,1,312.74452582159626,241.64221596244133,313.9824581480453,237.97915993599557,313.1724340607393,241.3119560489643,0.5405340614395694,6.952473324606632,6.952473324606632,-1.0012870797256168,-0.2942314901391462,34.491596999941976
1789,59.63333333333333,track,1,318.35997884477354,246.60201730195308,314.37162478976234,238.77803320085332,317.94902693819614,246.5007437423531,0.42324674055879713,6.816609105998979,6.816609105998979,-0.995692616262077,-0.3144972518673695,36.75420099898474
1790,59.666666666666664,track,1,321.11163958753474,248.14462919980213,315.07369592278354,239.72542095007168,320.9174896322882,248.26935830773695,0.23076298552507749,8.320100603183503,8.320100603183503,-0.9712842489891487,-0.3611587337416591,37.029285998869454
1791,59.7,track,1,317.6962577485268,244.74385857503634,315.32931726519735,240.21689802170164,317.6962855062804,245.04232240661233,0.2984638328667509,5.54365544751823,5.54365544751823,-0.9671337841992849,-0.34924255577218155,35.38745900004869
1792,59.733333333333334,track,1,324.123943768709,246.58830661968096,316.34109708985386,240.90464791909673,324.1962544961457,246.1231317628827,0.470761604954885,7.423024611440135,7.423024611440135,-0.9212238904100886,-0.3858080332157371,37.423838999529835
1793,59.766666666666666,track,1,320.56308576976215,253.1754228744259,316.8652764718041,242.34119538948877,320.8385636935253,252.95298150731008,0.3540737893225246,12.980097033412957,12.980097033412957,-0.8964875505326646,-0.45515576826783005,38.34273999927973
1794,59.8,track,1,323.6905797375487,254.52690693189123,317.72894840967115,243.85005831606458,324.1294587033151,254.48772316483945,0.44062468631765717,15.064745324213431,15.064745324213431,-0.8510990822306963,-0.5351039047197503,36.441762998947524
1795,59.833333333333336,track,1,324.4423509983486,250.1669043687134,318.6246279538513,244.73833586535025,324.03285539402935,250.40701646305348,0.474700397940822,11.161089296812289,11.161089296812289,-0.8000052030985736,-0.5889942488796249,31.85645499979728
1796,59.86666666666667,track,1,329.8997515434423,246.386801686493,320.11015234254114,245.10963911605614,329.73187998026356,246.7516015797299,0.401571692017423,11.844560432606437,11.844560432606437,-0.7191990741349945,-0.6194822461116576,35.247308000180055
1797,59.9,track,1,331.4014345122277,253.9360573804891,321.67214470716186,246.3490996718004,331.40854203401955,253.56349216995486,0.3726330003722831,17.723519717776647,17.723519717776647,-0.6166040784832904,-0.6978947084705096,33.305090000794735
1798,59.93333333333333,track,1,322.1280147031244,248.89152694947677,322.012373492961,246.89480380839976,322.3015559237208,248.7348807986376,0.23378317265967036,9.033011803181815,9.033011803181815,-0.5776045065619931,-0.7447867362386462,35.06573900085641
1799,59.96666666666667,track,1,329.10431845780204,252.60170006071647,323.14711117482244,247.8341590118666,329.43359145068047,252.65954957226637,0.33431612259309434,15.787870123326366,15.787870123326366,-0.4949904304830359,-0.8148866279541629,38.06354200060014
