frame_index,timestamp_s,state,detection_count,selected_x_px,selected_y_px,estimate_x_px,estimate_y_px,truth_x_px,truth_y_px,centroid_error_px,tracking_error_px,pointing_offset_px,pan_rate_deg_s,tilt_rate_deg_s,processing_time_ms
0,0.0,acquire,2,497.8552559830354,266.4484701605574,497.8552559830354,266.4484701605574,478.97536342852345,155.7757090545218,112.2715921046083,179.90802473069309,179.90802473069309,7.0,-1.3234153256588912,58.32324999937555
1,0.03333333333333333,acquire,2,492.8404874499818,264.8602522129259,493.2470897613341,264.98902646924137,474.92816563013906,154.0597208516671,112.23907083950273,177.1679092996618,177.1679092996618,7.0,-1.3268086751248447,36.995897000451805
2,0.06666666666666667,track,2,480.87214860531253,256.6279421552611,485.42633809555554,259.74157445563196,464.8980746445398,145.78859666882994,111.98451476326844,172.83298456406703,172.83298456406703,7.0,-1.0963475589233156,37.373478000517935
3,0.1,track,2,466.68570729618983,256.8047825821051,471.4133865253584,256.4904248882095,451.6216410397391,144.93149310296545,112.88294375618538,162.36464329904288,162.36464329904288,7.0,-0.9540390332663347,36.234053997759474
4,0.13333333333333333,track,2,442.82240618768503,253.02127016738172,450.5604921861554,252.99688818901905,429.6707260069725,141.19692453948772,112.59507523281133,147.61340001284475,147.61340001284475,6.749785135123066,-0.7909963076412442,24.000237997825025
5,0.16666666666666666,track,2,416.78588723625046,249.63248011068833,424.9979936139528,249.7034335230086,404.5083015937132,137.7234474895199,112.58050759974203,132.67308028263676,132.67308028263676,5.531153577283369,-0.6242552248447257,26.99284999835072
6,0.2,track,2,388.34731572587606,247.73709649577077,397.2267827665609,247.1007382018655,376.88433085162103,135.7310793521996,112.59106491455421,118.77640720906649,118.77640720906649,4.203034767380419,-0.48332487471700436,23.515346001659054
7,0.23333333333333334,track,2,360.4379486555542,250.64113639128848,368.8387268486001,247.04366819846774,350.8487052318618,138.44980014137695,112.60039750808849,106.13239706050449,106.13239706050449,2.736491860214859,-0.4758350091698572,23.5772320011165
8,0.26666666666666666,track,2,344.83339431638007,248.75405537260642,345.3975795366175,246.38218965173007,336.0576294149934,136.39330647601574,112.70293670622391,104.84366650113904,104.84366650113904,1.4554182808271037,-0.4406569007835961,23.771722000674345
9,0.3,track,2,327.09510279124186,247.65518970416178,324.1092078741044,245.62966170686136,320.1129602724356,135.31341303312814,112.55854076771483,104.68664791077978,104.68664791077978,0.22281311553712763,-0.4009605836939336,22.60442300030263
10,0.3333333333333333,track,2,320.617491327369,247.05860872740553,308.0831917052898,244.98136070745005,314.44930005654396,134.61798208808617,112.60968476377286,105.5281003763889,105.5281003763889,-0.7050361536686643,-0.3735988380744847,23.603051999089075
11,0.36666666666666664,track,2,315.223440712817,247.60675119945168,300.73055325171424,245.332709946433,310.89109048639307,135.09874825407056,112.59138504007437,105.29598686744878,105.29598686744878,-1.169290255572129,-0.40679073307595603,25.766775997908553
12,0.4,track,2,316.66626345711865,246.98850852788195,301.86608361185364,245.90046760810046,314.0551461833983,134.55349054487598,112.4653333354594,105.61395572162952,105.61395572162952,-1.1812197118069183,-0.45295243632585214,22.88224000221817
13,0.43333333333333335,track,2,322.5301344036976,246.82436295079972,309.14584343664006,246.22066977802695,320.66764369995656,134.38530527914602,112.45448217706127,105.61680495588413,105.61680495588413,-0.863043213273285,-0.4905832059898515,23.716923999018036
14,0.4666666666666667,track,2,328.2301127704968,244.50448034135934,317.86518009265484,245.3618700124718,328.0616813977045,132.04177640445062,112.46283006366204,108.25880448658543,108.25880448658543,-0.4039869328268084,-0.46356144749561146,25.74579899737728
15,0.5,track,2,330.78859324807564,248.09758167161647,324.80497749240243,246.45354318510084,332.430507700949,135.65362101454468,112.45594769206146,105.08417734882651,105.08417734882651,0.009536707717179627,-0.5403736112925182,23.75752600346459
16,0.5333333333333333,track,2,327.94327232930016,247.10451754119293,327.96539669218345,246.76247356500747,330.2171488851133,134.61914379994036,112.50835444668255,105.87499697661492,105.87499697661492,0.2483929475756509,-0.5804262752338074,24.74115099903429
17,0.5666666666666667,track,2,325.41847530379056,243.85696148963183,328.90913345716206,245.69885353934578,329.2951844721357,131.34195621981056,112.58177154781248,109.05489870935922,109.05489870935922,0.33803146016328445,-0.533282485870505,23.91294100016239
18,0.6,track,2,322.0347510373444,244.50812586445366,326.22083603898864,244.64259324352616,327.63002571971043,131.9620514903243,112.68507423699991,108.30704321817107,108.30704321817107,0.22596439583392489,-0.4821912659313002,23.96864999900572
19,0.6333333333333333,track,2,323.5854570166497,244.31107713217804,324.61936851112597,243.9490704150899,329.751789886161,131.80602203418522,112.67391483240483,108.6325654398857,108.6325654398857,0.15709059301728173,-0.44765421975341424,23.97267299966188
20,0.6666666666666666,track,2,322.35236292587615,242.63249481011113,323.0244296836907,242.86127270383673,330.0512635997491,130.13982201836612,112.75581804686075,110.31902195953296,110.31902195953296,0.0802890283811676,-0.3889882182649237,24.414138999418356
21,0.7,track,2,317.8037104622871,244.1104622871046,320.06884084503724,242.87484922259503,327.0656946020716,131.6668100816678,112.82446220347278,108.56336434585647,108.56336434585647,-0.08364804777075693,-0.38740287648239513,24.731619996600784
22,0.7333333333333333,track,2,316.7179261862917,242.02284710017574,317.73957920049355,242.10446204163935,327.4707402807154,130.5159777044433,112.02412656828069,109.73861261359131,109.73861261359131,-0.2207937722234599,-0.34443622090581744,23.24088499881327
23,0.7666666666666667,track,2,318.5541868932039,240.9368932038835,316.94717318814565,241.2112985263829,330.77235900866384,129.4923717572418,112.11228786495252,111.03143527150853,111.03143527150853,-0.28669878952287337,-0.2916962647262187,23.61640500021167
24,0.8,track,2,320.90314811629105,244.1140547049716,317.3000774414275,241.7360422839129,334.59619939127947,132.6901827507477,112.26209910067932,108.29794972545838,108.29794972545838,-0.26934469202191197,-0.3270794886254075,23.666496999794617
25,0.8333333333333334,track,2,322.9037677277984,242.0739545924889,319.5794579299626,242.10882057602987,336.99573836675256,130.68015725881034,112.2816179118639,110.6331014642071,110.6331014642071,-0.11741916145020029,-0.3558048491687447,24.71368900296511
26,0.8666666666666667,track,2,319.7127802144249,241.14357943469787,320.1508998852409,241.8952591480704,335.1806129067233,129.7680899831262,112.44444627803583,111.27230110944923,111.27230110944923,-0.09950698116812563,-0.3517922458562714,24.63340599933872
27,0.9,track,2,322.7659432184327,243.70533163110218,321.7817226737824,242.8213788899285,339.5102040428728,132.40632951060314,112.55149107664334,109.34827840974653,109.34827840974653,0.014935726634990515,-0.4096968778176422,26.25934400202823
28,0.9333333333333333,track,2,318.9661193481191,243.33568190172772,321.1271926721039,243.27120950791817,337.02633430102924,132.08545540868818,112.70662917015093,109.24946221414837,109.24946221414837,0.0016236396411381249,-0.4459253371639489,25.09314400231233
29,0.9666666666666667,track,2,317.8892756809576,241.02717723219737,320.16181471037066,242.59057743800602,337.2424588970797,129.85756644758877,112.84160607948718,111.48389147165973,111.48389147165973,-0.04394282458083994,-0.4209740766500839,24.521106999600306
30,1.0,track,2,317.3693753790176,239.59205579138873,319.27447353348765,241.55990048651378,337.97226603506357,128.49823233252525,112.98812642970107,112.94089843544994,112.94089843544994,-0.07594322057871288,-0.3718282962839793,24.81255899692769
31,1.0333333333333334,track,2,317.90704032809293,238.78485987696513,318.8351915427185,240.55321333763308,339.6570206177388,128.81199490832103,112.10304488287377,112.9122266888464,112.9122266888464,-0.09699819318691319,-0.3177948228361422,25.636607002525125
32,1.0666666666666667,track,2,318.09591412742384,242.3512811634349,318.5812030254225,240.9980359759631,340.979266911831,132.48171362481432,112.22731265507137,109.54593349465003,109.54593349465003,-0.11063911311711705,-0.33744277676877055,24.027220999414567
33,1.1,track,2,314.6794887475538,241.60072162426616,317.3636256808873,241.10342947429842,338.76224095684825,131.82353456703834,112.38776513558699,109.79148126922955,109.79148126922955,-0.17810268996286582,-0.34119674105172554,25.308970998594305
34,1.1333333333333333,track,2,315.5053503415755,240.74928964391512,316.6865052759878,240.9457002977909,340.7100551921966,131.13840923310224,112.47142859873546,110.81404392207402,110.81404392207402,-0.2225729501682217,-0.33135404565374466,24.42345100280363
35,1.1666666666666667,track,2,317.25257201646093,240.43689986282578,316.63610135757966,240.7449365619402,343.53832555421457,131.01132921478327,112.53842166432436,111.50149384391469,111.50149384391469,-0.2363879358726036,-0.3184858031986694,25.792991000344045
36,1.2,track,2,315.2952328700317,240.24420872957816,316.1184153827898,240.54316138964217,343.65688388310167,131.98686915320442,111.91083424021762,110.5734352834601,110.5734352834601,-0.2753229395389444,-0.30468059381083135,24.150304998329375
37,1.2333333333333334,track,2,317.603802672148,239.88232271325796,316.25561529423845,240.30127455473644,346.9987299600557,131.82237733535578,111.98666681947715,111.49587196318147,111.49587196318147,-0.28120310651846114,-0.2721116318406223,23.720536999462638
38,1.2666666666666666,track,2,316.0504481589147,241.71366279069767,316.02839223759145,240.51605533841177,346.49596420609504,133.82791075211728,112.099352987915,109.42828087140474,109.42828087140474,-0.3056077477205661,-0.29349726341312676,21.42761600043741
39,1.3,track,2,316.38823458355984,241.46862354291235,315.9204518625002,240.6426102043708,347.912617793509,133.7442802879267,112.24224189887558,109.86078555889357,109.86078555889357,-0.32430478904160076,-0.2966302584968784,25.439236000238452
40,1.3333333333333333,track,2,318.4029661016949,240.80266343825667,316.2422949920573,240.615509688241,350.9406914379506,134.25146915175597,111.40853007708716,110.18202286770963,110.18202286770963,-0.32008578578151226,-0.2922905459782378,22.693147002428304
41,1.3666666666666667,track,2,316.8835847917924,242.51243210621607,316.22427127281014,240.92333964318922,351.4393965279852,136.06739273936537,111.91358510278185,108.58371197392917,108.58371197392917,-0.33216547222295956,-0.30589851454937345,24.939081002230523
42,1.4,track,2,317.90504542106555,243.7983672968328,316.4017964558297,241.42114076895365,353.51302407171994,137.55735893921062,112.04945336961624,107.78505225652309,107.78505225652309,-0.33349911449267555,-0.3312187497369769,24.572440001065843
43,1.4333333333333333,track,2,316.9995123735219,239.95324881141045,316.3964883650849,241.16405423487504,353.5681411025272,134.7763701341321,111.35277461929165,110.44832447451769,110.44832447451769,-0.34343737033918914,-0.3185928447850823,24.095858996588504
44,1.4666666666666666,track,2,321.3886198547215,243.59460394327223,317.14463837551875,241.56523774828466,358.96157348225967,138.565725057683,111.54726462025369,108.6596352896837,108.6596352896837,-0.3128411297103749,-0.34002215632760213,23.21063900308218
45,1.5,track,2,319.10850801479654,242.6632023956315,317.4177760778824,241.75831761136277,358.69221669132116,137.62909689431095,112.24541554580527,109.43897585029991,109.43897585029991,-0.30390729882442336,-0.3522125872474392,25.524655997287482
46,1.5333333333333334,track,2,321.0720928818917,239.45529147164305,317.9703843344214,241.41352700021972,361.61227826709325,135.48580594202812,111.59372989715558,112.49354853575117,112.49354853575117,-0.2785721557995459,-0.33661376531175835,25.002992002555402
47,1.5666666666666667,track,2,321.56416611255514,242.47403735719035,318.5311200213381,241.57888920627883,363.111829662793,138.5396811858802,111.93104457311439,110.23985735992456,110.23985735992456,-0.25010959895282525,-0.3466734812475666,24.148682001396082
48,1.6,track,2,320.61914708442123,242.15892080069625,318.88204932563764,241.67689233410715,364.13726490379935,139.19159124162005,111.78594515890038,110.04741446115294,110.04741446115294,-0.23015709599876902,-0.35386999484677806,23.97942300012801
49,1.6333333333333333,track,2,320.47884309649015,240.4318821083527,319.1706870564177,241.5095088000812,364.8449364937894,137.50862085174458,112.07831168889855,111.87292402026262,111.87292402026262,-0.21184960378365775,-0.3473468761411156,24.257855999167077
50,1.6666666666666667,track,2,320.08104866346815,240.93008910212475,319.3683338697618,241.43144870305562,365.38608744593256,137.9921540527943,112.46672846358065,111.64899268886705,111.64899268886705,-0.19705334003557134,-0.344813767089415,25.04328400027589
51,1.7,track,2,317.0869723214827,241.59420992065895,319.12191559360684,241.45469870343334,364.2908927118238,139.73511607061016,112.26524439990638,109.61172440293193,109.61172440293193,-0.20502792161769384,-0.34729867665599584,23.034533998725237
52,1.7333333333333334,track,2,318.7467256851807,240.18657530924085,319.1259573703551,241.28176132274686,366.75236121012927,138.21933020711143,112.70252932331174,112.00485713669484,112.00485713669484,-0.20079923839264216,-0.3394102805207506,24.230171999079175
53,1.7666666666666666,track,2,319.8170628183362,241.38279165656076,319.2719313812697,241.28742949040452,369.65999604790295,140.31348138217407,112.6912750494345,111.37107883835863,111.37107883835863,-0.18907300132116137,-0.3402402880605677,25.03620399875217
54,1.8,track,2,318.4878966207608,241.34047200145605,319.22494060764916,241.2872925660052,369.04394366218924,140.26662233455824,113.01255230699722,111.13979948919122,111.13979948919122,-0.18706539289302668,-0.3407626756051947,25.225381999916863
55,1.8333333333333333,track,2,318.40134351145036,236.98009160305344,319.16820087911543,240.71572416892096,370.6730752702037,136.86415865434913,112.94040008450705,114.91197643159306,114.91197643159306,-0.18588357199865405,-0.310851236285997,23.952935000124853
56,1.8666666666666667,track,2,315.913304981774,237.75698663426488,318.7919550064769,240.29516361032628,368.8838782373577,137.6768460125292,113.23390030327289,113.40044706026724,113.40044706026724,-0.2020674177071286,-0.27101416182502397,21.80589900308405
57,1.9,track,2,317.23631969618503,238.9404453650958,318.614658993764,240.0635494285006,371.85317124263685,139.79874112718701,113.19045009206447,112.82306345608022,112.82306345608022,-0.20943206986960666,-0.2658735383522451,25.35493599862093
58,1.9333333333333333,track,2,315.45867551983224,239.25353835401015,318.22574477470386,239.89359153654334,370.61114624585184,140.1302403090835,113.43378351482335,111.96185522328761,111.96185522328761,-0.22895062685037704,-0.2605920891299612,23.910594998596935
59,1.9666666666666666,track,2,315.76201540907425,236.79173290937996,317.90537753780643,239.4318083790623,372.49787079328746,138.67948928655747,113.33565032628712,114.11341870727354,114.11341870727354,-0.2466267913644753,-0.22524216925742457,24.214559998654295
60,2.0,track,2,317.21659548505187,239.88120805369127,317.7915743136711,239.39439449766823,374.4211125416691,142.78193143980866,112.69705537688242,111.41369011412861,111.41369011412861,-0.25479255227503866,-0.21573175341699855,24.914068999351002
61,2.033333333333333,track,2,315.5810324129652,240.19241982507288,317.4856854048454,239.4034088703907,374.3346300648416,143.11395803111753,113.47340208753336,111.08175886561772,111.08175886561772,-0.273727270816219,-0.20863932449490133,22.779603001254145
62,2.066666666666667,track,2,315.7978451424397,241.4527027027027,317.2308750756189,239.57168959552874,374.8000950106923,145.465878101294,112.67091899233498,109.2691658993529,109.2691658993529,-0.2913035114304897,-0.23260217684422932,24.074881999695208
63,2.1,track,2,313.0139631098086,239.73004654369936,316.656705097556,239.52187158935186,373.42388723343737,144.74100349857991,112.57120960196767,109.2171604721007,109.2171604721007,-0.3269877476820887,-0.22758944448082047,23.39403400037554
64,2.1333333333333333,track,2,315.2499391727494,241.04440389294405,316.3989624391207,239.63966802836433,376.98794206868155,146.12083078598152,113.2345606825539,109.822237973635,109.822237973635,-0.34831700452074166,-0.22289473815876004,24.770040003204485
65,2.1666666666666665,track,2,316.00958272683164,238.13252062105775,316.25645432651487,239.39986297597656,378.13236642544695,144.3209436303854,112.51600878071437,111.95469554244843,111.95469554244843,-0.36457497338934775,-0.1867729709567692,22.86247300071409
66,2.2,track,2,316.5912758599769,241.30043074683007,316.19978485165274,239.56320586863805,379.9279167250758,148.6488176167957,112.23124115713982,109.253804170917,109.253804170917,-0.3767779228537385,-0.21162038631532923,23.271265999937896
67,2.2333333333333334,track,2,315.4752606520822,242.325980835292,316.018109354843,239.84328207298555,380.1100593287342,149.72837471777083,112.92463796119485,108.45361019163514,108.45361019163514,-0.39573617185247273,-0.20759764907700984,21.246923999569844
68,2.2666666666666666,track,2,317.3784402288467,240.32634748569708,316.08358208121126,239.86698961589687,382.288117989223,148.92153744675352,112.10756248001847,110.34081739638549,110.34081739638549,-0.4021632313676771,-0.20374751962422186,25.41635699890321
69,2.3,track,2,318.18201232534017,240.27616083958753,316.2473976751615,239.8852073895534,384.38824407963284,150.04499618047737,111.91482564362312,110.6243584742018,110.6243584742018,-0.40287079858407826,-0.2000478835484194,26.706774999183835
70,2.3333333333333335,track,2,318.0027049873204,242.08537616229924,316.3843897160224,240.12145182641189,385.4519675941778,152.87556288404187,111.83824842758563,108.97076490840028,108.97076490840028,-0.40407204483903636,-0.19669295024297764,24.480120999214705
71,2.3666666666666667,track,2,314.8562148876405,241.1339536516854,316.1394887798108,240.22986621561967,383.5438501064653,153.0754543576793,111.6794096056512,107.67403364542831,107.67403364542831,-0.4247838196860143,-0.19353354352740407,25.43268799854559
72,2.4,track,2,317.6129169451364,241.68971383437633,316.24484474508114,240.39870315225934,386.683369288645,153.75670762660715,111.8165505087349,109.01640802690356,109.01640802690356,-0.42771962331747315,-0.1906126056560374,26.207005001197103
73,2.433333333333333,track,2,319.6871336193872,240.61092645192483,316.59643332176216,240.42776291958452,390.04377784440663,153.82657404851258,111.7209971701184,111.04949416783975,111.04949416783975,-0.4168789392197678,-0.187779314614691,22.92852200116613
74,2.466666666666667,track,2,319.3161301311531,239.34474535854199,316.8848212409106,240.3030653045287,390.93020004520025,153.6146514538242,111.7059712395258,111.77442337984304,111.77442337984304,-0.407648943314463,-0.1848821578797767,24.31806700042216
75,2.5,track,2,319.7399939448986,240.177838328792,317.20784358022814,240.28579690216185,392.733163635963,155.4200737319257,111.85652185280183,111.55212691835445,111.55212691835445,-0.39510862645929523,-0.1820316095448344,25.12636200117413
76,2.533333333333333,track,2,320.23265870956584,242.32779795883064,317.5703878975699,240.5271591683477,393.57097471067414,158.6461294174479,111.27052729158905,109.6865560524228,109.6865560524228,-0.3788658508603318,-0.20703754158482318,23.496435998822562
77,2.566666666666667,track,2,318.85270098602626,241.25576190188133,317.74458973165605,240.62499397512093,393.4219773591518,158.44086166645437,111.44004971201018,109.73914436078967,109.73914436078967,-0.3709055108354817,-0.2115985924601106,23.735989998385776
78,2.6,track,2,317.9061547836685,241.1160877513711,317.7930831401334,240.69920103425315,393.8144208807016,159.2082891094728,111.6734182346889,109.43431490429266,109.43431490429266,-0.3687583336937896,-0.21541037380625067,23.040506999677746
79,2.6333333333333333,track,2,320.06507830113947,240.07562001096827,318.0950161983788,240.64317714332316,397.20809081163725,159.05110564454813,111.87500305031969,111.86515446799389,111.86515446799389,-0.35282922375668785,-0.2126694619378826,25.497769998764852
80,2.6666666666666665,track,2,317.0605118829982,240.88360755636808,318.0162448179481,240.68623192037848,395.48957670972914,160.72659491168824,112.14394716486008,109.4666567778045,109.4666567778045,-0.35579226705149697,-0.21498957196365634,23.423586000717478
81,2.7,track,2,319.31204986987836,241.24517339466198,318.2090729084993,240.76890981547706,399.0283952276809,161.86080987538557,112.50143505113643,111.13604404329487,111.13604404329487,-0.34462444966376754,-0.21962768273447048,26.073816003190586
82,2.7333333333333334,track,2,318.71362445946767,239.524514282234,318.31561594792765,240.63940040838273,398.49672949194627,160.94988206581766,111.97909035426483,111.40313140275691,111.40313140275691,-0.33720556436816274,-0.21334286724576157,25.132303999271244
83,2.7666666666666666,track,2,319.52864269740235,240.13246172372268,318.50998317759934,240.58964642028266,400.44769520844517,162.39661132083137,112.20853575885216,111.77708888158168,111.77708888158168,-0.3246625918734984,-0.21073307760490007,24.102818002575077
84,2.8,track,2,319.00593886462883,239.79807860262008,318.6263006123818,240.502341795717,401.0520661553498,162.6690000907934,112.60755638716574,112.02464449847146,112.02464449847146,-0.31545583842212893,-0.20589820359581795,22.109248999186093
85,2.8333333333333335,track,2,316.8100230275118,241.02030056962792,318.4687868651304,240.56638971948763,399.92828741959124,164.67947740906683,112.85640059998227,109.82582689513455,109.82582689513455,-0.32036980220874145,-0.2087300880030183,21.050889998150524
86,2.8666666666666667,track,2,317.55087271179224,240.3177035820714,318.4061403747889,240.54214738861364,401.65266732990716,164.65161768156494,113.13031606731418,111.10597103708488,111.10597103708488,-0.3210009654328388,-0.20714096164631884,24.129990000801627
87,2.9,track,2,316.52913631633714,239.20083246618105,318.2221913232026,240.38543012089755,401.5405154717108,165.22790167632172,112.68952513672254,110.63327867833496,110.63327867833496,-0.3284521723194335,-0.17823895449826596,25.930112999049015
88,2.933333333333333,track,2,315.96712990936555,238.4539577039275,317.9800921546985,240.14905507437732,401.9061898861764,165.15932295418943,112.94965919734065,110.94931672770994,110.94931672770994,-0.3398990784408664,-0.17555080665932712,23.344917000940768
89,2.966666666666667,track,2,318.79670424978315,239.4928013876843,318.09025240952326,240.0523723021569,405.4979942232522,166.75797958795715,113.1700843213507,112.5801961724946,112.5801961724946,-0.33374408126234456,-0.17276745894179674,23.007266001513926
90,3.0,track,2,316.7797875569044,239.40995447647953,317.9512451130108,239.953081406115,404.2638505924179,167.43219392668232,113.28838995663078,111.20468962663386,111.20468962663386,-0.3404407150486048,-0.16991584168403137,25.025498998729745
91,3.033333333333333,track,2,317.71553345059743,238.85534057135925,317.93192670754786,239.79516495954167,405.96859375058887,168.4909090776608,112.87052702873902,111.82195310399993,111.82195310399993,-0.3414361559461853,-0.16696182806231066,25.417486001970246
92,3.066666666666667,track,2,316.15666483146754,237.84645500703493,317.72673068852527,239.5282588536517,405.1360449637336,168.20709639925767,112.99101891754452,111.36591560927585,111.36591560927585,-0.3524620312752182,-0.16382234233834927,25.96000799894682
93,3.1,track,2,316.6587128111718,239.4415300546448,317.5942055600751,239.47134862480755,406.2695245262878,170.44079149453455,113.09818521126964,110.8192869039437,110.8192869039437,-0.36056325175694204,-0.1330816012030342,24.078607999399537
94,3.1333333333333333,track,2,318.61063392209047,240.16041616259375,317.7039722618511,239.50703976438146,408.8637676283862,171.79859199781933,113.22087769904466,112.01875401285149,112.01875401285149,-0.3563776060044574,-0.15588422842508887,22.95978300026036
95,3.1666666666666665,track,2,318.64918152498024,236.8263859307491,317.812121196055,239.1445151688511,409.608995791115,170.14570187273287,112.78298381305005,113.61951898131403,113.61951898131403,-0.35180584960807193,-0.10790169585930792,24.889307998819277
96,3.2,track,2,318.6117687424944,237.46062789500772,317.9092272797778,238.8836006802029,410.1605608669687,171.50072293465448,112.83567876265485,113.23019780218233,113.23019780218233,-0.3473434281145811,-0.08787008528383153,25.01697999832686
97,3.2333333333333334,track,2,317.21245867409084,237.97946754828607,317.8326480008734,238.70514418582115,409.37860485941957,173.72438596807137,112.35352247052796,111.26990618278346,111.26990618278346,-0.35169382496811963,-0.07115040821721091,22.068837999540847
98,3.2666666666666666,track,2,315.7999757913212,239.27936815348303,317.5915237645691,238.6980299025538,408.5302300496849,175.65528566684577,112.45854314851856,109.4433364589428,109.4433364589428,-0.36513909262965205,-0.06286745061987788,24.898379000660498
99,3.3,track,2,316.9108268559887,237.33778076993696,317.49850245892065,238.46391454015844,410.2967564284102,174.46734450491172,112.57718951128541,111.57075404302674,111.57075404302674,-0.3717637150503148,-0.04259702006191553,25.06174900190672
100,3.3333333333333335,track,2,319.10140794867226,238.50365353769382,317.67419178249116,238.38870564987425,413.05721917876974,177.36542806819003,112.09628485130806,112.17279368174205,112.17279368174205,-0.36448961524216167,-0.02990490728060992,24.93792899986147
101,3.3666666666666667,track,2,317.21992791251756,237.909768464781,317.61465680413,238.2523253260754,411.90359287658197,177.44163197510886,112.34496847460866,111.1747264155044,111.1747264155044,-0.36894996040393313,-0.013791271026057941,25.73694400052773
102,3.4,track,2,314.85294625885604,239.56333160532228,317.27609875536785,238.3274520006618,410.1432737696095,180.74939911327502,111.97912828864918,107.87234822391113,107.87234822391113,-0.38850826762246055,-0.008520142099481834,22.16758600116009
103,3.433333333333333,track,2,317.4476068843885,241.32189989661254,317.269960375022,238.61335441452295,413.53490402508555,183.26481856499507,112.26483583273372,109.39679649534942,109.39679649534942,-0.391843245830592,-0.014999791290827375,26.031975998193957
104,3.466666666666667,track,2,317.9193665377176,241.04231141199227,317.3223375188819,238.85223249531583,414.74301496968246,184.70364376474672,112.02171382345264,109.69925204139503,109.69925204139503,-0.39206478761523156,-0.020445962989294804,24.103808998916065
105,3.5,track,2,319.4746071233542,241.80419877434622,317.55901837083724,239.17033848370767,417.02098528998437,186.21208936679287,112.27545823468549,110.93336250616962,110.93336250616962,-0.382203551886404,-0.031372762700862644,25.436894000449684
106,3.533333333333333,track,2,317.5704922012502,242.80761060872732,317.5542226051865,239.5904612357125,415.90444629894046,188.80525167709814,112.18654687023378,108.71322401507379,108.71322401507379,-0.38410598686534564,-0.07074437309423016,25.095046999922488
107,3.566666666666667,track,2,319.64190487629116,240.98396588998318,317.79787823194374,239.7667038423994,418.64592153499257,188.6714533936716,111.97497165989004,111.20088818083215,111.20088818083215,-0.37275273985668445,-0.06998382614501916,24.278064996906323
108,3.6,track,2,317.8541096307112,239.04349942203567,317.81260053814464,239.69904495532805,417.49198062969236,187.30792995006726,112.26876006173079,110.82030740458777,110.82030740458777,-0.3724695869302874,-0.06931599916004473,25.703873001475586
109,3.6333333333333333,track,2,316.2035136545486,241.99739085058272,317.62846278967913,239.98778056329124,416.6262451149514,191.80929790139533,112.26562104154793,107.9767336687452,107.9767336687452,-0.3826739199800207,-0.0690360161969366,26.804560999153182
110,3.6666666666666665,track,2,316.77968452071417,241.64170566822673,317.5244114108768,240.2147406933944,417.8439918896636,192.9732684324343,112.172238129315,108.55855669099711,108.55855669099711,-0.3894057843377942,-0.06902639700215445,26.0443410006701
111,3.7,track,2,317.91633223884224,239.88355831205158,317.5630777206378,240.21514583183114,419.53331990132614,191.79570651931627,112.42087738332894,110.59175231703138,110.59175231703138,-0.3889845417388671,-0.06902971085973271,25.589321998268133
112,3.7333333333333334,track,2,316.18290681417545,239.77849370858914,317.39249416981346,240.2004127314076,418.3861992890432,193.1872436443837,112.32211525451557,108.955396232374,108.955396232374,-0.3995177522454717,-0.06901725478879221,23.972373001015512
113,3.7666666666666666,track,2,317.6739244951712,237.5283582089552,317.41142525087565,239.91511972477483,420.32183652642703,192.41609228101993,112.12363881683999,111.0346754750225,111.0346754750225,-0.4006954564758545,-0.06872275289765505,24.78182699996978
114,3.8,track,2,316.69038822603113,237.37005632608563,317.31246323131955,239.6268442693673,419.89289738280064,193.65865778218048,112.07784910015542,110.11862215846963,110.11862215846963,-0.4080448161932252,-0.06816051196653553,23.211127998365555
115,3.8333333333333335,track,2,317.77618033368833,240.1253106141285,317.350456832452,239.68538089878137,422.4135693549444,197.7421046212731,112.89516965494357,110.78929961805623,110.78929961805623,-0.408511529246087,-0.06767997073117103,25.43730300021707
116,3.8666666666666667,track,2,319.48717015468605,239.59526842584168,317.59177367174647,239.67687562224756,424.5046358756139,197.57360083702787,113.11272542641268,112.78837823743409,112.78837823743409,-0.39795236908415893,-0.06720782503108048,24.993278999318136
117,3.9,track,2,318.6682271400778,239.31778939688715,317.7207192092648,239.63558123649986,424.0236209801852,198.58589495134532,112.95506290701141,111.96446676874872,111.96446676874872,-0.3922714257934411,-0.06671045783411472,23.712524998700246
118,3.933333333333333,track,2,315.70872899926957,238.9918431945459,317.48751834757473,239.55782468264826,421.37186080574133,199.58212863817042,112.77332585574844,109.13229810024161,109.13229810024161,-0.4052636456792569,-0.06615421059953648,22.595063001062954
119,3.966666666666667,track,2,318.16783597435585,238.3449256078384,317.56275853782194,239.40769087876117,424.1497748548766,200.13899563256848,112.65817526548915,111.51715236456626,111.51715236456626,-0.4028349844729435,-0.03450407756818929,23.830199002986774
120,4.0,track,2,316.3603696722807,237.34626375630813,317.4174456465974,239.14798714038997,422.56769353234523,200.34154465816408,112.46930637755878,109.96783546403688,109.96783546403688,-0.41179573106795075,-0.017927142601845858,26.09365200260072
121,4.033333333333333,track,2,318.3518620436617,238.08457163823152,317.5196327043449,238.99392163075095,424.7459189024704,202.20541104475922,112.28094005559268,111.3559090529933,111.3559090529933,-0.40819959898767766,-0.005814371775138313,23.244259999046335
122,4.066666666666666,track,2,317.01847733105217,239.99589392643284,317.4564711551009,239.07993938007058,423.60256356391756,205.32034130802546,112.08283270638205,109.25277984567451,109.25277984567451,-0.41293460412921157,-0.00581554818506156,24.38091400108533
123,4.1,track,2,320.090877497828,239.5176368375326,317.7649669205829,239.10544740122702,426.7876965917256,205.82883964953464,111.888990793241,112.12172110284277,112.12172110284277,-0.3981370072305019,-0.003013673653928031,22.144915998069337
124,4.133333333333334,track,2,319.40730371272065,240.37072428484478,317.9725266364844,239.23306654931653,426.31117937193784,207.81837189681212,111.75014217868372,111.07530799788148,111.07530799788148,-0.38732690907628287,-0.005821199670438211,25.024230999406427
125,4.166666666666667,track,2,319.58923133146544,240.1919234985991,318.18794488286824,239.3327017572309,426.6824031286483,208.73701622012774,111.61701768761853,111.16883237726292,111.16883237726292,-0.37515888168698897,-0.007773934554560526,25.22469399991678
126,4.2,track,2,320.18180245632243,238.30236983220897,318.45913700537824,239.20098559463696,428.44306023633345,207.91075312445173,112.44621070636941,113.09118921675963,113.09118921675963,-0.3590592041271465,0.0020745615820303674,23.488636001275154
127,4.233333333333333,track,2,320.4966160599963,237.8981159685385,318.7486618730634,239.0298339905066,428.97274237806613,208.54865456156986,112.37642486684197,113.4206582209953,113.4206582209953,-0.3407911210872332,0.014531046502780195,23.645650002436014
128,4.266666666666667,track,2,319.92400135409616,238.63947190250508,318.94838932256704,238.95919533056951,428.61765760381496,210.35786958771925,112.31277727143842,112.58974837310119,112.58974837310119,-0.32605027629041367,0.02232313261418712,22.355115997925168
129,4.3,track,2,316.00994059886045,236.36598375560675,318.66356439125894,238.62267689690952,424.91968455507146,210.21136853134828,112.00623297895726,109.0665061873298,109.0665061873298,-0.33627477490901786,0.04451238916190012,24.580903998867143
130,4.333333333333333,track,2,319.567556042885,236.54459064327486,318.81806452187317,238.33058193411128,428.6886650359623,211.30836659753155,112.00126531412943,112.41190210383087,112.41190210383087,-0.3244428330712853,0.06574631587879853,22.683569997752784
131,4.366666666666666,track,2,318.2827464359693,239.46442061654685,318.8061396794078,238.40901271647232,427.6375816068074,215.3131142965704,111.99002443165419,110.43229283093018,110.43229283093018,-0.32088487060945414,0.06845790497321469,24.80904200274381
132,4.4,track,2,316.3635200195015,237.64891218233896,318.56212984117263,238.26897718096237,425.9548088321488,214.5045043089078,112.00854520717968,108.97908888952823,108.97908888952823,-0.3298370264414595,0.08235115995974515,23.092378996807383
133,4.433333333333334,track,2,316.778337684415,237.28893206241273,318.3801714725719,238.09791676867442,426.600817298724,215.1824384444904,112.02532788934184,109.45156741827611,109.45156741827611,-0.336671410113336,0.09839238904863448,24.814099000650458
134,4.466666666666667,track,2,318.46006564551425,238.73991004133237,318.4089010282126,238.1146814407789,428.55145919212396,218.6270669077529,111.9135442739192,110.63553480552721,110.63553480552721,-0.33320112075313124,0.10505640787356788,25.4946060013026
135,4.5,track,2,318.18634423897583,239.21141536273115,318.4018491080388,238.190590279654,428.4918389478513,220.09546644378108,111.94963897235964,110.30262723243337,110.30262723243337,-0.331607782330611,0.10835310475919185,23.535751999588683
136,4.533333333333333,track,2,317.53334503334503,238.49122499122498,318.31590558136855,238.17906351798408,428.0989042833372,220.36642926296128,112.04129199743646,109.86742104529625,109.86742104529625,-0.33433148199137414,0.1158139563599278,25.908866999088787
137,4.566666666666666,track,2,316.8932498936752,239.75496688741723,318.15773114379175,238.32242673859372,427.64621015371785,223.58748207137336,111.92678755168306,108.89020757265493,108.89020757265493,-0.3413572315795728,0.11491857935949544,22.41793600114761
138,4.6,track,2,315.68314360504047,238.89815547574116,317.8641255175369,238.3570830609348,427.5913793059924,223.67477527805363,112.93894156730511,108.82287380504147,108.82287380504147,-0.3563614759826366,0.11901764622529479,23.273742001038045
139,4.633333333333334,track,2,316.857782369146,241.21556473829202,317.7295062122182,238.6688603272064,428.97270029050907,227.9696796455228,112.89467787457842,109.63474821623144,109.63474821623144,-0.3642575376005699,0.10805210278073737,23.362774001725484
140,4.666666666666667,track,2,316.7894992118346,241.11307141991028,317.5961831514081,238.95048371681318,428.99055948199475,228.8983281011555,112.86397955101165,109.5545032171103,109.5545032171103,-0.3727240866239639,0.0971654061915452,25.072737997106742
141,4.7,track,2,313.68390804597703,241.5564263322884,317.10125567633656,239.26791448649084,426.02570977101885,230.15990687998632,112.91838234076553,106.4813531331137,106.4813531331137,-0.4010566252824469,0.08298927555299057,22.847201998956734
142,4.733333333333333,track,2,314.38756677999027,240.3961267605634,316.7236518866576,239.42604320343148,426.73444001839715,230.9787517855884,112.74088379051297,107.11500177560025,107.11500177560025,-0.425335134894585,0.07577383839346566,25.222001000656746
143,4.766666666666667,track,2,313.86856830069337,242.88486802092203,316.3113519048355,239.87028285255465,426.2810691782443,234.34358513415467,112.73652410331434,106.43148356950263,106.43148356950263,-0.45311444605563905,0.04575181156327724,24.285352999868337
144,4.8,track,2,314.64716301227634,240.56477126977342,316.0228758381533,240.00687953507364,427.07398579808023,233.91865228053126,112.62309434272225,107.24654411575496,107.24654411575496,-0.47607596167540545,0.0435484666423581,26.594453996949596
145,4.833333333333333,track,2,315.8716335877863,239.2406717557252,315.9048632448417,239.97303484534518,428.3396551612162,233.5149683570024,112.61367393017444,108.53357321981953,108.53357321981953,-0.49115336963610257,0.04134571691101829,23.770986001181882
146,4.866666666666666,track,2,317.66504706954146,237.9562708776192,316.0151907856008,239.78405638808806,430.1450044611678,234.06675143779213,112.54718644326417,110.30469367280621,110.30469367280621,-0.49447349513485883,0.03932719076267088,24.8625849999371
147,4.9,track,2,316.2191110839396,238.88634835238736,315.95196174069724,239.71499285375057,428.68566869593207,236.78135123522412,112.48625513348236,108.73331724799395,108.73331724799395,-0.5063907667968052,0.03738867467761414,24.826296998071484
148,4.933333333333334,track,2,318.57097401449533,239.74597843379883,316.17959470366077,239.7506854486865,430.9659516319628,238.4267003523794,112.40272011071231,110.97710436557765,110.97710436557765,-0.5029215689001368,0.0354420429809471,25.82039999833796
149,4.966666666666667,track,2,319.8643390654855,237.8466215042557,316.5528890709323,239.55492391901353,432.28104102766343,238.2909808704644,112.41758018788464,112.29404668387794,112.29404668387794,-0.4905002219930673,0.033722697193317684,24.657450001541292
150,5.0,track,2,318.242706545722,236.12484677617064,316.7128167972213,239.16365539483198,430.6884188817333,238.25218818563854,112.46583394180404,110.70221732502233,110.70221732502233,-0.4875929283174606,0.07613902751844227,24.73946800091653
151,5.033333333333333,track,2,319.6094101892994,235.9026112362286,317.02871459350666,238.76946530394568,432.09035976008835,238.70119674607523,112.51575932820383,112.09788419519094,112.09788419519094,-0.4754870571997627,0.09878334092024131,24.194926998461597
152,5.066666666666666,track,2,322.4008271583664,235.000516973979,317.6603157457842,238.29270596503892,434.8665457015485,239.39809198753426,112.5516615312013,114.86812270887602,114.86812270887602,-0.44500966619699134,0.1276336341133804,24.125179999828106
153,5.1,track,2,321.8574625060474,238.1140541848089,318.1874923511255,238.22025480180613,434.3807971320714,244.0884345790149,112.6818266467794,114.4538424425976,114.4538424425976,-0.41715718630591003,0.13709823734307652,25.33069800119847
154,5.133333333333334,track,2,321.211494655686,237.46837217452253,318.60231140740717,238.07844070334616,433.6528336245577,243.91277697567654,112.6258632035903,113.72016714089358,113.72016714089358,-0.3928453170612778,0.15056989449415958,26.196754002739908
155,5.166666666666667,track,2,323.59563139105705,236.92805711865432,319.2725125645234,237.8843238067983,436.0923413611782,244.91134370570575,112.77961969625787,116.19618332680255,116.19618332680255,-0.3530378173922644,0.1674044515868684,22.943056999793043
156,5.2,track,2,318.9100855745721,234.48869193154033,319.33511948659054,237.41441036089955,431.4273489531071,243.98013058105312,112.91688078330928,111.49841045575376,111.49841045575376,-0.34260433775830046,0.19970115131901534,24.24019400132238
157,5.233333333333333,track,2,319.73880597014926,237.86915830682653,319.48611204473764,237.3826993478388,431.2874395345574,248.7909846831902,112.08204111936057,111.63411490157412,111.63411490157412,-0.32722757085710263,0.21063804068769215,25.184625999827404
158,5.266666666666667,track,2,322.51663157894734,236.23921804511278,319.9531791396127,237.16355523549424,434.00056240749615,248.47418383464316,112.1532934017349,114.31509095866893,114.31509095866893,-0.2920026140910463,0.2315626517571966,24.326342998392647
159,5.3,track,2,320.9553799392097,235.85045592705168,320.19719119546073,236.91708834412356,432.44669469794104,249.4891075023783,112.32242021708606,112.8463659569224,112.8463659569224,-0.2817655906631807,0.25474761516562605,25.039814001502236
160,5.333333333333333,track,2,318.9395564221301,240.18169631976602,320.1767156267667,237.2099616572343,430.35729453222206,254.19719278721863,112.2957991502719,111.26676385834658,111.26676385834658,-0.271732948508578,0.2501215644515099,25.80012100224849
161,5.366666666666666,track,2,319.70166520595967,238.84469763365468,320.24041216750226,237.3305398992648,431.0319038853756,254.08897912613693,112.36908010052299,111.92221858606987,111.92221858606987,-0.2618582550663579,0.2531683672041458,25.030527001945302
162,5.4,track,2,318.4978962131837,238.81924964936886,320.14842695522697,237.44518285836583,429.7831997895094,255.2866811311221,112.49708925870574,110.84238167789405,110.84238167789405,-0.2523163488473575,0.2557743259146206,24.9062379989482
163,5.433333333333334,track,2,320.02346450009094,238.98023403868308,320.2373229159111,237.57582972209616,431.1484166571688,256.76004520047087,112.5383342548737,112.4049360149163,112.4049360149163,-0.24293785318500916,0.25679835590805666,25.097451001784066
164,5.466666666666667,track,2,317.4454828660436,238.19613951499602,320.005651015107,237.60777280190538,428.44895888836135,257.2569946890129,112.62809546912402,109.8133896647677,109.8133896647677,-0.23404041352465782,0.2622846903275715,22.863111000333447
165,5.5,track,2,319.34047701348084,238.85862426546836,320.008820771646,237.71960385774284,430.17477668361954,259.09717616958187,112.66694708984355,111.8176352591016,111.8176352591016,-0.22538058716163314,0.2631730665531774,24.003898997762008
166,5.533333333333333,track,2,318.34273582044284,242.2647255080376,319.8872000960444,238.23407841245873,427.9837411734196,263.6739052218009,111.71169603415613,110.5483701655474,110.5483701655474,-0.21707538190593084,0.24194077549943188,24.284637001983356
167,5.566666666666666,track,2,318.3814074717637,240.59756733275412,319.7729900785773,238.51833354851075,427.87964164731716,263.10803038577785,111.78812206324021,110.3267789354135,110.3267789354135,-0.209103550467288,0.2305167386277725,24.63387299940223
168,5.6,track,2,317.45843751905835,241.89241934500214,319.5514629650114,238.9392796467523,426.75366670831085,265.60121715646574,111.83717725870987,109.78054324679593,109.78054324679593,-0.20155339024948474,0.21040143551150187,24.663332998898113
169,5.633333333333334,track,2,314.1788849203947,241.34408862521946,318.94828198817726,239.2667916000071,423.3362717457951,266.224148348428,111.95692238705261,106.61187089119659,106.61187089119659,-0.24975813350787135,0.19327524139849073,25.159255998005392
170,5.666666666666667,track,2,315.38410798265437,240.26256642032615,318.52506027169,239.44160911299738,424.38376516517684,266.25441590899294,112.05579639513937,107.63486788574215,107.63486788574215,-0.2693678825254452,0.18274110894625673,23.175672999059316
171,5.7,track,2,313.6874962192245,240.59790696267618,317.9256357408794,239.64187460176055,421.5273579145918,268.671520705883,111.43412205908348,105.49815403458726,105.49815403458726,-0.30043427410064044,0.15130366776938292,25.33609899910516
172,5.733333333333333,track,2,315.6603589305335,240.3008179709437,317.601570326421,239.7899390249526,423.3557205048003,269.43706787225585,111.56707382970913,107.46602219298056,107.46602219298056,-0.31964524655041887,0.1469465486356064,24.741280998568982
173,5.766666666666667,track,2,314.66304281438954,240.71703414157454,317.18220902024984,239.97396219367832,422.30905578055155,270.94062742212043,111.80845092522736,106.88529047526829,106.88529047526829,-0.3454661429953352,0.14242261727896985,23.61027299775742
174,5.8,track,2,314.2758979698074,238.55630747874372,316.74752027162305,239.88322753133303,421.8529368900051,269.8153854488848,112.02655604088297,106.1271782465968,106.1271782465968,-0.3740030597628104,0.13805099797024026,24.88942799755023
175,5.833333333333333,track,2,312.2492555613943,240.70169907164126,316.1036268786206,240.04981481945225,418.82501242890413,272.98393392611007,111.35768783106826,104.18408217580577,104.18408217580577,-0.41559415925144394,0.13360504265065473,24.30099000048358
176,5.866666666666666,track,2,312.3299835556368,241.4517936536939,315.5170468267911,240.29114871162272,418.8834632249919,275.7846752974561,111.94816118012952,105.15931858619419,105.15931858619419,-0.45692311541817965,0.12904340352083044,23.591553999722237
177,5.9,track,2,314.94061279296875,240.12677001953125,315.28856475116373,240.35399425040129,421.4503018807401,275.54125348642447,112.24303768519707,107.49578806204258,107.49578806204258,-0.48167044013003746,0.12456464167715287,25.21897299811826
178,5.933333333333334,track,2,314.8515420805018,240.0182958703607,315.074106063218,240.39462114505218,420.39234312379534,276.3924398865654,111.63305530966922,106.78498133531295,106.78498133531295,-0.5065147377252311,0.12019779022970974,24.45520299806958
179,5.966666666666667,track,2,314.75959841801034,237.0957103742014,314.8726047539239,240.0780036771118,420.24705340489044,274.5078067209291,111.92527914937668,106.02009451538872,106.02009451538872,-0.5313937728351291,0.11628660118554689,23.09780799987493
180,6.0,track,2,318.26818260718625,236.5611872938726,315.1139428675096,239.71261981205149,423.74076668322755,276.0090724921737,112.60817749300422,109.81256746734626,109.81256746734626,-0.5333181807485917,0.11284946316011844,24.313423000421608
181,6.033333333333333,track,2,318.67340828546986,235.10326286203104,315.39889636134956,239.19258164940115,423.21203073606966,275.566416658633,112.0963442715083,109.16818805219255,109.16818805219255,-0.5315516095807638,0.15222033738807267,25.827781999396393
182,6.066666666666666,track,2,318.47134105659006,235.70504033480924,315.65053695847183,238.77556960188156,423.0549164820569,277.156023626716,112.49848116592617,109.54855500129977,109.54855500129977,-0.5299728963386877,0.17448943431789776,25.755431001016404
183,6.1,track,2,322.17758033106134,235.16267039922104,316.3367998727611,238.3201873998858,425.7996500122448,278.63993261278813,112.37350957676506,112.63485399748294,112.63485399748294,-0.5038128123214018,0.20075120638642074,23.968123001395725
184,6.133333333333334,track,2,320.78188976377953,233.48225317989096,316.8185462095815,237.69425918109764,424.39405398440084,277.85979503066164,112.71577882088161,111.04720882157152,111.04720882157152,-0.4851926882952808,0.23817639580040367,26.179074000538094
185,6.166666666666667,track,2,324.6553371635924,236.98693680072574,317.7360917665593,237.5302535833034,428.3634019252764,282.3788038389533,113.20682086265725,116.35544633423686,116.35544633423686,-0.4409500266568938,0.25380298764768305,24.935506997280754
186,6.2,track,2,324.45714285714286,233.23335351089588,318.57288418198914,236.93282335841943,427.1098170942619,280.51165182192915,113.01685281062794,114.51509442561473,114.51509442561473,-0.3967067958567063,0.2932122498102645,22.513119998620823
187,6.233333333333333,track,2,323.365142364107,235.39085418464194,319.2238079668532,236.63669642552145,425.91939899395004,283.4825971548867,113.27043433666084,114.49740319576574,114.49740319576574,-0.35847189766488397,0.31914858122344236,23.453948997484986
188,6.266666666666667,track,2,326.5929036681522,233.91600959890297,320.21443426827284,236.19011771733273,428.2123704362231,283.88479883503106,113.24043413883427,116.77239692760237,116.77239692760237,-0.31037100692918074,0.3542887566918733,23.839512999984436
189,6.3,track,2,326.0818748864531,233.53364016229636,321.07403738056394,235.7339034898192,427.5264463963452,284.2344483944227,113.40887550900267,116.26961382659246,116.26961382659246,-0.24317119631029682,0.39175111997565215,24.79925199804711
190,6.333333333333333,track,2,325.04818690678997,235.30007301046484,321.7453447749855,235.52674978078218,425.359960173476,287.71615734409846,113.18081883772363,115.66137159589286,115.66137159589286,-0.19271485526586574,0.41776100998166193,27.06629499880364
191,6.366666666666666,track,2,325.82037258588275,236.0924628268672,322.45386350954254,235.43740850433517,425.9167817238129,289.23365458508454,113.32818441937351,116.80033131174433,116.80033131174433,-0.13744503057612115,0.43816116086065804,34.45302199907019
192,6.4,track,2,326.10632710394526,235.00238182484426,323.13747833011234,235.23337329798574,425.0714388677117,289.80009168231044,113.12330596317379,116.27577734548932,116.27577734548932,-0.08059965277530232,0.46476718053954225,32.67758899892215
193,6.433333333333334,track,2,322.9316298342541,238.50742403314916,323.38227055358584,235.47115864519918,421.5321404184544,293.9541462043862,113.1211725849734,114.97749967100962,114.97749967100962,-0.04441415359381079,0.46842339143043304,25.41263500097557
194,6.466666666666667,track,2,320.7142244810483,237.18565917580062,323.3291704020692,235.54555025210584,418.1745746230816,294.1451635955531,112.88447631783357,112.11576982392896,112.11576982392896,-0.02340686464285116,0.47937764816210615,27.971938001428498
195,6.5,track,2,320.782950939712,239.90676104466684,323.270730301055,235.94895695195456,416.96283314414484,297.4639327931281,112.08656369315834,112.71155479094597,112.71155479094597,-0.0033921511286732486,0.47211940125159846,24.465429996780585
196,6.533333333333333,track,2,319.0389150222982,241.39428187427455,322.99176360448195,236.51214971897903,414.9667833993466,300.51137667997665,112.68090712108544,112.60691211877018,112.60691211877018,0.00409815055399268,0.4542062680698906,24.737102998187765
197,6.566666666666666,track,2,318.9881946966945,241.53868507083183,322.7099975478039,237.06242956839958,413.72694631803273,301.09821350364456,111.90517631418416,111.88267139928472,111.88267139928472,0.009655733878440015,0.43413735162152395,24.04191299865488
198,6.6,track,2,317.46583102326144,241.3406653007111,322.2515279670112,237.55729919970776,411.0611006294348,302.37545913696886,111.73773109960112,110.3758214030216,110.3758214030216,0.004002234465810578,0.4142602711976925,25.46859300127835
199,6.633333333333334,track,2,314.5707754206291,241.06949524506217,321.46522293575447,237.98936154024068,408.0791859777837,303.5412929344616,112.45687329581341,108.60680876580467,108.60680876580467,-0.02167717651900851,0.39525802860717635,24.91337199899135
200,6.666666666666667,track,2,314.2273204903678,242.800350262697,320.6793870237741,238.6002016113255,406.65187181682336,305.7235600257464,111.81067934138194,108.75722151570936,108.75722151570936,-0.051324711346821386,0.3645995023519698,24.091745999612613
201,6.7,track,2,314.99076172215445,244.06745685898554,320.0297092102049,239.32150537154843,406.4578349826586,308.275759735913,111.75388874297703,110.16595026324943,110.16595026324943,-0.0792229466596617,0.3251889549857345,23.887973999080714
202,6.733333333333333,track,2,312.08420349684314,243.5846284604177,319.07175927203264,239.9349379836379,403.5630900910032,309.1870486029328,112.5702634849109,108.4879611751539,108.4879611751539,-0.12381178568816664,0.2848189752426347,24.71388900085003
203,6.766666666666667,track,2,311.00384684738833,244.7347478511751,318.04596885779273,240.6403423470542,401.6099434383225,310.6915887671655,112.07037790184772,107.96982722238764,107.96982722238764,-0.17802594499035027,0.24336588046998522,24.83501300230273
204,6.8,track,2,311.62722824187347,242.419084236281,317.16379069794385,241.01562225957886,401.3291115422946,309.5996523428902,112.06987373406433,107.04455142841309,107.04455142841309,-0.22937217673530175,0.21321849655995245,24.719353001273703
205,6.833333333333333,track,2,309.63209786379406,242.87949607449335,316.1063573690226,241.41176895356554,398.486450570616,311.35370301468527,112.17759585156273,106.07296477935202,106.07296477935202,-0.2940969849253109,0.18039820168517745,24.63737499783747
206,6.866666666666666,track,2,313.24165063822346,243.1951390103165,315.5577689720645,241.80946287867678,401.29104558136083,312.7385037253318,112.20060394551456,109.08310600597596,109.08310600597596,-0.3364472496192653,0.14591209049223447,26.519752998865442
207,6.9,track,2,311.04597841331787,240.484480761022,314.79456672372,241.84597019533533,399.17869648238843,310.27828335135564,112.42130969820953,105.86927357578128,105.86927357578128,-0.3925865694407169,0.12912590407662983,25.290640998719027
208,6.933333333333334,track,2,311.3441554522962,240.91768752640155,314.1297570699991,241.91955390255927,398.7262204652512,311.85962009057016,112.5539118905573,106.59091325391863,106.59091325391863,-0.44669092331774873,0.11048415953721916,26.04406400132575
209,6.966666666666667,track,2,312.69973222979553,238.7886441090555,313.6853623809823,241.72209111965702,399.18921668397877,310.7986857710871,112.54277862803073,106.22328344546347,106.22328344546347,-0.49173628378554113,0.10627267877814858,23.228466001455672
210,7.0,track,2,315.19180995200196,235.71189015128502,313.58464455400286,241.15795106897687,400.83316041767927,308.76163086579083,112.56422845665267,106.12333250719914,106.12333250719914,-0.5200981921118424,0.12280852222575153,24.22894699702738
211,7.033333333333333,track,2,317.79449139660727,238.88508542591353,313.8194705978908,240.9993047799012,402.7241978173575,311.9862711724406,112.05729958491357,109.66000247053364,109.66000247053364,-0.5306120868044268,0.12061517210313995,25.519934002659284
212,7.066666666666666,track,2,320.23854823073196,236.59222006786234,314.3487697385133,240.56932393960943,404.2809881102514,310.72073038951225,112.06323100557827,110.02139184570619,110.02139184570619,-0.523919389097933,0.13393131532319302,24.190295000153128
213,7.1,track,2,319.7330545391183,236.07161526398326,314.79915832264766,240.09822444259413,402.9852197187368,311.3212010936611,112.2204222707816,109.42239449586847,109.42239449586847,-0.5185612269538517,0.1568079769287336,23.823065999749815
214,7.133333333333334,track,2,324.27607149054313,234.2845740065938,315.77656158900436,239.43909007894416,406.6841058868223,310.54282168500754,112.27824576488815,111.7605650696192,111.7605650696192,-0.4826184294942496,0.18215936524386103,24.396995999268256
215,7.166666666666667,track,2,322.19916282455716,230.9069400630915,316.4534040290103,238.4155973129709,403.7374039007379,308.26170693629354,112.39325920981561,108.03524168479348,108.03524168479348,-0.45784550505032884,0.2348814384016003,23.806640001566848
216,7.2,track,2,324.8081642570769,232.56767099987852,317.4050657072944,237.65594955933295,405.55889086995273,311.0301320420952,112.59235161106098,111.20073500123083,111.20073500123083,-0.4149785820308095,0.27828904094000273,24.8831210010394
217,7.233333333333333,track,2,326.27633378932967,231.3344733242134,318.47486339273684,236.8009277227707,406.1991709053726,309.8657331254743,112.04828717410486,110.95727885061727,110.95727885061727,-0.3612151031825419,0.330278468295295,25.91901699997834
218,7.266666666666667,track,2,327.33217486738613,231.08920187793427,319.6023904144118,235.97720747524008,406.34261228602526,310.73693202088805,112.18917121544966,111.6188167295399,111.6188167295399,-0.278539016966017,0.3844446840545541,22.86987800107454
219,7.3,track,2,328.5741504960927,231.65721310036,320.8024573233341,235.282712353819,406.7448397846853,312.4063218645855,112.38805643870884,112.99266646658391,112.99266646658391,-0.22696215457449176,0.4353496907529819,24.962619001598796
220,7.333333333333333,track,2,329.5328919395007,231.6498208103019,322.0328351547229,234.64278619561327,406.7612699524979,313.51912854898,112.54690542226726,113.72150291994765,113.72150291994765,-0.1489431753267853,0.48630679898893775,23.765800000546733
221,7.366666666666666,track,2,327.8258706467662,233.0794199733042,322.96902451326116,234.22757284767266,404.07818078734556,315.9694027382662,112.62843355277032,113.31588872227252,113.31588872227252,-0.08116751242443354,0.5279256200648682,23.876803999883123
222,7.4,track,2,328.59729549451214,236.2421927111758,323.92248802226146,234.23151942460746,402.8293514818167,320.1726041461159,112.04781166868293,115.27509671419982,115.27509671419982,-0.008473519259031198,0.5487753297932534,25.90360099929967
223,7.433333333333334,track,2,328.93330501274426,232.92559776671925,324.8377012444576,233.8536616295409,402.31528912966445,317.8875497899816,112.26508310485083,113.32377171973725,113.32377171973725,0.06613378446696852,0.5895717435816662,24.013831000047503
224,7.466666666666667,track,2,325.7142943670503,236.62428831011508,325.28967361633113,233.9562639596496,398.01978508881996,322.5149229426945,112.2732608687535,113.55967318350501,113.55967318350501,0.11974075618553745,0.6060333441696399,24.30423500118195
225,7.5,track,2,326.42400486174415,238.4328775448192,325.7757025899172,234.28320385441893,397.7521273775334,325.38360057383227,112.46390219486243,115.48052891584757,115.48052891584757,0.17666646338838735,0.6096353127034235,26.041340999654494
226,7.533333333333333,track,2,326.1110727837185,239.52035184546395,326.171117518901,234.7326928310851,395.53114803999813,327.3871452295499,111.98089224590585,115.50527033694419,115.50527033694419,0.23032316688780796,0.6047743310139226,24.544562002120074
227,7.566666666666666,track,2,321.33704735376045,238.11055013927577,325.947847002245,234.99627591322286,389.92763435063335,326.8295108103961,112.14152935973087,111.4864924259821,111.4864924259821,0.25211660570343214,0.6073221542822984,24.480402000335744
228,7.6,track,2,321.56543837357054,240.6405276214679,325.74348651425765,235.55461494359267,389.3357674558856,330.2532087054824,112.35323811528785,113.81164408939891,113.81164408939891,0.27319666249303404,0.5925222258898056,25.299365999671863
229,7.633333333333334,track,2,319.6493127356769,242.22479017151198,325.3026004805824,236.27436999512412,386.63032680852143,332.7060211316045,112.57579403353189,114.16657481357608,114.16657481357608,0.28000269536426886,0.566201871081738,26.079258001118433
230,7.666666666666667,track,2,316.70067322630763,243.5104436388745,324.51876225598534,237.10710748322154,381.9639394941045,334.7608950218765,112.18707056315787,113.22171621635198,113.22171621635198,0.26581101626963116,0.5302645825817494,26.180986998951994
231,7.7,track,2,313.89505464645856,242.77531550027172,323.43360851105786,237.80109280189538,378.5132988612369,334.8474719195701,112.48466327949106,111.44437658831453,111.44437658831453,0.23133351756344728,0.49766722803978325,26.059497002279386
232,7.733333333333333,track,2,312.19442520775624,242.13729224376732,322.2022240861669,238.37365186315577,375.18360240107324,334.94153587751987,112.16177637646432,109.81404832143349,109.81404832143349,0.18353138119052648,0.4681693879592321,21.83305600192398
233,7.766666666666667,track,2,310.4508006356191,246.4943160982765,320.8333825036894,239.42746140046233,372.93516838485954,340.1411806587324,112.57900095056225,113.27130314275685,113.27130314275685,0.12229068427397802,0.410300691088549,26.044487000035588
234,7.8,track,2,311.206434803684,245.21746243334948,319.6395627174537,240.25634547101657,373.10750193789306,339.6530177329683,112.91508409907519,112.92090464289865,112.92090464289865,0.08258216412017277,0.37301862578591977,24.128311000822578
235,7.833333333333333,track,2,310.4162116248028,245.55933745904622,318.42980248362795,241.06475943097473,370.81364306810923,340.75169573448056,112.73612907576502,112.84028764243095,112.84028764243095,-0.00012991006508902142,0.3072117781314686,24.72182699784753
236,7.866666666666666,track,2,309.7776230550342,244.0731973118605,317.2273368368479,241.63298164286056,369.6708128472051,340.0110241532131,113.0984562340369,111.66644348718486,111.66644348718486,-0.07053420611509119,0.2631746343091701,24.90882400161354
237,7.9,track,2,309.87882295601315,243.4745339344462,316.124060052247,242.080231834743,368.2425575291249,340.1623986088048,112.93745476416454,111.174864299535,111.174864299535,-0.14117198397362068,0.22319330231839252,24.540678998164367
238,7.933333333333334,track,2,308.42599867045385,243.82456034326464,314.9314301985005,242.52647062199478,366.35836893617454,341.15356472153036,113.26559326586793,111.27058023707481,111.27058023707481,-0.22149483415494758,0.18151024100674273,23.379229998681694
239,7.966666666666667,track,2,309.6775318110511,243.45947359246992,313.9815741147507,242.88556397940957,366.12921646378055,341.5078591772973,113.13831630319675,111.49775821208398,111.49775821208398,-0.29406890757549864,0.1427976331719011,25.752644996828167
240,8.0,track,2,311.8878824132627,242.25705007690993,313.3768863587388,243.06228063538282,367.79071078964665,340.8625601319345,113.34978091593736,111.61186350091891,111.61186350091891,-0.3522299411149733,0.11257920217533582,22.784082000725903
241,8.033333333333333,track,2,312.36859323882226,238.0229007633588,312.8906676449817,242.70535828575746,366.78657957038735,337.2602912744841,113.17851789027803,107.92844058307185,107.92844058307185,-0.40638736998549174,0.11042087516976612,23.81680300095468
242,8.066666666666666,track,2,316.10906550006075,236.91815530441121,312.90595614960483,242.22335055181355,369.06224071507194,336.7142046388058,112.97473269764615,108.44694944026998,108.44694944026998,-0.4355036566432718,0.11697517982004374,24.28409899948747
243,8.1,track,2,315.779015138333,236.38402644858186,312.9043322579332,241.69471707096756,368.2646894872067,336.69883190234947,113.21575069345809,108.07471648158656,108.07471648158656,-0.46486714574631127,0.12864584793182132,25.77808700152673
244,8.133333333333333,track,2,319.7492657856094,234.57843857072933,313.39960341385444,240.97293465929334,370.8158667992787,335.2973219874553,112.92515758590433,107.99922174044943,107.99922174044943,-0.4671234431774399,0.15343810398215804,26.020007997431094
245,8.166666666666666,track,2,320.7271654870239,232.42130097741827,314.00093825277986,240.0308078860282,370.3463721106558,333.5326765727707,112.63026210012612,106.22202583066823,106.22202583066823,-0.46084496676056175,0.195237873713578,28.82709299956332
246,8.2,track,2,319.62789285063474,233.08880519953837,314.450104353838,239.22324464020033,368.8509189763133,334.6708796374233,112.87968881988128,106.53162786775492,106.53162786775492,-0.45929712305948844,0.23135408211996197,26.496361999306828
247,8.233333333333333,track,2,324.73622734661933,232.84568607381541,315.49589622768275,238.4364788046125,372.5256153503528,334.6839833108473,112.49384156436936,108.27740744745425,108.27740744745425,-0.42330402489135893,0.2717999941075785,23.79549999750452
248,8.266666666666667,track,2,327.5389950115586,230.49038812507604,316.82216347645226,237.41956079078147,373.9101614485081,332.6712121455084,112.21054261618129,107.21128237234191,107.21128237234191,-0.36710470495760317,0.32825589758572443,24.369980001210934
249,8.3,track,2,326.610440060698,233.04965098634295,317.9603653147292,236.77757157059725,371.5516785702869,335.5968353636315,111.96267209425368,108.61091333266398,108.61091333266398,-0.31446433582252886,0.3694327579485243,24.76738299810677
250,8.333333333333334,track,2,330.6628069111852,231.78617762958473,319.5129400593495,236.0328738140281,374.1536258465219,335.5612902859757,112.51988863535583,109.83886103490694,109.83886103490694,-0.20876098712735885,0.41900888167357053,24.27781599908485
251,8.366666666666667,track,2,331.96663841123757,230.72553887139742,321.1206591835402,235.21805847784606,375.03646645011275,334.84641459915974,112.6772685576572,109.65789985965485,109.65789985965485,-0.14207988295705315,0.47560140728896183,24.55179300159216
252,8.4,track,2,330.59435897435895,233.1179487179487,322.45457026320616,234.7525995279101,372.25450225395565,337.5819391726144,112.46462928311732,110.69222130979426,110.69222130979426,-0.05884022928265262,0.5170929822190471,25.5022450000979
253,8.433333333333334,track,2,332.9178058184367,232.76428321065546,323.96879709685254,234.28806445515713,373.14633888355274,337.5441120352319,112.23701439845354,111.08279402980148,111.08279402980148,0.039982017081423266,0.5604000031465295,24.326242997631198
254,8.466666666666667,track,2,330.4990871470302,234.68202288218112,325.0808071531991,234.0968307991846,369.30064205214717,339.7567608150144,112.0100942536359,111.27427660990627,111.27427660990627,0.1240120618457895,0.590928700762247,25.75171599892201
255,8.5,track,2,328.6671131949096,235.50319673628448,325.881991102837,234.03112938326277,366.0566955622316,340.9563648740504,111.8854393560426,110.9657911912247,110.9657911912247,0.19618091830209028,0.61526528570741,26.399470996693708
256,8.533333333333333,track,2,329.6672357862387,234.39115588185078,326.7281719223477,233.85150116965764,365.7634391896148,340.083102719984,111.68582509241129,110.04962433611688,110.04962433611688,0.2739010700540293,0.6455433218498539,24.93956200123648
257,8.566666666666666,track,2,328.71470266326156,238.82840812355587,327.38161665261555,234.2281277999382,363.3406610956186,344.8986860573292,111.57894451153066,113.49954731521787,113.49954731521787,0.3445715116127265,0.6465420611756305,26.60522100268281
258,8.6,track,2,324.9442116291252,237.17688143879866,327.5161399311348,234.3972271119936,358.3217654267283,343.536290876979,111.47369677888312,110.40073022396001,110.40073022396001,0.38985305981802526,0.656442213474966,25.875832998281112
259,8.633333333333333,track,2,322.96167183792664,240.28368923769546,327.37789551226956,234.93881904749534,355.0291779814056,346.9882608004029,111.41898645492613,112.57677939587727,112.57677939587727,0.42045341498239697,0.6452646484449864,23.840279998694314
260,8.666666666666666,track,2,322.0144874825726,240.36600594047403,327.10928360950487,235.46617944020588,352.8449514828942,347.33520642211556,111.32352564555592,112.24810633410183,112.24810633410183,0.4426659463720788,0.6319623033554601,23.200267998618074
261,8.7,track,2,320.9581477640168,240.15307180769935,326.70767456034673,235.94231193100336,350.63449595015993,348.35211250050014,112.19500010476207,112.59952320254915,112.59952320254915,0.4557257898112245,0.6185890867123708,26.473425001313444
262,8.733333333333333,track,2,316.59006744328633,242.97627222562846,325.78792831234665,236.7311967176733,345.1242145246,351.45246018186157,112.16630912700147,114.24918833876922,114.24918833876922,0.43852365548278094,0.5860330434603829,23.405806001392193
263,8.766666666666667,track,2,314.439606741573,244.81894235466535,324.65096715825337,237.69365517751189,341.92410662115606,353.5670883797135,112.16753985675174,115.66395295934456,115.66395295934456,0.40480265852833813,0.5403743952209058,25.599151998903835
264,8.8,track,2,315.9767908135367,243.84525183790024,323.75606799546836,238.47881415483556,341.37776413583873,352.79803515255895,111.87456564264853,114.80594729248776,114.80594729248776,0.3780931138104958,0.4995873391197596,24.296560000948375
265,8.833333333333334,track,2,311.69933184855233,245.94414939181087,322.3974092778303,239.46194563329735,336.07317411006966,355.08891399162934,111.83319644067728,116.20587355958075,116.20587355958075,0.32195782253886607,0.4445509670679386,24.506609999662032
266,8.866666666666667,track,2,311.07322033898305,244.8477966101695,321.04490550362567,240.24573947280595,334.4779708587692,354.23238783570554,111.86049858851446,115.14621170856823,115.14621170856823,0.25946640584670533,0.40848267842199576,24.79024900094373
267,8.9,track,2,309.1676595744681,247.42772036474165,319.5503381286642,241.27937658215893,331.6512935792833,357.0622256728763,111.91621219565059,117.6406278526176,117.6406278526176,0.20637911802395845,0.3307655847216659,24.222844000178156
268,8.933333333333334,track,2,308.7230375738384,244.90049327081175,318.1022856274071,241.93397162671562,330.20379640093785,354.68065710403187,111.86200146178622,115.13370737887462,115.13370737887462,0.10330236731937625,0.2807000264968845,24.399008001637412
269,8.966666666666667,track,2,308.9472245943638,246.26285226302306,316.7828098207262,242.69579655770627,328.50790111046524,356.26728592292886,111.73001159314438,116.57815471686601,116.57815471686601,0.022336576006611042,0.22216473426323274,24.49435100061237
270,9.0,track,2,309.37512201073696,244.41233528550512,315.6126492278584,243.1723626577176,327.99456591514013,354.5874423471999,111.73736128692642,114.86598725403609,114.86598725403609,-0.05665220128638199,0.175687482284168,25.149018001684453
271,9.033333333333333,track,2,309.00276816609,243.53200692041523,314.49040967030817,243.49609467757384,326.70136028563746,353.8894834301815,111.76767325402153,114.08647012539,114.08647012539,-0.13823281257814723,0.13557182446610302,25.876498999423347
272,9.066666666666666,track,2,308.3290295205189,242.57507425592533,313.38002609833313,243.66694174153045,324.20622393175415,353.07226284605144,111.6320473192804,113.15047036972761,113.15047036972761,-0.2239506151485493,0.10258199869155735,26.06717100206879
273,9.1,track,2,313.04683212391,237.94987499237757,312.92819509179054,243.2559025881318,327.95526597722613,349.6453387848512,112.68601524490292,109.93355526868586,109.93355526868586,-0.279170018536955,0.1003047248411322,25.98400700298953
274,9.133333333333333,track,2,314.8547235998548,239.32466432805128,312.7475140861884,243.01803704474287,327.9395210886964,351.16731274180466,112.60546136634069,111.45047069147829,111.45047069147829,-0.32146582005450974,0.09116326947420739,24.70030400218093
275,9.166666666666666,track,2,314.45064168846176,236.78948969040812,312.5561596889823,242.47730926441625,326.69371935474294,348.773399951247,112.65118334065649,108.97916505348165,108.97916505348165,-0.36451792305127817,0.09976854260076531,23.39791700069327
276,9.2,track,2,316.0769698074236,237.18504343600026,312.59661129846205,242.00524845410598,327.48282125580926,349.32230571849806,112.71583313570612,109.57809608473376,109.57809608473376,-0.3953707699979429,0.10767716651894955,25.502815002255375
277,9.233333333333333,track,2,322.0808234151081,232.21538741802283,313.37674193046644,240.9586074257146,331.63986236876195,344.4499685708856,112.64091810827895,105.09653814670921,105.09653814670921,-0.38589916797284535,0.14881472145715036,24.896102000639075
278,9.266666666666667,track,2,321.94316382192505,230.8771775470702,314.1133820853036,239.8105281451216,330.72560985142826,343.19293653377514,112.65860408784022,103.74883544960299,103.74883544960299,-0.37449468846387257,0.19058295857490384,25.37298499737517
279,9.3,track,2,325.18375340599454,232.89594686648502,315.2090907758434,238.97316512074576,332.1687961042777,345.27163158491896,112.59256341976457,105.97261917674014,105.97261917674014,-0.33990837196901136,0.24048036838414535,25.280367000959814
280,9.333333333333334,track,2,325.9636474164134,231.84212765957446,316.342974868123,238.0636450552999,332.2164725095275,344.2526927935748,112.58433716725612,104.96602381383951,104.96602381383951,-0.29767287941493736,0.2890444564945137,23.66978599820868
281,9.366666666666667,track,2,329.19432006379196,230.98656688952954,317.8008693483695,237.11320905798317,333.7060173155033,343.44839079551906,112.55228673089185,104.35240518950825,104.35240518950825,-0.23246479555135013,0.3440837594395765,25.543875999574084
282,9.4,track,2,330.6759766963674,228.88382453735434,319.348352501147,235.97831869736964,333.5370919538076,341.34003143988184,112.49259731831438,102.24018207535667,102.24018207535667,-0.15542739919739978,0.41331383744907524,25.245273998734774
283,9.433333333333334,track,2,333.9090853954391,229.05549490538573,321.1836701754925,234.94566799544975,335.992921227596,341.5475901311132,112.51139435652517,102.79925384373495,102.79925384373495,-0.05572652218135593,0.48217618917773175,24.316472001373768
284,9.466666666666667,track,2,335.91719202589877,230.3891634009201,323.13654031266987,234.1511659234564,336.27675918109543,342.90059480851136,112.51200596347134,104.17996593100234,104.17996593100234,0.058702329388962665,0.5428706405971663,25.190623997332295
285,9.5,track,2,335.41550151975684,232.16571428571427,324.8931711542669,233.63550054126014,334.04077446404943,344.61371186236,112.45640058918396,105.55175061158948,105.55175061158948,0.17151054191188086,0.5920604178630974,26.390042999992147
286,9.533333333333333,track,2,334.67580157289774,232.775499092559,326.4313729934498,233.24324040724682,332.6145925170775,345.2136289337491,112.45702123458595,105.96714423716696,105.96714423716696,0.2804667844583269,0.6366733241320823,23.532728999271058
287,9.566666666666666,track,2,333.5954631379962,235.7022989206659,327.71918707011963,233.2443549599689,329.806579459801,348.14348353460105,112.50500271948772,108.58720933747178,108.58720933747178,0.382707044343066,0.6616875188621675,25.088161000894615
288,9.6,track,2,331.10133912414045,237.8455784775003,328.5994487626606,233.52037137449094,325.6467155623869,350.2083916039352,112.49513185861227,110.35295635627001,110.35295635627001,0.4685602827701795,0.6715889061329525,25.120545000390848
289,9.633333333333333,track,2,328.0636781053649,238.46501933301113,329.03020354811474,233.87038995492193,321.9387764279459,350.8254712162877,112.52726588686035,110.84242835823193,110.84242835823193,0.5338062280231466,0.6757963621255811,24.89423799852375
290,9.666666666666666,track,2,327.7067964687387,238.14566453017292,329.3594037391581,234.1753386026934,320.0301148431626,350.42985923251393,112.54630967176881,110.42986333875734,110.42986333875734,0.5948194339074623,0.6802892448558724,25.00113000132842
291,9.7,track,2,327.0926803580832,239.89591012813761,329.56320747435615,234.68336355066177,317.8671940249163,352.2104324261295,112.69277491085916,112.2306999291474,112.2306999291474,0.6497493360185322,0.6720509004713012,25.222311000106856
292,9.733333333333333,track,2,323.8784981748653,245.4597601251521,329.33943444043064,235.83571622389493,313.0974914803605,356.62004599463984,111.68186629857685,116.82414027783645,116.82414027783645,0.6818587419422073,0.6267079965022594,24.245585002063308
293,9.766666666666667,track,2,318.58147429679923,244.3166222114452,328.4673585031037,236.7868196248011,306.3446537568658,355.5111890263711,111.86586372117972,116.31553323312373,116.31553323312373,0.6774422256724559,0.5864646331470792,24.754350997682195
294,9.8,track,2,318.9414024390244,246.41926829268291,327.66735283314387,237.932969371947,305.24755714655436,357.53343565684423,111.95481047246231,118.45565865523572,118.45565865523572,0.6719532145030058,0.531162304389172,24.946224999439437
295,9.833333333333334,track,2,313.5882149046794,246.52287694974004,326.2563818067017,239.01905118418898,299.5102346079306,357.54210486738174,111.90825928708266,119.31461311371969,119.31461311371969,0.6293459540589987,0.4736054620909096,24.661800998728722
296,9.866666666666667,track,2,311.55096719422716,246.92456491419563,324.6740602866877,240.0804166178205,296.20387017882575,357.8743526101998,112.00619972389272,120.25231306606912,120.25231306606912,0.5703733408378047,0.4164811948172237,22.987451000517467
297,9.9,track,2,309.33368055555553,248.7842013888889,322.91588550375155,241.2893592230737,292.5937545766967,359.73772817210164,112.20922523309204,122.83413953790874,122.83413953790874,0.49411709693466216,0.3385100384499688,23.59408399934182
298,9.933333333333334,track,2,307.32982989064396,246.83329283110572,321.02491811732455,242.17746997184352,289.2902000399791,357.6781359239804,112.30319445782922,121.61922334946604,121.61922334946604,0.40221232319522376,0.2761487105845571,25.121811999269994
299,9.966666666666667,track,2,307.0157270747641,246.31490442777644,319.21826153082765,242.93282170343832,287.7495031579887,357.08455229874676,112.43265661483805,121.4449955064207,121.4449955064207,0.30578348088402985,0.21699678032449507,24.508947997674113
300,10.0,track,2,305.4075630252101,245.19431250761173,317.3424361894909,243.48957425710418,284.93127939365945,355.92331576880764,112.60635130656549,121.11164396456792,121.11164396456792,0.1972104358529643,0.16527407721671014,24.79568299895618
301,10.033333333333333,track,2,306.32961676719674,244.749893377201,315.7103481326638,243.93957325319673,284.61350659256414,354.4707612162174,111.8492658914831,119.81552106924529,119.81552106924529,0.09304531288171736,0.11708490206950259,22.081007999076974
302,10.066666666666666,track,2,306.0636656339226,247.10218091245974,314.1702177843938,244.62324199650192,283.23133102581147,356.7466355464358,111.9965264445232,122.39980363360786,122.39980363360786,-0.013509415499774247,0.05487828067312389,25.456437000684673
303,10.1,track,2,306.3003048780488,244.3070731707317,312.7808551720334,244.90974784974563,282.27564401042133,353.9312694688678,112.2258826822796,120.01442079023766,120.01442079023766,-0.11870637182496427,0.011292449712282687,23.828168003092287
304,10.133333333333333,track,2,308.3016309012876,242.27536480686695,311.7476535001736,244.91442316507454,283.116397473848,351.92204386466443,112.50195647720206,117.84287860601096,117.84287860601096,-0.2107424391718079,-0.017988320194727597,26.335888000176055
305,10.166666666666666,track,2,310.76352158334754,237.5420576693397,311.10620284655613,244.33237636437053,284.3962460501269,347.1901399082858,112.77382301635191,112.94845456614708,112.94845456614708,-0.28595949685754524,-0.015421674107682193,25.48937599931378
306,10.2,track,2,313.9993961352657,238.59752415458937,310.92584360604235,243.89446470910275,285.6029631592192,347.24909815798895,112.30103267191856,112.63003684243374,112.63003684243374,-0.33876281135246006,-0.017282622772488127,24.12740600266261
307,10.233333333333333,track,2,316.17349470499244,235.78704992435704,311.050462026109,243.13248187110236,286.6621311004373,344.4537009319857,112.60267147370004,109.6448318032051,109.6448318032051,-0.3752828296953859,0.0007376945988260553,24.626590999105247
308,10.266666666666667,track,2,319.84089750127487,233.3520312765596,311.63777773764286,242.1144895716468,289.1693021512155,341.9501959720283,112.84639177457973,106.50997318832648,106.50997318832648,-0.3856669737199562,0.036429740448440634,24.662075000378536
309,10.3,track,2,324.09293996236266,230.85175742123474,312.7258251945309,240.85251177734423,292.4663374417059,339.4298852748176,113.0904586390408,103.17172412845196,103.17172412845196,-0.36578013855141445,0.09024547931787562,24.802120999083854
310,10.333333333333334,track,2,327.78431031483734,230.76221951643765,314.2117579167768,239.65460620451995,295.1921289460792,338.2010098478731,112.27352294399677,101.28607407422813,101.28607407422813,-0.3188619032171153,0.1287365382112383,24.711466001463123
311,10.366666666666667,track,2,331.2415121598844,229.0575487599326,316.0367784222974,238.3283907106323,296.61337052745023,336.37531430558283,112.76617841634554,99.17225239746354,99.17225239746354,-0.24630776821396594,0.21472557472546724,24.36172799934866
312,10.4,track,2,331.4256785347277,229.26645711176934,317.7813294957436,237.11517922920308,295.8405389857298,336.45909790057556,112.94496179998335,99.43860982683167,99.43860982683167,-0.1690305061398538,0.28406236472634644,23.37055899988627
313,10.433333333333334,track,2,333.96717017907173,228.3208673407236,319.72507365613785,235.87421518991133,297.45572087053887,334.36604165778425,112.15464736935935,97.0216178984134,97.0216178984134,-0.05824152631456511,0.36048561176594907,26.19361399774789
314,10.466666666666667,track,2,333.06773683570475,231.05375167213913,321.4372297857109,235.05098583289032,295.58988516547026,336.96429025724245,112.34603486195121,99.98963591955764,99.98963591955764,0.02169158207474689,0.4202548753410785,24.657231999299256
315,10.5,track,2,334.9427057963955,228.84717486604967,323.2574089472081,234.03188402259246,295.53924253569284,334.5581433803578,112.81596421238704,97.67072813933541,97.67072813933541,0.12883635222118953,0.4940485559801398,26.985102998878574
316,10.533333333333333,track,2,335.60645591893694,233.13087798070507,325.02825635684025,233.6074848647303,295.26111036833674,337.68184360863347,112.065388596701,100.76584357305377,100.76584357305377,0.24165796214974453,0.5404986262678033,23.853831997257657
317,10.566666666666666,track,2,335.64301821335647,233.06227233304423,326.67223537779785,233.22200731299947,294.4269306100961,337.39842425429015,112.18198819352837,100.69972654004347,100.69972654004347,0.3556068158647881,0.5864416942708242,24.780633000773378
318,10.6,track,2,338.2146477888481,234.08040552350988,328.4954561037444,233.0031754353797,295.0272225302331,337.2272104765896,111.8231508789532,100.38311646693161,100.38311646693161,0.4862131040460063,0.6247896088798548,24.703865998162655
319,10.633333333333333,track,2,333.8599914888443,235.66879445559002,329.65384619866364,233.00867606685745,289.7359338856783,338.7221285216292,112.10228419391899,103.25682717192655,103.25682717192655,0.5891241105765541,0.651646073048755,25.218701997800963
320,10.666666666666666,track,2,332.42759496733606,237.18824098717639,330.53442119062936,233.21548733144755,287.3716302489204,340.0944014210006,112.33751738372666,105.27820148749491,105.27820148749491,0.6818090438202903,0.6671787232035842,23.68162400307483
321,10.7,track,2,333.21398196972274,238.65300221126043,331.4181461216163,233.6029880134672,286.25431866518755,340.3884287448471,112.05046626251101,105.90848707544617,105.90848707544617,0.7778072146331629,0.6715513827655263,25.76865900118719
322,10.733333333333333,track,2,327.7696595177511,240.29528656246214,331.55875466305565,234.1790014398464,279.9125542239265,342.04239574921917,112.4401029658283,109.63418189182556,109.63418189182556,0.8372370823652622,0.6635285319100837,23.366849000012735
323,10.766666666666667,track,2,324.6977605360607,244.19291130312115,331.2863209415588,235.1988238094427,274.9593323001507,344.78001097035497,112.21263682333107,114.05048200597818,114.05048200597818,0.8742558096120129,0.6286879349142767,25.88099100103136
324,10.8,track,2,322.6047743742768,246.8283904756105,330.7459984502468,236.48034597116975,272.0465242761403,347.3323594909431,112.50415299365909,117.55752305952963,117.55752305952963,0.8946608451293644,0.5747903438340174,25.649868002801668
325,10.833333333333334,track,2,321.9641539596655,248.0394121987211,330.131695794224,237.83222420854676,269.6747025850997,347.42998041694904,112.30615199442686,118.63320046380029,118.63320046380029,0.9075330622152662,0.5109172457690555,26.231669002299896
326,10.866666666666667,track,2,314.6728432563791,249.57496962332928,328.65668486718425,239.2837841497048,261.71023300579935,349.00408562741865,112.65516940606621,123.61062907253493,123.61062907253493,0.8706455175930652,0.43527851441293464,24.88439000080689
327,10.9,track,2,315.1113529198404,248.2900495707895,327.3040479081905,240.48643507298024,260.4523114583111,346.54921632627503,112.4387596204062,122.06007828279212,122.06007828279212,0.8325628847397157,0.3915390457546939,23.237674999109004
328,10.933333333333334,track,2,312.1338339490099,251.39096469448313,325.6642544891194,241.9755196579646,256.9488490779489,349.56685265839377,112.62276649382025,126.41338075560448,126.41338075560448,0.7720841104658335,0.27784961694651134,24.931452000600984
329,10.966666666666667,track,2,309.9433087203271,250.60633428937572,323.8555802220093,243.26437095738683,253.2098126352481,347.72235854460143,112.47316011021145,126.74792171325859,126.74792171325859,0.6943488660708442,0.19188863243786367,26.878419001150178
330,11.0,track,2,303.8729800173762,249.6514335360556,321.43131785067686,244.34078535348885,246.57455516676347,345.79179156089685,111.91996216719328,128.77577066600264,128.77577066600264,0.5749681165574643,0.11157531469650536,25.84883199961041
331,11.033333333333333,track,2,302.52427685950414,248.6310261707989,319.0019999083193,245.20686873730835,243.69989039571348,344.6129680317947,112.57371632068019,129.48196710757617,129.48196710757617,0.4438965409124531,0.03789751800030927,25.440957997489022
332,11.066666666666666,track,2,300.5606208155813,248.07194157029824,316.50291454731047,245.92858285153,241.3133056822072,342.9924617575514,111.89347390769521,129.61112236819204,129.61112236819204,0.29786241526969276,-0.03157299253814866,24.404700001468882
333,11.1,track,2,303.01827944015446,247.19703185328186,314.4752398508101,246.47567111544933,242.3347084924379,340.99349710151705,111.71514076449057,127.40323371778571,127.40323371778571,0.16560221302977907,-0.09444791644420827,25.57537400207366
334,11.133333333333333,track,2,302.9918699186992,244.2954506140806,312.59967179262105,246.61581530880636,240.87071757927134,337.98705133251826,112.4150951303318,125.94802723846455,125.94802723846455,0.03245186945231232,-0.13746627065087855,26.014765000581974
335,11.166666666666666,track,2,306.83931717392625,243.3177814227568,311.3353842357418,246.60461029869936,244.34972984815175,335.8497164386329,111.65620234419545,122.10704940917195,122.10704940917195,-0.07620575919819206,-0.17233797124212902,24.650027000461705
336,11.2,track,2,306.83598066298345,239.94475138121547,310.1876655190363,246.1663298441731,242.89424613084162,331.4535537063097,111.63514821933133,119.62044041569195,119.62044041569195,-0.183757765880127,-0.18363697394961548,25.666184999863617
337,11.233333333333333,track,2,309.59468940906066,238.26431984515816,309.4816088364519,245.53212741515964,244.32516042704435,329.71792137701715,112.35600850280464,117.37114960928518,117.37114960928518,-0.2721500973939032,-0.1817363459572267,24.960568000096828
338,11.266666666666667,track,2,312.6130869433505,238.37449257800665,309.2218313413825,244.93161168667433,247.14181251053262,328.8515402479127,111.6807231840831,114.90392373055339,114.90392373055339,-0.3389915042641336,-0.17797732983290032,23.79329099858296
339,11.3,track,2,317.2690699787943,235.55649803089972,309.5757639972759,244.01597700432472,250.4264198361304,325.1311902088542,111.76567163879017,109.94454330795368,109.94454330795368,-0.3732354295984843,-0.15395437664900444,25.79376599896932
340,11.333333333333334,track,2,319.1200995266416,233.87868673382692,310.16731369809014,242.94478306254453,251.02262627218084,322.6101233406257,111.85049711980875,107.62114366954398,107.62114366954398,-0.39207539630446164,-0.1168155211066626,22.771238000132143
341,11.366666666666667,track,2,326.3811875152402,231.3797854181907,311.6246569914981,241.63381848557003,257.0079174850237,319.38946461146884,112.06406304605,101.3444105556357,101.3444105556357,-0.36094539916072627,-0.061454851256859004,24.639033999847015
342,11.4,track,2,325.43995915179914,230.11900042049618,312.90750072146074,240.25078338237904,255.87285116476485,318.2142699435664,112.25132082083525,101.14229204710301,101.14229204710301,-0.3313900914808037,0.017282717981796064,26.410856000438798
343,11.433333333333334,track,2,332.963256856995,226.28255994479903,315.03207734685657,238.49719759058732,262.14170511827876,313.7569031602416,112.54977970503853,93.74253597172134,93.74253597172134,-0.2501080263812466,0.09704810683743857,24.72774899797514
344,11.466666666666667,track,2,336.8085106382979,228.99498356685694,317.49895823781117,237.18471554315198,264.9575910313932,315.78553100569525,112.67277298926803,93.66490001533427,93.66490001533427,-0.1400625934856095,0.17371090543337475,21.753888002422173
345,11.5,track,2,337.17246596066565,228.66057488653556,319.86136230503485,235.9268495363665,264.1629397956437,314.55933779224017,112.73414912781078,93.1497297059003,93.1497297059003,-0.016411380098947083,0.253499125635014,24.815429002046585
346,11.533333333333333,track,2,339.4120496518317,228.1215864365728,322.3408803490498,234.6996325692645,266.329375587198,313.2564814936675,112.20083602549495,90.81325897517445,90.81325897517445,0.11074062666438889,0.337283428106938,23.514144002547255
347,11.566666666666666,track,2,339.12092699076493,228.40285764070396,324.6190251007564,233.6027364523243,264.94389774083197,312.653589721036,112.25158138938309,91.15765735978844,91.15765735978844,0.245497879001298,0.4194607260754258,22.73277399945073
348,11.6,track,2,341.71282020152967,228.60477115454657,327.0451057945717,232.62157814601062,266.4432726716965,312.02600362705203,112.35927559653283,89.75560283682776,89.75560283682776,0.39854208495704624,0.5000765717657514,23.347750000539236
349,11.633333333333333,track,2,339.06634582330696,229.62186318322446,328.9762213134264,231.8488133945321,262.65213709602693,312.1794545082342,112.49394286273213,92.18812848061913,92.18812848061913,0.5360305443131061,0.5735390879213923,24.596736999228597
350,11.666666666666666,track,2,340.27348769547825,231.1232270578252,330.8975784240872,231.3310628007941,262.8539889136048,312.8173970475593,112.55094936049221,92.56370722841812,92.56370722841812,0.6813398800940561,0.6363097701024991,25.446069001191063
351,11.7,track,2,339.18921878802627,236.49884400097346,332.5308698832379,231.51653461648803,260.60290984523516,317.3162179537905,112.72646488682805,97.4977531922213,97.4977531922213,0.8193407041782135,0.6632772236500897,28.706855002383236
352,11.733333333333333,track,2,336.9328166951428,237.9672321210642,333.7496766791316,231.89336815197586,258.1726685265617,317.91338082469514,112.22543219823176,99.4641333781197,99.4641333781197,0.9417799272401394,0.6784848381895026,25.615059999836376
353,11.766666666666667,track,2,331.97496984318457,239.55452352231603,334.2540352862966,232.4612087176169,252.08086177996043,318.6387883528432,112.41614406749191,103.90894268616205,103.90894268616205,1.0306240534448894,0.6810321069967187,25.897374001942808
354,11.8,track,2,327.36397237033447,244.14820649539504,334.1292814732433,233.56451811373284,246.16590320393647,322.3506537817893,112.7330883012278,110.60336354731082,110.60336354731082,1.0870549632654176,0.6517043070402163,23.493930999393342
355,11.833333333333334,track,2,323.4124961901859,244.5723255105151,333.49536952305004,234.66718273359447,241.04101799183104,321.9541527237725,113.01773136744725,113.80247795385554,113.80247795385554,1.1145136104974798,0.6166845969618062,26.656901001842925
356,11.866666666666667,track,2,320.78786834396004,249.61812855419612,332.54661363873913,236.31683393195118,237.1872938409519,326.1997793035647,113.3746236541991,119.53387073699281,119.53387073699281,1.120985398520884,0.5468588647560068,24.12746700065327
357,11.9,track,2,318.91692954784435,251.0304942166141,331.39804309073554,238.03938020401532,234.15076296872732,325.80704072316706,113.03466240036856,121.3793217006871,121.3793217006871,1.1111552130072253,0.4651307616006437,26.337716000853106
358,11.933333333333334,track,2,313.102158360616,252.5325572935613,329.59640007069106,239.8344693524863,227.2876587849627,326.4988388344956,113.29227309226589,126.7975840987893,126.7975840987893,1.0600198484251857,0.36265047430996417,24.676908000401454
359,11.966666666666667,track,2,312.2595470827515,251.70396454374355,327.7838673854143,241.41246488684712,225.46242471871867,324.8437181273565,113.50402638210028,127.02680679973916,127.02680679973916,0.9989480670729998,0.28004202592622807,25.34644800107344
360,12.0,track,2,307.4580006942034,251.94498438042348,325.49567163417225,242.90892455005198,219.74290662156417,324.32303884225877,113.72124030211923,131.00328107450395,131.00328107450395,0.9032548118901345,0.1864150072029151,23.51110200106632
361,12.033333333333333,track,2,305.3509292330044,253.62219262667233,323.0918027375064,244.49579876031484,216.71202224385848,324.23060745085166,113.32433135127624,133.27866138468173,133.27866138468173,0.7901624176487251,0.08124729523961599,26.77726800175151
362,12.066666666666666,track,2,303.4314738292011,252.7703168044077,320.61079166734703,245.86050190494856,213.8965104665569,322.60418486971525,113.54857459833134,134.46710322292054,134.46710322292054,0.661403902453387,-0.019033423725910492,25.7907699997304
363,12.1,track,2,299.9163428848956,254.04340699368626,317.8753081838218,247.26685839696432,209.5585783400965,323.15735962683976,113.75967678448782,138.24779954259006,138.24779954259006,0.5074265057932852,-0.12731041330041604,23.04691700192052
364,12.133333333333333,track,2,298.38729945708536,252.18428597572134,315.1473712691616,248.33428196522348,207.26242351280763,320.58434615359124,113.93994579688122,138.57704715142174,138.57704715142174,0.3413116594874316,-0.22332610696459276,24.891092998586828
365,12.166666666666666,track,2,299.282519704283,250.06225942445164,312.7251311669368,249.04958296502693,207.3894930776618,316.70471220077974,113.51451385019466,136.252483071357,136.252483071357,0.17924122676513737,-0.3047126657916314,27.221394000662258
366,12.2,track,2,301.8497757847534,246.31699187977216,310.7972506154191,249.23914197497172,209.16931239702805,312.16176711914517,113.68906156744826,132.25264439059546,132.25264439059546,0.032902847139568925,-0.36051253492766533,23.033540997857926
367,12.233333333333333,track,2,301.0596034545676,244.45183067753314,308.9373080322726,249.16072254838255,207.68770692606552,308.5586293998887,113.26072886820879,131.5839535836974,131.5839535836974,-0.1179247635077873,-0.4019905820514125,24.47478400063119
368,12.266666666666667,track,2,305.7223142524081,240.38983986747652,307.7974495016295,248.570044005679,211.58574562342443,303.63791394845003,113.41081265995615,125.71171243658709,125.71171243658709,-0.2379352726460236,-0.41485225915618096,24.266907003038796
369,12.3,track,2,307.1559776925758,238.2495643081213,306.9495663234111,247.7317626557823,212.35211553388066,300.734403663677,113.54350456760822,123.59908906789501,123.59908906789501,-0.34648346894944976,-0.4108610844310044,23.921692998555955
370,12.333333333333334,track,2,314.36554112554114,237.7873593073593,307.0668679858858,246.866262270977,218.8753693621984,298.366031086028,113.08469559520584,116.75951569943662,116.75951569943662,-0.40620883206428837,-0.40063342095940035,23.906640999484807
371,12.366666666666667,track,2,317.21126159102,236.09882869692532,307.5660393955794,245.83320882836603,221.1256398008712,295.8162216271452,113.13095833228758,113.54113660483435,113.54113660483435,-0.4437227278323759,-0.3765996024920585,25.531444000080228
372,12.4,track,2,322.7747469236831,232.524519609626,308.74430302453567,244.4221241556626,226.0419792079552,290.3842472618991,112.71635388860032,106.61464272465818,106.61464272465818,-0.4413827244495641,-0.32687308580799,25.80355199825135
373,12.433333333333334,track,2,326.77742782152234,230.69798775153106,310.36717115537226,242.87076956644046,229.4175771854852,287.7663257481447,112.8527169259438,102.40506432020541,102.40506432020541,-0.40861049694710067,-0.26252893757048973,25.395215998287313
374,12.466666666666667,track,2,330.41314610821934,228.86938627284832,312.3557054367121,241.19357770162924,232.49065547474567,284.3589612445804,112.55179741970457,98.1101565687154,98.1101565687154,-0.34764571850257636,-0.18382730791540786,24.0967779973289
375,12.5,track,2,335.11381836769465,227.3596864883285,314.8060769634378,239.44258338216272,236.65476887702948,282.21482619196894,112.70878749463665,93.42654387998905,93.42654387998905,-0.2518208580047621,-0.09312238165398665,26.501671000005445
376,12.533333333333333,track,2,337.83036092134694,224.03778489813192,317.4428987220022,237.4117235728281,238.8015350553482,277.4942486018429,112.53578037275287,89.43718123680243,89.43718123680243,-0.13388665816146741,0.020720920726527328,22.59976500135963
377,12.566666666666666,track,2,341.86150550795594,223.95697674418605,320.40169661385835,235.5122502355677,242.36757944312404,275.9693418905594,112.26899595130398,85.56042471586737,85.56042471586737,-0.006990741568414532,0.13686365086661373,23.971606002305634
378,12.6,track,2,340.765967703061,226.07206555796577,323.0390144332436,234.0049109966269,240.9256173355424,277.66298154992563,112.38201891049266,87.58571900141662,87.58571900141662,0.15738423553628406,0.2406483494803135,28.7706769995566
379,12.633333333333333,track,2,343.27804521357626,228.10846383523247,325.79632299777967,232.8609788426591,243.122528352386,278.3345616595245,112.04368996238708,85.90508870001578,85.90508870001578,0.32085992085024867,0.3316622079240075,26.664725999580696
380,12.666666666666666,track,2,341.7180156657964,228.36359220353393,328.1704101140949,231.8481799088066,241.16126917864358,277.15016236932996,111.76667075932635,87.15319868822874,87.15319868822874,0.4764950618787826,0.4204560561419249,27.610525001364294
381,12.7,track,2,341.11788593248076,228.1270986120371,330.2919501455242,230.90169078902997,240.20257618267456,276.57595935309894,111.94280615120444,87.78057672675318,87.78057672675318,0.6292376482522946,0.5097092083753639,25.498368999251397
382,12.733333333333333,track,2,341.02593108249215,230.20518621649845,332.23119791214964,230.29579447002268,239.78941839140595,277.30180426597894,111.65537574855547,88.45994575787581,88.45994575787581,0.7813956599942455,0.5843591264764163,28.082173001166666
383,12.766666666666667,track,2,340.385248773651,235.90539593552907,333.9288653029732,230.44337368887113,238.91945732160235,281.6271232172429,111.29143354550722,91.14204182684841,91.14204182684841,0.9287078836160223,0.6207757563055056,24.163554000551812
384,12.8,track,2,335.24254160363085,239.04701966717096,334.8576298652273,230.9906057983846,233.3707412057949,283.33947527252093,111.08413631049407,96.86556971458339,96.86556971458339,1.0417563909355172,0.6343474984194822,24.948285001300974
385,12.833333333333334,track,2,331.7606697108067,241.45211567732116,335.26184431638717,231.82136473252427,228.48659680181743,284.3672811535635,111.83579732386451,101.70132055127152,101.70132055127152,1.1299053762857352,0.6294036202897295,25.529639002343174
386,12.866666666666667,track,2,331.30799792710314,245.8989462774227,335.53692420263286,233.15790623752062,227.5777069393308,288.5235337073392,112.14646103189578,104.38588782991457,104.38588782991457,1.2116762589518273,0.5928201004141379,30.03490799892461
387,12.9,track,2,323.48439110141237,246.29490210341274,334.81126080174363,234.47896748549164,219.25097605894345,287.4959465517647,112.08091217977599,111.38326069892044,111.38326069892044,1.2399326085255797,0.5501255875110472,26.477754003281007
388,12.933333333333334,track,2,320.25320348539213,251.18708354689903,333.69971457761403,236.3170728710718,215.48542588316306,291.0497941763414,112.09515119949117,116.3158531253183,116.3158531253183,1.2428838645127755,0.47309146659321677,24.49638000325649
389,12.966666666666667,track,2,317.6936170212766,252.65495440729484,332.31261466820257,238.2241173895827,212.40213718272233,291.26382917768944,112.14696133925653,119.1859063178404,119.1859063178404,1.2246441187817325,0.38339159959592317,22.853810998640256
390,13.0,track,2,311.9627940908262,253.3777737248465,330.29473099943425,240.09940979019555,206.17280456965017,290.6533869637937,112.16502674733383,124.5889081356879,124.5889081356879,1.165096017698617,0.2914134224614176,28.40232799644582
391,13.033333333333333,track,2,306.4225788801751,255.651954526111,327.7160267547838,242.12350455164568,200.15960642391914,291.6005028925427,112.17895277142092,130.47732305359912,130.47732305359912,1.0652499797082142,0.1726130629128405,33.11450899855117
392,13.066666666666666,track,2,305.8402177199879,255.03296038705776,325.2139479425702,243.934506928763,199.22121668251538,289.8131156367494,112.14843102523199,130.64785106955287,130.64785106955287,0.9566919107292464,0.06069110830011035,26.196013001026586
393,13.1,track,2,301.4906877662812,255.7557516737675,322.3434203774297,245.69986785619434,194.43287906198347,289.3103787550944,112.19308090578905,134.90224354558873,134.90224354558873,0.8162468332727901,-0.0569736093156418,25.767783001356293
394,13.133333333333333,track,2,296.61231088335774,257.4647999023914,319.07400082410516,247.53505717349154,189.15890691620424,289.7977682557943,112.21254326798957,139.99717626659583,139.99717626659583,0.6409019170244256,-0.1861070749427992,28.904557999339886
395,13.166666666666666,track,2,299.27717856531416,255.67659647320664,316.34326209703084,249.01251708435822,191.47444581852037,286.99055297879255,112.25859904573178,136.84637425561982,136.84637425561982,0.4790821733710971,-0.3040370560409029,25.716965999890817
396,13.2,track,2,298.4270260989011,254.70655906593407,313.7074912063323,250.2480123690206,189.3776443320837,284.88477033516943,113.14809808006359,138.11894297407773,138.11894297407773,0.3098473490151136,-0.41513508617727835,24.55573400220601
397,13.233333333333333,track,2,297.93041189791296,249.8299773547953,311.2112065879986,250.78649300093048,188.66653667018076,278.981495345464,113.08583214064312,136.99648013570788,136.99648013570788,0.13631821639394132,-0.4938995022938603,24.843781000527088
398,13.266666666666667,track,2,300.7185185185185,249.06466302367943,309.2457809030509,251.16176636212523,191.15752303029552,277.21346612337203,113.11925940491162,134.10900764901731,134.10900764901731,-0.019723785305221786,-0.5654863353903178,23.907489998236997
399,13.3,track,2,302.0304550960374,247.53780930956913,307.6073799761466,251.29359204001813,192.22930597674684,273.6612838123719,112.86597480204236,132.13036092844382,132.13036092844382,-0.16646773842453766,-0.6247459781380666,27.085310000984464
400,13.333333333333334,track,2,305.869583765007,242.06526905966237,306.58159129637716,250.7265798431901,195.9244384696538,267.23870449246084,112.79023373282635,127.0302798213809,127.0302798213809,-0.2869645396422367,-0.646244477486161,23.657018999074353
401,13.366666666666667,track,2,308.72020184444057,238.75361057943275,306.0139722321002,249.76538242526718,198.64663767539633,262.9195003301732,112.69507423273495,123.49875320371193,123.49875320371193,-0.38646640254636017,-0.6430391387861669,25.583540002116933
402,13.4,track,2,312.0549069682598,237.0677976407637,305.93364792727743,248.63368526696993,201.77619758828777,260.22927678538224,112.68472770823439,119.94203223200438,119.94203223200438,-0.46117616431313946,-0.6252616935714219,24.642289001349127
403,13.433333333333334,track,2,317.3071510887366,231.7334869897495,306.5376665958951,246.91132566191288,206.8745405981491,253.80638088016445,112.61693524716134,113.96484421911866,113.96484421911866,-0.45220128855123387,-0.5304611701359422,25.038013998710085
404,13.466666666666667,track,2,318.4160433011008,231.88177339901478,311.0613317185358,241.5742622465508,207.85163798020488,251.88008203620078,112.35844459724201,112.77584605273367,112.77584605273367,-0.21697041787785964,-0.21516533579354027,26.87427400087472
405,13.5,track,2,321.7511202615962,230.81536877800653,317.4286042947197,234.86583884223012,210.9932495727145,249.70805425544825,112.35764096884814,109.4381924016622,109.4381924016622,0.14841195594028456,0.20720941810304974,24.19714700226905
406,13.533333333333333,track,2,323.0675110599358,231.98775831767773,322.6009091783363,230.70073651724675,212.2004608507513,249.78162489432404,112.2859052144717,108.24241694623998,108.24241694623998,0.47550362139855235,0.5147878970527657,26.069294999615522
407,13.566666666666666,track,2,322.9211759693225,236.80290948931767,325.46987768761613,230.70238184071994,211.92392688560375,252.61353039512437,112.11763927937584,108.80964446618255,108.80964446618255,0.6612218382442672,0.545678611282192,24.845783002092503
408,13.6,track,2,325.3407356002776,238.70680083275502,326.65773277009345,234.35434850545212,213.32025995185637,253.45962341524952,112.98775481727695,107.52547790742356,107.52547790742356,0.7644966287382564,0.36852126153875153,23.61880399985239
409,13.633333333333333,track,2,321.35682669390536,243.35257065032346,325.1900873903497,239.2270853571475,209.27673271312486,256.2658332156876,112.82153968468356,111.91165823488348,111.91165823488348,0.717885867395595,0.09840753427106216,25.910502001352143
410,13.666666666666666,track,2,320.67351292052655,241.9581301803998,323.5870440016238,241.75960757436744,208.49376222110163,253.8400601162444,112.80725475777453,112.36186331502998,112.36186331502998,0.6495197012846097,-0.06665184595432727,24.787807000393514
411,13.7,track,2,316.5607282502444,240.73613147605084,320.65493951864926,242.68381254546443,204.3417612809674,251.80005334217392,112.7630565154712,116.258631690154,116.258631690154,0.4783964974230049,-0.13162096553681843,23.292191999644274
412,13.733333333333333,track,2,316.4624873267996,241.74129773572153,317.8615686668234,242.68549763214625,204.252495997221,250.81993863047688,112.57665777007252,116.25212150683801,116.25212150683801,0.299082679865821,-0.14814196630474977,23.566784999275114
413,13.766666666666667,track,2,315.734358974359,242.83432880844646,315.77820428983597,243.02562731588188,203.46949664739628,251.06374839755273,112.5660813036745,117.05453746102941,117.05453746102941,0.1472340105632935,-0.18183055593146405,25.74735100279213
414,13.8,track,2,318.26413137424373,242.52895419187553,315.8033973825016,243.04378428292134,205.97576287754342,248.85940511372632,112.46667199008212,114.36789632727938,114.36789632727938,0.10717563826671556,-0.1981808129008974,24.468347000947688
415,13.833333333333334,track,2,320.957566246152,242.93656063258285,317.2038823867411,243.18588767316257,208.64456071830864,248.35919360741696,112.44383557615389,111.6687511141086,111.6687511141086,0.17218400017324054,-0.22090489556497656,25.839877998805605
416,13.866666666666667,track,2,319.4069823922283,238.10085003035823,318.5824293442424,241.0899240933928,207.02363476886856,241.764335045619,112.4430431173488,112.9901410698792,112.9901410698792,0.24404140950064535,-0.11492793768755766,24.745486000028905
417,13.9,track,2,319.72399588053554,239.700006058036,319.61363784815046,240.18179614179252,207.3325388626782,241.59062423481046,112.407357622565,112.67868868861709,112.67868868861709,0.3231437736953458,-0.05225073148074379,25.188308998622233
418,13.933333333333334,track,2,322.416878556726,241.78108729870445,321.421463970828,240.57866877949078,209.97942309926128,242.95356061022747,112.44356843953143,110.06021470926562,110.06021470926562,0.4109439420445957,-0.07712222504095922,24.07249200041406
419,13.966666666666667,track,2,323.3388126204239,239.84898843930637,322.9314587475484,240.06922259341385,210.88262620671355,239.3053775293169,112.45750030805694,109.11958469459354,109.11958469459354,0.5095157995101679,-0.04277907022017593,23.746698003378697
420,14.0,track,2,322.53976579653573,242.69199804830447,323.53086060996645,240.90260697469668,210.06774765905266,240.50132853542377,112.49335045607357,109.93339544949093,109.93339544949093,0.5637171527287064,-0.08760282260355293,23.55329900092329
421,14.033333333333333,track,2,320.58659989639096,239.22776722500433,323.1375169373746,240.19546900536605,208.06191249642114,236.3831648680864,112.56063715628972,111.99650409870087,111.99650409870087,0.5639509983453554,-0.03954103036207643,24.553694998758147
422,14.066666666666666,track,2,317.56296424252895,243.72015892209362,321.7633386395539,241.2630262977034,205.01510013981684,239.3474245046707,112.63277729137229,114.98675163093118,114.98675163093118,0.5060217058694761,-0.10476198065167214,26.38671800013981
423,14.1,track,2,319.45966514459667,243.74283105022832,321.35287199195795,242.04598824760603,206.9085803754807,237.8278901440087,112.70640269580427,113.11227720241337,113.11227720241337,0.49157606024925704,-0.1510575063400399,23.781597999914084
424,14.133333333333333,track,2,319.0251152632856,241.5294224702742,320.9036584064536,241.96051542168462,206.4638625395065,235.0777294835157,112.74599752160545,113.64278796512134,113.64278796512134,0.47185943967038046,-0.15433765113044123,25.69860299990978
425,14.166666666666666,track,2,315.832198358652,240.95547407019382,319.66114953760155,241.73247555021783,203.28017804375116,233.06203637119552,112.82846996956852,116.92584050077657,116.92584050077657,0.42386222817863534,-0.14931947108883037,23.90286400259356
426,14.2,track,2,315.25599128540307,243.48408375695956,318.54851831694276,242.21865957277893,202.7281038000088,234.1127843358342,112.91743317471372,117.41957650501858,117.41957650501858,0.3418908916051414,-0.18159678044517386,26.830301998415962
427,14.233333333333333,track,2,314.9408611447346,241.87809095625107,317.5992384082006,242.20083933497833,203.44028457426728,231.06985145451915,112.02319677938779,116.90130372742705,116.90130372742705,0.2795409635750058,-0.18898767405822198,23.695337000390282
428,14.266666666666667,track,2,315.26791277258565,242.56551218618287,316.9237776718576,242.3447516213151,203.81228104107333,230.38673125492497,112.1190463286326,116.58473730657698,116.58473730657698,0.22728895351881595,-0.20481327520348241,25.264960997446906
429,14.3,track,2,316.4581155015197,239.64121580547112,316.64770806752847,241.81123113814985,205.01578275635111,226.16186775779585,112.25456049299399,115.81392023020105,115.81392023020105,0.19341438052249127,-0.18475072833272022,26.551901999482652
430,14.333333333333334,track,2,317.214463840399,238.70086977677758,316.5875918351723,241.17563231118174,205.84778420683972,224.91142527883255,112.21713822837282,115.14509741020017,115.14509741020017,0.17011190011511068,-0.15647880813714446,26.000976002251264
431,14.366666666666667,track,2,319.5815667089449,241.43395542670774,317.0194380515729,241.19924869335568,208.3489654377444,226.41780864114054,112.24159768037681,112.47412787361665,112.47412787361665,0.17326584332098774,-0.16037982941270557,26.163573002122575
432,14.4,track,2,321.45618290981866,241.83582994723756,317.7455519300294,241.29711028144294,210.29586655908264,225.62228492902963,112.33652555270332,110.64228660274792,110.64228660274792,0.19460412408865324,-0.16825247087346815,25.657260997832054
433,14.433333333333334,track,2,320.1299645606746,240.67744103629477,318.11689919234175,241.1668317548119,209.0537020891877,223.1604068037488,112.44902210752582,112.21699033181179,112.21699033181179,0.20074621344864085,-0.16429108585924285,25.61941800013301
434,14.466666666666667,track,2,322.0292945051135,241.17420696827872,318.7713998921312,241.14471387071302,211.039832090062,222.4796389275032,112.55286598489316,110.3597809125795,110.3597809125795,0.2241131392058891,-0.16544279420713265,25.153837999823736
435,14.5,track,2,320.7751724137931,242.81155172413793,319.1190966356609,241.40636006688763,210.00883097673773,222.90622090020685,112.54067971431694,111.31152027987208,111.31152027987208,0.23442595564565374,-0.1815913600183114,24.45278400045936
436,14.533333333333333,track,2,321.69541451563924,241.99386577588825,319.57099877618214,241.49795451558668,212.06794311559875,220.91797812347187,111.63501030547708,109.60589611053743,109.60589611053743,0.2746012483791339,-0.18980425549846058,24.9177609985054
437,14.566666666666666,track,2,324.13011242783347,242.8571254937709,320.35228544453884,241.71583358991987,214.65910016569958,220.56520762679847,111.71764465778945,107.11870206686396,107.11870206686396,0.2728588727294319,-0.20512324712836663,26.23495900115813
438,14.6,track,2,322.95694444444445,242.68003472222222,320.85173758541174,241.8789205240454,213.5883908346566,219.21366946434952,111.85772578196347,108.42279327842053,108.42279327842053,0.3163071024983588,-0.21844969817269477,24.066877998848213
439,14.633333333333333,track,2,322.26173602277544,241.4991822642195,321.182791247843,241.84360128105578,213.03492158130456,216.84882038781637,111.97382432367459,109.44178872146257,109.44178872146257,0.3359209089175812,-0.22187285090655154,24.196029000449926
440,14.666666666666666,track,2,324.79445766746005,238.80550833049983,321.84420037254534,241.41490528653935,215.7141247681208,212.8426549695849,112.1275558463264,107.76393256549284,107.76393256549284,0.3746692794770433,-0.20410855881241008,25.998901001003105
441,14.7,track,2,321.4552034547777,242.72483425582385,321.9473491485211,241.59639512918227,213.57739120155892,214.71324579160924,111.45524422309269,109.3855182456142,109.3855182456142,0.38661390375461974,-0.21686149886980777,24.485870002536103
442,14.733333333333333,track,2,320.18174627319746,240.82318223303923,321.8538850442014,241.49131351978187,212.42774314165283,211.65862405565076,111.6310738305209,111.24308534024557,111.24308534024557,0.3884843170399252,-0.2150724562517915,24.401819002378033
443,14.766666666666667,track,2,322.5663465603672,241.387207827505,322.0924426119299,241.4745989751524,214.93175818279184,211.02846994481106,111.83406270470638,108.98938018127292,108.98938018127292,0.407503979859567,-0.21744958485680432,25.40069200040307
444,14.8,track,2,323.2141514581944,242.39495543563936,322.3893079814513,241.59619405124903,215.67430208035867,210.9175112370638,112.05199104648715,108.30347362419437,108.30347362419437,0.43052743270599114,-0.22704495190006263,25.203088000125717
445,14.833333333333334,track,2,322.42179549309424,242.92779258541313,322.5459818626363,241.77749270824987,215.94648025023673,210.27949070822,111.36832750620894,108.21480326127823,108.21480326127823,0.44722200704746845,-0.2402894368964148,25.37209299771348
446,14.866666666666667,track,2,319.1815974751153,241.4634620053411,322.25559252013335,241.74971583994957,212.8561618214444,206.8010486518748,111.83282687310322,112.16939168172257,112.16939168172257,0.440612745152494,-0.24314231676029707,23.314971000218065
447,14.9,track,2,319.6263717421125,243.79098079561044,322.04114701685904,242.0255318469761,213.34375840038302,207.99738186890542,112.148007663415,111.35403647556082,111.35403647556082,0.43654699451113976,-0.2619688600523339,23.687054999754764
448,14.933333333333334,track,2,318.3990961237615,242.67390926473144,321.6814279246171,242.13416512319958,213.21146638750082,205.8336112751139,111.45243382491248,112.1210641655166,112.1210641655166,0.42356995636682665,-0.2730419392775522,25.242681997042382
449,14.966666666666667,track,2,318.1302311435523,242.02177615571776,321.3118455161449,242.14983155910897,212.9366658664228,204.1623383548057,111.79903043548647,112.90215014778694,112.90215014778694,0.40825313329360324,-0.2795707437675031,22.334933000820456
450,15.0,track,2,316.3448024758784,242.16390557679472,320.74327719548273,242.1805426293804,211.15731438551921,202.32890111913213,112.47770992912974,115.17743660398432,115.17743660398432,0.3805017856135495,-0.2868824716937711,26.688386999012437
451,15.033333333333333,track,2,317.24344634743096,240.6048584411045,320.3280579064879,242.01295593768884,213.0806061771309,199.71640145860457,111.90068447848397,114.25640063862546,114.25640063862546,0.34106578012968464,-0.2836768954245352,24.703838000277756
452,15.066666666666666,track,2,315.10473258481227,241.4713268139563,319.67844138022235,241.9637843265278,210.93437320099173,199.63770317902834,112.25647349076637,116.29456545223758,116.29456545223758,0.3371284534896564,-0.2859301859176704,25.961086997995153
453,15.1,track,2,315.3041228221494,239.80162152837676,319.1016961832993,241.71179037026846,212.18223248426662,196.03588468620217,112.02483647922365,116.43674002393594,116.43674002393594,0.2856022640303263,-0.2770613469820926,25.593302998458967
454,15.133333333333333,track,2,317.2707614028712,241.37615845902235,318.80975618759686,241.67004650181602,214.086998689249,196.61654080611217,112.47360694925632,114.45387008869065,114.45387008869065,0.262347796354299,-0.2781672325066953,24.259447996882955
455,15.166666666666666,track,2,315.97394571013086,239.52847794474067,318.3844347351595,241.4060906286762,212.80478189059184,193.87028732209637,112.82086125427604,116.69946519701593,116.69946519701593,0.23070751022687966,-0.2671616462098668,27.28028199999244
456,15.2,track,2,318.1085964592079,240.0918050739186,318.2527688065785,241.22917384696447,215.92212611444634,192.5623360391636,112.699268623388,114.37891324277587,114.37891324277587,0.21288676388258887,-0.2595398796201352,23.871904002589872
457,15.233333333333333,track,2,316.21731717712964,239.65426535955672,317.9070182828591,241.0124887147452,213.9882830922631,191.34324098713887,113.06958249607699,116.64460690217012,116.64460690217012,0.18320625552691705,-0.24894834650601844,25.184517002344364
458,15.266666666666667,track,2,317.51380844967383,242.77162714137657,317.7472900593097,241.18855498102218,216.1665966146146,192.71755542469472,113.03392164372207,114.09209097745986,114.09209097745986,0.1620697371958052,-0.2582550630895116,24.529828002414433
459,15.3,track,2,321.70005490148236,239.36936497285427,318.1096123273394,240.94498955974203,220.40697218864722,188.58706849036054,113.30988589485543,112.08059919115247,112.08059919115247,0.1682248120436938,-0.24596678977037967,25.05037900118623
460,15.333333333333334,track,2,319.3166577967004,239.42469398616285,318.1681091745563,240.7257451497877,219.11115070275758,187.02087784861982,113.0809603679224,113.95326803761512,113.95326803761512,0.1600459914057439,-0.23388462993155384,23.491571999329608
461,15.366666666666667,track,2,320.8233023337428,240.20933497104755,318.40914094854656,240.61745331537705,220.552584280979,187.1228746674813,113.45655188828437,112.63116299063361,112.63116299063361,0.16210863260127176,-0.22673659953044037,24.63351099868305
462,15.4,track,2,323.10926930343106,243.10354073983788,318.9136488859822,240.8664933574687,223.78388166854577,188.51403984731186,113.33819407646887,109.12536606864873,109.12536606864873,0.1795297304095358,-0.2381446399546269,24.50259699980961
463,15.433333333333334,track,2,321.8696127230788,243.86360325361176,319.2404504461372,241.19359773411364,222.60159348101428,188.72527230072328,113.5534023467071,110.07064682771959,110.07064682771959,0.18997994723359218,-0.2548371654431738,23.635663001186913
464,15.466666666666667,track,2,321.78985877148205,240.65509613748512,319.538315774314,241.1170463975379,223.58934421408557,184.0118240151078,113.36578556190189,111.48852137859456,111.48852137859456,0.22471760379472588,-0.2515255508471486,26.02902500075288
465,15.5,track,2,324.0016991322289,243.68808786940954,320.08246876675656,241.40952095685765,226.8721638689616,186.64995249393365,112.6387833189324,107.32670418562698,107.32670418562698,0.22313916332966344,-0.26756198381028395,25.26930599924526
466,15.533333333333333,track,2,322.5630677847659,241.5759958071279,320.41883556695655,241.4312804907207,225.5501283829382,183.09688707379064,113.27540143220935,110.26668812099324,110.26668812099324,0.2220435382856209,-0.27050450717125935,23.479790997953387
467,15.566666666666666,track,2,322.26393122789904,240.42293622728937,320.6953774710084,241.31348014551776,226.28853708406712,181.53632369402925,112.60066348253102,110.45288465700473,110.45288465700473,0.257654060982922,-0.26613122876652784,23.63904400044703
468,15.6,track,2,324.0321545355456,244.59137701344315,321.16239898812694,241.7020080658193,229.27247392542873,184.39367467608784,112.2637984215223,106.4121581570488,106.4121581570488,0.2842622278340045,-0.2881981787574406,25.854531999357278
469,15.633333333333333,track,2,323.3482611348383,241.9019524100061,321.51348898083717,241.7440987987306,228.62839701465595,180.35380241228512,112.96029137306512,109.11662897461623,109.11662897461623,0.3068147541912317,-0.29352971029667163,27.375721001590136
470,15.666666666666666,track,2,322.9123870733038,242.1775298611532,321.784357881432,241.8153363273114,229.3308881600453,180.29342484509573,112.1924212792051,108.56225383886631,108.56225383886631,0.32665477103132673,-0.30058545213385063,26.893244998063892
471,15.7,track,2,320.001452432825,241.58496732026143,321.6830164242979,241.80988830447382,227.5541280386533,178.32149464225208,112.02131387786186,111.13270115433822,111.13270115433822,0.3278334937631283,-0.303842563186182,21.942079001746606
472,15.733333333333333,track,2,320.70713544527865,244.300311298297,321.66544334056204,242.12834936487087,228.484709362482,179.73287949942068,112.57854645401778,109.57725235604669,109.57725235604669,0.3329387726743271,-0.32427796349739596,25.426698997762287
473,15.766666666666667,track,2,321.93362831858406,242.8708304969367,321.7894528528293,242.2541770999123,230.79455884106184,178.02025124180443,111.85672807191712,108.62366219424672,108.62366219424672,0.34538285419134207,-0.3358107926980086,24.58878999823355
474,15.8,track,2,320.2950876583926,242.058843950703,321.703621473247,242.27247015125045,230.25313860739317,175.96507685243662,111.69574136081759,110.24958282160586,110.24958282160586,0.3470617064665266,-0.3421117587235877,28.923891997692408
475,15.833333333333334,track,2,319.67438733728534,242.35146366803153,321.54303671831167,242.32196541087797,230.74286735135166,174.96813364602394,111.5765585231204,110.43540813588642,110.43540813588642,0.3442290815294115,-0.3500759582213591,24.3041430003359
476,15.866666666666667,track,2,317.7675629844961,243.21372335271317,321.15921440807995,242.46895664287553,229.92466620089635,174.53356808683222,111.50487990522961,111.3526805535519,111.3526805535519,0.3286400757854333,-0.3633567399362959,22.82813900092151
477,15.9,track,2,319.7692577030812,243.64110644257704,321.0350281076091,242.6551834015822,232.0258725295354,174.71110357834883,111.58067456587511,109.55403735210605,109.55403735210605,0.3250177425743774,-0.3792736472363579,26.170590001129312
478,15.933333333333334,track,2,320.3637636175522,242.64646095794535,320.9872036193702,242.70760214612528,233.6440647359713,172.40674421475254,111.59715042184554,109.66401316281929,109.66401316281929,0.3247620351513411,-0.388778882594062,24.908712999604177
479,15.966666666666667,track,2,316.85368402717296,240.05782964640306,320.5202769114006,242.44348361050336,231.09068367266315,168.65242893273134,111.59759621464828,113.99711587138246,113.99711587138246,0.3018526373740134,-0.3815417106836379,25.377750000188826
480,16.0,track,2,318.61195672107095,241.74802860810564,320.2917050852689,242.39506472992105,233.8794347336358,168.98583368845337,111.6867820821992,111.62331109012176,111.62331109012176,0.274210058147611,-0.3844887714586329,26.169311000558082
481,16.033333333333335,track,2,315.0171528658573,242.14441021924262,319.64749213263076,242.39494534488492,231.27543690944353,169.162512709245,111.08119712842712,113.53412571239545,113.53412571239545,0.2712426261916842,-0.38965434837538665,24.24662100020214
482,16.066666666666666,track,2,316.567635516311,241.51318371351485,319.23063698518376,242.31739386785904,233.73526697567908,167.2504434820285,111.24817241078745,112.8454790291525,112.8454790291525,0.2276249315638645,-0.3905637136187725,25.060109001060482
483,16.1,track,2,315.4664285281831,239.24108494278622,318.71160400360986,241.97110745268236,233.5717518338653,163.78742906499446,111.3552524858664,115.23106373539305,115.23106373539305,0.19391998966955162,-0.3766961011208457,23.818136000045342
484,16.133333333333333,track,2,316.4773936170213,241.89639748549322,318.35093430677557,241.96319989668802,235.46937062829238,165.19474504580324,111.5591469827617,112.87716097926709,112.87716097926709,0.16637004743630876,-0.3791944740010852,23.996358999283984
485,16.166666666666668,track,2,314.32342974706523,240.41268304489896,317.76141886404343,241.77819480494853,234.1263805908066,162.4983989581786,111.8132476861196,115.67530710778618,115.67530710778618,0.12510890207741687,-0.3721198095469441,21.443486999487504
486,16.2,track,2,319.17121238782335,239.84638395213796,317.7963041976657,241.53716968781774,239.82165953871484,160.60088275868534,112.14366231203154,112.839647721117,112.839647721117,0.1146058100139606,-0.36115506804489683,23.346062000200618
487,16.233333333333334,track,2,318.9388668847942,238.74737385913554,317.80968452034267,241.1806162776567,240.42361242413455,159.3013943738779,111.6973985345859,113.33431258725108,113.33431258725108,0.10328024853891465,-0.34289955077952794,25.372295000124723
488,16.266666666666666,track,2,317.4818270520795,240.14483473594342,317.65573745056537,241.01539200499334,239.64305615800095,159.53410007320426,112.05786361147257,113.71894949679802,113.71894949679802,0.08332286765662199,-0.3331989541358068,25.751950997801032
489,16.3,track,2,317.5807910986122,240.0437121721587,317.5307241123033,240.851209431846,240.5097697231634,158.3236347601287,112.33037607024676,113.97247627502601,113.97247627502601,0.06447293130120055,-0.3227907030603963,23.732343997835414
490,16.333333333333332,track,2,319.6732725359523,241.33286566117152,317.6713777037755,240.85474707563608,243.22951701929162,158.46246487547927,112.74374077469781,111.99141347118398,111.99141347118398,0.059480076126096265,-0.3205820140049003,24.886175997380633
491,16.366666666666667,track,2,320.6750700280112,242.25234441602728,317.9302874282116,240.97149719344583,244.95174882898584,158.25947255498673,113.0876823393067,110.96735479778094,110.96735479778094,0.06168460868662291,-0.3244373503807043,24.743000001762994
492,16.4,track,2,318.17452830188677,242.19723969252271,317.87999074800115,241.0774387516102,244.16315848399736,157.24324048633798,112.67149081930542,112.24931080556972,112.24931080556972,0.04885967279230807,-0.3282756705648507,25.593746999220457
493,16.433333333333334,track,2,322.72344713858183,243.61320466621876,318.38209959660264,241.3486104371927,249.37699350650666,157.61498374522097,113.0282985007688,108.51221106161374,108.51221106161374,0.06550954838381687,-0.3414348362755324,22.83654600250884
494,16.466666666666665,track,2,321.18142640364186,240.86628224582702,318.6727391047994,241.27600187993576,248.56460235548383,153.95812020393564,113.25295477090562,111.83121708838966,111.83121708838966,0.07339213909054705,-0.33754758499092485,23.862825000833254
495,16.5,track,2,322.872226612364,244.73253905537658,319.1499533926003,241.67142017774384,250.83135265993576,156.93268691398333,113.57245069065019,108.09477451840348,108.09477451840348,0.09275170627060533,-0.358312890802697,24.590536999312462
496,16.533333333333335,track,2,321.2774907300468,244.36344295179623,319.40767117075666,241.99869396320426,250.92016077455008,155.73632599458747,113.15882527939831,108.96050176235627,108.96050176235627,0.1027624951458533,-0.37724083497118455,25.375760997121688
497,16.566666666666666,track,2,321.91609370246425,242.04119257681776,319.7251788812243,242.02706079447825,252.30553905285507,152.6384485270953,113.30701638577555,110.51959427485022,110.51959427485022,0.13165846656399435,-0.38173500155085327,25.3098469984252
498,16.6,track,2,324.10191817409253,241.39504674031807,320.2828266403529,241.97485901153902,255.14359357607816,151.29903212312195,113.45722710020341,109.88273365966047,109.88273365966047,0.13234027229869771,-0.3820774763701348,26.401256000099238
499,16.633333333333333,track,2,324.08302935556713,242.99044641306236,320.8005889793415,242.1153042893275,255.84557290248148,152.13758672759045,113.62478856400486,108.79151705102062,108.79151705102062,0.17546069794878805,-0.39243331281421195,26.115273001778405
500,16.666666666666668,track,2,320.5512575888985,242.53148308759756,320.8590026048547,242.19072040379808,253.96758413586008,150.997402939621,113.1895463328529,110.82302210437551,110.82302210437551,0.18266394312467626,-0.3999172054564431,25.160844998026732
501,16.7,track,2,321.82318033183964,240.3355334867385,321.06021057082063,241.99707273866008,255.98329459484023,148.17837716628463,113.26001949025839,111.93457459939754,111.93457459939754,0.19774889103194274,-0.3933676179916821,22.517811001307564
502,16.733333333333334,track,2,322.793341478314,240.3362248014661,321.35919314791494,241.8140195732671,258.59450715626724,147.60929269005828,112.7819766944313,110.9354647919818,110.9354647919818,0.21889794351200764,-0.386472947428686,24.97944399874541
503,16.766666666666666,track,2,320.2110762800418,239.66213862765588,321.32450050465235,241.56098976587978,256.622839146423,146.21342539760195,113.03152616024519,113.19269452359258,113.19269452359258,0.22353462441356767,-0.37498162407316116,22.46264400309883
504,16.8,track,2,318.96245071276917,241.24300879587503,321.1361483946294,241.51283424687514,256.1671934103012,147.23635795021633,113.05085025288726,112.604264943466,112.604264943466,0.21973608954316104,-0.3732204017249761,25.14429700022447
505,16.833333333333332,track,2,319.90447710184554,241.02648667122352,321.06643760270464,241.44248851449385,258.8334681246517,146.50576791474413,112.53370344805137,111.7251809346026,111.7251809346026,0.2212914685380009,-0.3700152524913998,25.57666299981065
506,16.866666666666667,track,2,318.97782529016496,241.1773976786805,320.88539423376807,241.3954371494321,258.5856114486131,146.04083302875745,112.6862255383182,112.24995402703092,112.24995402703092,0.21646527448111208,-0.3677053503687963,23.6784170010651
507,16.9,track,2,317.6171141142961,239.60796315374824,320.5487456884265,241.16465605122312,258.8947532485342,143.87267393059534,112.3101120482457,113.90484624374491,113.90484624374491,0.20240633989364581,-0.35538393911263244,25.739619999512797
508,16.933333333333334,track,2,316.6792084045932,242.0607744930369,320.117870819778,241.24296706848247,258.7128896177568,145.79253461222908,112.37289763749044,112.38841770304145,112.38841770304145,0.17553584745605944,-0.3584891314652213,25.922250999428798
509,16.966666666666665,track,2,316.15784046102516,241.80770397330906,319.6499939105305,241.2878729457085,259.89273490766135,144.99694922133958,111.97358768288686,112.42091875684615,112.42091875684615,0.17486945636888931,-0.3601624819297638,24.888129999453668
510,17.0,track,2,315.287595245352,243.85656811947578,319.10740904598254,241.5763979177611,259.6757042047828,146.53859784106174,112.08688488943932,111.23872687469796,111.23872687469796,0.12693662406436668,-0.3750197009934349,28.975281999009894
511,17.033333333333335,track,2,316.63700219887613,242.47355240654775,318.7620126071475,241.6823770318633,262.6342943488368,144.60766413584517,111.7766726206785,111.31272131466203,111.31272131466203,0.10412107781984561,-0.3814538608054564,25.68169299775036
512,17.066666666666666,track,2,315.2350420024001,242.98148465626608,318.2740791330019,241.84245078380334,262.83665928067836,144.58271898503793,111.48052564225421,111.22996466097388,111.22996466097388,0.07214973775283881,-0.39125776557627523,25.538374997267965
513,17.1,track,2,317.10677966101696,241.69830508474575,318.04520884143034,241.8385930682375,265.25496619282706,142.7030287226663,111.75274180951646,111.64102895571507,111.64102895571507,0.051827282993698584,-0.3930521801700616,25.313938000181224
514,17.133333333333333,track,2,313.76730477058646,239.35855363111517,317.4371862549327,241.55431002502615,263.4857455483654,139.85200709437345,111.48895910127814,114.99339737241233,114.99339737241233,0.010368355674728588,-0.3798985148470861,27.666033998684725
515,17.166666666666668,track,2,314.32729042462586,239.63012531938193,316.9409083076677,241.31978569937377,265.5772782636875,139.57847369676395,111.29643605302621,114.22046920871772,114.22046920871772,-0.02771666180541371,-0.3681239870143688,24.07804700123961
516,17.2,track,2,315.54424702432294,240.83163705364845,316.62962220828297,241.2441369042822,267.34741066103123,140.2483490097007,111.53444700701968,112.79488924321247,112.79488924321247,-0.05799035707118863,-0.3637516005918869,24.837114000547444
517,17.233333333333334,track,2,317.81232372777436,243.50527283874922,316.61854638840333,241.4941429402146,271.0986050511624,142.32083336667176,111.44712784040759,109.23628528160276,109.23628528160276,-0.07345007650250861,-0.3763699096372692,24.898220999602927
518,17.266666666666666,track,2,317.09188544152744,240.79730651210366,316.53172482501475,241.40570815259295,271.7571132896634,139.02594064647084,111.41208406729461,111.90682186746437,111.90682186746437,-0.09273606263074036,-0.3720729413323879,25.74768999693333
519,17.3,track,2,318.06331957260807,243.72389509470617,316.5757282201134,241.67321702668025,274.14827044673086,141.4066996216199,111.34334299456772,108.73371134348179,108.73371134348179,-0.10514449885407273,-0.3863444691595551,25.75553299902822
520,17.333333333333332,track,2,319.73920656965157,241.81245093895296,316.8262197117696,241.69575161911789,277.1534530082077,137.93329611335218,112.26943134120333,110.69525116916495,110.69525116916495,-0.10604408853897498,-0.38876203782454616,25.148705000901828
521,17.366666666666667,track,2,319.6251599147121,241.56893085592446,317.0552937668982,241.68735644325787,277.3792479368777,137.1695642374068,112.6230208669018,111.3131934028979,111.3131934028979,-0.10664109498216248,-0.3896388709349161,24.27957699910621
522,17.4,track,2,319.2730820831809,241.81784363946824,317.23443246258086,241.70883184480138,278.3420511901706,136.92749643686508,112.59366867744919,111.17250419872185,111.17250419872185,-0.10854534655904502,-0.39206636034710196,25.771418997464934
523,17.433333333333334,track,2,321.6137160120846,243.69432024169186,317.6875927649778,241.95298247855692,281.90682033559705,138.23743447808255,112.68448127059204,108.65868616243722,108.65868616243722,-0.0947406930732711,-0.4064351766255705,25.59580000161077
524,17.466666666666665,track,2,320.87546827794563,241.8130513595166,318.02816155951274,241.95620586906418,282.4450987072365,135.93662287026433,112.63530270293163,110.63253170182269,110.63253170182269,-0.08461998991311998,-0.4090419797713695,24.52523600004497
525,17.5,track,2,323.2747059856065,240.88204318062137,318.6366115825786,241.8466117154048,286.1129711096631,134.6025424683763,112.58919491067519,110.711132146433,110.711132146433,-0.05844926328620388,-0.405637495114174,27.155796000442933
526,17.533333333333335,track,2,321.0511652356755,242.0176975643946,318.9416885946653,241.8785966220158,284.99182528367845,135.32961332611242,112.61715373871108,110.36966133602856,110.36966133602856,-0.045496512419812445,-0.40925651382527556,23.262713999429252
527,17.566666666666666,track,2,321.940517971681,244.16888539271451,319.3327019873749,242.165082538177,287.0638483838757,137.16087013703864,112.54820038763793,107.98461332176615,107.98461332176615,-0.02641763571255402,-0.426530562582232,26.485294998565223
528,17.6,track,2,324.75213623046875,242.28997802734375,320.03305818082475,242.2078589757544,291.06191201748464,134.97085413812212,112.48300120405412,108.9428034179377,108.9428034179377,0.009281058790357784,-0.4320580504598099,25.724221002747072
529,17.633333333333333,track,2,324.0656972669937,240.14733707077787,320.60349328084345,241.98989994493277,291.4705589816161,132.60490285466855,112.37356538336358,111.11991673717465,111.11991673717465,0.04459893601391146,-0.4238521548566442,25.0227239994274
530,17.666666666666668,track,2,324.34745917066357,240.82010806872685,321.1657654771894,241.86443718287435,292.9260577070077,132.9869031026853,112.3178728572998,110.38478726182491,110.38478726182491,0.08044001119701137,-0.41955606646535776,23.53726699948311
531,17.7,track,2,320.14903514817365,240.4314266023432,321.1829162581117,241.69954402792055,289.92155208821885,131.3040647891532,113.23639798424682,112.78084660146128,112.78084660146128,0.0897333499252095,-0.4125477198553855,26.849722999031655
532,17.733333333333334,track,2,319.8967044971779,242.36614675001516,321.15996722038244,241.77609482859347,290.6286466907607,133.0926908536122,113.12518451389549,110.86861207815986,110.86861207815986,0.09689496259019548,-0.41761119510992406,23.22604999790201
533,17.766666666666666,track,2,320.97471376966877,242.87614032939447,321.2590669292031,241.90897486796007,292.82312678467673,133.40053638139892,113.03724921260226,110.00921816618465,110.00921816618465,0.11032159781519109,-0.4259662338684192,24.098837999190437
534,17.8,track,2,318.19789062976287,242.19789062976284,321.01206139031143,241.95221322500103,292.12344072623733,132.5437628592679,112.71159955780723,111.01326703321931,111.01326703321931,0.10558902344991886,-0.4301009358828953,25.804683999012923
535,17.833333333333332,track,2,317.1780663955817,242.24773927292588,320.65120574979875,241.9981126528401,292.1677054092077,132.4276256450158,112.63203591303773,111.11459106056911,111.11459106056911,0.09351007340460016,-0.4345377835969205,24.732132002100116
536,17.866666666666667,track,2,318.00471954982754,240.99279966116052,320.40592421585694,241.8903414491694,294.04552453140417,131.0630970464654,112.51036637966365,111.98608673383384,111.98608673383384,0.06455745966281091,-0.4309636542953647,26.19229300034931
537,17.9,track,2,315.37322145202484,238.56998662288703,319.85698576510606,241.49887383904388,292.46271527765373,128.47906175136737,112.4495577235966,114.87045624413136,114.87045624413136,0.06663769746206022,-0.4117740113276023,24.260972000774927
538,17.933333333333334,track,2,316.15682880387743,239.82257226934394,319.43327217053627,241.28172362983685,294.27885515143697,129.68094370870264,112.29347297651432,113.27785076228801,113.27785076228801,0.038511659413740934,-0.40009853374386717,23.85321900146664
539,17.966666666666665,track,2,314.8361650485437,242.24427877947295,318.87734363663327,241.36905250052837,295.0132834141599,131.9608522677737,112.05079562168294,110.89090787096531,110.89090787096531,0.008311790984130318,-0.40364302019310927,26.62859500196646
540,18.0,track,2,317.36642610225,239.95154345321123,318.65973311898466,241.17840621573242,298.5510017418443,129.5923343412936,111.95166470254077,112.47182830594986,112.47182830594986,-0.006445450971185478,-0.3927599705905532,25.489612002274953
541,18.033333333333335,track,2,314.8067007174997,237.7544691718351,318.1521752724554,240.73846427355798,296.9533539390988,127.2881212013477,111.89975882514959,115.0439721018817,115.0439721018817,-0.03767072034868657,-0.36776603143969466,24.459991000185255
542,18.066666666666666,track,2,314.9938154956193,241.07868063906545,317.7022237716415,240.7259691178273,299.2204609402648,130.49168112249336,111.70623606588505,111.46237547671743,111.46237547671743,-0.06809113903687526,-0.3636012723059786,23.791190000338247
543,18.1,track,2,314.6969844357977,239.75571498054475,317.2499632598155,240.55943640813913,299.8363386171041,128.11852626277422,112.6219370236357,113.68393644652541,113.68393644652541,-0.10059788612692848,-0.35121154147612815,26.61892399919452
544,18.133333333333333,track,2,316.22060857538037,241.73392116182572,317.01456684198246,240.64327996704762,303.38740040911046,129.95301902892484,112.51516037176492,111.29382950557233,111.29382950557233,-0.12348305447269249,-0.3514724551335597,23.92544200120028
545,18.166666666666668,track,2,312.28423958708436,239.73100468131076,316.33051530902765,240.48586566395602,300.34636591687195,127.84716805500271,112.51891274798358,113.86185948752241,113.86185948752241,-0.17117243904496593,-0.3139275070727379,26.41802699872642
546,18.2,track,2,316.0793302891933,239.40864535768645,316.1513301367813,240.3029777848211,305.02384130670333,127.46402426392346,112.48920849782935,113.52810737468326,113.52810737468326,-0.19483363594061556,-0.30766401123808185,25.247773999581113
547,18.233333333333334,track,2,316.5519406048168,242.66119393975976,316.0495468955839,240.52413453144626,307.497958699152,130.6027951998379,112.42357100049537,110.1092614396115,110.1092614396115,-0.21495190558635047,-0.32909532391155255,26.684473999921465
548,18.266666666666666,track,2,316.4467608023756,242.97363796133567,315.9511825483084,240.7724796181096,308.21871745855725,130.86863363838387,112.40655092794546,109.7654487636004,109.7654487636004,-0.23507501617921,-0.33829028099778435,23.760413998388685
549,18.3,track,2,317.32612895435886,240.40636319729535,315.9735212766494,240.70085561578338,310.92601726274484,128.197514124376,112.3912240343272,112.17010747380564,112.17010747380564,-0.24890707198196504,-0.33169014301595545,26.233587002934655
550,18.333333333333332,track,2,317.46518410499453,243.54198566046907,316.0201168736573,241.010553328355,311.8926507989434,131.26828919893416,112.41190348261134,109.033545502265,109.033545502265,-0.2610247913525781,-0.3452069702333495,26.358240000263322
551,18.366666666666667,track,2,319.54658605974396,243.09530583214794,316.3210632356659,241.2490673465458,315.7470019924008,130.7717741980966,112.38777779558833,109.3109935179634,109.3109935179634,-0.2590543564136274,-0.35641671705634553,25.09072999964701
552,18.4,track,2,319.1469178082192,242.06301369863013,316.56277938578177,241.34965877278773,317.080132226335,129.6677900199301,112.41422467119763,110.3708393865967,110.3708393865967,-0.2585615989588998,-0.36143873034361246,26.377360998594668
553,18.433333333333334,track,2,319.7422379154998,241.93096310726895,316.8664590354875,241.4278591719712,318.3408393976323,129.48440824459382,112.4552871958028,110.52804546789042,110.52804546789042,-0.2533594185590162,-0.3657931987851422,27.615869999863207
554,18.466666666666665,track,2,322.36375196802715,241.6521133583626,317.469230659811,241.46718941850207,322.6395762514181,129.18634203463753,112.46610955517102,110.84509079996006,110.84509079996006,-0.2305663494357345,-0.3684801372106131,26.03878199806786
555,18.5,track,2,319.81908931698774,240.65744308231174,317.73285717950847,241.38426851899666,321.6690995070409,128.229678395141,112.44298470894988,111.78278349020485,111.78278349020485,-0.22286693924007794,-0.3648680596708243,25.06880999862915
556,18.533333333333335,track,2,321.5756008518406,242.1720717979921,318.1909061781827,241.48686932608118,324.05831289344223,129.6617462502268,112.53771462912174,110.41286222216331,110.41286222216331,-0.20338609943842467,-0.3707863738839105,25.315351002063835
557,18.566666666666666,track,2,323.80837805089146,242.8845421499048,318.8869702631971,241.6676231528008,327.8568617726653,130.4530191566779,112.50438917225398,109.82837196645478,109.82837196645478,-0.1689904293015763,-0.3813264747553468,25.963010997656966
558,18.6,track,2,321.98026475589023,241.61883653145495,319.3186310541411,241.6846560351881,327.5757298674853,129.19020091094382,112.56778996366918,111.06846202762559,111.06846202762559,-0.14542311697623345,-0.3839497175292697,25.657147001766134
559,18.633333333333333,track,2,323.62549993940127,242.13428675312085,319.9156917214725,241.76079495243187,329.6757067056831,129.78856777217612,112.50851334570272,110.63534287903941,110.63534287903941,-0.10661246345465594,-0.38978761449651855,24.84268399712164
560,18.666666666666668,track,2,321.8841563162678,242.10942138745835,320.2613414231782,241.82769814910063,329.4147037145625,129.80291829637363,112.55869482481478,110.59852377870467,110.59852377870467,-0.10067113273458395,-0.39545117058347656,24.76452600240009
561,18.7,track,2,321.118202877347,242.0830894903682,320.4864070046956,241.88559606215466,330.08312885513715,129.8536936106169,112.58688732406273,110.60686370534678,110.60686370534678,-0.09453631296364745,-0.40090328774309153,24.60882000013953
562,18.733333333333334,track,2,322.6245436845948,241.2177537113653,320.8695143224863,241.83458546016206,332.98787493921026,130.04879776783844,111.65095342300802,110.71563470320827,110.71563470320827,-0.04267054590358946,-0.40077681627419004,24.535101998480968
563,18.766666666666666,track,2,322.2353835858125,239.24773377136947,321.1736263070103,241.54937859314376,334.0312179295978,128.13823196773538,111.73389413655013,112.73832633089799,112.73832633089799,-0.017162804316677174,-0.38791209458574893,25.298088999988977
564,18.8,track,2,319.1388111888112,241.37709790209792,321.07912459185434,241.53541308802218,332.25423355771,130.3439903240493,111.80503245540038,110.33860021832388,110.33860021832388,-0.01166351601886885,-0.3881785212280343,26.07722000175272
565,18.833333333333332,track,2,321.230480614615,239.24280864748974,321.23130032763265,241.26666657778196,334.67578912800275,128.29104719355124,111.7634541822677,112.6688462869972,112.6688462869972,0.006372880964149216,-0.37476851505612696,24.626744001579937
566,18.866666666666667,track,2,318.1720599842147,241.11183291846277,320.9995053428464,241.2381730924104,332.9561366118483,130.21214090989983,111.8807874897467,110.54969687652955,110.54969687652955,0.004419844509688742,-0.37292266093967064,25.608157000533538
567,18.9,track,2,318.978582293885,240.85768177669607,320.87035825530666,241.1817306345547,335.12488783605164,129.98415723367754,112.04303471100886,111.05065462048087,111.05065462048087,0.0066671532358354435,-0.3694327196873463,24.6449849983037
568,18.933333333333334,track,2,316.9396371249128,239.9476622470342,320.49840939747105,241.0207392058015,334.3773547797646,129.1563162892442,112.15523320892808,111.77222619699982,111.77222619699982,-0.03089933089702316,-0.3601123674553426,25.14330000121845
569,18.966666666666665,track,2,318.10318914956014,242.16471163245356,320.28299991541206,241.13597439653952,336.8197907536366,131.41472150918776,112.32039658009221,109.8802442021466,109.8802442021466,-0.026471944307118557,-0.3647847936102996,24.77527500013821
570,19.0,track,2,315.4367283950617,238.9224965706447,319.7578656078514,240.85751497682438,335.46451489843247,128.23112253775042,112.48863283689914,112.83365273806925,112.83365273806925,-0.02280468911474367,-0.34901373289418586,25.887791001878213
571,19.033333333333335,track,2,313.6837394932575,241.7690633125718,319.0529885684832,240.93805370166206,334.96198586828194,132.12820908569012,111.68652866123362,108.90447326066665,108.90447326066665,-0.06950186984683372,-0.3511457113867222,24.587021998740966
572,19.066666666666666,track,2,315.6870052368774,241.4173669467787,318.63110601334085,240.973227285075,338.2533988758555,131.80135849965097,111.9147507246033,109.72753798861129,109.72753798861129,-0.09259171809721965,-0.35124407597425145,23.714852999546565
573,19.1,track,2,311.96214225335103,241.51310228233305,317.7917948545906,241.01902519156846,335.79248454957735,131.96134970090657,112.1136553128895,109.18677816795604,109.18677816795604,-0.1399087440636639,-0.35210128217380077,25.30292899973574
574,19.133333333333333,track,2,313.0901405024025,238.17985523994892,317.1433743826119,240.66447514679774,338.1159299924844,128.63921523555192,112.36299191537574,112.82469278861932,112.82469278861932,-0.18085574720726905,-0.3318878466915446,25.054647998331347
575,19.166666666666668,track,2,313.25875273522973,242.7588135181133,316.56180489756406,240.88102031544514,339.56710667779447,133.20580842218635,112.66761030888806,108.57196239591026,108.57196239591026,-0.22113663521051136,-0.3405572408679255,24.368327998672612
576,19.2,track,2,313.1856669677808,241.4339054501656,316.0158978324666,240.92751569439594,341.71232010481526,132.89853088408387,112.2216443980409,109.28014243732254,109.28014243732254,-0.26204686203371297,-0.34117478577053323,24.495966001268243
577,19.233333333333334,track,2,310.4303250345781,238.21542185338865,315.18420940828827,240.58739834636037,340.0815790626622,129.76614464308287,112.42972290669279,112.04808202062041,112.04808202062041,-0.3204723236449399,-0.3214687201657351,24.87909399860655
578,19.266666666666666,track,2,312.1906331309627,239.34258456201215,314.6263104350176,240.40469761534803,343.08942135476275,130.8106872217072,112.84461818795674,111.60388614870733,111.60388614870733,-0.3678148721531513,-0.28753375383333907,24.731615001655882
579,19.3,track,2,314.737624063813,242.5889910491384,314.42118956155315,240.62400704273446,346.8252613069436,134.09804897723808,113.13664735838329,109.24659205033936,109.24659205033936,-0.39859181137321464,-0.31513491983574654,26.242723000905244
580,19.333333333333332,track,2,314.522143813116,238.61844506630976,314.2172390335649,240.35720047539274,347.6507663271879,131.18058095427173,112.4295347079077,112.27747253982233,112.27747253982233,-0.42989175715267597,-0.2794577549258273,24.085730001388583
581,19.366666666666667,track,2,312.9350137174211,241.57115912208505,313.85019154078697,240.46218721511391,348.258053657806,134.14000488511581,113.08921279820414,109.56667450575812,109.56667450575812,-0.47039151858703443,-0.27441023116730967,23.834160001570126
582,19.4,track,2,318.7526497486524,242.47065592635212,314.21582025199217,240.6706351399798,355.08010457564825,135.16988194210472,113.28345012324601,110.54396134149833,110.54396134149833,-0.4730726863832069,-0.30468372458400095,25.64265799810528
583,19.433333333333334,track,2,316.1628229582105,240.117565458644,314.26253980295377,240.58644620971614,353.4771469598159,133.87619338997666,112.60367629313795,111.27884658806788,111.27884658806788,-0.49065059273596573,-0.29784662842858767,25.235924000298837
584,19.466666666666665,track,2,320.0548102489727,239.53976311336717,314.78359429397517,240.4396546866393,358.41346800768196,133.4707640825495,112.79192870258665,113.24342201440679,113.24342201440679,-0.4822734754885159,-0.2644354405092078,24.862654998287326
585,19.5,track,2,319.18497566909974,240.2742092457421,315.1784420715173,240.39140136655152,359.4625262570184,134.35290955147804,113.32079601857927,112.776764888979,112.776764888979,-0.47781856425214786,-0.2596755794967429,24.258442997961538
586,19.533333333333335,track,2,321.3273498493883,239.19192229667425,315.812786317521,240.21859271112845,362.5698776037607,134.46212066703734,112.5578848635371,113.79999320429748,113.79999320429748,-0.45838339879542,-0.25481594072354913,25.899365999066504
587,19.566666666666666,track,2,326.27750160114675,239.9335142883284,317.0052569391077,240.14732305404547,368.3770563342102,135.50497498148732,112.5952589165399,115.15011868505796,115.15011868505796,-0.40597681871383806,-0.2499825026562548,24.847033000696683
588,19.6,track,2,323.11568544230886,240.1326017098163,317.7475824022477,240.1067582931359,367.05238804649247,136.81692206018187,112.2700471951195,113.40491521099203,113.40491521099203,-0.371858163395213,-0.24521880596945134,27.128834000905044
589,19.633333333333333,track,2,326.03109715596884,240.4741863414045,318.79066491289177,240.112092645479,370.7302762509244,137.4395101127874,112.31278251961739,114.42121750095193,114.42121750095193,-0.31809974882685715,-0.2405761580969764,28.61853600188624
590,19.666666666666668,track,2,326.20518701482007,241.11891319689485,319.7849489289648,240.1966506821785,371.7064810015289,138.25537313959217,112.47788950538333,114.12944086661028,114.12944086661028,-0.25082784945899556,-0.23613116181634392,26.79531799731194
591,19.7,track,2,326.63569220199247,243.51288217107523,320.76069109829206,240.56441970939983,373.6991208782411,141.89898898110548,111.98370242132077,111.83650542656103,111.83650542656103,-0.20171151735383314,-0.26165924907437704,29.4505339988973
592,19.733333333333334,track,2,326.11602848968164,240.44225969440555,321.6023241567486,240.54343043758197,373.8608693376613,138.99524499316018,112.12076801107635,114.46813434227168,114.46813434227168,-0.1448670688483631,-0.2586382004456836,29.132127998309443
593,19.766666666666666,track,2,326.2220392730821,240.5697646054397,322.3903482433531,240.539429724557,375.6572366442552,140.28166570578915,111.8102925496259,114.19927401383343,114.19927401383343,-0.08721574322051692,-0.2565466542098811,28.21966400006204
594,19.8,track,2,325.4894097222222,242.4796875,323.0256865146234,240.76455161742888,375.4891270350635,142.34329593640413,111.925281535236,112.32041251561606,112.32041251561606,-0.0343758061813392,-0.2667302855897872,27.11464199819602
595,19.833333333333332,track,2,322.42321688500726,243.5701722464823,323.23710617918925,241.10622336576685,373.89801397310276,144.50226466591172,111.6427563599765,109.65771000793494,109.65771000793494,-0.0015644400901895783,-0.284191900781251,24.29204900181503
596,19.866666666666667,track,2,320.15398105927744,244.49526481936164,323.14566035008113,241.53642798438082,372.20881614059397,145.46640802285722,111.87680873963843,107.9924094318821,107.9924094318821,0.015695778811240013,-0.30794184822513637,27.30073199927574
597,19.9,track,2,317.6927370874739,242.7189301926144,322.7480256280974,241.72527405605052,371.27694667274363,144.86484901377526,111.56472883592266,108.07415145746542,108.07415145746542,0.015809049625772703,-0.3207882199553003,26.419938996696146
598,19.933333333333334,track,2,320.0797953341049,241.82688676372052,322.64493066441014,241.79241888491654,374.25424183538314,144.0478514014114,111.78376630845622,110.22856969868504,110.22856969868504,0.029351977829078474,-0.32800782568831727,26.051788998302072
599,19.966666666666665,track,2,315.4251797257295,240.47054914517005,321.97797592138204,241.6895877726704,371.1425399005704,143.71525113685246,111.65129608531777,109.02436540113787,109.02436540113787,0.011898929157952376,-0.3264589715162238,24.48208400164731
