frame_index,timestamp_s,state,detection_count,selected_x_px,selected_y_px,estimate_x_px,estimate_y_px,truth_x_px,truth_y_px,tracking_error_px,pointing_offset_px,pan_rate_deg_s,tilt_rate_deg_s,processing_time_ms
0,0.0,search,0,,,,,,,,,6.0,0.0,86.29690799898526
1,0.03333333333333333,search,0,,,,,,,,,6.0,0.0,52.779179999561165
2,0.06666666666666667,search,0,,,,,,,,,6.0,0.0,59.79262999971979
3,0.1,search,0,,,,,,,,,6.0,0.0,51.91874699994514
4,0.13333333333333333,search,0,,,,,,,,,6.0,0.0,44.90120000082243
5,0.16666666666666666,search,0,,,,,,,,,6.0,0.0,41.51702600029239
6,0.2,search,0,,,,,,,,,6.0,0.0,43.948876998911146
7,0.23333333333333334,search,0,,,,,,,,,6.0,0.0,41.69005299991113
8,0.26666666666666666,search,0,,,,,,,,,6.0,0.0,41.76932700102043
9,0.3,search,0,,,,,,,,,6.0,0.0,40.35222000129579
10,0.3333333333333333,search,0,,,,,,,,,6.0,0.0,39.871867000329075
11,0.36666666666666664,search,0,,,,,,,,,6.0,0.0,38.32749299908755
12,0.4,search,0,,,,,,,,,6.0,0.0,39.83627499837894
13,0.43333333333333335,search,0,,,,,,,,,6.0,0.0,39.24066100080381
14,0.4666666666666667,search,0,,,,,,,,,6.0,0.0,41.11515500153473
15,0.5,search,0,,,,,,,,,6.0,0.0,40.54466900015541
16,0.5333333333333333,search,0,,,,,,,,,6.0,0.0,43.65790600058972
17,0.5666666666666667,search,0,,,,,,,,,6.0,0.0,44.44202699960442
18,0.6,search,0,,,,,,,,,6.0,0.0,42.741246999867144
19,0.6333333333333333,search,0,,,,,,,,,5.0,0.0,39.445442000214825
20,0.6666666666666666,search,0,,,,,,,,,3.333333333333326,0.0,39.977746000658954
21,0.7,search,0,,,,,,,,,1.9999999999999973,0.0,39.96511500008637
22,0.7333333333333333,search,0,,,,,,,,,-6.0,-6.0,40.75404799914395
23,0.7666666666666667,search,0,,,,,,,,,-6.0,-6.0,41.53238200160558
24,0.8,search,0,,,,,,,,,-6.0,-6.0,47.63572000047134
25,0.8333333333333334,search,0,,,,,,,,,-6.0,-6.0,39.54344599878823
26,0.8666666666666667,search,0,,,,,,,,,-6.0,-6.0,42.970021999281016
27,0.9,search,0,,,,,,,,,-6.0,-5.0,40.509473999918555
28,0.9333333333333333,search,0,,,,,,,,,-6.0,-3.333333333333328,50.629023999135825
29,0.9666666666666667,search,0,,,,,,,,,-6.0,-1.9999999999999996,40.729455000473536
30,1.0,search,0,,,,,,,,,-6.0,-0.9999999999999998,40.15970799991919
31,1.0333333333333334,search,0,,,,,,,,,-6.0,-0.3333333333333288,46.31417199925636
32,1.0666666666666667,search,0,,,,,,,,,-6.0,0.0,38.4851399994659
33,1.1,search,0,,,,,,,,,-6.0,0.0,43.18635100025858
34,1.1333333333333333,search,0,,,,,,,,,-6.0,0.0,40.970066000227234
35,1.1666666666666667,search,0,,,,,,,,,-6.0,0.0,43.100216000311775
36,1.2,search,0,,,,,,,,,-6.0,0.0,50.927488000525045
37,1.2333333333333334,search,0,,,,,,,,,-6.0,0.0,38.21941800015338
38,1.2666666666666666,search,0,,,,,,,,,-6.0,0.0,35.49683900018863
39,1.3,search,0,,,,,,,,,-6.0,0.0,37.05353799887234
40,1.3333333333333333,search,0,,,,,,,,,-6.0,0.0,36.712414999783505
41,1.3666666666666667,search,0,,,,,,,,,-6.0,0.0,37.19087500030582
42,1.4,search,0,,,,,,,,,-6.0,0.0,38.608217999353656
43,1.4333333333333333,search,0,,,,,,,,,-6.0,0.0,40.83911199995782
44,1.4666666666666666,search,0,,,,,,,,,-6.0,0.0,39.11843400055659
45,1.5,search,0,,,,,,,,,-6.0,0.0,37.13247899941052
46,1.5333333333333334,acquire,1,13.267366822725547,419.8901682905226,13.267366822725547,419.8901682905226,12.92461154662235,420.064523469455,0.3845528672590335,355.9754581513657,-5.779993056434265,-3.3898053587245354,40.19836800034682
47,1.5666666666666667,acquire,1,40.776731760066156,410.23649895044844,38.54624568805098,411.0192278522577,40.801680747995356,410.3190939321167,0.0862808379390817,327.0478485344331,-5.218645412282193,-3.1995890461460252,38.58843699890713
48,1.6,track,1,63.21006359895249,398.52537722908096,54.48959490310109,403.0299554372137,62.79316155534833,398.44313839875707,0.4249359236100976,302.0920155322561,-4.906980629978302,-3.0410982904101487,37.86500900059764
49,1.6333333333333333,track,1,86.84349899598394,379.63221636546183,77.24400903061203,387.2636340539407,86.87375393025653,379.27631332868174,0.3571866915733703,271.5616653009031,-4.446110937635103,-2.7075058404160774,40.24954600026831
50,1.6666666666666667,track,1,107.9224640863183,364.7885327143843,101.15863894790537,370.3346177471491,107.54979032537122,364.3000633522183,0.6144005614200957,246.14141736034432,-3.9731190721064418,-2.3608276050965156,38.09618299965223
51,1.7,track,1,120.16240195448117,345.8919249067764,119.654488918715,351.6286464026436,120.30398061905073,346.25404731031495,0.3888150632445033,226.20438264193538,-3.637912534052177,-1.9835248953308626,37.368758999946294
52,1.7333333333333334,track,1,136.44810760087583,331.49358773850486,137.109467914469,334.5957700932467,136.2061750413526,331.66421410343884,0.2960485091468078,205.38378280704393,-3.32742736471674,-1.6546340927744057,36.46117700009199
53,1.7666666666666666,track,1,150.62790845923377,318.77847899534646,153.08526869308312,319.3219042133132,150.9449644785157,318.51484240399753,0.412345451849513,186.3979225015528,-3.04994044777123,-1.37072617533718,39.066146999175544
54,1.8,track,1,166.28639692193124,306.1385751520417,168.85039232988672,305.08797028339046,166.4145556020296,306.6394045062802,0.5169668164896862,167.41952981618869,-2.773950466553822,-1.1111500526443168,37.56917899954715
55,1.8333333333333333,track,1,178.312683612211,302.4585515391493,183.17628933817872,294.7588306906744,178.08041312648646,302.60044545849775,0.27218277477969477,155.11281349376364,-2.5284487082287033,-0.9410295990709552,37.314313998649595
56,1.8666666666666667,track,1,188.45961729622266,292.6788021868787,195.99137251395132,284.77073279879363,188.01389577140472,292.3276990532067,0.5673985267520151,141.98070220154776,-2.31378748115019,-0.7723767988408061,39.525447000414715
57,1.9,track,1,194.22016828148904,285.63443396226415,206.47540219647465,275.8340886290019,194.43846149936496,285.85456876557373,0.31001816172407054,133.67251560183635,-2.148141637914863,-0.62300445354549,37.048329000754165
58,1.9333333333333333,track,1,204.7801605216955,280.1755706044645,216.81103551124917,268.0456411296575,204.85275701691398,279.8784119631189,0.3058978738801235,121.85719226744918,-1.9788910099260648,-0.4951484277612187,36.701245999211096
59,1.9666666666666666,track,1,213.84642788981486,272.12265411285705,226.65741449798202,260.3305257626765,213.82467734195268,272.42273804707196,0.300871158315655,111.01546326530149,-1.8156318876615076,-0.3636096561969818,38.32611799953156
60,2.0,track,1,218.40325646224025,269.22845919918905,235.01887048117192,253.9699957631006,218.2200831201142,269.0023811652674,0.29097036049655517,105.83142063362808,-1.6823304538271393,-0.25960459830453264,37.81634900042263
61,2.033333333333333,track,1,226.30192541418793,260.0877630653106,243.11335281557632,247.08338424080506,226.06390459732373,260.28919068758125,0.3118124376517406,96.10224387732958,-1.5498246341207678,-0.13853896742959348,36.82027400100196
62,2.066666666666667,track,1,233.22650452135952,257.4971000935454,250.79899416250797,241.28497380064888,232.8509311874767,257.1007006171533,0.546065814721802,88.8110024517651,-1.4224865582298118,-0.04001213036697235,35.458151000057114
63,2.1,track,1,233.03807813757663,250.6340783852393,256.6463212127998,235.38262023231047,232.7315901537232,250.64622563366925,0.30672860950840425,87.91539954604504,-1.3342570713047417,0.06450659779186685,37.42529100054526
64,2.1333333333333333,track,1,240.51584960140607,246.77176573975268,262.65848952816464,230.0103795691036,240.2943183295664,247.078212412909,0.3781344574241847,80.01935254368628,-1.2369908378226788,0.15917883264879124,38.265714998487965
65,2.1666666666666665,track,1,241.2067775723968,247.76518792359826,267.47408843292504,226.0034155757173,241.02167160405006,247.36036129376748,0.44513910156009495,79.32056022616901,-1.1640675339925597,0.2245821791548479,37.241791000269586
66,2.2,track,1,247.3852068373896,241.71773527355913,272.37643582185405,221.75297801373375,247.31638412336287,241.61089801336985,0.1270856645367921,72.70146497363046,-1.0849342714103913,0.29935658710014,38.320413001201814
67,2.2333333333333334,track,1,248.31427690410115,241.80918902251003,276.40508828772084,218.41167173615403,248.422194771248,241.9253992665739,0.158590941969927,71.603696578465,-1.0232404170751788,0.3552965265425,46.40279399973224
68,2.2666666666666666,track,1,250.12401785153057,241.82657615186372,279.87827278939915,215.79602050844176,250.29670918744824,242.0751641971842,0.3026851727080233,69.73417423720193,-0.9712086749322874,0.3972302410891386,42.02558300130477
69,2.3,track,1,253.24510045605817,238.989707876248,283.117157876383,213.29640639966863,253.7751720218532,238.47506597028058,0.7388045453583499,66.24238269061684,-0.921522032102863,0.43951409215822956,40.87957600131631
70,2.3333333333333335,track,1,256.6857161141687,236.36791245360297,286.21568387253933,210.92586182903597,256.4427644588098,236.0256750180434,0.4197046212993606,63.68137442534148,-0.8725328454923081,0.4811455276301822,42.62120000021241
71,2.3666666666666667,track,1,256.44368600682594,233.0039185943623,288.61791828194197,208.54489962681365,256.5318740916889,232.87193934295124,0.15873141187181328,63.86714534910572,-0.8377249599437668,0.5249049809473342,44.88537299948803
72,2.4,track,1,259.36598879304915,233.44878171630046,290.9155208884186,206.73692495687777,259.7827876016134,233.32191416461785,0.43567949514580934,60.58638047826539,-0.8029467817288914,0.5566617228544837,43.51354099890159
73,2.433333333333333,track,1,263.0488333545837,233.51638403672064,293.2387387790901,205.36200264319575,262.952976113442,233.4177894472164,0.13751183134118322,57.42550330710821,-0.7656826862572791,0.5800572553774708,39.95333800048684
74,2.466666666666667,track,1,261.118323488752,232.34893804197563,294.76858413675274,204.1797429428674,261.37622092328775,232.30672680078575,0.26132905621628894,59.12642324505105,-0.7455848676541372,0.6007736909201166,39.92086699872743
75,2.5,track,1,262.8827773909741,234.5451610861447,296.13590098346265,203.64227559195675,262.5912175088342,234.5879546459133,0.294683650091297,57.66332059492134,-0.7272712499915108,0.6079918167842333,40.93132699927082
76,2.533333333333333,track,1,266.1859420473238,231.6775275211945,297.57722565258547,202.96199314456032,266.35179330972755,231.76457509026824,0.18730702208557395,54.276627608262686,-0.7055759320909389,0.6204745472097015,39.35824300060631
77,2.566666666666667,track,1,265.9011689691817,228.49696818153404,298.5950670362094,202.11110812400833,265.74074755172944,228.51393906444397,0.1613165894882896,55.46166308415626,-0.6926629625833782,0.6381270215134872,42.345865000243066
78,2.6,track,1,264.91602523659304,230.8013880126183,299.145515658637,201.8443418525634,265.2332613347017,230.68654756913716,0.33738267501777164,55.55300226103919,-0.6893158170242695,0.6427798552719634,40.53276100057701
79,2.6333333333333333,track,1,269.0791334533299,231.8399331447673,299.9635807389812,201.92860953358417,269.0930534532582,231.69408665091632,0.14650926989997734,51.58008727479347,-0.6781642977559964,0.6404410875752473,41.39858400048979
80,2.6666666666666665,track,1,272.75734486989086,230.50326079938012,300.9618555526174,202.0144810261137,272.49201492375414,230.2447439933298,0.3704469183666854,48.4992130426925,-0.6620366779201671,0.6393553632686687,39.27820699937001
81,2.7,track,1,268.7758365031268,227.53910128296047,301.13865842723266,201.88825976589555,269.26883045041814,227.2331938587568,0.5801916788862141,52.31293246336423,-0.6647501433337081,0.6441236615742552,41.3121619985759
82,2.7333333333333334,track,1,274.1551370740456,229.25883935434283,301.7696681911708,202.16325614203163,274.409061869052,229.65634491601995,0.47168683793727323,46.749597219187635,-0.6555660608430831,0.6398892667154783,39.0482989987504
83,2.7666666666666666,track,1,273.1093271693634,229.23383519710126,302.00754296688064,202.57835369976817,273.1762386447984,229.57686232859515,0.34949214366823933,47.9698491384529,-0.6552185889757026,0.6331462262513259,38.37133799970616
84,2.8,track,1,275.28918225614717,226.1298254395295,302.2957671883921,202.73069375705916,275.21150344972125,226.18546727214434,0.09555108845268921,46.87057432679193,-0.6529457052735698,0.6332384879713332,41.74357199917722
85,2.8333333333333335,track,1,277.9675584448056,224.21315164395548,302.6981618233248,202.784346190125,277.79266966638585,224.16607542551182,0.18111392867504747,45.07961735997108,-0.6475391703748328,0.6357838149387938,37.68280999975104
86,2.8666666666666667,track,1,282.515756302521,222.1576866040534,303.4426114053499,202.72471419431892,282.2104863460195,221.85233091681147,0.4317775377129369,41.9211788402628,-0.633955170654727,0.6409498926143028,40.200108000135515
87,2.9,track,1,278.82170095494456,225.39825674549766,303.4966486385215,203.2053629831846,278.57202303085074,225.75055880925854,0.4318052916650843,43.81008845009059,-0.6367715396262202,0.6333433553092782,39.71824300060689
88,2.933333333333333,track,1,279.1540840802929,223.83013508395405,303.41104084542906,203.59187749408406,278.89399937393017,223.8222782183938,0.2602033528227607,44.1749020317364,-0.6421579678179578,0.6285023651518077,38.17851199892175
89,2.966666666666667,track,1,285.3472558891168,221.85903412269252,303.91688831505417,203.83550182929193,285.169704472957,221.61355534389946,0.3029592979561554,39.385413970060036,-0.6330778178060811,0.6272628631666514,39.19556799883139
90,3.0,track,1,285.6057604587515,222.28945653590512,304.25928108032207,204.23131342946616,285.79264026370447,222.82315134504603,0.5654681342067098,38.27776887233014,-0.6280968808518265,0.6224664901545646,38.80738199950429
91,3.033333333333333,track,1,286.7106711366943,217.62603580239104,304.55861703457435,204.14623811348886,287.00614744601506,217.7716577984554,0.3294116195697711,39.783080617054615,-0.6240999815092341,0.6290771797163158,37.68848599975172
92,3.066666666666667,track,1,288.9038096443488,220.93190735349955,304.9559762639708,204.5688412740515,289.4188705527493,220.6263753261752,0.5988635563158307,36.20142001733823,-0.6177363825477955,0.6233484544891164,39.71969700069167
93,3.1,track,1,287.4850295634671,214.58189709397408,305.01643799654244,204.29630624915828,287.1926849008212,214.97257283534756,0.4879476782148647,41.26368905586108,-0.6192970292907573,0.634145218361511,39.20053700130666
94,3.1333333333333333,track,1,292.8978106691335,218.69781066913353,305.59060629666305,204.627659651983,292.81206414191666,218.62541686437638,0.1122200066697696,34.584052111413136,-0.6084732914728123,0.6301686586479972,38.95491199909884
95,3.1666666666666665,track,1,294.40828326728877,213.1167071455963,306.182679479133,204.35373544842932,294.7173990057759,212.73221729691903,0.4933406363926769,37.18523748176933,-0.5976004471344998,0.6406144357723178,38.87258500071766
96,3.2,track,1,296.55634119688887,215.33547599151507,306.87333566873264,204.44447446352677,296.3969025149349,215.4727661507579,0.21040266426105006,34.0395565656325,-0.5846908526523974,0.6419829279785402,39.75909599830629
97,3.2333333333333334,track,1,295.4411801165241,211.76224122970126,307.2699673494175,204.1777366537944,295.5819739484539,211.38389661262133,0.40369239822274694,37.61809895955842,-0.578937268494948,0.6517668075656418,38.462554999568965
98,3.2666666666666666,track,1,301.1163892525404,215.0996197244561,308.20997006084764,204.40005498800724,300.9249590795335,215.4190304593495,0.372382503217588,31.11400407655465,-0.5603152368301556,0.6497320269224109,43.97908700047992
99,3.3,track,1,302.4048470646275,208.85649975333004,309.1380924888218,203.9288096009363,302.64895200498165,208.56853824340178,0.37750371270420935,35.90258562669167,-0.5425130991177728,0.6642279240705504,46.3161419993412
100,3.3333333333333335,track,1,299.5066019417476,211.90990291262136,309.55701456169044,203.91695653616128,299.32115715817713,212.054463110047,0.23513276767230284,34.7644584790923,-0.5369360395223751,0.667360549337938,44.56836999997904
101,3.3666666666666667,track,1,301.8193130265716,207.9196370706416,310.12638432198725,203.4894685354366,302.3477030228483,207.60339868633608,0.6157943681729051,36.89367649402876,-0.5274180829634301,0.6803384853727867,41.30301600162056
102,3.4,track,1,304.75611269703364,209.60611890281743,310.91600720302694,203.34870068946088,305.03348181118105,209.78088885817033,0.3278386230708193,33.72226778997081,-0.5126355917090734,0.686201472686345,43.42692399950465
103,3.433333333333333,track,1,306.0693476884104,206.62666244458518,311.72143403898434,202.91577366097752,305.9101606122579,206.20933403786591,0.44665817385201184,36.61055421783307,-0.49765875570488255,0.698961488634781,45.844459998988896
104,3.466666666666667,track,1,306.8502437147255,204.6142893791688,312.4808849962217,202.322067163523,306.5590345034396,204.63266948614228,0.29178867879015696,37.835269539890675,-0.4838750198703428,0.715165490837406,40.62744200018642
105,3.5,track,1,311.1623401534527,205.7834398976982,313.6226230549123,201.95680858986424,310.7050125562516,205.30984218062588,0.6583641308408852,35.91383913079364,-0.46117075520939466,0.7256304120514805,39.88232900155708
106,3.533333333333333,track,1,311.6733927434755,208.82196053469127,314.67012725568276,202.02808417667086,312.15735755508837,208.7498892176467,0.48930176130890746,32.21919403753115,-0.44112759077099883,0.7259242998194897,38.61354400032724
107,3.566666666666667,track,1,312.8541730923447,204.4210721115292,315.71073449625214,201.61592824468983,313.26723743637234,204.67782447626846,0.4863578200319001,35.958116962203206,-0.4214178646015933,0.7380754786442761,38.96048999922641
108,3.6,track,1,317.0379212598425,207.12812598425197,317.1057314946061,201.5984684653157,317.3954563817097,206.86056667757026,0.44656393266877126,33.24162583856787,-0.3935179333100122,0.7408041842633437,39.132572999733384
109,3.6333333333333333,track,1,312.72358448506463,202.59480287879754,317.81691877184846,201.08271494954437,313.16595635263593,202.72657198072136,0.4615798581397667,37.894756746579375,-0.38205442680048235,0.7555262137934224,37.79185999883339
110,3.6666666666666665,track,1,315.65477834986814,202.76510109255307,318.7549601034689,200.66059715375587,316.01759922655833,202.3702095380497,0.536263301355157,37.83993454183814,-0.3647286448297356,0.7676898396864894,37.87256099894876
111,3.7,track,1,317.385719804275,201.6520087561164,319.7642590282361,200.17182905755578,316.98182376213873,201.50140064243723,0.4310624279142895,38.6167261726952,-0.3401046925824642,0.7812806526115856,38.078681000115466
112,3.7333333333333334,track,1,321.91087321839797,205.2478371818012,321.1761950406619,200.18317854595537,321.52591354611354,205.50413578043637,0.46247477871521014,34.52959687579313,-0.3173549512052834,0.7830349116515546,38.15552900050534
113,3.7666666666666666,track,1,318.6376087238738,205.2761261846034,322.0330267924181,200.23515701164098,318.62845154149585,204.95405218651376,0.3222041499337883,35.07277581429257,-0.30212582314234576,0.7843694035076221,38.90427300029842
114,3.8,track,1,319.44698650104567,199.68667215919893,322.85830469977105,199.6504233664895,319.61911679235305,199.5654863918417,0.2105108723926847,40.43630748159638,-0.28724483309468596,0.8009879305026311,39.48521900019841
115,3.8333333333333335,track,1,318.97757735187275,199.05305023174245,323.50265582305184,199.06011545650463,319.4641964622797,199.46822695800918,0.639663874739539,40.53531437350014,-0.27625170182465253,0.8172298010198689,36.487200999545166
116,3.8666666666666667,track,1,321.95398811781064,201.42611553533055,324.3916035797432,198.82436960035656,321.8347401431784,201.053443581998,0.3912856555696639,38.9897490144987,-0.2590633120931652,0.8248495600506943,37.26462899976468
117,3.9,track,1,322.80034604214296,198.62306123710067,325.256887829919,198.30123092500813,323.0686758175497,198.6376124204049,0.26872403187172,41.47606391110247,-0.24237665042708895,0.8393984537153175,39.14436999912141
118,3.933333333333333,track,1,325.6894502228826,200.4854507181773,326.34562973356856,198.0659909472888,325.39832226482025,200.82546640768575,0.44762278435918035,39.54473372587318,-0.22038345338664705,0.8470265212376571,36.92727300040133
119,3.966666666666667,track,1,326.3689113137978,199.57849796235203,327.38040293813344,197.76880219483928,326.5058617885582,199.23136345929015,0.3731726085246838,41.28447605335841,-0.19984333367984342,0.856336957840593,37.16071900089446
120,4.0,track,1,324.50303447412875,201.2231120565601,328.06041455210385,197.71772755585982,324.31234809814055,201.1806796092367,0.19535047113679652,39.05811031937243,-0.18762153266928022,0.859996337742672,38.59756599922548
121,4.033333333333333,track,1,325.2566820276498,197.85069124423964,328.7221522489286,197.2959605878904,325.66646823506073,198.0583679925248,0.45940653844122314,42.322681362473006,-0.17537733813858425,0.8726925247331422,37.9316110011132
122,4.066666666666666,track,1,326.1151006499653,201.10064996529312,329.38103844887553,197.3177014360358,326.18735445606603,201.53880450098842,0.444072077084799,38.95570451651707,-0.1628433436116202,0.8748397510005812,37.664990000848775
123,4.1,track,1,328.6163731245923,198.98173515981736,330.23547733008144,197.11214176856004,328.3699150953085,198.76808720286942,0.32617021584824335,42.072866691168706,-0.14547276737728532,0.8827249649711005,37.62447099870769
124,4.133333333333334,track,1,327.86765651111966,203.28274842524746,330.8858041127112,197.4599399385088,328.3776766756842,203.40251367626757,0.5238933895501526,37.54412699342049,-0.1329039106625834,0.8777089330942217,38.44941399984236
125,4.166666666666667,track,1,326.1711226598209,199.38043954667836,331.2324091559969,197.34363331806597,326.5298861995931,199.7009667571949,0.48109143637291596,40.82464322053957,-0.1271704957862706,0.8842391253859448,37.783528001455124
126,4.2,track,1,330.35320323774863,201.26215724414882,331.9993004856618,197.48184027627042,330.4324478803764,200.87164698149104,0.39846954541878704,40.49523402473221,-0.11104798827638414,0.8847337974371903,38.15937599938479
127,4.233333333333333,track,1,326.7047005069788,200.5904112161232,332.22549496070314,197.55193557514954,326.7485425260092,200.5281285804979,0.0761659328905991,40.04461835981286,-0.10766098510190276,0.887075501620436,37.60907600008068
128,4.266666666666667,track,1,328.5656333716035,201.60301058808523,332.60520827346005,197.75789741451626,328.5306632256999,201.90348990895325,0.3025074104444787,39.03993207201488,-0.10006898581193036,0.8863360543156846,38.14865499953157
129,4.3,track,1,328.5370381907669,202.0075384711233,332.90533461446364,198.0168780957811,328.5656310754815,201.65856953677397,0.35013835864870596,39.286579460264186,-0.09408643769079654,0.884590997478138,38.54309800044575
130,4.333333333333333,track,1,332.6611001964637,199.79528487229862,333.6295929552161,198.01064940982286,332.67737904828846,199.66391150281478,0.13237810705048783,42.28139040744451,-0.07791851258821952,0.8892601683905417,38.16056700088666
131,4.366666666666666,track,1,328.57503743733315,198.1113353733967,333.7711270649557,197.81733646691117,328.7581549851682,198.17321504979108,0.1932902756886243,42.73388840270973,-0.07567874909607797,0.8981124069356538,36.678997001217795
132,4.4,track,1,333.41951773765936,199.94243151117283,334.43560766444415,197.8683921608639,333.7301494467898,200.33044811677888,0.49704018443517856,41.97845102486221,-0.06070667139272907,0.9008963893545731,38.393839000491425
133,4.433333333333334,track,1,329.88697963947607,202.84035793022954,334.5903749050753,198.2757317732478,329.37026503082893,202.62974422193196,0.5579893555545863,38.52710583039172,-0.05791883832732291,0.8954211510476222,37.54349699920567
134,4.466666666666667,track,1,334.57795798009585,202.62403243641725,335.2518784230119,198.64322680246192,334.3313143074574,202.4423759745083,0.3063203738014632,40.19902601082921,-0.042842800756625374,0.8913626278566833,36.868356000923086
135,4.5,track,1,334.8013989507869,202.377404446665,335.85585934523857,198.96757583931839,334.81282960677754,202.67631117317117,0.29912520964808953,40.155667951129544,-0.029420435226892593,0.8885903979299873,36.57380799995735
136,4.533333333333333,track,1,336.4164786280704,201.31519566759073,336.5727396771687,199.15205118311076,336.77180621604776,200.92965881720158,0.5243055957986499,42.518055504561026,-0.013489321817745746,0.8892141793787615,37.966545000017504
137,4.566666666666666,track,1,334.40522835038684,201.81794359870227,336.96215151208787,199.39105857658393,334.21647227167927,201.6917005421471,0.2270818499516272,40.86115381635667,-0.005416117456797847,0.8884717240463297,37.72997799933364
138,4.6,track,1,335.09982972819574,199.01696411679384,337.3685977696752,199.2849679336037,335.37575899809076,199.18467982190074,0.3229017183669072,43.6154138580402,0.003336782342247562,0.8957831905481954,38.24134600108664
139,4.633333333333334,track,1,334.1313751997051,203.91593953545532,337.59333909973196,199.77542406122055,333.7841888408167,203.4294644588189,0.5976590733742732,39.082066626114916,0.0080349941473872,0.8887273945647863,36.598938999304664
140,4.666666666666667,track,1,335.0480913173653,202.48652694610777,337.87448145164655,200.0677943404496,335.3021853956799,202.3886459064309,0.2722948742866396,40.6050592246286,0.014420405908420494,0.8867389241181718,38.744427998608444
141,4.7,track,1,335.86067955033474,201.44568649741063,338.1976643306513,200.21913345241444,335.7921032370892,201.57207618924826,0.14379521877018034,41.54630974052717,0.02198208031124469,0.8880902918661996,37.92914900077449
142,4.733333333333333,track,1,339.962428652073,198.5980053942169,338.954951128057,200.0211441105181,339.4471317555398,199.12772721544033,0.7390102160708352,45.26293865949029,0.039768877137001175,0.897444251709743,37.71040999890829
143,4.766666666666667,track,1,337.6432482887368,198.90790292470442,339.3519805716451,199.87306024864154,337.7735792476511,198.69656492643654,0.24829399582632378,44.965251785668976,0.048673719184990576,0.9050836994218726,37.41347899995162
144,4.8,track,1,335.88178513225523,201.6354519242823,339.477858152805,200.06153640860794,335.83143277250406,201.79532982904533,0.16761952321828558,41.354940291357565,0.051392193914123974,0.9045501645760804,37.20092799994745
145,4.833333333333333,track,1,338.3762779903406,199.1850341842815,339.85962848721255,199.94640052853492,338.1187107213815,198.7404987963247,0.5137631839524703,45.062557825551686,0.06053629986094625,0.9113095549923959,36.89668999868445
146,4.866666666666666,track,1,341.9708438636504,202.5461998397337,340.61433472675395,200.24121101750714,341.4833605049749,202.41687914810998,0.5043449873524803,43.29001907546917,0.07838469771028699,0.9082563835307197,37.25602499980596
147,4.9,track,1,336.958197747184,202.17521902377973,340.6896318090838,200.47394653637411,337.3984091085206,202.4189390793985,0.5031754248377387,41.41305083455471,0.07991437316273489,0.9070004945472635,36.311788999228156
148,4.933333333333334,track,1,339.4383225237705,202.41036458661293,341.0241202989324,200.71992315005153,339.83426755722496,202.07548418672198,0.5185724170724454,42.79797973272992,0.08804814648292002,0.9055929894570067,38.68783799953235
149,4.966666666666667,track,1,341.6094364351245,201.2062659926356,341.5661829369969,200.8053511102051,341.9226986547367,201.27493170412842,0.32069954501239883,44.499838548317356,0.101091506264192,0.9080536169264616,36.79468900008942
150,5.0,track,1,342.721875,200.334375,342.176787939471,200.7793427399942,343.0750722833531,200.72541558839788,0.5269355394567464,45.55164038304253,0.11552836353680483,0.9129912063449226,38.23104099865304
151,5.033333333333333,track,1,342.5780062305296,205.3586292834891,342.70131322523565,201.35392307240178,343.08041565321,205.12623523990314,0.5535541703323481,41.81967306504818,0.1277403597593932,0.9036793427636762,37.2098450006888
152,5.066666666666666,track,1,338.1996542229622,200.38637382339758,342.6385495101102,201.29563103035255,337.70887424153597,200.76506365768049,0.6198959434920774,43.046305958681295,0.12621733291310278,0.9097356923856632,36.57651700086717
153,5.1,track,1,343.21340289423017,206.32706043102914,343.14910481482,201.94785235061437,342.9271086108539,206.02506802605106,0.41612958241198544,40.98717252858935,0.1388124091990781,0.8988110088123455,37.19027400074992
154,5.133333333333334,track,1,338.49572111754344,201.2097281651145,343.0348888375079,201.94341737761403,338.54995866391926,201.3773945539838,0.17622068378410563,42.846313935643906,0.13661526470628643,0.9038328766342537,37.82428200065624
155,5.166666666666667,track,1,343.7639630583653,205.41446252434503,343.52981725590394,202.43678365959386,344.00451866916825,204.98770388228812,0.4898876814730584,42.45088686909603,0.14929166167694663,0.8968233399517465,37.983846001225174
156,5.2,track,1,343.4951535750252,204.93479355488418,343.935190663582,202.83645304939634,343.09225360128596,204.96276941494898,0.40387007512991613,41.96259886441901,0.15956673777798475,0.8923389281352578,38.11844600022596
157,5.233333333333333,track,1,340.0321086363348,206.8780379465702,343.87457779419407,203.43669956017823,339.8861625365229,206.35951161200214,0.538674134974848,39.07866322447615,0.15887283030602525,0.8832772331309058,36.354263000248466
158,5.266666666666667,track,1,341.801102464332,206.56666666666666,344.0035174812584,203.95412448648935,342.10505055048986,206.71098286771465,0.33646932247077077,39.959878897130054,0.16313680521898585,0.8764630960816847,37.77297099986754
159,5.3,track,1,341.35207463785906,204.32942548490055,344.0465675888763,204.16200180003813,341.12861313898736,204.01764061278112,0.38359464016135225,41.727071311655315,0.16552907555241442,0.8769739686841266,37.546901001405786
160,5.333333333333333,track,1,345.28,202.87561996779388,344.5337065083302,204.1724281294317,345.6393799600002,203.07258149087528,0.40981434482496865,44.95566752347592,0.17849286550348847,0.881759971229726,38.34876300061296
161,5.366666666666666,track,1,345.41580202358705,207.06457433782305,344.98451008494067,204.67270374518074,345.13392107649,206.71843017433287,0.44639965306284785,41.70583746599493,0.19019515150091187,0.8746232786209254,37.42964199955168
162,5.4,track,1,341.79645453386047,207.62390001275347,344.95183567999084,205.1982524799585,342.3103218653792,207.7659081532528,0.5331284520359573,39.201876727031205,0.19038128486694075,0.8671702534520399,37.735657999292016
163,5.433333333333334,track,1,344.0592799503414,203.28739913097456,345.16966273946883,205.16080225123028,344.120132578134,203.1369897846339,0.1622529314862787,44.05294902415669,0.19687413540859092,0.8730689602101542,37.02366300058202
164,5.466666666666667,track,1,345.9430694628125,205.4963158889099,345.57827310645087,205.37773821192857,345.7475022038216,205.9540874514063,0.49779650081094107,42.68557169585865,0.20782632388323066,0.8724537482636324,38.03920500104141
165,5.5,track,1,345.8899455671651,204.11249452543328,345.9344407485807,205.4041375866313,345.3985579786539,204.1967802323498,0.49856377980482247,43.89712169522852,0.21732477542450734,0.8762040869179475,35.796311998637975
166,5.533333333333333,track,1,349.6761536511156,207.4801597363083,346.7004784967627,205.8202947638703,350.0131129511601,207.0582632138177,0.5399428169502305,44.56394250410539,0.23630783664103974,0.8705529524793065,37.51224799998454
167,5.566666666666666,track,1,347.1157216172237,208.7132306922018,347.0913497779888,206.34678692229045,347.1259963240081,208.96066013850125,0.24764268714332047,41.22208504682564,0.24596991660974868,0.8626029315077409,37.35727800085442
168,5.6,track,1,347.53260401942106,209.45688648515764,347.48551736836947,206.91726784966153,347.4950946331773,209.50224847361366,0.058861396968365766,41.06206372130577,0.25580756015668915,0.8539466735892922,37.805085001309635
169,5.633333333333334,track,1,349.46333872774807,207.98562181003362,348.0638061230438,207.26290633768681,349.3217972223922,207.7425931075971,0.2812417962294862,43.592523347165056,0.27001916515200214,0.8508039727781813,37.14214799947513
170,5.666666666666667,track,1,347.45058890218553,208.21698053788498,348.34288053673976,207.60038034332754,347.3270691375626,208.64374488923656,0.4442802537104676,41.59306964171321,0.2770788872395124,0.8477387825019264,39.31106100026227
171,5.7,track,1,349.4384425377015,207.73270930837234,348.81951925541534,207.84427403131593,349.2843750752849,207.98216926486597,0.29320138619948577,43.39027665887441,0.28902568476355733,0.8467589746818304,37.36717399988265
172,5.733333333333333,track,1,349.09165424739194,210.15306756085445,349.2023942218886,208.34760814598485,349.0794295295241,210.1342498996312,0.022439877469865182,41.68424463535637,0.2987359720913998,0.8395264095121254,37.59522600012133
173,5.766666666666667,track,1,352.74162148841793,205.6209339576146,349.97514727044114,208.26248209473263,352.7623051263114,205.23704962868703,0.38444114097306764,47.768518458372746,0.31764527325143765,0.8462122624441847,36.891816000206745
174,5.8,track,1,348.0269299820467,207.62451910746344,350.1127038716652,208.40703909854867,348.20891724300503,207.14330294113765,0.5144787283109159,43.30479827502445,0.32131614950953064,0.8469101279765611,37.93828599918925
175,5.833333333333333,track,1,350.1714524851919,209.2862477465877,350.4743988768793,208.72708121369052,350.4899138218752,209.5641021892145,0.42263543894185385,43.081071486372664,0.3307515653679797,0.8433640199414926,37.088846000187914
176,5.866666666666666,track,1,349.72155992390617,211.41616994292963,350.73672718546845,209.2678295531198,349.3817008052806,211.69784215339013,0.4414107550328179,40.795789990946965,0.3379623009240349,0.8347789433886325,38.172627000676584
177,5.9,track,1,349.8323618854536,209.82007095793207,350.97320478835684,209.56938298034655,349.687270888496,209.8905651420702,0.1613097250492052,42.283709868823735,0.3447710238689071,0.8321250337610658,37.08878700126661
178,5.933333333333334,track,1,353.459163536826,208.71831434209687,351.6064550669812,209.70501913176784,353.69210565669533,208.61778423001667,0.25370915364660934,46.043473481218946,0.36102276975571973,0.8332717808705775,38.6372239991033
179,5.966666666666667,track,1,354.2923755916592,210.57087117820134,352.2777254104254,210.03847431784274,353.8927599016298,210.4637553821695,0.4137227253574736,44.95674498753048,0.3777968543442683,0.829533042853019,36.68539899990719
180,6.0,track,1,356.22124008000515,208.44538357313374,353.1147341372571,210.08191090688848,356.1170263646648,208.22901216651616,0.24016053811296295,48.102341536990394,0.39815430724719414,0.8326217689295724,38.39948899985757
181,6.033333333333333,track,1,353.551087299086,209.51017964071858,353.55596336714075,210.23503474223148,353.97769538716346,209.29919446557216,0.4759298319549398,45.79326636401497,0.40888354220154083,0.8328164087895467,36.77474000141956
182,6.066666666666666,track,1,356.29305249921407,210.15718327569945,354.2723071703019,210.44170423416762,356.1368517776523,209.97690243833753,0.23853688548385624,46.981469151114396,0.4262832536176272,0.8316641629849393,38.303442001051735
183,6.1,track,1,354.7381424148607,209.44049535603716,354.73241057495284,210.53578046329554,355.0846472566995,209.1684337995426,0.4405486306186459,46.70672272275392,0.4375419395696587,0.8331353758117976,36.733146000187844
184,6.133333333333334,track,1,351.981889961148,210.86426870535155,354.8079043000055,210.78053980109257,352.0421557687317,210.73396119211185,0.14356885306509615,43.395861252111125,0.4400528529207253,0.8309383987117486,37.0579459995497
185,6.166666666666667,track,1,357.4305827388093,212.38259991161058,355.5044779007182,211.1782467778571,357.0128838061968,212.30252330796023,0.4253053735350565,46.22881982872925,0.45771952766249474,0.825252223149634,35.795616000541486
186,6.2,track,1,356.44101894186804,212.52560418027434,356.01406632756,211.55466276208253,356.7067049997255,212.5037091985703,0.2665867055268518,45.86314642252165,0.470703358549217,0.8203051368992395,37.9357860001619
187,6.233333333333333,track,1,356.10178436793166,213.65255089218397,356.42539226666065,212.02822939027988,355.90698944683135,213.81866493085892,0.25600573261428805,44.438431533274155,0.4814253296531801,0.8132217123787708,36.48344199973508
188,6.266666666666667,track,1,354.5628453038674,216.16863385233552,356.60101650761635,212.75843362610513,354.2267947351233,216.54397944836757,0.5037998622606856,41.492871411350485,0.4868052822816142,0.8003509279547735,36.03695399942808
189,6.3,track,1,356.5221770409759,216.65480137629027,356.9744413577703,213.4854172145977,356.93416520598913,216.14444801058903,0.6558923737882099,43.968396834348965,0.4972224118097314,0.788006874424788,37.3629030000302
190,6.333333333333333,track,1,357.21585225086574,216.94594074644093,357.382722446325,214.1844078300035,357.3160798986262,216.7222212996832,0.2451447985031897,43.98118688964152,0.5085035073195866,0.7766077831634401,38.26855599982082
191,6.366666666666666,track,1,354.8730536610475,213.56788058164972,357.46072346549687,214.4168377907083,354.84653428016384,213.56461893547592,0.026719204670338698,43.73911662762786,0.5120765453508055,0.7762484055116017,36.93939900040277
192,6.4,track,1,355.39491740787804,218.9310038119441,357.5721054399323,215.25639842145182,355.3642652475669,219.1835507270865,0.2544002737413713,41.03603071487359,0.5168565598229475,0.761214452175955,37.6145459995314
193,6.433333333333334,track,1,357.139218487917,218.99944088960675,357.86219635807856,216.03171568641642,356.9848715362191,218.52825149196005,0.49582499932243407,42.76583574002903,0.5260679879899985,0.7480850423482358,38.41912099960609
194,6.466666666666667,track,1,357.29050136968846,218.23119067337709,358.13018225008403,216.64502877945662,357.14610257485674,218.16727021632693,0.15791401704203836,43.08713295531119,0.5347238052136797,0.7389165027444956,37.708555999415694
195,6.5,track,1,353.7951192525203,214.2519055815097,357.94170298431294,216.72117644567723,353.72502869344106,214.44107471893926,0.2017365832661068,42.31590979639063,0.5327322244390996,0.7421874547689518,35.645091000333196
196,6.533333333333333,track,1,355.1863031071655,218.76220672162333,357.9105691364357,217.3088169063662,355.01700464551277,218.37952280402826,0.4184602130476555,41.153804787958514,0.5350003945911586,0.7327562087114664,37.20851699836203
197,6.566666666666666,track,1,354.3562519391871,219.13223704623022,357.76314858122976,217.88149848990037,354.3575466906717,219.2579724008341,0.12574202073598684,40.1331873083393,0.5347617339378096,0.7237811533997522,41.082606998315896
198,6.6,track,1,360.2080567786029,217.48393244397712,358.30725343544043,218.19808874008814,360.29653101938317,217.02482003803945,0.4675595069801543,46.38608957953433,0.5509564950102979,0.720823806793493,38.82255700045789
199,6.633333333333334,track,1,358.1433222716173,216.0110825871893,358.5538319075554,218.29523727905712,358.44937301348693,216.01875956839226,0.3061470114819662,45.31505464819429,0.5595364374168814,0.722678934876299,39.50923599950329
200,6.666666666666667,track,1,358.3669457364341,215.4245581395349,358.794539606327,218.29323241051745,358.79340077519987,214.99837786229045,0.602904245134217,46.15202111741247,0.5678997983960645,0.7263470151350908,40.663763000338804
201,6.7,track,1,360.67116378766866,216.71510528306644,359.2787728666921,218.42396619566614,360.26071268587447,216.92955901441175,0.46309881219022475,46.40226538913853,0.5819065944887183,0.7264380215496228,37.71876999962842
202,6.733333333333333,track,1,358.64395197343214,218.79895261208327,359.47325648400505,218.77526762234174,358.57787457695923,218.4839676200444,0.3218412147851137,44.172299648658715,0.5888214329681652,0.721212042274829,36.25501600072312
203,6.766666666666667,track,1,360.8661800486618,220.46047788383555,359.90392979181206,219.2834428290541,361.08283425700387,220.80530473874896,0.40724023114347635,45.34573405250756,0.6013977615163705,0.7124797750440608,38.29982599927462
204,6.8,track,1,356.8387341772152,218.66670886075948,359.8087701025402,219.5252835372957,356.3293513221671,218.72773697883292,0.5130256564856589,42.09906105284483,0.6015114884789705,0.7102609601382467,37.085396999827935
205,6.833333333333333,track,1,357.78996163682865,217.41969309462917,359.81613775840697,219.58253063260295,357.6731305117302,217.14768106423372,0.29604063314284573,44.062379001772484,0.6045598972519803,0.7122097217063699,36.684360000435845
206,6.866666666666666,track,1,357.820268899036,219.03862252663623,359.8108220289311,219.81007651764713,358.14048983327325,218.61676962783534,0.5296237484766697,43.72573047841608,0.6075596682729388,0.7098453019308043,36.83209599876136
207,6.9,track,1,362.70595413963645,218.54987475110798,360.37527963702877,219.94608511993076,362.4902018803558,218.8869399776153,0.4002024541468097,47.44658638239649,0.624049434378215,0.709593595100195,38.66914399986854
208,6.933333333333334,track,1,360.90902825637494,221.2409623457177,360.6750777566462,220.37703259085532,361.10345330744457,221.37225605922802,0.23460421925183028,45.12744971877142,0.6337776724037983,0.7023186382656239,38.10468200026662
209,6.966666666666667,track,1,361.3090664617749,223.60705596107056,360.98864511790646,221.04598751571805,361.0634366708783,223.5163542171238,0.2618411742467036,44.248349229305305,0.643767321814774,0.6897575970875873,36.4088249989436
210,7.0,track,1,361.2631477680862,221.58010518214468,361.261660113169,221.4120306378769,361.4669452051527,221.40208243011054,0.2706020982858072,45.446562934764806,0.6527594510998458,0.6847434612818921,38.421315999585204
211,7.033333333333333,track,1,359.8959415272168,223.37866256331347,361.33852764692784,221.95067194934595,359.7519086738139,223.11063203809064,0.30427918974291845,43.1910290843366,0.65719691298976,0.6756339547696596,37.106562000190024
212,7.066666666666666,track,1,360.1192864398172,222.6296343321483,361.42192934240694,222.3461895104251,360.5860833234125,222.3535555086415,0.5423272511345646,44.25637990981161,0.6620579004491103,0.670025627610722,37.62167900094937
213,7.1,track,1,359.22860743541275,225.92123503465658,361.3789199199386,223.09021608492307,359.3007981212642,225.58525798412967,0.34364527292611624,41.86093071531572,0.6641516273448459,0.6561989386850677,35.97932600132481
214,7.133333333333334,track,1,360.9454180013818,227.03963318887006,361.53000050302506,223.90056950762175,360.807723706534,226.80485560524633,0.27217684068605275,42.88801871976851,0.6710658467270388,0.6411926247741259,37.818300999788335
215,7.166666666666667,track,1,361.2659951501586,224.84567555804264,361.69690080406,224.37552875384486,361.6159098886918,224.6971643467582,0.3801261686860834,44.3402834327189,0.6783071151841068,0.6343361506901083,35.25884600094287
216,7.2,track,1,361.0979609929078,227.34169199594731,361.8204645192406,225.09577163872342,361.21590096251657,227.20989590701245,0.1768616563584104,43.15480569833945,0.6844915511096745,0.6215340439558924,37.82199099987338
217,7.233333333333333,track,1,361.0497874924104,226.81262902246507,361.91798872410163,225.68370630969866,360.9617344001786,226.90261801974702,0.1259022107962887,43.004710204900015,0.6900956269993421,0.6119614315350085,36.84744000020146
218,7.266666666666667,track,1,363.2650733645159,227.83058883834178,362.26217188698445,226.33166426352423,362.95933327358847,228.0763556766392,0.3922733001454721,44.58337817237787,0.701513085152845,0.6008998286917525,37.80051700050535
219,7.3,track,1,360.30563533090816,225.60495245388984,362.21890130482916,226.64737322044743,360.7266901064833,226.14622010412037,0.6857534492955422,43.01849026213036,0.7036176035466216,0.5975915566170614,36.12614299890993
220,7.333333333333333,track,1,358.91624396882344,229.57039465544972,362.0000771271803,227.39162757036803,359.2458063181059,229.3618713303324,0.3899914347553806,40.66205965209688,0.7019326401349598,0.5838419916777652,40.073090998703265
221,7.366666666666666,track,1,358.97197380022675,227.5439601964983,361.79060811980577,227.82111584358492,359.2243115469739,227.6446391890558,0.2716810592879722,41.124221051622214,0.7009014019061602,0.5776635227342847,35.963211999842315
222,7.4,track,1,363.60620656017556,230.55523716619925,362.1389509978801,228.55725747880146,363.58524950718044,230.96298804286837,0.4082890832421093,44.51226302623258,0.7131784163143939,0.5640665501091093,37.638943000274594
223,7.433333333333334,track,1,360.79481722583876,230.0778668002003,362.12058370570827,229.163483832472,360.7717541068386,229.88678455875012,0.19246903765446988,42.00729769349186,0.7163891796942768,0.5536933962820901,40.87146900019434
224,7.466666666666667,track,1,361.00006452029163,230.39938060520035,362.1188650719742,229.74262247490927,360.9624207297885,230.6793670560817,0.2825056948816773,42.00945263294277,0.7201049596452165,0.5439024374194366,39.877850000266335
225,7.5,track,1,361.948305681891,228.5054128499135,362.2222366017588,230.0309955834875,361.9486741792632,228.2947982736504,0.2106148986297108,43.55115397842543,0.7263339687589965,0.5408128637780558,37.97279299942602
226,7.533333333333333,track,1,364.5124609638112,232.0878696956708,362.61781471541497,230.70170225997302,364.4731928371564,232.37443295550725,0.28924122745394637,45.12221353037715,0.7392941289212733,0.5283563075377867,39.23439900063386
227,7.566666666666666,track,1,361.00467170101115,229.44131575579163,362.5610032311217,230.98624210551026,360.9429729149809,229.3130032776795,0.14237567291107658,42.31476019144794,0.7412666097340772,0.5250772109473337,37.734723999165
228,7.6,track,1,365.54424778761063,230.40063211125158,363.04203747211733,231.3397177364498,365.61339688700787,230.8455911391042,0.45030004931710127,46.52295322917653,0.7560748199928268,0.5197989232926477,38.27379600079439
229,7.633333333333334,track,1,366.10108864696736,229.9471228615863,363.55118884960893,231.58953375490466,366.25324757559235,229.96521017685268,0.15323018806309893,47.32927126085696,0.7710583984486261,0.5167460576875341,38.209448000998236
230,7.666666666666667,track,1,362.22264504054897,231.1743605739239,363.5550293901266,231.9437375461063,362.45829011035744,230.91535306287054,0.3501620906196154,43.41931838557086,0.7738876401435009,0.5109801587015016,38.75197299930733
231,7.7,track,1,363.08339240832635,231.92382548172972,363.65120544761345,232.33935390999463,363.36543405408025,232.39165872254162,0.546274135529165,44.02780630116677,0.7792705148468447,0.504178284118205,38.421245000790805
232,7.733333333333333,track,1,364.4261076048241,230.66562519527588,363.8921355288494,232.53402184170653,363.9298460721981,230.92247104871748,0.5587891384005904,44.85791912013295,0.7881953258630457,0.5020608864638109,38.833089000036125
233,7.766666666666667,track,1,362.2126433141192,236.11680496611135,363.8436030391787,233.34310567758234,361.88025919425604,236.18413740350726,0.339135460049338,42.053738448958136,0.7902978368986011,0.48533266024413346,37.71066700028314
234,7.8,track,1,365.8231665092855,235.04966949952785,364.2202498508308,233.94892529007288,365.658884328228,234.9741652214756,0.18080246407945108,45.93465721347586,0.8026504300989168,0.4739281280714124,40.451345999827026
235,7.833333333333333,track,1,365.46819743035235,234.47144129245643,364.5216048153978,234.4215220007658,365.6646394075777,234.29007470662202,0.2673635892813927,46.02024053696432,0.8129372947649349,0.465760533231632,38.682288000927656
236,7.866666666666666,track,1,363.3139122315593,237.20516651104887,364.53648981103197,235.16491366335694,363.6008402297134,237.02135350640296,0.34075635988442654,43.702466791599,0.8164263605329231,0.45117607943986526,37.47536099945137
237,7.9,track,1,362.30866483621736,235.7730030010855,364.42006583184025,235.66365838464392,361.8547759844288,235.58792459755838,0.4901725259845741,42.086680577868655,0.8171411750341406,0.44256265455447247,35.53997699964384
238,7.933333333333334,track,1,364.9521200423386,233.4636074964199,364.6176280834673,235.8274020408396,364.85278768295115,233.27441414546396,0.21368444413999718,45.35422877768543,0.8255546759811868,0.4416232014809948,37.30652399826795
239,7.966666666666667,track,1,362.095802627363,238.12214033963474,364.4525147972767,236.51069315660905,362.4234558136722,237.97145598337693,0.3606416305966317,42.47192712842185,0.8253625994745277,0.4280183436038671,37.675425000998075
240,8.0,track,1,364.7138605711391,236.7022731589945,364.602305566668,236.95473066305118,364.20763495910154,236.70406713569525,0.506228790800364,44.330330047532705,0.8328851728406274,0.42027058521927635,38.805963999038795
241,8.033333333333333,track,1,366.6457619729713,237.2704116584667,364.96607343774815,237.41168761674584,366.626451568364,237.4451091451599,0.17576149630397989,46.696396575508274,0.8452570579709648,0.4120918747133974,37.5537149993761
242,8.066666666666666,track,1,361.59931310818547,236.3283724480061,364.69560661652474,237.7002589449135,361.8005601617723,236.7118187653455,0.433049021311134,41.92969074140518,0.8424569297919167,0.4077571030120159,38.76390199911839
243,8.1,track,1,363.9787384833451,235.48753301977965,364.71847363929993,237.8433155826013,363.66716411431264,235.15734211636126,0.4539874669396055,43.93486721459713,0.8470546837896433,0.4065340343111533,36.9881329988857
244,8.133333333333333,track,1,366.29068550497124,240.69113029827315,365.0094661816046,238.57364052891748,366.4286468615545,240.6393179560893,0.14736978901008052,46.433048325992054,0.8579206445421687,0.3912113932434679,38.414179000028525
245,8.166666666666666,track,1,361.34615384615387,236.45635479329323,364.6840821705626,238.72629683228493,361.7678125862149,236.80065770317768,0.5443717358797832,41.89016542542425,0.8540682817394134,0.3898340674533012,37.06989399870508
246,8.2,track,1,365.64968274111675,237.1142766497462,364.88686905008575,238.92209652845682,365.51573711057085,236.95666434213223,0.20684069100091226,45.617367489203566,0.8630970670020155,0.3870256304911152,37.17102999871713
247,8.233333333333333,track,1,363.22737104280003,239.25109785672151,364.7815206934219,239.33626429552473,363.5992025835993,239.40985496628272,0.40430497717614694,43.60319640905418,0.8646463154254029,0.37887278148526027,34.58492100071453
248,8.266666666666667,track,1,363.51879259980524,243.26887374229148,364.71179028764124,240.18074951348183,363.384256206,242.90755655094935,0.38555175270965353,43.481577382206545,0.8672192652175352,0.3649900812910776,40.79730100056622
249,8.3,track,1,364.97543089940456,241.87351927295518,364.81551953059795,240.7808780506563,365.1916941159735,242.17998278545247,0.37508620786817665,45.2442431919972,0.8739282770910223,0.34874191095151824,38.549969000087
250,8.333333333333334,track,1,365.07155454774505,244.036470143613,364.9195567237856,241.5762281148954,364.8163269986173,243.8793543528512,0.2997106496947851,44.98391441217603,0.8804854122106238,0.3325427520993877,39.37048599982518
251,8.366666666666667,track,1,364.4071856287425,241.5860069335014,364.93285528757684,242.00213367781956,364.7365525904876,242.09094959740156,0.602867887116032,44.785390563222,0.8848155521457702,0.32523482138486826,38.070000999141484
252,8.4,track,1,364.3446991223085,245.41403043505716,364.93308817877755,242.8317400508605,364.16930451449423,245.5853478631885,0.24517938255868907,44.52104639433966,0.8888814360224823,0.30820342165087966,38.57661199981521
253,8.433333333333334,track,1,361.6160872874905,240.5310200456737,364.6024908124982,242.99781902544171,362.01911869213166,240.48138641865296,0.4060761136268409,42.02187607125022,0.8852698108647129,0.3069467054101238,38.29657300047984
254,8.466666666666667,track,1,364.03907959732385,244.8009754267492,364.5784654457358,243.63591082278273,363.96560811436296,244.49105485989182,0.3185103084197979,44.19439184580207,0.8892620547336886,0.29401437691431853,39.34334200130252
255,8.5,track,1,357.7340142370783,241.3867533271433,363.79916564391726,243.7982452261488,358.1234913505694,240.9728997485,0.568302038082929,38.135903380903024,0.8755420621231195,0.29231636117492305,38.53045599862526
256,8.533333333333333,track,1,360.7409684370643,243.4435289643808,363.4264963288464,244.16878082276932,360.7562548936899,243.80151110331312,0.3583083693562464,40.93316259010579,0.8722055785128221,0.2852323780360772,39.67257700060145
257,8.566666666666666,track,1,361.08993658317854,242.00134520530395,363.1196827801457,244.31700619765283,360.71205402024964,242.39388129604117,0.5448667854595087,40.78237376866703,0.8704975280955052,0.28322689667374457,39.59421400031715
258,8.6,track,1,358.0098179453836,246.2194408322497,362.46574769764527,244.93432822811067,358.2723944923483,246.48616730595472,0.37428525858100203,38.818121367458915,0.860656925595305,0.2699035050046243,39.139672999226605
259,8.633333333333333,track,1,361.0089122052968,245.71822261551102,362.2147625924579,245.42766533119774,360.8225213928421,246.15865926011318,0.47825304272522146,41.284468468798615,0.8606295252790134,0.25980231564145523,37.92040999906021
260,8.666666666666666,track,1,362.2225662620758,248.80356700520187,362.12975686465364,246.2332002910478,362.76293353965394,249.2133873993921,0.6781958051856675,43.74419952734462,0.8642368952760198,0.2424696897227066,39.96005699991656
261,8.7,track,1,363.1205927439959,245.105454777721,362.16302142122544,246.51970122647285,363.239685953893,244.62991473324254,0.49022599537985334,43.486854931443226,0.8702216991307649,0.237671090277426,37.84695200010901
262,8.733333333333333,track,1,360.85648884084696,248.74343485725186,361.9288277675047,247.19624749839906,360.5819427792225,248.3702853464972,0.4632667669172109,41.436164838434024,0.8695436508929367,0.2233851560203238,38.61263799990411
263,8.766666666666667,track,1,358.19701717007143,249.44880310815893,361.3964236010027,247.8880205720448,358.6046334176506,249.37768960812969,0.41377304791021535,39.72730526599567,0.8619476187924662,0.20895815793424138,36.796460999539704
264,8.8,track,1,363.256312165264,250.761986738077,361.5083873809357,248.6659933345439,363.3975450078146,250.8608636380455,0.17240463207901421,44.73595055064228,0.8697919486583227,0.1926691074438127,38.52821899999981
265,8.833333333333334,track,1,363.3439365079365,248.09460317460318,361.63074860013734,249.04788436868802,363.0751519970345,248.58254115196172,0.5570714344225449,43.92184800520966,0.8773334110489308,0.18582004214872386,37.400909001007676
266,8.866666666666667,track,1,359.09254777070066,252.43407643312102,361.24308423400174,249.89581602888833,359.4774461666378,252.2889177678452,0.41136092826084447,41.34593396870658,0.8725771429913284,0.16770814947828103,39.76422499908949
267,8.9,track,1,364.40129980563654,247.39874878522838,361.5202970849147,250.05947742322812,364.45219493637296,247.57273608860706,0.18127850415772553,45.092615432340956,0.8837114890367275,0.16587582962006983,36.65752699998848
268,8.933333333333334,track,1,360.9784891491122,250.61528670527588,361.37694868972255,250.56798300175458,360.7299072095783,250.39002259475225,0.33546519961455257,42.03424688061296,0.8844411240264122,0.15532438789330513,36.74677699927997
269,8.966666666666667,track,1,360.2918901861786,247.32887346165984,361.1655976210965,250.62300345323902,360.68788765866356,247.55672361447873,0.4568694456341668,41.3836715856586,0.8837083841581115,0.15531918131983466,38.36140700150281
270,9.0,track,1,360.4595259109822,250.27562728533601,360.99291848580947,250.9987739547678,360.68663848153597,250.06934890378415,0.30680757878381537,41.914130532236285,0.8840473327035729,0.14721460755863347,39.18503299973963
271,9.033333333333333,track,1,361.33390119250424,248.38765852735187,360.9413984898476,251.0983114920066,361.133212254796,248.76287324443413,0.42551396408765557,42.056261102196395,0.8872783223715076,0.1455314411128421,38.41296800055716
272,9.066666666666666,track,1,358.0438313701178,252.74215747055177,360.5055593984493,251.68607389944722,357.5430839282604,252.73506356254487,0.5007976877518047,39.64423028369275,0.8814254131105882,0.13207485498521657,39.17293299855373
273,9.1,track,1,359.29709659748005,251.5039868525169,360.2529821811397,252.06350846734549,359.4363820982185,251.29448160320368,0.25158080253817033,41.021866701575064,0.8802531600553505,0.1238751481042228,39.303773000938236
274,9.133333333333333,track,1,357.5646081992735,249.79547223663727,359.8161402438786,252.18721829911738,357.411381358536,250.2822055459573,0.5102820583991109,38.79864953890961,0.8748188425226703,0.12156049998566494,39.24368899970432
275,9.166666666666666,track,1,358.24511613108496,251.99223671651288,359.4957827969808,252.54064055729958,357.88258924330205,252.219085483125,0.42765185288854635,39.80447987124892,0.8723556441873606,0.11352766573355036,38.01641099926201
276,9.2,track,1,358.10844964164465,251.596190116937,359.18787121777086,252.80025626360543,358.445415017993,251.80473144102783,0.3962766063132453,40.21693201004415,0.8702007133182004,0.10772063939778036,38.85234399967885
277,9.233333333333333,track,1,358.9186685604891,253.41462360279132,359.0054616429653,253.2371280245219,358.94767779885325,253.46493625775116,0.05807666622298588,41.20953911837147,0.8709632386594961,0.09767321541007452,38.73202899922035
278,9.266666666666667,track,1,361.6176415970288,250.5564221603219,359.1669841030516,253.28128388580438,361.351162025856,250.52781039136377,0.26801118479524155,42.67028699839155,0.8795795436906991,0.09693682579233007,38.53808699932415
279,9.3,track,1,359.1744529136956,253.8546840422916,359.0356603402023,253.6938612535669,359.71755843828686,253.85825058730478,0.5431172351204698,42.065847877337085,0.8808001061924046,0.08719496107701856,37.94830200058641
280,9.333333333333334,track,1,357.8961321164711,254.55652821754518,358.7682206263235,254.14225733756467,358.0874792332918,254.57365485245856,0.19211205256059058,40.780479277529615,0.8788239133900279,0.07679494594953508,39.49363300125697
281,9.366666666666667,track,1,360.5817229771849,257.4728836803391,358.8473024906227,254.8889579557231,360.5385442039317,257.63016091343223,0.1630967029374796,44.206290728895546,0.8850906268603279,0.05958937279800257,36.94386299866892
282,9.4,track,1,357.874760015359,257.2531038013567,358.60639866425373,255.53974774924427,357.4985728013729,257.5661641312988,0.4894114732513854,41.409094223703974,0.883552490117012,0.04509544380195769,41.15772499972081
283,9.433333333333334,track,1,356.30793300202464,254.00773053561568,358.2013533463493,255.73762923192407,356.6763141786304,253.51247333598894,0.617239325593844,39.086301403246324,0.8783522526590453,0.041363512348782695,38.02177200122969
284,9.466666666666667,track,1,356.43764882817396,259.23486652462714,357.8458456261761,256.52380274761765,356.39023417949164,259.07975628879194,0.16219535804244767,41.0887605517365,0.8746265398866057,0.023443962634671987,38.51489499902527
285,9.5,track,1,359.5857740585774,258.38429353073707,357.8986258155253,257.1348743907288,359.2543578168963,258.42287170709596,0.333654013824503,43.362504650366354,0.8805808664673084,0.010027150427741473,38.119513001220184
286,9.533333333333333,track,1,356.14285714285717,256.9579343801864,357.5461910326354,257.5117965750245,356.46687651325516,257.3893625897541,0.5395543090402833,40.40077986760826,0.8766573936244966,0.00212482401083129,38.77853999983927
287,9.566666666666666,track,1,359.0360643377733,259.8990952500628,357.5712272998155,258.1911664899884,359.1722545215254,259.76870042079133,0.1885486081920809,43.87786504179714,0.8817630526677407,-0.013115111713904759,38.46990400052164
288,9.6,track,1,358.1856875,256.13225,357.50272329264226,258.35180445451107,358.013210030182,256.38038624579025,0.3021921145061369,41.39228418872294,0.8843533001393188,-0.016070691011838212,40.36280599939346
289,9.633333333333333,track,1,359.0693150339965,257.3210778141526,357.55328736111204,258.61850747493895,359.528009361723,257.00930382562797,0.554620145873759,43.032312751384644,0.889608975561799,-0.022050345529076167,38.31110300052387
290,9.666666666666666,track,1,359.906701457392,257.8641888881818,357.7094924400949,258.9083886261937,360.1038736069561,258.1002316329112,0.30755980540881755,43.999307533729976,0.8970993551702926,-0.028826021603436874,36.741368001457886
291,9.7,track,1,356.9783541466539,259.60794108229265,357.51353600434174,259.36419213208376,356.82532948706665,259.50644575426503,0.1836242033426507,41.672608723178165,0.8960757278069305,-0.03963180108535726,37.919357000646414
292,9.733333333333333,track,1,357.9190293425777,258.73090256283274,357.449437882207,259.6624530601782,357.4064540240388,258.22424969509234,0.7207153290757858,41.609687328813244,0.8983716984942657,-0.04666945637530926,38.663349998387275
293,9.766666666666667,track,1,359.1242951855753,262.1057066732759,357.540722009318,260.3215540666724,359.33824401905656,262.3257942208146,0.306940762899924,45.23205202169141,0.9042927866607098,-0.0622778618332761,37.829214001249056
294,9.8,track,1,360.08298755186723,259.84047239067985,357.7477989198247,260.64450947517537,359.9429850239046,259.83747920630043,0.14003452070348213,44.5978433770095,0.912718450073041,-0.06969762443976041,38.72812199915643
295,9.833333333333334,track,1,360.11069667467444,263.6946516626628,357.9512042623706,261.38365239120924,360.54719308190994,263.4116004190373,0.520237561165506,46.82069949287765,0.9207765842236694,-0.08703436346458912,40.44906699891726
296,9.866666666666667,track,1,357.6124828532236,260.3032797106871,357.8479570141268,261.6464104939858,357.8332104701742,259.83075811758874,0.5215336392112252,42.71546303153942,0.921489458635425,-0.09287786157206541,42.24305499883485
297,9.9,track,1,357.7553555583724,263.75396121181393,357.77235111941235,262.28019528688475,357.5088807410667,264.1701855817678,0.48372777645009224,44.62190051426162,0.9231077521602333,-0.10774091774024011,43.481317999976454
298,9.933333333333334,track,1,357.2728588509219,265.4530866528224,357.6479545790649,263.05260812576824,357.61110879989997,265.79688881359954,0.48229965139806386,45.60783899308462,0.9237315771584387,-0.1256322427832487,40.982643000461394
299,9.966666666666667,track,1,354.20711835334475,262.7120803724577,357.1689383475104,263.42311768425753,354.15486848641876,263.01228616394013,0.3047188307823685,41.183981786801915,0.916237557247992,-0.13383983113755452,40.293144000315806
300,10.0,track,1,354.26625466718167,264.7048409939488,356.7317307730542,263.98222326506635,353.8569923154963,265.0836223884866,0.5576477538330611,42.136492981497206,0.9102737164666398,-0.1467653081040705,39.74133200063079
301,10.033333333333333,track,1,356.9750243072436,260.486509479825,356.65198816665463,263.9754831975596,357.1360055538704,261.0736752866609,0.6088338414401687,42.698743524660244,0.9129763998793355,-0.14647606769734517,39.79337199962174
302,10.066666666666666,track,1,356.7787360020595,267.17737160509716,356.5607670405415,264.7431645161444,356.53076710495014,266.67269023090705,0.5623094018314465,45.23195053753521,0.915175135710499,-0.16498726434809036,40.99623299953237
303,10.1,track,1,355.9110448896779,265.0595358863809,356.378345190842,265.1842919758888,356.23897625558783,264.85055195795434,0.38886149602159487,43.941021069930166,0.9150918846591498,-0.1754081894039789,37.4106480012415
304,10.133333333333333,track,1,353.92320829907015,265.2363210829275,355.97645067808685,265.59285612036683,353.76953206014736,265.31591713525967,0.1730662241927241,42.205176885788006,0.9098902099505227,-0.1851736929245867,40.46875200037903
305,10.166666666666666,track,1,353.1552947246227,266.87753127821486,355.5151500155556,266.14612139200307,353.5544698741117,267.1896131442952,0.5066911200186511,43.18770092826313,0.9035757787761511,-0.19844368760573072,45.15416899994307
306,10.2,track,1,352.2950232499686,266.9073143144401,354.9881679342548,266.64235068570497,352.189641240752,266.5309691766671,0.39082097000021504,41.71409028927254,0.8959832267650267,-0.21030059570894685,43.65780999978597
307,10.233333333333333,track,1,352.3716149068323,265.8255279503106,354.5128640458632,266.95187790314156,352.85055697359417,265.79717228993644,0.47978072782197984,41.769045854939286,0.8898451666186745,-0.21782923217477307,38.65627100094571
308,10.266666666666667,track,1,355.6736626567699,264.77585103660095,354.4730015967615,267.09027823166525,355.5515317800897,265.11758884920823,0.3629058880815867,43.529354250994786,0.893965890804203,-0.22163266472853202,41.333676999784075
309,10.3,track,1,354.8162365451952,266.9880041499157,354.34450588503984,267.45906316532455,355.22094186053823,266.7132986031637,0.4891314032887557,44.20537374353035,0.8955229547988968,-0.23122649909630827,44.30068900001061
310,10.333333333333334,track,1,353.39061179377154,267.03926922826867,354.06447441026495,267.78628845813716,353.22119836196316,267.26211725382814,0.27993240857901314,42.975237727863444,0.8933065910030169,-0.23985330027862553,40.82289399957517
311,10.366666666666667,track,1,352.7127632580563,266.96333417914235,353.73173622429465,268.0596110251877,353.00115377969144,266.81514505320746,0.32423619479372884,42.52209020045227,0.889881397402853,-0.2472865783578959,39.87124500054051
312,10.4,track,1,354.2522983895847,265.48769050410317,353.6151503979013,268.1154228976163,354.01198037154353,265.98683212548497,0.5539811440752251,42.8033906684085,0.891575427106903,-0.24976459772620963,38.97804400003224
313,10.433333333333334,track,1,352.9925262547516,266.46227691514724,353.36669870987123,268.26110676849277,353.19762960680794,266.48514445659396,0.20637419770056728,42.46817029726452,0.8899617051024103,-0.25470708116224156,38.66068699971947
314,10.466666666666667,track,1,353.8734022737491,266.37741666131416,353.2504577234267,268.3655233614163,353.3985380929914,266.1710075244432,0.5177844357939985,42.43093189635904,0.8914359985746954,-0.2588314598121894,38.588445000641514
315,10.5,track,1,353.439649578196,265.01174561972744,353.1009875402825,268.27899098684867,353.37674790155125,264.49155285886314,0.5239819933741355,41.39859251136678,0.89196272592708,-0.25865597264260204,38.102837999758776
316,10.533333333333333,track,1,350.4616913509008,268.2918509969866,352.61582880339546,268.57020853941765,350.86640058158173,268.5949659175839,0.5056364469527852,42.076201832989334,0.8845713880620283,-0.2676517210899327,39.52107800068916
317,10.566666666666666,track,1,353.9774831916783,266.5448433337562,352.59275421936235,268.6155495158423,353.63304222398955,266.59956605722596,0.3487608875523498,42.88028035908104,0.888327047158199,-0.27067800117262014,37.53781400155276
318,10.6,track,1,349.0060883755963,267.367813206126,351.9884387295016,268.7381235347311,348.9943941692902,267.32837193003417,0.041138409313951796,39.843629422913395,0.8781723795650843,-0.2756634121045845,37.93962800045847
319,10.633333333333333,track,1,349.676203507899,271.2257121532529,351.51382920216764,269.29698263301356,349.99195500032215,271.1490035683948,0.3249357043453064,43.240927233874395,0.8715356814442655,-0.29084695947399103,37.98733099938545
320,10.666666666666666,track,1,353.2723967149395,272.0201241301486,351.51206749002404,269.89869704419345,352.755301775724,271.86688501954865,0.5393230953517002,45.69910453463919,0.876100187157412,-0.3064957994478813,38.43600500113098
321,10.7,track,1,348.2666538928275,268.144472121096,350.9252679536654,269.98110230947015,348.1500281912561,268.05584296918227,0.14648099138099366,39.74360844060248,0.8665145665544306,-0.3096093196982292,37.040594999780296
322,10.733333333333333,track,1,348.45761115297665,269.9189274051746,350.41124057201046,270.25188107243173,348.4907307657238,269.8318426967544,0.09317003375095506,41.25118881012837,0.8590174204313535,-0.3175006013233096,38.69737199966039
323,10.766666666666667,track,1,351.63507611679563,268.6401921637135,350.3238149589038,270.33481396109084,351.916449941141,268.6805706634327,0.28425631438250953,42.909613263527774,0.8616436252319982,-0.3210388215384662,37.64033100014785
324,10.8,track,1,347.3444430282947,269.33940861585523,349.7436992576838,270.4785475511989,347.8259683645516,269.55638580351126,0.5281531495887105,40.593896797314606,0.8523336264188173,-0.32626233116319997,39.967737000552006
325,10.833333333333334,track,1,347.24176507147297,268.46575512740833,349.2024143754271,270.4919357673176,346.9480335878818,268.8237554588498,0.4630792823749176,39.45890765093707,0.8442420890550374,-0.3285552236947571,41.82815899912384
326,10.866666666666667,track,1,345.4187334760166,270.2587813168828,348.49291381334797,270.7027291873927,345.2330643235028,269.8944928341597,0.4088754490549698,39.12017685243324,0.8323770731084388,-0.335702575751089,43.878017999304575
327,10.9,track,1,345.50961478233637,274.7033510804886,347.8557271857249,271.4164720214322,345.4640801728277,274.5178382657191,0.1910193841127154,42.89406179865156,0.8225035472148895,-0.354515436702202,44.39958100010699
328,10.933333333333334,track,1,345.1575408261287,271.0694204290746,347.23477529078366,271.63528952189284,345.17192785131033,271.30142843095985,0.23245365007318985,40.167217647854,0.8131105899308254,-0.3610963312200166,41.025832999366685
329,10.966666666666667,track,1,348.28754959380313,274.3309402355312,347.0465960539841,272.21368417964516,348.47999717261087,273.8605081512242,0.5082739581508958,44.24527377258553,0.8138529659763334,-0.37623794174657654,40.06573100014066
330,11.0,track,1,350.1334585289515,270.1765258215963,347.1111275978382,272.24218881098693,350.31565737539984,270.16914966510217,0.18234809385273965,42.7693426839596,0.8199563819976442,-0.3782142781277212,40.019648000452435
331,11.033333333333333,track,1,345.4013384321224,272.6961121733588,346.62502501240374,272.5528816468909,345.6492661195604,273.0418419671584,0.42543769052481445,41.82879597902264,0.8125064479870858,-0.3872548669155661,39.14343199903669
332,11.066666666666666,track,1,344.9704138197757,272.52668557431997,346.1362044758876,272.80724613647095,345.1275624887924,272.2678066831822,0.3028431680762569,40.89750291608749,0.8051969766771532,-0.3949606886842028,40.78378900157986
333,11.1,track,1,343.7144190677702,273.6295351297529,345.54675932368764,273.1609472838652,343.9070755991929,273.9786160025451,0.39871543091429235,41.546294770459845,0.7956710291955134,-0.40505100475047284,38.43231599967112
334,11.133333333333333,track,1,343.02807677344055,274.2266891453767,344.9317749817532,273.54733137266163,343.1604672043508,274.2641281428688,0.13758235617193237,41.35743849073276,0.785754298639837,-0.41583254848923895,38.682005999362445
335,11.166666666666666,track,1,344.032632058881,278.6952387155605,344.4959817715359,274.427085863827,344.17311890752177,278.2493439685625,0.46750259896752605,45.24767388211904,0.7801798446978097,-0.43804989713933595,36.057965000509284
336,11.2,track,1,343.17580035915535,273.5622639172704,344.00630752518924,274.62025736975204,343.13617784351635,273.7274454629134,0.16986726219779905,40.90016262388959,0.7732166985676394,-0.44357397741897153,42.68896199937444
337,11.233333333333333,track,1,345.1099522493089,278.1188112591103,343.80018236213016,275.3272022769692,344.9529843221696,278.03957196728555,0.1758345686129445,45.49352109956689,0.772836447992366,-0.4615126257391629,53.74484499952814
338,11.266666666666667,track,1,347.5775308324769,276.0104701952724,343.92378540124076,275.71871362984166,347.19524871128044,275.63234694191965,0.5376958386602131,44.82461043955353,0.7797579671617642,-0.4717426962812503,61.65650600087247
339,11.3,track,1,342.6045562947157,275.83789381197437,343.4656927357425,276.04498546526673,343.1354826950855,276.1439351978523,0.6128165895924527,42.91427048338519,0.7724037828202029,-0.4806243550453777,58.950148999429075
340,11.333333333333334,track,1,343.90950979137335,274.4761935236145,343.21189136721034,276.167811102553,344.27350293733394,274.73343651400603,0.44571848336351716,42.374692410933754,0.7700650339220375,-0.4849719512675123,48.49936300161062
341,11.366666666666667,track,1,343.7675703456251,274.1117178465887,342.97677938105824,276.2194794166332,343.7359632648712,274.1529458202363,0.051949527089952006,41.591100734547915,0.7680655978316653,-0.4880738186599045,39.57637900020927
342,11.4,track,1,341.64447609611096,276.39484765915284,342.52189903642056,276.52196667616937,341.38223148683676,276.3335893615609,0.26930431507357244,42.15838634543788,0.7608374501992923,-0.4974143316223061,44.38702600054967
343,11.433333333333334,track,1,345.60225597641477,279.55271422162406,342.5880609740656,277.1649691283625,346.07079344360756,279.34555152112813,0.5122926337945914,47.19913871333881,0.7659729090731715,-0.5146586215528125,41.18557800029521
344,11.466666666666667,track,1,345.76732705007373,277.85670321215616,342.68900106846456,277.5464219102871,345.84077533086423,277.7371247705339,0.14033407872604103,45.73659645893041,0.7713932356774136,-0.5253465094190514,39.69717300060438
345,11.5,track,1,343.40744280889567,277.3449945835723,342.5190816893183,277.82342134779316,343.14883664489673,277.255218786548,0.2737459438778767,43.86137212680053,0.7700799677847062,-0.5336271243795058,38.44691700032854
346,11.533333333333333,track,1,342.9567280318846,277.70557348010374,342.32234493848557,278.1067736719335,343.31525901769106,277.5708226318044,0.3830173088787778,44.21728187363544,0.7681962849625253,-0.542219729307838,40.251504000480054
347,11.566666666666666,track,1,340.03934913073067,278.2823114520819,341.8050687816157,278.4221581936965,339.95608130469213,278.315975455318,0.08981534371733482,43.20137909988538,0.7588978428848894,-0.5516744784841239,38.840379000248504
348,11.6,track,1,344.547292601251,281.72907057559866,341.87532938314934,279.1109680760936,344.871352323611,281.89916088462985,0.3659855419034623,48.72498177774197,0.7637593391719086,-0.569894179602858,40.28031899906637
349,11.633333333333333,track,1,341.2228021632499,279.66532511633756,341.5599455787873,279.4905255059913,341.2062511551338,279.90848873641687,0.2437262439700258,45.192837499755726,0.7591770464266165,-0.5804679859400357,38.67760600041947
350,11.666666666666666,track,1,338.89209707529557,279.75326695706286,341.0009767646273,279.83653866720323,339.3476101687215,280.1993635683459,0.6375691059647279,44.6129897063722,0.7490860262706498,-0.5903678664360114,38.93272700042871
351,11.7,track,1,339.14614697626945,279.47097473845366,340.52318271991425,280.10677696614846,338.9138678028583,279.1422491009634,0.4025098249036232,43.47240572990952,0.7413112852512775,-0.5986280787578515,37.62845500023104
352,11.733333333333333,track,1,338.07344812249823,278.1460702713006,339.9637578872808,280.1814067022973,338.35810828473984,278.1148855956588,0.2863632168458467,42.30561007436711,0.7318082276529948,-0.602517418369627,38.532411001142464
353,11.766666666666667,track,1,340.29033492822964,276.9402870813397,339.7219678232922,280.08741162093605,339.8910865998472,277.2396640717472,0.4990248592020473,42.21904672418836,0.7299331438937071,-0.6028605113812227,38.75089100074547
354,11.8,track,1,341.61143150070484,282.0233243624247,339.67141528435496,280.5885913489432,341.5344349228735,281.54124998608216,0.48818457300881196,46.79110319124401,0.7322567296542197,-0.6175842125258376,38.52529100004176
355,11.833333333333334,track,1,336.8821685991852,277.91563773111875,339.07609307976526,280.549507156952,337.1719118301485,277.81784904435375,0.30580020789439755,41.533892933891,0.7214304340268282,-0.619286693145836,38.64216300098633
356,11.866666666666667,track,1,339.595776,278.111232,338.8597913158304,280.518435214862,340.09701082778986,278.4915244431226,0.6291730246011159,43.42219821897331,0.7198318017595623,-0.6215824077043052,40.30800300097326
357,11.9,track,1,335.52984173393503,278.9991101506388,338.18870450307037,280.57893532033114,335.264440711896,278.71603042483747,0.38803586645968224,41.61651309401027,0.7073898266072179,-0.6262889312020335,37.04600099990785
358,11.933333333333334,track,1,336.3051988922457,278.4683408862034,337.67035817895925,280.55669542248916,336.1630505593049,278.6828276107559,0.25731440606212963,41.92380416119351,0.6989197593861527,-0.6291393032321853,40.91573699952278
359,11.966666666666667,track,1,340.21758607449124,279.1708690643799,337.67150207024616,280.60523241905656,340.22542047911986,278.860768565954,0.31019944716239706,43.808982721513175,0.7026502478298777,-0.6338002344251342,39.71123500014073
360,12.0,track,1,333.3054873557574,281.9063343972502,336.8652565892956,280.964186039507,333.48460458140744,282.190117468537,0.33558279466255186,44.29266951455809,0.6869176467063394,-0.6457287674348741,38.82060599971737
361,12.033333333333333,track,1,337.34053683751637,282.1550725540263,336.61089234024763,281.3171319571126,337.6314177313045,282.0513426892464,0.30882289296333454,45.598051638027194,0.6846514224244765,-0.6571433819777199,37.71940299884591
362,12.066666666666666,track,1,335.4160468235581,280.6313864162907,336.1623482656821,281.45202590586626,335.6764382948296,281.12668698345374,0.5595769564081284,44.01312417730174,0.6775447159230736,-0.6632239153124249,38.567560999581474
363,12.1,track,1,335.4524767412623,279.1149735981896,335.7661214766171,281.38318717226036,335.77808933246075,279.0556191633725,0.3309781087616531,42.122315833979286,0.6716807576240452,-0.6646616668409252,38.12214900062827
364,12.133333333333333,track,1,336.6207451417255,279.15323678673104,335.5546091662355,281.3098874547197,336.85897961474143,278.83222399546963,0.3997560209510658,42.333991237356706,0.6700654156430543,-0.6663341874485598,38.99109400117595
365,12.166666666666666,track,1,330.5894794923671,277.8798356937036,334.6552130642447,281.07664395330636,330.73276117478053,278.2446511335127,0.3919438041841262,39.72210345335418,0.6521047763537906,-0.6645139219941034,39.848792999691796
366,12.2,track,1,331.35219648056716,277.8137738954298,333.9236383798761,280.83905449420644,331.402744336911,277.91321597192064,0.11155183708826685,39.59083888662191,0.6387186664780948,-0.6629597045637176,38.35387300023285
367,12.233333333333333,track,1,332.1965250211492,280.6111147263617,333.3609521903284,280.94138736963293,332.1281296512556,280.4194052427274,0.2035447192589428,42.199761243560204,0.6294987899692855,-0.6695966980474705,37.27492799953325
368,12.266666666666667,track,1,328.98032974727863,280.1819339232287,332.47205953962015,280.97764037805604,328.6885440220584,279.8479015288196,0.44352739482131404,40.78413972948001,0.6125879094692788,-0.6744367342418535,39.20888200082118
369,12.3,track,1,329.0612808128959,281.2582324531142,331.6725681371844,281.13221711942845,328.4494530870404,281.69340148041294,0.7508030690172037,42.54095655338508,0.5981046753369491,-0.681946697246509,38.436288999946555
370,12.333333333333334,track,1,330.5178199709834,280.2285371853908,331.1230002458493,281.14612280533936,330.7369531680602,280.48748356624105,0.3392235048114366,41.88697278223574,0.5895567629277538,-0.6859607107450462,39.72028399948613
371,12.366666666666667,track,1,329.6826128116125,278.45377090564847,330.5346642392631,280.93912978501214,329.61571445609286,278.63278522896314,0.1911060384264276,39.81148149778285,0.5798382240542658,-0.6848506738654789,39.32723000070837
372,12.4,track,1,329.5891477816789,280.4491541653367,329.99902397310194,280.97660239338165,329.26561389262486,280.6176525440121,0.3647819636202758,41.66107654625954,0.5711971039274352,-0.6897480642598786,43.813501000840915
373,12.433333333333334,track,1,330.6678015564202,280.0282709143969,329.6533210915961,280.955243043665,330.85823055945986,280.0838720400861,0.1983801662883036,41.52851994242489,0.5668002004388364,-0.6931696424358114,45.69024400007038
374,12.466666666666667,track,1,329.96800553146016,280.8250675718147,329.2729951908309,281.02467159593886,329.7442912902137,280.81866578383597,0.22380581901684746,41.965637003637106,0.5612086481930704,-0.6987137946754659,45.6369210005505
375,12.5,track,1,329.6946232487694,282.604505868989,328.9107506209056,281.2970854096975,330.00888650299146,282.49967396304,0.331287068052983,43.662341851926165,0.55580246193257,-0.7088840018629616,45.33963500034588
376,12.533333333333333,track,1,329.45899271539815,281.23128610901784,328.5696163991527,281.38264753158586,329.21969099833825,281.22157535631794,0.23949866493535243,42.24003997348296,0.5506899549673218,-0.7143606747366916,43.752167999628
377,12.566666666666666,track,1,327.82631883312985,281.8631369273276,328.0807947140397,281.53238946598333,328.01790168419444,281.85883629517866,0.19163111505942731,42.619818434666925,0.5419537799994121,-0.7213457385929374,45.0380310012406
378,12.6,track,1,325.55035787321066,284.99412065439674,327.3763063735469,282.0411849321574,325.18012815906894,285.0904176693237,0.3825482405100031,45.386996963210045,0.528235812374946,-0.736641374315786,45.24817099991196
379,12.633333333333333,track,1,324.0639531220465,284.76687039253983,326.5644040787852,282.4844374822146,324.10893357698325,284.8832422946455,0.12476241792309185,45.070930476526854,0.5123044564624164,-0.7499103842720762,44.92399499940802
380,12.666666666666666,track,1,325.2753383745314,284.8422825189045,325.9754347674092,282.901076809371,325.4795762401822,285.13165575207245,0.3541891780386454,45.46308509874295,0.5018981567711042,-0.762307164144215,43.678190999344224
381,12.7,track,1,325.83848930136634,284.7170018045888,325.51892047868944,283.2676862114455,325.4011875510825,285.0616979642322,0.5568197762959199,45.38424231362312,0.49450563477571924,-0.7734062729285218,47.73874899910879
382,12.733333333333333,track,1,327.3624199019977,280.96343761779116,325.30168642264397,283.15258689933734,327.03984593860616,280.50655604686364,0.5592805483041053,41.11375090668589,0.4924610958602869,-0.773244212473645,42.079078000824666
383,12.766666666666667,track,1,325.6061685214626,284.59593004769476,324.91608675662525,283.4690052549758,325.4617378041246,284.21660313479714,0.4058930141788829,44.55264944558467,0.48600643658429826,-0.7837594530271171,40.57700600060343
384,12.8,track,1,321.9981306001418,284.49706697608457,324.15036051708205,283.7443390310721,322.0233865690914,284.35476324123556,0.14452756456662175,44.40089093018338,0.47054771224037956,-0.7931931365049644,39.68278899992583
385,12.833333333333334,track,1,323.44080685699555,284.5449506992331,323.63235695955115,283.99820248199995,323.5986286659026,284.6718913011831,0.2025379959171278,44.81660407371106,0.4612471135150163,-0.8021003916036054,38.762563999625854
386,12.866666666666667,track,1,322.1696554256686,284.1588224493543,323.0228238612445,284.179690284212,322.4867513391828,284.3872827775821,0.3908246920824061,44.45688703226938,0.44973987888463557,-0.8093351821777439,39.7543079998286
387,12.9,track,1,323.62137714602176,280.86191618977296,322.6533063595049,283.94502802719177,323.81586952969997,280.4336206418558,0.47038746122160136,40.6132803215549,0.4438869282408874,-0.806965469792582,37.62141699917265
388,12.933333333333334,track,1,319.6728545534096,285.53115819738736,321.86313596709977,284.27336377941026,319.849914651956,285.4899438445709,0.18179356802522148,45.49019143281234,0.4279316929020783,-0.8183431350320653,41.57226300048933
389,12.966666666666667,track,1,324.1649874863633,280.76891484309823,321.68801520668245,284.0024790287677,324.26463331656635,281.0300193392419,0.27947244834382634,41.25105555380774,0.4266542067791351,-0.8154423055253363,47.583550000126706
390,13.0,track,1,318.41407867494826,284.2076039902127,320.8649289222468,284.1506133680073,318.4282143051009,283.69995656564726,0.5078441923540566,43.72821416557217,0.4096800248708234,-0.82288164930501,44.66212000079395
391,13.033333333333333,track,1,318.182799091368,286.68614336193843,320.0939583461247,284.5778814778054,317.96548091446493,286.5089696477551,0.2803885072715729,46.553448052805,0.3921386348954229,-0.8366940981607577,42.818542000532034
392,13.066666666666666,track,1,323.8461248586861,284.5759326717749,320.07793273551613,284.7177369598458,323.3383703081278,284.8849906223416,0.5944169415663668,45.00896687863301,0.3951040341672424,-0.8433507162500333,42.52548299882619
393,13.1,track,1,316.8302703380794,285.0779025277551,319.253467473354,284.89981908168795,317.2136796454079,284.7156116800683,0.5275010476423159,44.80233820952961,0.37975294498862394,-0.8510535619253127,41.73131099923921
394,13.133333333333333,track,1,319.78838619992416,282.44932389738403,318.8629223781284,284.74712206174644,319.77439861528035,282.4757762374336,0.0299228811825563,42.4763753509797,0.3730270350517419,-0.8509346428529531,42.56794600041758
395,13.166666666666666,track,1,316.41269740998104,282.69425142135185,318.12242159037686,284.6244832463264,316.09401557234196,283.23044233791273,0.6237457916839351,43.40654166229677,0.3578842098270851,-0.8519383474392959,42.22610299984808
396,13.2,track,1,320.1664048262427,280.3329353358889,317.906378709118,284.21941825730846,320.4095517525083,280.24342023998014,0.25910110024464506,40.24550416195113,0.3552395006517888,-0.846601777525429,42.859752000367735
397,13.233333333333333,track,1,318.398005789643,280.9756834995175,317.5218923530084,283.91007355456446,318.1436274385557,281.26609769516443,0.38606832366191834,41.307831437558406,0.34816172353703057,-0.8440278547509702,39.64246600116894
398,13.266666666666667,track,1,319.4625956097258,281.6271998010074,317.31737570451213,283.6932992772128,319.77900257137725,281.40534983275853,0.3864334014982915,41.405939605768815,0.3451399692922242,-0.8438529554765068,40.76789099963207
399,13.3,track,1,315.3436503470268,282.855811917714,316.6610544183043,283.6336521614939,315.1378820075427,283.1525157942066,0.36107312259399116,43.42556632609211,0.33123289841738146,-0.8473876593073131,39.35976699904131
400,13.333333333333334,track,1,316.67912210892814,280.28463068888334,316.23290702102486,283.26772115714425,316.75389005431134,280.16867350744354,0.13797214785704806,40.2996223447205,0.3229771378246783,-0.8435982269876784,39.07950599932519
401,13.366666666666667,track,1,316.33634499551454,280.2516339869281,315.81836667241765,282.9188942203327,315.8144944706891,280.5113844325552,0.5829221768504359,40.727026962180375,0.3149613275340028,-0.840469134166946,37.6857139999629
402,13.4,track,1,314.4564328405159,285.2368669392891,315.2325220412701,283.1876750346227,314.2094505283485,285.14352240141625,0.2640330760989059,45.51338350409486,0.302863114929043,-0.8519082899872674,39.781379000487505
403,13.433333333333334,track,1,316.5243327126009,282.70328988206086,314.95813741871666,283.1369158250656,316.61316321413864,283.05229393161824,0.36013148239344356,43.185306253267626,0.2981806263792256,-0.855208180271881,39.13674599971273
404,13.466666666666667,track,1,312.8098712174079,283.9184799847745,314.28426870236996,283.2342536248426,313.10559045612547,283.8756863421026,0.2987995381536636,44.41406010430972,0.28386648813454085,-0.861898189560678,39.204945000165026
405,13.5,track,1,312.2052598622417,283.3261114589856,313.60745697935266,283.2543169848061,312.6676667649652,283.83123325490806,0.6848125089411312,44.440298371137814,0.26976344888694137,-0.8665499347841135,39.9883209993277
406,13.533333333333333,track,1,315.97740396685913,283.41457444137586,313.4520327348937,283.2831070780602,315.6086388067498,283.39949407978946,0.36907338107215004,43.62109741296366,0.2680121530527567,-0.8713411361257591,39.03871600050479
407,13.566666666666666,track,1,313.0163838880974,282.19026032897295,312.9803067397519,283.1630357853615,312.718638760645,281.83383365158625,0.4644266758860594,42.46278205071556,0.25832958299899406,-0.8726019748189432,40.29858899957617
408,13.6,track,1,312.61147986598394,280.96352487515014,312.5168468594611,282.90320886489326,312.2652430862802,281.21584865978747,0.42842408885744615,41.93533885949702,0.24884963417225248,-0.8707494441447692,40.030365000347956
409,13.633333333333333,track,1,314.98884662497585,283.9014892656824,312.3938501413387,283.01104675955463,314.73249480432713,283.6932433367749,0.330276585389368,44.00961399822845,0.24730048206291053,-0.8777561157489266,37.839313999938895
410,13.666666666666666,track,1,311.21370942908175,279.79220299316376,311.8538410666555,282.62132622068515,310.8068929302963,280.23026386438744,0.5978268901456995,41.267267273146075,0.23556413294136755,-0.8728722898393084,43.16080300122849
411,13.7,track,1,309.12563279417213,282.27707124336337,311.1238203257548,282.55384580708755,309.62956517980143,282.35017650509985,0.5092074514179813,43.60141475196761,0.21959581610717874,-0.8759459150951879,40.023764999205014
412,13.733333333333333,track,1,307.76699844881074,281.0249482936918,310.3034081703036,282.3425832839573,308.1007581976456,280.8250835379081,0.38902633657219127,42.52386860750175,0.20188347107446858,-0.8755519624529639,42.47218400087149
413,13.766666666666667,track,1,311.28424087123636,279.63042921204357,309.98243704448674,281.9797795530165,311.33136741902314,279.9657574478643,0.33862359227457717,40.89507255410477,0.19617920742790135,-0.8717213831342899,39.607732000149554
414,13.8,track,1,309.3991270299762,278.877013929007,309.4843171899059,281.55237409338434,309.2015454816543,278.92991826521273,0.20454177330476828,40.3998162882076,0.18593360965433064,-0.86663782847069,40.10817299968039
415,13.833333333333334,track,1,310.3877700030423,281.41594158807425,309.16335497276884,281.4593514415345,309.93549831481505,281.1358999135235,0.5319520837980932,42.349220250985866,0.17975283831449226,-0.869609524424444,37.57030899942038
416,13.866666666666667,track,1,310.22133333333335,282.9871746031746,308.8701953017057,281.5650314124486,310.30717360479,283.3566650131918,0.3793306147655745,44.426920719241934,0.17393503074087413,-0.8769622469112435,42.284280998501345
417,13.9,track,1,310.6703112940571,284.6645227682017,308.67607723770783,281.86949955810223,310.4642498241538,284.72169295691833,0.213845177305005,45.727019937330596,0.17018503532824036,-0.8885229879482196,40.43721400012146
418,13.933333333333334,track,1,307.28954925708575,284.0789736546385,308.11604283146454,282.08880858177713,307.62592282141435,283.8223781591928,0.4230702341954027,45.535904663780336,0.15758958091892758,-0.8975463303034401,39.724123998894356
419,13.966666666666667,track,1,308.095495954641,281.558832898006,307.7130773289474,281.99565152609017,307.81886389377837,281.9325519874251,0.4649637135232561,43.665993553524046,0.14890240699769722,-0.8990064611324945,40.08505499950843
420,14.0,track,1,306.7046293298802,283.08624150210426,307.19487752224455,282.09297676306284,306.91325078309336,283.1361729816124,0.21451355058977897,45.07762665187458,0.13748135579685739,-0.905123509519067,39.77572299845633
421,14.033333333333333,track,1,309.79932813589403,280.81206820054507,307.1050220521205,281.9142501206017,309.37231784555377,280.52931251319666,0.5121411590414786,41.899556092735565,0.13616218384901171,-0.9047018009995338,40.695560001040576
422,14.066666666666666,track,1,307.47573487757285,280.71970793730725,306.76854121192616,281.7374605446259,307.4938376289009,280.25432397199506,0.46573591742031073,42.15227983982161,0.12860507027838602,-0.9046085687296944,39.168296001662384
423,14.1,track,1,303.7331904971958,281.65000945239143,306.0301038065938,281.68532227066316,304.02468898487973,281.85541315844966,0.3565978838755063,44.80051531728563,0.11163553262823073,-0.907615985662381,38.8692729993636
424,14.133333333333333,track,1,304.1143892668659,282.769949767915,305.40807879592785,281.7730873922471,303.6010651995624,282.6538176232641,0.5262967538320956,45.69762817070136,0.09785851586893267,-0.9138612813396914,39.37468699950841
425,14.166666666666666,track,1,308.18652913366486,281.82912752501994,305.3375926708921,281.74543064586015,307.85356313954657,281.5157171123992,0.45726626813955945,43.25610587838137,0.0971219866852433,-0.9172153839553294,39.04056299870717
426,14.2,track,1,303.4110657259562,283.36799108800597,304.72611583523394,281.9057558278949,303.21354893201743,283.7138627020769,0.39829644400604625,46.82613300064187,0.08316219162188976,-0.9249673871463837,38.86439999951108
427,14.233333333333333,track,1,305.210894647248,283.4303637853855,304.3930015456128,282.0654996838912,305.1779754803798,283.52474401156115,0.09995648373297333,45.979296994757874,0.07596189961553904,-0.932475678067832,41.05802400044922
428,14.266666666666667,track,1,306.5941127957876,284.2569307872867,304.27137563559006,282.31538257726413,306.63178662885514,284.0258497489393,0.23413193712457078,46.01070065596303,0.07351468289704423,-0.9419322922216962,39.296987999478006
429,14.3,track,1,306.0307844470545,282.0045125795883,304.1146099977817,282.28079052905656,306.053251116202,282.49970070826964,0.4956975226985614,44.729591600194794,0.0698434224404105,-0.9445303481433427,38.01872600161005
430,14.333333333333334,track,1,302.0163350918452,281.2658742769974,303.5110821132127,282.15989604767134,301.9199722889081,281.36862785581434,0.14086904468183223,45.14699073810688,0.05550115383791859,-0.9453256888219469,39.888280000013765
431,14.366666666666667,track,1,301.0933761490996,282.9496285102632,302.8579719167251,282.2480178517906,300.97442752976485,282.9113120642748,0.12496769212409152,46.93988827104028,0.040388952816879875,-0.951256032972635,38.0637910002406
432,14.4,track,1,303.81556530717603,280.388229220444,302.5950883121843,282.02461767599283,303.47645027923807,279.96331542409825,0.5436457821948943,43.24458665614069,0.03470267063190602,-0.949827354728816,39.39781099870743
433,14.433333333333334,track,1,304.5390745660098,282.77525174522765,302.459462681731,282.10094642581544,305.0450161498193,283.0480981599485,0.5748234966088919,45.57181472300316,0.03170007268034089,-0.9557284496823875,39.61329400044633
434,14.466666666666667,track,1,302.37218934911243,277.06771860618016,302.0967465051425,281.4907004452951,302.60429207574157,277.0016644268171,0.24131893899983425,40.88684170415821,0.023028172491671203,-0.9454525814447184,39.63283200027945
435,14.5,track,1,301.8146433041302,282.2919274092616,301.7128272157692,281.54453825851573,301.7868356501395,282.029828841865,0.2635695821823708,45.80639549354979,0.013885070056123803,-0.9514387614874146,38.01951800051029
436,14.533333333333333,track,1,298.8182566310059,280.83420902703045,301.0172506204777,281.42329514166886,298.4610843606873,281.09953543774236,0.44493834955620126,46.40147303820934,-0.0025002170544481325,-0.9530183671889145,42.44066899991594
437,14.566666666666666,track,1,301.6323207015346,279.99304729094894,300.72465948238676,281.21146972651434,301.8515210907475,280.07853053336555,0.2352789734871163,43.99608955843119,-0.00907444474594447,-0.9524812317552365,48.567982001259224
438,14.6,track,1,303.7396281305338,278.41449532001013,300.72598984052956,280.8269167771033,303.4376179267562,278.1658504243316,0.3911961749976007,41.604622802671344,-0.009030548725300997,-0.9480208245670048,40.38069099988206
439,14.633333333333333,track,1,302.4940017679,279.53144336406115,300.60113813777207,280.6035650870216,302.7855237598416,280.0121878810137,0.5622280341334386,43.558160788175115,-0.012479857545097938,-0.9476106762876232,42.92295099912735
440,14.666666666666666,track,1,299.3646342237168,278.6586511008185,300.1313795121294,280.2943820589223,298.9726843160836,278.82835402915174,0.42711100896437093,44.15641608514239,-0.024205383365076136,-0.9451846299856256,40.855754999938654
441,14.7,track,1,299.6360669868243,278.63957640684646,299.7444242949655,280.00743987612003,299.7550767314812,278.47774156645676,0.20088263958656502,43.47865584632588,-0.03372554646400036,-0.9433707213600946,39.784332999261096
442,14.733333333333333,track,1,300.7259277677628,274.7123764530366,299.5332607563353,279.2747341979769,301.24217082491447,274.21770086886244,0.7149900891867902,39.02188114523234,-0.03906861185233513,-0.9311794523664748,37.945379999655415
443,14.766666666666667,track,1,300.97713473711406,274.8843818628084,299.3864741088803,278.6154888754074,300.7082331282939,275.06944785054714,0.32643145535284107,40.025472409135936,-0.043089178098569485,-0.9212748455487997,38.410709999880055
444,14.8,track,1,296.0612616002006,278.1217080511663,298.6814495479398,278.39383805971585,296.12861515985844,277.9827364775183,0.15443315797063353,44.86124479444078,-0.06035413231968125,-0.9218727189825363,39.11833500023931
445,14.833333333333334,track,1,296.2249036578432,277.4045107081938,298.0603618763164,278.11085147586294,296.4923557216733,277.9427928020153,0.6010642386432551,44.63479433281853,-0.07511164195380589,-0.9206716846413286,39.0363200003776
446,14.866666666666667,track,1,297.79038667760045,275.59307386614523,297.68679777878316,277.6396952157336,298.28976220471725,275.6721581758378,0.5055988974698521,41.75927793975509,-0.08383266770935081,-0.9148919128932543,38.935270998990745
447,14.9,track,1,296.5929457219418,275.9906524584034,297.2154925719168,277.2568509980277,296.1212338397446,275.84217051688995,0.4945290555282319,43.06804686421214,-0.09498290825446731,-0.9112717984752529,40.54284599988023
448,14.933333333333334,track,1,295.5001624748164,275.120166374212,296.66512309778074,276.80604776381523,295.13433705786,275.4751035694353,0.5097142809891885,43.32186707442646,-0.10796982404830795,-0.9060097586553908,39.32618399994681
449,14.966666666666667,track,1,295.3266347486456,276.4799042459368,296.15095149577803,276.55893648180364,295.0321130655305,276.5594008953447,0.3050618610905435,44.271719774580525,-0.12001938986947361,-0.9055384038883812,40.43046699916886
450,15.0,track,1,298.7383593407282,273.00576549476716,296.10001299918235,275.9252939470347,298.35497104469414,272.53126050464954,0.6100340737880413,39.07416267173745,-0.1212516614780786,-0.8958004190644664,52.89188799906697
451,15.033333333333333,track,1,297.6405232888833,277.2178474372748,295.94396071505145,275.8489370159963,297.1349811266953,277.4139665299098,0.5422504737163985,43.84762227963783,-0.1255314932436822,-0.8993797211463618,43.71865900066041
452,15.066666666666666,track,1,293.11883659967543,276.3053301710149,295.2787268266351,275.6830038012314,293.54056376193586,276.052873493722,0.4915161984085358,44.72036955561197,-0.14198258365940625,-0.9003657713846475,41.4397229997121
453,15.1,track,1,298.8848598130841,275.0356386292835,295.3661806565617,275.3898071827081,299.0305959706826,275.37638272259665,0.37060162541384195,41.124255128578156,-0.14042738513272562,-0.8981398553799356,40.292188999956124
454,15.133333333333333,track,1,294.49116473494206,276.40673886883275,294.9445113102557,275.2929520739849,294.447331119449,276.1825111993599,0.22847195364948536,44.29574475737916,-0.15141628988837166,-0.9004836814608659,41.25467499943625
455,15.166666666666666,track,1,292.66280012472714,273.08281883380107,294.35115955314853,274.81864305908664,292.3952058749287,273.5553796574312,0.5430657552775631,43.450985749944955,-0.16623234168804907,-0.8937518942193133,38.75282899934973
456,15.2,track,1,293.0025896917635,274.7753916119252,293.8565501109469,274.5902615544859,293.50429029751984,274.75780234622886,0.5020088446272939,43.70500493739377,-0.17841316603277194,-0.8930473331258215,38.77260599983856
457,15.233333333333333,track,1,296.71115450022046,271.17717452919317,293.8581085570295,273.96028122927567,296.72325932499535,271.61392040687355,0.43691359380732986,39.25871393644412,-0.17892115620766344,-0.8828461122685591,39.65359599897056
458,15.266666666666667,track,1,292.8636188519327,274.94548606652114,293.4210651197092,273.8351154322547,292.51934947473904,274.7580921412062,0.3919666915928597,44.309266780077785,-0.19024169037907135,-0.8848419547356716,38.45564699986426
459,15.3,track,1,295.66523875519715,273.9516819957163,293.36709851420056,273.6145207638082,295.89397697439836,274.4031850658623,0.5061385139214669,42.00808837339315,-0.19247048920713847,-0.8842471974651273,45.541457999206614
460,15.333333333333334,track,1,295.771978384078,271.1816923685251,293.34984869653255,273.0916036617815,295.5576934533069,271.0085497914058,0.27549298279099727,39.48362330750066,-0.19423121275017105,-0.8764574107031637,121.56168700130365
461,15.366666666666667,track,1,294.02424016408725,273.4771583069178,293.1440862710038,272.89120352755344,294.1684342804927,273.7340085689751,0.2945572954874535,42.488270400816646,-0.20071249332024185,-0.8764735846126108,120.12256300113222
462,15.4,track,1,293.979746031746,271.3889523809524,292.9643116576402,272.46949656803446,293.48599159052077,271.12907494101313,0.5579692930789539,40.890242706801665,-0.2065747631736812,-0.8710978019779341,117.06125899945619
463,15.433333333333334,track,1,291.22854624441226,268.9928225146383,292.4847441560322,271.8034356857317,291.1782068264334,269.24242750110903,0.25463052895029037,41.05868151679337,-0.2194651071108467,-0.8601321851649038,111.75480000019888
464,15.466666666666667,track,1,288.3272647647648,271.2257882882883,291.7059925189555,271.4626784546214,288.5684903438999,270.8117285238964,0.47920274260205575,44.01479766955434,-0.23898882074964214,-0.8571354964612992,107.64193199975125
465,15.5,track,1,291.58852508260736,272.0665665364974,291.3846727727696,271.26142083620067,292.07197889869855,272.1007375532009,0.4846599330207489,42.5491681950919,-0.24722649947875375,-0.8572304408686214,110.91283800124074
466,15.533333333333333,track,1,289.46431231380336,267.3232994041708,290.8492919314488,270.5231013801619,289.12230394003086,267.68220743940265,0.4957667853784442,41.46970849535782,-0.2606322166554529,-0.8444881501375259,114.82296900067013
467,15.566666666666666,track,1,291.9273076923077,269.2728205128205,290.66195065998664,270.0818660352887,291.75920365109755,268.97491250219184,0.34206454283935767,40.46094577404062,-0.2657732428209868,-0.839139801682876,110.74473199914792
468,15.6,track,1,288.079420066718,269.54747241467794,290.04646820626743,269.72008584016123,288.0470831393519,269.53981518179535,0.033231161383526234,43.51539471127564,-0.28126287239403525,-0.8355734767702462,87.6431609995052
469,15.633333333333333,track,1,286.4379978674026,266.3617261494073,289.2933140465347,269.0192651635166,286.54460571330327,266.5972750870832,0.2585508360996465,42.73965897075357,-0.29968162034632806,-0.8239295200143585,35.146997000993
470,15.666666666666666,track,1,290.23949605528713,267.95627178765824,289.06312423137103,268.5727201254586,290.29980369774154,267.5822306785028,0.37887169738135756,40.53246981858901,-0.30553752088781155,-0.8185228458116566,37.00015600043116
471,15.7,track,1,290.7120884708275,271.2196517096733,288.9259387711078,268.56516222827304,290.8518148429877,271.1020230725359,0.18264707868415744,42.6257262360658,-0.3096520784936033,-0.8232357082566403,37.673073000405566
472,15.733333333333333,track,1,287.048949273062,268.83118532156686,288.38067363304486,268.2930752386054,287.0670320040495,268.8341163751884,0.01831874000301531,43.77198474092997,-0.32371686611923645,-0.8211197844286411,37.92597599931469
473,15.766666666666667,track,1,289.49245893631314,267.78964401294496,288.18270527574373,267.9330640237799,289.4488419337337,268.0332135347579,0.24744404391742097,41.46365059031009,-0.3294625367936401,-0.8168259018869357,35.761477000050945
474,15.8,track,1,287.8998817746251,271.3577250948914,287.82792376704845,268.0417327303095,287.8407849776853,271.94324312768373,0.5884928191010784,45.32754010936161,-0.33917210622601496,-0.8234877343127615,37.93693199986592
475,15.833333333333334,track,1,288.80475467880626,268.56487101669194,287.6243358324447,267.8286470973677,288.5563061771674,268.2189157311833,0.4259245444183173,42.24941521805556,-0.3453731262303819,-0.8220501870473104,36.55944899946917
476,15.866666666666667,track,1,286.9384280593958,272.37506400409626,287.2308835978478,268.1023223819044,287.34230565274083,272.23808524868474,0.4264742546042766,45.88920505500687,-0.3562208190421298,-0.8319708263651102,39.264314000320155
477,15.9,track,1,286.42673248765857,267.92895082172095,286.821063618147,267.84407614046904,286.43901176183675,267.91829313537903,0.01625936199565189,43.65513741949604,-0.36736797492553597,-0.8288536891160955,37.98405199995614
478,15.933333333333334,track,1,288.33335454314073,266.2391829982184,286.6852712827845,267.4152763194761,288.158977574822,266.27115131703925,0.17728310829928987,41.27982679958166,-0.3720509668160496,-0.8219966018672301,39.61830000116606
479,15.966666666666667,track,1,286.63811984742216,266.17386489479514,286.37552883280125,267.02099184446985,287.11045577877024,266.3543579762091,0.5056470948010698,42.14586935179298,-0.38110324829061504,-0.8163212140710828,39.16164399925037
480,16.0,track,1,287.78026462223323,269.873933473476,286.2414210653472,267.10991304531643,287.822314202711,269.99526218017985,0.12840880923361173,43.98998995824823,-0.3860569010899384,-0.8221334261636531,38.88461200040183
481,16.033333333333335,track,1,286.0851740921003,264.8089354798453,285.9323472382969,266.6035067481817,285.8231610145646,265.01679281477453,0.33444808937056547,42.354412353068135,-0.39532521083082894,-0.8135757827691922,38.35396199974639
482,16.066666666666666,track,1,284.7984684348151,270.43475283277303,285.50751918689645,266.8168073438609,284.92705926850147,270.65292459455515,0.25324794203954676,46.58017773425401,-0.40724083400649436,-0.8222383027877475,39.41671500069788
483,16.1,track,1,284.31100031162356,267.9402929261452,285.06980129333124,266.7338251858652,284.02771834367525,268.1559754204254,0.3560443956918827,45.68111206437031,-0.4192822539243079,-0.8233597517577252,38.71012899980997
484,16.133333333333333,track,1,285.5863982047126,265.74180276773467,284.8311825357668,266.4070290695114,285.66200306388157,265.95666182076286,0.22777292946732702,43.04470149115134,-0.4265491384532104,-0.8187305685636013,39.823734001402045
485,16.166666666666668,track,1,281.5408930013041,262.752841085512,284.14303727343344,265.7567920291336,281.89564307265607,262.7998079343396,0.35784563433558014,44.40465357019687,-0.4444833159801449,-0.8068136486597112,37.52368500136072
486,16.2,track,1,285.118044920878,266.6135145482389,283.945179124637,265.62315645202307,284.93510653183085,266.643234248406,0.18533676042593716,44.038718023456184,-0.4505359082380256,-0.8075370868362928,38.26793000007456
487,16.233333333333334,track,1,281.4736025848142,266.2460743134087,283.34406394096504,265.4690998408568,281.6598271929381,266.10116232289437,0.2359641703007626,46.38145669857134,-0.46633179735196595,-0.8075232128647737,37.04812199976004
488,16.266666666666666,track,1,281.6994406463642,265.4280919825979,282.82760525502067,265.2415581278501,282.0013655581162,265.1345345356226,0.4211111812943204,45.559203743813626,-0.4798812952711804,-0.8056333904265393,37.72370299884642
489,16.3,track,1,286.95992819131885,262.28454189908314,282.99343866466324,264.6667027868904,286.54782711053787,262.89570075623914,0.7371176632404647,40.537155600087615,-0.47743765942072014,-0.7956115768683367,37.66959699896688
490,16.333333333333332,track,1,285.1337136409228,260.79012036108327,282.95123717476736,263.9637366945562,284.9012320311403,261.0853994135453,0.3758156698568308,40.945299868978715,-0.4806758787376614,-0.7830120190599629,39.04558599970187
491,16.366666666666667,track,1,282.1215813028344,263.9811660865241,282.57046992086447,263.7023035828107,282.05950038986066,263.9715135441686,0.06282683606212108,44.87889227983732,-0.49212936303786065,-0.7811532568637184,37.157191000005696
492,16.4,track,1,284.66259957011,263.38329750916677,282.5357096973793,263.40275837298594,284.7551094570305,263.11711295232107,0.28180187629111536,42.14977129992842,-0.4952999186984195,-0.7781340007172807,35.972047999166534
493,16.433333333333334,track,1,280.9643281064534,259.97344911601175,282.0790132082423,262.73109486590107,281.09109446971644,260.3921318202956,0.4374527605597925,43.92882845855149,-0.5086213505549365,-0.766279063323664,37.40362399912556
494,16.466666666666665,track,1,279.82203015582616,261.8792505204719,281.53183672923655,262.3466817944001,279.95451611682387,262.0257936244729,0.1975535653733911,45.703132980416015,-0.5237367559187688,-0.761484345865756,38.353922000169405
495,16.5,track,1,285.21044795442776,260.008480062144,281.68149704657515,261.78095205171314,285.38424090452673,259.82234632789795,0.2546561535256396,39.88954990594616,-0.522261838290092,-0.7523255707750431,37.59555999931763
496,16.533333333333335,track,1,281.3906643424366,259.79837303893083,281.38330866827886,261.24425709653326,281.52031463604317,260.1031292665585,0.3311880989862202,43.4145366440444,-0.5319057018945301,-0.7439695313428762,39.05615800067608
497,16.566666666666666,track,1,282.5697610462629,258.929536148628,281.26184907737473,260.656831729408,282.5806900566842,258.82745790481096,0.10266163416566318,41.888875943278315,-0.5373222530190372,-0.7344643361424142,37.36179899897252
498,16.6,track,1,278.6491396405041,255.50553316701848,280.6959948841885,259.7170206681636,278.6190668809899,255.95314221413156,0.44861813374213055,44.34957014790889,-0.5532717828333971,-0.7168063305291403,37.96078300001682
499,16.633333333333333,track,1,278.74531974050046,260.4053135619401,280.1937310366617,259.4435179752134,278.3906284662464,260.3993350193589,0.3547416567071703,46.34083154914232,-0.567293420383128,-0.7151798592720158,36.79230499983532
500,16.666666666666668,track,1,278.97651491365775,258.7543485086342,279.76815582668263,259.0126034576861,278.5586726029792,259.1411522103819,0.5693938007029159,45.648300344789135,-0.5793102389778221,-0.7093495025298013,37.756274001367274
501,16.7,track,1,277.37210637076714,260.6944710158791,279.1955731827349,258.863281806802,277.70352113203694,260.5423585774016,0.36465591716999335,47.021065710493964,-0.5947189956302563,-0.7099121233660906,36.47685299984005
502,16.733333333333334,track,1,280.46862335748494,256.0784723075034,279.0479053235779,258.1937195830235,280.55048070518785,256.3110070647193,0.24652188277399012,42.68856432414985,-0.600008102278814,-0.6978381886878136,38.398739001422655
503,16.766666666666666,track,1,283.2070690449549,259.2168761929836,279.25621309864175,257.9634580430934,282.9710322459694,258.7741493140073,0.5017175100028122,41.51642006957822,-0.5973969239537887,-0.6963239991476443,36.96416100137867
504,16.8,track,1,281.01444136419315,256.39771774869445,279.20746690923096,257.433126069329,281.36522598278947,256.280077572715,0.3699852154454804,41.924774169153785,-0.6015243615274308,-0.6874477113556929,39.139273001637775
505,16.833333333333332,track,1,280.7796184738956,253.63140060240963,279.1502251227626,256.62750284035087,280.86054248823336,253.79813557844523,0.18533550207699284,41.50042987435843,-0.6060379441866633,-0.6722654503581668,37.825281999175786
506,16.866666666666667,track,1,277.6640061298768,254.206627929251,278.73962977570096,255.964207937246,277.3756370372113,254.66373359045565,0.5404649101561241,45.076173315793035,-0.6189223006130141,-0.6608208351936681,38.23098699831462
507,16.9,track,1,276.48968809675364,257.1809675366009,278.22950910041016,255.72256646013767,276.6897703734065,256.98686708226705,0.2787613743028151,46.522356384633696,-0.6337731845458764,-0.6593083523627301,38.825144998554606
508,16.933333333333334,track,1,276.5927896351005,253.01214245477874,277.7794788754441,255.02236567219234,276.2600999440881,252.92749609157573,0.3432891453416577,45.61029502315095,-0.6468581145174814,-0.6466054304532006,39.474236000387464
509,16.966666666666665,track,1,277.0417670682731,256.6963237565647,277.42792841335114,254.83120044440153,277.27249078816277,256.7212454028505,0.2320657738084764,45.882895410708166,-0.6574797410386893,-0.6460144147523547,38.85047800031316
510,17.0,track,1,278.90466781921464,255.43603358854037,277.3382704217631,254.52637606497473,278.5595261944088,255.66062044127432,0.41177906162715683,44.300879244520054,-0.6620090959636538,-0.6422713743068301,39.97583599993959
511,17.033333333333335,track,1,280.11757221020486,252.11114645629215,277.4163157803753,253.8672995769576,280.14456429186794,252.3390009658214,0.2294477064285644,41.721777290997444,-0.6629774121136747,-0.6300470132420383,39.84285399928922
512,17.066666666666666,track,1,279.8657044851466,252.02239337259724,277.4754725737293,253.26305879828885,279.4583058339752,252.39093753541516,0.5493618670088264,42.392974640358155,-0.664847507588049,-0.6193909557215385,39.271633000680595
513,17.1,track,1,278.42095035105314,251.1765922768305,277.37297095113996,252.6204830080007,278.4705793904522,251.46716468303774,0.29478019743656975,43.08350777307532,-0.6707879874891587,-0.6079543541053885,38.914916000067024
514,17.133333333333333,track,1,276.17317593871655,255.16689689815396,277.0218890225605,252.52097332290106,276.41352396412344,255.5094510890416,0.41846212135827293,46.263635463605915,-0.6825341862840738,-0.6093061531509674,38.666704000206664
515,17.166666666666668,track,1,279.80201597565616,255.60872321541777,277.1403155495772,252.5063489726914,279.4018486425048,255.85789888631206,0.47140471941540013,43.585351332008194,-0.6830129465804963,-0.6120170358822538,38.757951000661706
516,17.2,track,1,274.3831152647975,250.92990654205607,276.6167826660996,251.95754111474304,274.2515989332926,251.00008251469242,0.14906781204525688,47.05229022577282,-0.6988619957005103,-0.6017129155974741,37.567993998891325
517,17.233333333333334,track,1,278.8247225647349,254.75135635018495,276.67003862976424,251.9235608209301,278.9391114726975,254.7291369784466,0.11652691854386107,43.62274685048392,-0.7007060220989464,-0.603715848254625,38.74479899968719
518,17.266666666666666,track,1,275.5305845915602,253.51167892631307,276.33937532474147,251.76691785928838,275.87909356502666,253.23242186139305,0.44659043081370703,46.06247250160964,-0.711873053627604,-0.602395519805348,39.83804100062116
519,17.3,track,1,276.2766130546342,251.2244821327993,276.13131876255494,251.36875999586567,275.76885258876456,250.68156091740232,0.7433600317667592,45.50263887893335,-0.7199468103891717,-0.5952685690303083,39.135865999924135
520,17.333333333333332,track,1,277.7490298365036,248.862459443985,276.12534108814043,250.734639379018,277.395320137432,249.06590267700614,0.40804374799697557,43.55857363988005,-0.7233047912106478,-0.5828142290559514,38.2642130007298
521,17.366666666666667,track,1,278.3500666370502,252.28869708700896,276.204320385889,250.5718544051761,278.18921628005376,252.25312290048652,0.16473724561438308,43.56926274439985,-0.7249403230742041,-0.5817744669452553,39.283976000660914
522,17.4,track,1,278.95959278577266,252.7245019795136,276.3630864875741,250.4937281310425,278.8531311246899,252.2562780621743,0.48017467868377756,42.93345048070672,-0.7250027628044468,-0.5823892918250703,39.23659100109944
523,17.433333333333334,track,1,276.7683954315671,250.9721026025089,276.2605828332793,250.2323552632545,276.7120624595107,251.09639877170136,0.13646589836522455,44.68753296177712,-0.7314648310302985,-0.5783903580438052,37.43031599879032
524,17.466666666666665,track,1,275.4883823436811,251.97600906743907,276.0211237884473,250.1279330511326,275.5003397849793,251.65701192756757,0.3192211704267064,46.001148750131755,-0.7410016950670582,-0.5780479801692413,39.82030600127473
525,17.5,track,1,277.7042703956857,246.84197654731298,276.071250623283,249.43607602724845,277.73713198078497,247.03335338705546,0.19417769842351687,42.84411363392635,-0.7435237918203816,-0.563783067861463,38.44719900007476
526,17.533333333333335,track,1,273.4877101375446,247.28782475802345,275.62354544920873,248.86052962769475,273.5112286944121,246.99575906825018,0.29301107429560763,47.01219525234123,-0.7578593587452029,-0.5528215876656609,38.31125000033353
527,17.566666666666666,track,1,274.20889564721534,247.71260216688842,275.2993695661854,248.39264065500547,274.2560743832788,247.94676848879655,0.23887172175150959,46.42906266814624,-0.7688190204530854,-0.5446194760102966,37.622335001287865
528,17.6,track,1,275.7765400535671,245.85749939128317,275.19313933107816,247.75367314000795,275.7508878736981,245.44305099670666,0.4152415033436295,44.582628097935036,-0.7745142009920537,-0.5324446860853892,40.60853700138978
529,17.633333333333333,track,1,275.92451048290627,247.8624944909652,275.1217515538846,247.416467745339,275.79878658581964,247.79582607722998,0.14230662559634827,44.8834286960381,-0.7795551708557406,-0.5275305692150443,37.851977000173065
530,17.666666666666668,track,1,276.39858974358975,249.4275,275.12170975874886,247.31014917443386,276.17113148060724,249.67436760738352,0.33567972380570976,44.88388468362569,-0.7830888165800333,-0.5277606465026144,37.7586530012195
531,17.7,track,1,274.77455966261476,248.2236417762342,274.93717236659694,247.08869365176085,274.41568814352905,247.78681317607445,0.5653388303737905,46.2446099223151,-0.7911316286088516,-0.5248315610042492,38.081967999460176
532,17.733333333333334,track,1,277.060796382364,245.98699912071348,275.0468838831241,246.63487730009206,277.5535836595545,245.7027789766311,0.5688764284649265,42.82779410853128,-0.7922154393056052,-0.5162899487921928,38.42247700049484
533,17.766666666666666,track,1,274.9272976680384,242.54433221099887,274.9036568460245,245.8186829083706,275.24247806100163,242.5334781540281,0.31536723143213624,44.82916775579107,-0.7995155348102053,-0.49944290153423276,38.25428399977682
534,17.8,track,1,273.940773620799,246.57362079898542,274.6597574829194,245.55704371103232,274.09074379814973,246.64536702461825,0.1662485337895208,46.387721520883204,-0.8090630855432347,-0.4960914050516844,39.178826000352274
535,17.833333333333332,track,1,276.7013019686773,242.78206176489087,274.7696921303004,244.88099118498369,276.60112518623095,242.98369970812172,0.22515161090178482,43.50131950929125,-0.8101565521776202,-0.48273143906641225,39.11990300002799
536,17.866666666666667,track,1,274.3722249629995,246.27966206216084,274.6026451354216,244.68809711155114,274.0208271386811,246.57778442057315,0.4608224945909362,46.44729900537359,-0.8180311826773189,-0.48092929549871594,39.218470999912824
537,17.9,track,1,273.4550133434998,240.21711780404118,274.3441294281348,243.80535242382942,273.78744537362184,240.3747764241851,0.36792294730928055,46.21407428981036,-0.8279107473899103,-0.4625928344728352,37.90057400146907
538,17.933333333333334,track,1,276.0463971447911,241.1658974832318,274.4196719137328,243.11432509462148,276.0898013720949,241.2538933965212,0.09811833520537075,43.9280979805855,-0.8297907298094502,-0.4492915431965368,38.35152099964034
539,17.966666666666665,track,1,276.7124817564566,240.07456056856398,274.57822451480814,242.36058874647708,276.5435490706005,240.24535820761346,0.2402292360547412,43.457143578810516,-0.8300188882578671,-0.43465255349670784,37.92543799863779
540,18.0,track,1,276.1252614896989,238.96019017432647,274.66383768958224,241.54631788516718,276.6022064477936,238.91311504593887,0.4792625175878624,43.41140177537799,-0.8322520436525999,-0.418748119982665,38.94923899861169
541,18.033333333333335,track,1,274.8067110720121,239.76995098655271,274.5926498068651,240.90657952453486,274.89744588468426,239.53602355699502,0.2509080479580596,45.10494054828859,-0.8382610563364649,-0.4070761382879313,39.31462800028385
542,18.066666666666666,track,1,276.1997323306354,241.57784717353897,274.6982007268185,240.55090683206228,275.89922431545904,241.11878541245298,0.5486736440513765,44.11496454466803,-0.8400258062187996,-0.4019039028419829,37.988599000527756
543,18.1,track,1,273.95548330623984,240.49049643616357,274.53416458175803,240.11554951948574,274.31104117686516,240.74695638886024,0.4383983424932063,45.69506430883942,-0.8482247979664276,-0.39170733212834635,37.92452800007595
544,18.133333333333333,track,1,276.6188529907876,242.0492409497859,274.7038601187526,239.92152734702157,276.5987144009379,241.9923988104107,0.06030415914251818,43.44699350554742,-0.8483903515624973,-0.39427946554389837,38.65076700094505
545,18.166666666666668,track,1,274.3734704175602,236.77728018165763,274.5993097774624,239.1364197342493,273.81792190881845,236.5262991978518,0.6096110233561521,46.312535388195236,-0.8552116738829282,-0.37592075710616707,36.98234500006947
546,18.2,track,1,276.65605489274895,238.93855473820858,274.77852428834785,238.6857165624509,276.7405059022342,239.22741785853472,0.3009549389653375,43.266392416747046,-0.8552372554160164,-0.3677448730219676,36.86655899946345
547,18.233333333333334,track,1,275.6437269718354,236.41566227440205,274.82953385278114,237.98911934422063,275.2343696782717,236.20028708349722,0.4625579603153334,44.92660098816153,-0.8584949177281853,-0.3536672420312314,37.78818200044043
548,18.266666666666666,track,1,278.44775742261527,239.55799115603284,275.21598418716246,237.73965045970948,278.6687153445746,239.81386992718612,0.33807743018943825,41.331703759605766,-0.8539235442870161,-0.3502103310177733,39.24281299987342
549,18.3,track,1,276.0870196251656,239.67078942386573,275.2984962848634,237.5473505405709,275.741990426638,239.38153077199723,0.4502396201106746,44.26233066143027,-0.8568681786856989,-0.3476348088296499,37.770602999444236
550,18.333333333333332,track,1,278.51470315111743,234.89178480777565,275.66747781638907,236.82268071303207,278.7472080614413,235.00640320476978,0.25922173954786487,41.553927030779484,-0.8530275156521915,-0.33223573732012474,36.204362999342266
551,18.366666666666667,track,1,277.2867256637168,235.9712389380531,275.86715247617195,236.29906991311535,276.968432508064,235.45955753126057,0.6026013566136519,43.27044509390881,-0.853428047868984,-0.32191629125832716,37.34475300007034
552,18.4,track,1,277.76123176661264,238.86366288492707,276.1105032964969,236.1814965364691,277.8893794312015,238.63038926884892,0.26615484947255913,42.132887371318354,-0.8527882019240584,-0.3210726271938216,38.64995500043733
553,18.433333333333334,track,1,276.6044301806054,234.6231200050343,276.19897408712524,235.59126669192125,276.24690105473354,234.72205512017112,0.3709652717624964,44.07028896511559,-0.8557985200468946,-0.3086687197684823,38.06078700108628
554,18.466666666666665,track,1,275.090984231943,233.20962614445574,276.09895407676953,234.8952091025123,275.21702838247535,233.54129683579984,0.35481343742886734,45.24631911503153,-0.8630317863882441,-0.2940161956038454,37.35972899994522
555,18.5,track,1,276.00812222007346,237.77348030683942,276.11290449404976,234.81536592022783,275.5445196055782,238.29814083122787,0.7001400217230771,44.48804403128051,-0.8672412820078755,-0.29402003217148776,37.969895000060205
556,18.533333333333335,track,1,275.7027364738223,234.67612145445457,276.08786679257577,234.39717168126978,275.6608568226611,234.35916837560887,0.31970792822692357,44.69651663290203,-0.8722526034510698,-0.28552191425743056,39.52130700054113
557,18.566666666666666,track,1,276.07917666372015,236.35648440459653,276.1079107038422,234.23207380222397,276.42592212383624,235.97895928428503,0.5125988983380072,43.75921652858311,-0.8760863676656591,-0.28293232201878593,37.95358400020632
558,18.6,track,1,276.9089155023287,238.0003992015968,276.22456959264093,234.29949569763926,276.6074961967806,237.70487061857196,0.42212645160161383,43.453158748126775,-0.8776344856280024,-0.2854411145167055,38.69020099955378
559,18.633333333333333,track,1,277.3994673768309,234.59679157948133,276.39115386066203,233.97998491836208,277.4737151800046,234.30895296650783,0.2972604975347897,42.90539496297396,-0.8781167635903091,-0.2783900519212991,38.98295399994822
560,18.666666666666668,track,1,278.9950469574167,232.44287919722115,276.7363128462949,233.445788973255,278.51627815438616,232.10781455957985,0.5843696417106293,42.22778432726774,-0.8745595996145983,-0.26644623607151047,36.72027200082084
561,18.7,track,1,279.5021355617456,235.0246982358403,277.11803489939444,233.27661034137628,279.4088917593198,235.4893246241682,0.4738903748985165,40.84096302185777,-0.8704589789775343,-0.26336716763612483,40.52416800004721
562,18.733333333333334,track,1,278.3725,233.3620394736842,277.33716128393115,232.9421316184996,278.59363007468585,233.65541753646409,0.36738154233853754,41.889631139800784,-0.8704072194468955,-0.2561965100969156,42.73887900126283
563,18.766666666666666,track,1,280.0454290171607,232.2780031201248,277.7380349281466,232.52120821055192,279.67269960142806,232.44893788614868,0.4100559859190377,41.02815736154746,-0.8660750885096423,-0.24704780395766265,41.36739299974579
564,18.8,track,1,275.8889509621353,232.78274363749225,277.6114496625985,232.2091359180199,275.9031430641292,232.73250775816348,0.05220210082879489,44.691713271117834,-0.8742515873931472,-0.24056720612739113,41.830535999906715
565,18.833333333333332,track,1,280.87667880005023,229.95851638006778,278.08338517470486,231.60099507466768,281.1126389052443,229.46946327642246,0.5430010215720719,40.28795175484272,-0.8679195046738212,-0.2271156559377682,38.28090800016071
566,18.866666666666667,track,1,280.5655270655271,232.79672984020812,278.48293646477333,231.39250825840597,280.2789314901641,232.88247432955367,0.2991473571181406,40.35371674619997,-0.863656789535594,-0.22331496703848103,39.805544998671394
567,18.9,track,1,279.1589971437639,229.88549666772454,278.68234961909315,230.87148360371285,279.0993308731612,229.6192193906783,0.2728802889891369,42.1974565712439,-0.8642275970170663,-0.21192430995736772,39.068713998858584
568,18.933333333333334,track,1,276.7886944818304,230.42145741203615,278.5780721236788,230.4693598227145,276.9609947193533,230.6869835492975,0.3165304115237402,44.035079776907274,-0.8717381057995257,-0.20349009300322898,39.321377998930984
569,18.966666666666665,track,1,281.86894960079843,230.35229540918164,279.08020396017025,230.10669118395947,281.4500895873438,230.18413621986025,0.45135487570692945,39.77997956980467,-0.864600922753993,-0.19593947748450394,38.01852200012945
570,19.0,track,1,277.4381074991954,225.60965561635018,279.0136200306398,229.2220791332757,277.3195049604256,225.91375025615213,0.32640482863908715,44.944933960004754,-0.8711601561088792,-0.17611766951085384,38.36519900141866
571,19.033333333333335,track,1,281.11046547953765,225.34957825679476,279.38219138744455,228.38465289687272,281.2907672065783,225.05665526031032,0.34396597890382885,41.49347244404261,-0.8671269820255527,-0.157981893592191,37.67935799987754
572,19.066666666666666,track,1,278.5209759188847,227.34562737642585,279.41015835605094,227.86298184910476,279.0283297505633,227.2614184670775,0.5142947121374873,42.9062841842485,-0.8712893522747303,-0.1475420477071206,38.640052000118885
573,19.1,track,1,281.7965950392144,224.68092839380222,279.8197513979727,227.0810809028562,281.46932990798,224.95128579527508,0.4244945119233425,41.36515849063766,-0.8662760809947174,-0.13083475395499827,37.76185900096607
574,19.133333333333333,track,1,278.54917228292874,227.86233069423542,279.80704256834633,226.75488865938513,278.62870113355075,227.37844595435428,0.4903766711122223,43.25376280075782,-0.871412609696102,-0.12494275772300828,37.285919999703765
575,19.166666666666668,track,1,275.438978909465,224.24029063786008,279.41431951948215,226.04296825855866,275.830385057,223.94216997518225,0.4920108757371793,46.99796579979635,-0.8850822422645949,-0.10957608803854536,37.11871199993766
576,19.2,track,1,278.5244181021177,223.1074273013521,279.4072926727568,225.26698094096858,278.2372224075487,222.84706974613496,0.38764342318373646,45.14811854917667,-0.889034746543068,-0.09286002086126617,39.527461000034236
577,19.233333333333334,track,1,278.54105590062113,222.09062111801242,279.3963739627167,224.4457510986974,278.5060087914743,222.08451459114755,0.035575125156508354,45.19641494463928,-0.8930742048955419,-0.07525060001814302,37.66139799881785
578,19.266666666666666,track,1,280.665213209362,225.59672972106443,279.63428297273026,224.1241087686907,280.9450485200169,225.5601370019824,0.2822176964315702,41.63891063062713,-0.891297672007612,-0.06945238000654293,38.025791000109166
579,19.3,track,1,281.82751712550083,225.26108310714747,279.9905922806574,223.81200379412718,281.3330693653576,225.3524340564994,0.5028156555420519,41.348309672505934,-0.8870649356720185,-0.06333036212394368,38.096590998975444
580,19.333333333333332,track,1,276.1325494731432,220.38055769725005,279.63719781338665,222.96458117339256,275.9636262974018,220.29763871480074,0.1881770361999148,48.242981345345996,-0.8997567884767756,-0.044308490586741966,39.63985500013223
581,19.366666666666667,track,1,276.8217319639914,223.7109166983644,279.3818046139234,222.59711739520728,277.0135778387407,223.50572367994786,0.2809074838184351,46.04230273941823,-0.909509546765928,-0.03687190047463761,39.50361200077168
582,19.4,track,1,280.2824965395747,223.81609412356863,279.55134568556093,222.29465833124598,280.7073947138128,223.45378830812547,0.5583940923530538,42.63432832270766,-0.9090198347819896,-0.03059285163907389,38.72032599974773
583,19.433333333333334,track,1,279.5561063262904,222.77545077142327,279.61930655116805,221.9155015116457,279.19811805453025,223.2610962992003,0.6033300766310445,44.10197804403671,-0.9112163547269218,-0.022179453714518953,37.3976369992306
584,19.466666666666665,track,1,277.6405660377358,219.60842767295597,279.44957360305375,221.20948316307155,277.6445409103015,219.87349296022256,0.26509508883726135,46.894148892173476,-0.9190496394554909,-0.005982971768273231,38.560008999411366
585,19.5,track,1,279.1373697078883,219.90342298288508,279.46537324323265,220.6109888879793,279.41481025549064,219.8600075276575,0.280816949642473,45.3075813014096,-0.9223130534469633,0.007410576220703182,39.25456000069971
586,19.533333333333335,track,1,281.2503499056776,220.82200450313394,279.72948341709065,220.18853885206903,280.8241326921891,220.39355022224714,0.6043460795637802,43.80823498164189,-0.9198506264056834,0.016644482177791305,38.581728000281146
587,19.566666666666666,track,1,277.54912567618567,218.31085671153605,279.5309473121315,219.52111847748338,277.45291670968135,218.55986208115908,0.2669453864312581,47.64382237491271,-0.9285490547700688,0.031799826178853886,38.65920499993081
588,19.6,track,1,281.8590417115007,221.84068611937465,279.85650090500917,219.34644467747364,281.9991501237362,221.54541826140095,0.326823308733509,42.244954473463146,-0.9246773061983423,0.03529879293932395,39.4018139995751
589,19.633333333333333,track,1,279.06253960207835,219.0355468254974,279.8239256987101,218.87617645478318,278.5799726498342,219.27161120326718,0.5372124848233266,46.317218912592345,-0.9295944276566921,0.04622814901335784,38.156132999574766
590,19.666666666666668,track,1,280.44525316455696,220.58284810126582,279.95481195405904,218.64840859282572,280.22688016031884,220.30676065551148,0.35201000935078197,44.381581063104875,-0.9305368507329392,0.05150128440504067,39.64514499966754
591,19.7,track,1,281.47670118343194,221.868466469428,280.1971330846119,218.61635929367796,281.6139875678676,222.07471835113063,0.24776478776711788,42.36509970047418,-0.9289730041592852,0.052526734947525716,36.5053519999492
592,19.733333333333334,track,1,280.2092317420171,218.10003161555485,280.26863631869924,218.16222560296774,280.68054155768584,218.644030045445,0.7197688754514487,44.744801540477596,-0.9315995234949909,0.06388227966716808,40.135200000804616
593,19.766666666666666,track,1,284.0316832925529,219.83286278938454,280.7882739872244,217.96916381763143,283.82169713999843,219.62996811689172,0.291993891015871,41.51876439332998,-0.9236854843096763,0.0689480281285111,38.848849000714836
594,19.8,track,1,285.430766359791,218.85089574521024,281.43778157550526,217.6959443158751,285.6035319570468,218.97809467544582,0.21454025134746932,40.31175408369648,-0.9132451578178902,0.07608892309665227,39.71665499921073
595,19.833333333333332,track,1,287.4044672885335,216.19290564122088,282.27605485293657,217.14631673239168,286.8898922043297,216.46828010377496,0.5836254037567948,40.62045149324782,-0.8989006210902413,0.08972972632395265,38.564702999792644
596,19.866666666666667,track,1,282.61692526426407,218.42034987945848,282.4805671063153,216.92154814258134,282.4635740968498,218.8709683846251,0.475997497625669,43.07457772963302,-0.8999209149380665,0.09548080403445439,39.46033500142221
597,19.9,track,1,284.92417393518815,216.57038263194755,282.93758986864196,216.51382886068808,285.11424503995954,216.22222006888367,0.3966663524780336,42.21846417842063,-0.8946262580394148,0.10571179048158405,37.52474000066286
598,19.933333333333334,track,1,286.2424318082517,215.5349229136758,283.51273557639763,216.03146687603717,285.9319501457983,215.12926927998097,0.5108363076854091,42.1803896072105,-0.8865913470658899,0.11760811479369383,39.40147499997693
599,19.966666666666665,track,1,288.0755792110207,216.69342517219786,284.2591125600136,215.74156001639113,288.0219053980561,216.39170535114224,0.30645673204548146,39.748586271692226,-0.8747068190842444,0.12487554008167218,38.0948720012384
600,20.0,track,1,287.08086884934454,217.77822810461655,284.8263255110154,215.62330592869532,287.5545638407107,217.3903358715478,0.6122477679179217,39.54621650130306,-0.8673068789676256,0.12829589186618381,38.04143700108398
601,20.033333333333335,track,1,285.976052999453,218.6797544520756,285.2107412458677,215.64341736330638,285.8156098153705,218.11201666208896,0.5899730616709774,40.59133339637494,-0.8641396039319429,0.12882202803875653,37.625756000124966
602,20.066666666666666,track,1,284.8936355169202,214.99521887612542,285.42556105879225,215.2435972908252,285.15666743081056,215.40392342992993,0.48603004024995217,42.65002704768061,-0.8646615866282397,0.13956311609821728,38.73013199881825
603,20.1,track,1,287.36898159818503,215.90811696496093,285.90667377876633,214.99887787762074,287.12258078590907,216.0965373220968,0.3101863815087044,40.64849593986212,-0.8585546047567696,0.14644399159054575,37.48752999854332
604,20.133333333333333,track,1,285.92534833184203,212.51514764156974,286.1687342222285,214.3845728981451,286.1040732328608,212.59727175005216,0.19669000848594306,43.58719269399847,-0.8576007304591848,0.16199076320177355,39.243272000021534
605,20.166666666666668,track,1,283.36937052200614,214.31096468781985,286.09192426501244,214.0442680249605,283.02695601224315,214.0868031738952,0.4092628505266779,45.14974807758124,-0.8642963705556597,0.17071080383701775,38.21028899983503
606,20.2,track,1,286.1579954329445,213.00931926186507,286.33707108270727,213.591024224565,286.263525668121,213.4719298793278,0.4744946932534186,42.91722503462719,-0.8628605617317411,0.18212737381909064,39.00632600016252
607,20.233333333333334,track,1,285.233921815889,213.965447667087,286.44102401957105,213.30190235424504,284.7847792054883,214.07607505865502,0.4625662160628574,43.728270717817075,-0.8646963267227548,0.18962249192853628,38.026172000172664
608,20.266666666666666,track,1,286.68723915517893,213.49892500316176,286.6971607618792,212.99661667972435,286.7858363901739,213.1108226940395,0.4004307893939702,42.73416104817872,-0.8627781868498813,0.1976506981016381,38.40708000097948
609,20.3,track,1,286.34820006371456,210.66651799936287,286.882043169239,212.39292972791264,285.8964552749958,210.8593786460082,0.4911909844032365,44.85785968709481,-0.8625706926788188,0.2127415698466198,38.687415999447694
610,20.333333333333332,track,1,285.03638973846824,212.20747768553773,286.88386722850703,212.03258278448595,285.2072534906204,211.90389863139563,0.34835996313199585,44.72053355876736,-0.8665728613411184,0.22185349535444476,37.79366500020842
611,20.366666666666667,track,1,285.2127127127127,212.33833833833833,286.8924938840345,211.73231238011962,285.00952113550727,212.47825873858162,0.24670738831957464,44.51718604344811,-0.8701365411935565,0.22967674919313963,37.4720489999163
612,20.4,track,1,287.48507187615184,211.94526354589016,287.15905740396454,211.42555736164545,287.74319482930554,211.46902137027288,0.5416955498999982,43.06411756195738,-0.8674917183350785,0.2378166021800852,39.820365000196034
613,20.433333333333334,track,1,287.57705229793976,213.71936608557846,287.4072242204982,211.37161501236227,287.41502871675596,213.62649223592464,0.18675436489984226,41.92066632714206,-0.8654690317599668,0.24017081498562268,38.40195699922333
614,20.466666666666665,track,1,286.2193732193732,209.120896816549,287.46463632410826,210.7920547736776,286.66446629402543,209.35283118902518,0.5018977966073279,45.28252161254444,-0.8680035493239463,0.25520231269295574,40.01921599956404
615,20.5,track,1,288.2698993008787,211.44570585594252,287.750929553751,210.54711265319008,288.3126996830368,211.8802754090713,0.436672153015754,42.365126135149154,-0.8650214994687705,0.26204895296589203,38.80079800001113
616,20.533333333333335,track,1,289.2158163265306,210.96670918367346,288.12006040140477,210.281020938115,288.82386330918416,210.65282328638565,0.5021469150788026,42.81598159594781,-0.8602700896239842,0.269564437213768,39.65706700000737
617,20.566666666666666,track,1,289.16601953907815,208.33905310621242,288.44743329703056,209.73772358977587,289.4769491609493,208.15186211925908,0.362929325562836,44.11304250438819,-0.856704546191477,0.2836538534704901,38.12286900028994
618,20.6,track,1,286.86537109250145,212.04315029086493,288.4659846779034,209.69173527441862,286.8968562845894,212.0146157030631,0.0424916464947406,43.3474319665003,-0.8604329702153971,0.28586549534637673,39.15251500075101
619,20.633333333333333,track,1,289.55340780720474,205.28492531693234,288.79160083595656,208.86091430715874,289.2141927522976,205.37981710177175,0.35223756799304407,46.32842531102758,-0.8566556271114057,0.3068499975012056,38.968292999925325
620,20.666666666666668,track,1,286.23273349385374,210.5831960461285,288.686946809476,208.73586240372737,286.68094642692694,210.77458913695685,0.4873665443902578,44.32024335581872,-0.8630712253814429,0.31069089661746757,39.46314099994197
621,20.7,track,1,287.0708926754832,205.195511190234,288.6763607661725,207.995502186249,287.2150971498297,205.31512838841883,0.18735849199634494,47.72724770617905,-0.8668454145230993,0.32933757389752866,39.24790700148151
622,20.733333333333334,track,1,289.9405238033802,209.1170816668817,288.99800456719237,207.79135727229175,289.8828737984269,209.1382185018071,0.06140267796912453,43.121814060677956,-0.8626733727824277,0.335007033496717,40.556276000643265
623,20.766666666666666,track,1,290.00463764531287,206.151991095721,289.2960257238152,207.26711663968652,289.6681704108682,206.12914966516544,0.33724165045954474,45.46706927688318,-0.859336915303566,0.34852121145174714,38.76921299888636
624,20.8,track,1,286.17905623787976,205.95985778926956,289.1062885524611,206.77410339255135,285.640921756784,205.7214866243414,0.5885656565018234,48.53413991170179,-0.8675467443241561,0.3611707852029215,38.72323599898664
625,20.833333333333332,track,1,289.8970777548919,208.21002832131822,289.3616042959775,206.60295594162474,290.2662504764039,207.83423499980069,0.5267913427589517,43.80333661697472,-0.8648583657402036,0.3662658299976384,39.12507600034587
626,20.866666666666667,track,1,286.0677364114924,206.09875055495655,289.13250108042564,206.2120185591088,286.20881196309955,206.46649867848936,0.39387941507924484,47.60609309557885,-0.8736862737781276,0.37688112391860745,37.96968099959486
627,20.9,track,1,292.46262427887564,207.24947833558366,289.6722457078119,206.00459096497113,292.4714461637985,207.42626233653408,0.17700397918021457,42.648208188398065,-0.8640963499921379,0.38321398317511846,37.8757990001759
628,20.933333333333334,track,1,287.80176669264745,203.71089893478825,289.611280564652,205.4082595815156,287.704113762705,203.62715917817417,0.1286407461270782,48.641626384221375,-0.8691725255497346,0.39886780491964985,39.19028400014213
629,20.966666666666665,track,1,291.499094259479,204.42220001249297,289.98600329805214,204.95538845496085,291.29830458802917,204.814357411939,0.4405722620651658,45.40723250602617,-0.863758586718169,0.4108597425672005,38.459520001197234
630,21.0,track,1,289.83509393383514,202.0700234043899,290.12842955828904,204.27131434506543,289.64588181525386,202.11961228558013,0.19560235927952335,48.541696140208245,-0.8640926983570879,0.4282267300175339,38.88298299898452
631,21.033333333333335,track,1,291.2487817226758,203.524460477185,290.4206562665782,203.82623087504382,291.0013592550802,203.14168614992607,0.45577852415356557,46.898363136931266,-0.8608553100380547,0.43972160158322265,38.25258600045345
632,21.066666666666666,track,1,291.14838296509765,204.9068203650336,290.6722329035581,203.59739902168062,290.9801669766888,205.07441964759855,0.23745765574655864,45.408665160439526,-0.8586988108713302,0.4462825963536606,42.72566200052097
633,21.1,track,1,291.73869858652745,204.43976824143638,290.9679456001839,203.35004732630446,291.5152106241937,204.0735560292865,0.42902010866136964,45.848583425934386,-0.8555450998691232,0.453640070568893,39.75573200114013
634,21.133333333333333,track,1,295.4212235024508,207.87822267489975,291.67456525765465,203.5517886777929,295.2079135910485,207.916861033194,0.2167810901211848,40.54596594573007,-0.8428708123465194,0.45075210913369024,38.67743299997528
635,21.166666666666668,track,1,297.3715359893275,206.6180340791947,292.55844784726236,203.61163399894022,297.29246622254755,207.0348047001459,0.4242048779855074,40.029191740674285,-0.826616501194593,0.4519143191769364,42.86181700081215
636,21.2,track,1,296.45487182717136,207.13340051647037,293.26364350949314,203.74884638334137,296.4554548763236,206.87800776567545,0.2553934163303995,40.637568513033486,-0.8151267964441758,0.4516030111878456,45.099078999555786
637,21.233333333333334,track,1,292.960066968438,205.43672102684937,293.49084621296794,203.69250749987026,293.1051192391364,205.48715796902616,0.15357098153916482,43.754666907611416,-0.814961273582757,0.45613818837704995,39.58661800061236
638,21.266666666666666,track,1,297.5392686604674,202.65845689871827,294.2344758050573,203.32392573314874,297.8617455282489,203.0351124146872,0.49584343089726035,43.087181681456265,-0.8022363218884316,0.46794506843178585,41.04691599968646
639,21.3,track,1,296.43414573334167,206.5893536121673,294.7821696194131,203.4644642830884,295.89697917768416,206.2078446194667,0.6588603949459756,41.50741353087538,-0.7943747551520938,0.46746444864523595,40.39904499950353
640,21.333333333333332,track,1,294.7115810802254,205.20851009941114,295.0709344102803,203.44684849173356,294.50196794353525,205.01798220033535,0.28326409479375303,43.288465069675986,-0.792493160307325,0.47104378730881474,39.68860300119559
641,21.366666666666667,track,1,296.3087661929317,202.50415042133065,295.51344093411797,203.12133010250744,296.2838055603399,202.35175010889364,0.15443085316828079,44.49548964291724,-0.7866368916588974,0.48186572333535815,40.51995000008901
642,21.4,track,1,296.65142195968576,203.0106570854394,295.95006142585555,202.8906169368306,296.9211343611403,203.01342667937988,0.2697266211350954,43.59633752023384,-0.7808330059573653,0.4901267399959638,38.37712600034138
643,21.433333333333334,track,1,295.5144914271768,203.25407285374337,296.20383639677755,202.71752017336007,295.0824346975715,203.3555591987411,0.44381583547481585,44.31365593400928,-0.7792180671781055,0.49692756108425074,36.61772099985683
644,21.466666666666665,track,1,294.9330681315906,199.25667740102293,296.35247909805224,202.09114967933542,294.77329521661,199.52896308697817,0.31570061630840457,47.68953200696656,-0.7797597829385831,0.5143077113548954,40.2019819994166
645,21.5,track,1,296.451606805293,204.3127284183995,296.654144568541,202.12277539666223,296.76545923668004,204.509866805599,0.37063039863881586,42.41925787468118,-0.7763818947795288,0.5157619601635831,38.85254000124405
646,21.533333333333335,track,1,296.6932056663169,200.4911463798531,296.94708442804034,201.71025864204918,296.32803166452067,200.59451067300478,0.37952105170413536,45.96906213939839,-0.7731525143243781,0.5280323225300169,40.4589070003567
647,21.566666666666666,track,1,299.3152048285604,200.5473224605111,297.5166302365485,201.3445121989215,299.43255301859296,200.59676158640235,0.12733744489663668,44.4481166396486,-0.763408041312547,0.5389657608939196,36.70087099999364
648,21.6,track,1,299.0351087299086,203.3023636936653,297.9982588169508,201.3459201500757,298.54471267760687,203.1667852441198,0.5087924961064908,42.6264596622712,-0.7560144826800529,0.5412272054231759,38.85393800010206
649,21.633333333333333,track,1,298.4157740993184,200.75858487504058,298.3561143483041,201.05783774820577,298.48910049738754,200.57015596255368,0.20219351056546656,44.91582569906551,-0.7515928042776412,0.550647101297178,36.86409299916704
650,21.666666666666668,track,1,298.9937684697417,200.73840421431325,298.7407511526964,200.79951605148966,298.59721092813487,200.33211100092117,0.567742951566754,45.07350438670138,-0.7464347020174769,0.5592890214970707,46.59486699893023
651,21.7,track,1,301.16055958416223,197.26355643970993,299.3404473410141,200.1560554351219,301.2543296399563,197.5744170088873,0.3246954216383591,46.382434707367516,-0.7362020125905648,0.5769087431067602,53.6566179998772
652,21.733333333333334,track,1,300.278404330734,196.8655023522588,299.7767825221326,199.5199209283006,300.08567445715585,197.0502123831668,0.2669505566345495,47.3419963474023,-0.7300041258451262,0.5938719307045592,61.741591000100016
653,21.766666666666666,track,1,301.1162150322298,196.26315789473685,300.2649505416669,198.86761739082638,301.56269512240476,196.07206670727876,0.4856545200518628,47.64029318254836,-0.7225291184760921,0.6109000042670973,45.06239100010134
654,21.8,track,1,301.89726291441787,195.34489848368028,300.7946262238012,198.16367771933992,301.86477784563084,195.7012702466946,0.357849288343619,47.86714677463768,-0.7140910062232552,0.6289122458800366,41.283302000010735
655,21.833333333333332,track,1,300.9964659769967,200.27501124461864,301.16162276058077,198.11206914447212,300.70265384143204,200.432877330889,0.33353751243210683,44.02209405600868,-0.7094929372758921,0.6314952625328587,39.1286840003886
656,21.866666666666667,track,1,303.56147163353955,199.65111228116362,301.7902280840507,198.00848681262875,303.10416190729933,199.30696244702338,0.5723384436263778,44.06123750126318,-0.6985984268135866,0.6359898711720697,43.64779699972132
657,21.9,track,1,300.65444592960347,195.93501368467952,302.0094829030092,197.48537978308778,300.88894716526727,196.1895036814443,0.34605778127531145,47.79740503552602,-0.6974453584712029,0.6507027496500198,41.343524999319925
658,21.933333333333334,track,1,305.3814925753617,196.59174048817795,302.75752063289167,197.091568383747,305.4696540338902,196.37747092402827,0.23169783963336704,45.97886467583602,-0.6835465543520876,0.6621707617358877,40.01885899924673
659,21.966666666666665,track,1,302.8866609081935,195.40307255676208,303.13771252690856,196.5988922347856,302.8654871843994,195.5989398453267,0.19700842953783168,47.59249596613839,-0.6786113966641281,0.6759651527741379,40.96685699914815
660,22.0,track,1,302.14361601214193,198.45551128818062,303.38166184971686,196.52108192530602,301.92983257321606,198.20283416209406,0.3309820067712627,45.536073863623926,-0.6766372282454787,0.6799748499432795,38.86721599883458
661,22.033333333333335,track,1,303.3681294740118,200.93376906318082,303.7334534938373,196.7636874312112,303.19664093939764,201.13601023205544,0.265159966608637,42.341027106134625,-0.6718101717349604,0.6769697535494782,37.725546999354265
662,22.066666666666666,track,1,306.3240289013771,199.44266040881863,304.39389641156566,196.83070302111093,305.98270609198596,199.00122109544986,0.5580053114426029,43.32879412316748,-0.659671842164985,0.6787937342296706,49.49968499931856
663,22.1,track,1,307.90094309360364,197.9522037595432,305.1786383186294,196.73134280573927,307.56869280833604,197.87028199612195,0.342200858243305,43.92551123868455,-0.6449354206613706,0.6847852469829018,42.299373000787455
664,22.133333333333333,track,1,304.9820420077416,197.91141569896567,305.54117782835823,196.648282733658,304.7188080951198,198.16667317105004,0.3666721557591674,44.53697407336426,-0.6404048208378942,0.690383946655474,38.82643899851246
665,22.166666666666668,track,1,304.4218700070301,199.0366204384227,305.7891104871699,196.719339713678,304.2063872984932,198.56159492712314,0.5216148330557722,44.3461341849436,-0.6382421361898739,0.6923996333266158,36.794935000216356
666,22.2,track,1,306.8325129450873,198.05050182190118,306.2852780774978,196.68160921214556,306.7533927999435,197.9197706302756,0.1528091680214679,44.115964300026405,-0.629915339128647,0.6971610332349686,39.1142549997312
667,22.233333333333334,track,1,309.65223567193675,199.58047183794466,307.0634928368172,196.84178694284967,309.73524983368316,199.74897439292127,0.18784158773845738,41.5392604459758,-0.6150508107315261,0.6973081939210908,37.909227999989525
668,22.266666666666666,track,1,307.14582117616544,198.8096997990015,307.4685993527972,196.91148136875273,307.45851922403523,199.17431889756776,0.4803406667989417,42.708605427142984,-0.6092688100181021,0.6998212343925935,38.08106700125791
669,22.3,track,1,305.24700843935005,198.11342738380148,307.5957159689325,196.90402417229757,305.8252544505531,197.6818350657832,0.7215541410348943,44.629031972373575,-0.6097464789981467,0.7041946704954413,37.1929339999042
670,22.333333333333332,track,1,310.1695928277923,201.78595442659693,308.2784539324636,197.34587499725575,310.0252671102404,201.42897363425692,0.38505220275512625,39.839921826340216,-0.5967324837957569,0.6980222618049485,41.23808999975154
671,22.366666666666667,track,1,308.758541693939,200.1009948946197,308.7251882790589,197.56718009424534,308.83600993735183,199.8406718799705,0.27160522950326593,41.682206145681626,-0.5895571573411359,0.6975227529193436,37.30624899981194
672,22.4,track,1,309.99848197343454,200.85230866540164,309.2670383551665,197.87116229002314,310.44525782532673,200.7442146593113,0.45966615710388986,40.40185367948741,-0.5800764130471572,0.6951709377110227,42.33362000013585
673,22.433333333333334,track,1,308.9012464046021,201.1134547778843,309.61843448127445,198.1927192990248,308.7023524684078,201.04651410653332,0.2098567400294171,40.5587339915905,-0.5750889608601978,0.6925608803974929,45.43434500010335
674,22.466666666666665,track,1,312.1185263947961,198.9096197147861,310.3071094323509,198.23449513794242,312.43701489540496,198.91053012577242,0.31848980182768477,41.77969935551693,-0.5620068266930016,0.6966019075916571,44.504460000098334
675,22.5,track,1,312.466523939276,199.18009601660827,310.96883346628306,198.30876215465338,312.21810942970666,199.1597621643715,0.24924532916658113,41.575026726614645,-0.5498127209187984,0.6996079099413948,42.80356299932464
676,22.533333333333335,track,1,315.0165816326531,200.61285228377065,311.8677918092843,198.5521289368082,315.2518703144308,200.63503834694336,0.23633236166847646,39.650282993411324,-0.5322086757142357,0.6985125404992155,40.85515599945211
677,22.566666666666666,track,1,311.33275488069415,198.54006817477534,312.2426557663648,198.5341903875304,311.06866989918746,198.57928534460842,0.26698101780297034,42.37268294471157,-0.5272079727237048,0.7036195958085242,40.94030899977952
678,22.6,track,1,314.19606208311956,196.29848640328373,312.9081920691682,198.25036468482944,314.56835769278956,196.2510240402562,0.3753088020333627,44.08486855690646,-0.5149965201118815,0.7146701497367958,41.073807999055134
679,22.633333333333333,track,1,314.38552623291554,194.04434087044152,313.5265990509473,197.71604163793634,314.44100065080494,193.87191259756,0.18113232822737937,46.46184371257231,-0.503942099737663,0.731050421595631,37.66982500019367
680,22.666666666666668,track,1,316.1671581853548,199.24728618937064,314.2906591184894,197.83989964726374,315.8962991843566,199.0474577159716,0.3365947373366567,41.15763695730655,-0.4894494657295743,0.731397094119022,41.59625000102096
681,22.7,track,1,314.2561006609049,198.43823080833758,314.7490813540083,197.86290334356121,314.7985025836147,198.05875420892653,0.6619685304150622,42.26255640493013,-0.48223046176623846,0.7344715225867668,37.64020699964021
682,22.733333333333334,track,1,316.5873893110595,193.08415499591786,315.42773165310115,197.24722699476106,316.8669240891763,193.49566606856524,0.4974746778361703,46.6097547630255,-0.46956229006039446,0.7525863632721976,39.80428999966534
683,22.766666666666666,track,1,315.86342740390756,193.09596475545908,315.9474688574145,196.6748969287217,315.90985551391617,193.31337289206988,0.22231029500126928,46.86545030864376,-0.4606517610718817,0.7689782078242753,39.8638779988687
684,22.8,track,1,315.97330017669003,193.31980891302925,316.4175493217676,196.17053453834814,315.9698430246563,193.48008244647968,0.16031081505897302,46.69416338721831,-0.4527152956045886,0.783357409670948,39.98651499932748
685,22.833333333333332,track,1,318.88301598420685,194.79016748392027,317.1760104101261,195.880630009443,318.7797479149481,194.61661047384172,0.20195625733272607,45.39979140958785,-0.43784036835566276,0.7925336263960232,40.18248899956234
686,22.866666666666667,track,1,318.1328850464297,197.83016330451488,317.7670513417547,195.9806553566878,317.91923653416666,197.50346690279594,0.3903539748591224,42.54744295351375,-0.4270781089232427,0.7927533013628617,43.11850599879108
687,22.9,track,1,315.9801138140204,196.51397661184416,318.03273723061375,195.92539351364115,315.69721875976086,196.82817467432588,0.422788403568235,43.38571687032348,-0.4238223204534636,0.7971980833015513,58.98141299985582
688,22.933333333333334,track,1,316.0721282835216,195.40887252760965,318.2620250915558,195.7490593341738,315.8964930958852,195.46278329187894,0.18372286096227422,44.72585875104307,-0.42092887307728133,0.8046913399843066,73.97287300045718
689,22.966666666666665,track,1,319.9316995544239,193.98873329089753,318.9087956870438,195.42138482367605,319.86643616616584,193.74932193903788,0.2481473458374812,46.250870915005166,-0.40789548791893515,0.8157224393097817,64.45104500016896
690,23.0,track,1,316.37531600440786,196.45024956245544,319.0606870919016,195.41636983123502,316.4302542062825,196.8298170574851,0.38352273636421846,43.317522786073184,-0.40665642519271994,0.8190397878717212,43.793810000352096
691,23.033333333333335,track,1,318.34522736055646,197.73985572587918,319.4095550007083,195.57405401827756,318.58959710382993,197.92935098759705,0.3092329633804626,42.094283990279806,-0.40034870022432384,0.8188465169805276,39.970570998775656
692,23.066666666666666,track,1,316.03117702745345,194.37399810665826,319.4318533128786,195.3268375529019,316.507664618056,194.11230314729232,0.5436218131714241,46.02039905157251,-0.40157816968004256,0.8285108502476654,43.493737999597215
693,23.1,track,1,316.79788498842373,193.05781865965835,319.51728582174627,194.94452604033694,316.5045271754951,193.44520335233182,0.4859276762276138,46.685837479610335,-0.38958511094913345,0.8410997103976794,40.486271000190754
694,23.133333333333333,track,1,321.2356502934816,192.84170528266912,320.10252152208193,194.56772572329578,321.1799525690382,192.84583844196314,0.05585086851538824,47.16892239925162,-0.39120355519801137,0.8532367896997765,40.68906000065908
695,23.166666666666668,track,1,322.6132714258077,194.53769265493003,320.79114824075344,194.42567457491003,322.99393530571984,194.16651434355475,0.5316750213289898,45.9311664998224,-0.3738680994271379,0.8596854288325563,40.44999199868471
696,23.2,track,1,322.8368789849126,196.0684300233571,321.43803516797453,194.48452990687716,322.6208931566575,196.13032971927603,0.22468077434862302,43.947890182329,-0.36055425037921707,0.8616036984821764,42.64056899955904
697,23.233333333333334,track,1,321.5524529268605,197.67074420391955,321.86460125327625,194.7400313534376,321.7737465393486,197.33604975676496,0.40123713173653425,42.70080593083796,-0.3526378413450832,0.8592995731660552,40.00033100055589
698,23.266666666666666,track,1,321.00794438927505,198.70934707050645,322.17265710467024,195.11149987279788,320.7225567516108,198.85167124438078,0.31890794000870476,41.154672245564264,-0.3473709615834053,0.8547913668097653,40.30016999968211
699,23.3,track,1,320.9745991019885,193.78236048749199,322.4310159776404,194.87670397691596,321.2010525344901,193.48000353760114,0.37775770308368456,46.53549825726816,-0.34302145920908345,0.864926260774659,39.84346499964886
700,23.333333333333332,track,1,324.1041732036398,193.79353624097897,323.02166296539394,194.6629924818946,324.00389329121873,194.05226863766063,0.2774860607811027,46.121851424603186,-0.3306740947384148,0.8741403292977196,39.93695999997726
701,23.366666666666667,track,1,325.17083149745076,200.23025114873795,323.6774794805424,195.23800483603324,325.594824738552,199.79822854778743,0.6053212339176507,40.589216446625905,-0.3170468917217048,0.8646756708586338,38.01352700065763
702,23.4,track,1,321.1518766002623,196.10997314681822,323.78559661079794,195.28950359293958,321.34709079613566,196.2475925640572,0.23884657475390011,43.77314028092773,-0.3164393273197057,0.8682417597004211,40.38915799901588
703,23.433333333333334,track,1,324.5234988598936,198.08050418039016,324.263953244301,195.57675180413543,324.5112035493274,197.65330622852287,0.42737485272478937,42.58630567258358,-0.3066464890910452,0.8661977197614924,38.53696999976819
704,23.466666666666665,track,1,326.1208976683128,198.27655185347254,324.8781154740611,195.8721560252521,325.8056776458064,198.31849696882574,0.31799851460493245,42.0838875089363,-0.2937657647605155,0.8641832030953845,39.76635099934356
705,23.5,track,1,323.95144666583883,195.39935427790886,325.16883960330875,195.80644611777305,323.41342168200396,195.01546746478627,0.6609387025435348,45.11385169757596,-0.2886500786388331,0.8707545520907953,39.04331299963815
706,23.533333333333335,track,1,323.92332288802197,196.49657862761399,325.412162866086,195.8767153761526,324.2928664833042,196.47479660379594,0.370184988047478,43.73639255041972,-0.28436766010234593,0.8737989549709044,40.02091099937388
707,23.566666666666666,track,1,329.24449487824324,195.64810157639698,326.2514250457902,195.841828597896,329.607679446266,195.96975949518443,0.485146212155205,45.06627989144548,-0.26591479604517587,0.8792238882758927,38.007625998943695
708,23.6,track,1,325.1605489945739,197.47488030641557,326.52469506195905,196.02810877723715,325.5260482407086,197.24831521175136,0.43002493072520587,43.10735159334668,-0.26123481885308875,0.8792999327568024,40.82207300052687
709,23.633333333333333,track,1,326.27236792571216,196.59687539214457,326.88786329359516,196.09812339016537,326.61746323878884,196.72183125935226,0.36702144876985004,43.78116843188063,-0.2541140033977306,0.882238657874423,42.77008200006094
710,23.666666666666668,track,1,327.71072287631347,200.36783137105962,327.3749299775372,196.61454162690617,328.15426517159375,199.86707230083388,0.6689464957048866,40.95294771069797,-0.2439665886031623,0.8747093750753515,42.46656600116694
711,23.7,track,1,329.3207237840792,196.67490436577813,327.9988482468602,196.65612873807672,328.94046551249187,196.50935515247812,0.4147323174468321,44.40009136064179,-0.230675936546316,0.8787901654289134,41.09565899852896
712,23.733333333333334,track,1,330.84669011430725,199.40585353598794,328.7407094752881,197.01948736633804,330.51805098236036,199.7384556775211,0.4675765858116142,41.61275462761946,-0.21482624894528413,0.8751165849115543,39.475974001106806
713,23.766666666666666,track,1,329.62993514262325,197.62036395692965,329.2643685547522,197.14402823671102,329.48047519231164,197.28817173106472,0.36426631970612516,43.751339224611804,-0.20433677268537134,0.8772508503475608,39.007227000183775
714,23.8,track,1,328.07380830343413,201.22949769349052,329.5420833712727,197.6889283179348,328.30801976799313,201.12648923640904,0.2558627607940931,39.75139030967831,-0.19948016496523363,0.8694251819278648,41.17504299938446
715,23.833333333333332,track,1,329.2014103129132,200.8004784990241,329.9102595684193,198.14431159537745,329.6761954756546,201.1721838339782,0.6029807681781532,40.015347894345005,-0.19211227900535433,0.864110723473902,38.38349800025753
716,23.866666666666667,track,1,333.415157322124,198.85089942510973,330.7329416675398,198.33230188127658,333.31636087726207,198.60690156862347,0.26324074815128135,43.48234198801971,-0.17396065300644062,0.8652055258209777,42.29940900040674
717,23.9,track,1,333.3439116719243,200.64952681388013,331.4691380893393,198.7168613751981,333.61610085055844,200.55827289321311,0.28707878187466734,41.725867750579205,-0.15826683759841864,0.8614800595762606,39.82031400119013
718,23.933333333333334,track,1,328.9217259460484,197.14593467685893,331.6027027723234,198.65114043499074,328.64784032685856,197.4328912527395,0.3966830080052704,43.43666526587812,-0.15681615866984625,0.8683453557571144,41.13064700140967
719,23.966666666666665,track,1,329.1164243815353,199.8483805151747,331.72316632908945,198.9050122818779,329.37390595503877,199.40045498681195,0.5166565974154201,41.6676513392799,-0.15501636378871217,0.8672293472620505,41.742252999029006
720,24.0,track,1,329.8927346429685,198.98110383536016,331.9022174024303,199.03198531343892,329.6652483771245,198.80076820160863,0.29029457788289487,42.3177708175784,-0.15137024001361288,0.869114402440962,42.437951000465546
721,24.033333333333335,track,1,335.12948537862343,200.41482569275954,332.6708336637879,199.31484880658286,335.505762106891,200.50351436094996,0.38658744948734136,42.43113286669568,-0.13369659282316698,0.8672209714924437,40.7220100005361
722,24.066666666666666,track,1,332.3207307482911,196.716290605529,333.0303413839854,199.12994031133917,332.40271430253387,197.1937551328342,0.48445193569751355,44.56682534910957,-0.126123275856128,0.8763417664583023,40.051100000709994
723,24.1,track,1,333.6704297626684,200.20186016677357,333.50286613838756,199.36561794565108,333.37237735309276,199.9842139124927,0.3690597930638579,42.19103710830834,-0.11576129946068116,0.8751151813585086,41.04577000180143
724,24.133333333333333,track,1,332.2347496303915,199.73375329433696,333.74845895514756,199.52349490066442,332.7584234952187,199.80323993986107,0.5282638645689121,42.17294025101557,-0.11072333935382325,0.8758677919200861,40.64730800018879
725,24.166666666666668,track,1,332.9092431761787,199.09478908188586,334.0338202421977,199.58767617744846,333.2261363616368,199.4899864759211,0.5065592475141008,42.614456218256095,-0.10447726272172753,0.8788173706712921,40.34288200091396
726,24.2,track,1,332.3822779971971,197.02235953624665,334.21347081569456,199.39258128523187,332.58452852978115,196.72082448847016,0.36308217109644764,45.07169168418998,-0.10054608249413975,0.8877041137981447,39.39723999974376
727,24.233333333333334,track,1,332.4005555196693,198.47923260771267,334.3598800758803,199.37700372926398,332.5333658732951,198.42484300356998,0.14351591921808982,43.423253440889056,-0.0971431026585583,0.891992008735103,40.86237199953757
728,24.266666666666666,track,1,337.1430446194226,198.05786776652917,335.041029970306,199.30606149655938,337.1882362104154,198.33821622943628,0.2839674991100995,45.068167157875884,-0.0810370155092911,0.8975175602818517,41.30348599937861
729,24.3,track,1,335.79058638236006,197.9613520717228,335.49497901837833,199.22255742445248,335.7806736881841,197.49602014186033,0.46543750005277,45.33892329813412,-0.07074811933520371,0.9032289047168125,39.008071000353084
730,24.333333333333332,track,1,337.841060021504,198.51723483650622,336.1421117269525,199.20591696544884,337.8506821615228,198.30049877855188,0.21694954343378173,45.359621424227754,-0.05600444353494648,0.9072904028377039,41.897735000020475
731,24.366666666666667,track,1,335.78949724958426,196.27593706025328,336.4794350285877,198.91797986873826,335.9117664874227,196.46810139362663,0.22776500508729755,46.34879188313155,-0.048761196748519565,0.9177090286190733,39.50974799954565
732,24.4,track,1,337.62037740628165,197.02608915906788,336.990124087663,198.73407499844615,338.0455505838724,197.41207978036996,0.5742481960579285,46.253354954085985,-0.03725136535637348,0.9253756364685809,41.21470099926228
733,24.433333333333334,track,1,337.8359923420549,199.46477345245694,337.47032297276667,198.85080895158293,337.34165963043193,199.09831133475404,0.6153529990922386,44.42613301207367,-0.026507888083968558,0.92593653454647,38.73586299960152
734,24.466666666666665,track,1,338.8729534204848,196.54251808605153,338.01989076939714,198.60877598061052,338.57535920037856,196.54638171114567,0.29761929950780086,47.2573900233238,-0.01413063325703589,0.935193877289402,40.546776001065155
735,24.5,track,1,341.8225152782245,197.05191379864908,338.8629757828055,198.44087656129912,341.85405231987517,197.29137596883453,0.2415299483418155,47.97526622578853,0.005034887915845904,0.9424917163411615,39.91695700096898
736,24.533333333333335,track,1,337.25549242424245,199.70189393939393,339.0815835893956,198.59940026912187,337.6301129373589,199.1699142826502,0.6506480492837783,44.47377633921096,0.009225026554520128,0.9421092889542562,41.458231999058626
737,24.566666666666666,track,1,343.1199975181485,203.60253148849043,339.9614971320016,199.21384827408548,342.8792082257075,203.51820846176525,0.25512713730677306,43.0625043729983,0.029382312309101974,0.9314564413853595,45.70910000074946
738,24.6,track,1,340.9243461021935,201.67014133145744,340.49764302507975,199.5571268966641,341.16761011801304,201.8354813995478,0.2941338462482191,43.64170251161691,0.04106100894725846,0.9279627943460874,44.812873000410036
739,24.633333333333333,track,1,338.0083231961073,203.97509443626353,340.6241829068531,200.1510957917734,337.7892983173324,203.4491027065534,0.5697711797255408,40.65005814976318,0.043316936803692745,0.9188395215523686,41.70849799993448
740,24.666666666666668,track,1,338.0569575089199,202.9442750567629,340.7214893344512,200.57986654222884,338.30514081236,202.73164267724644,0.3268141381967349,41.52118299972636,0.0455173729504399,0.9140335655979793,41.1523609982396
741,24.7,track,1,342.01876810681443,203.21942310114625,341.2606758802812,201.00826712616583,341.8269819302442,203.3356805403308,0.22427155345514393,42.66953786513142,0.058512080283497775,0.9093346960289044,40.25047200047993
742,24.733333333333334,track,1,343.25344335131706,199.61167883211678,341.88880985009496,200.970808697163,342.7045706086404,200.06604663234367,0.7125386905540239,45.93711090276452,0.07336617141335651,0.9155671103115531,42.09650799930387
743,24.766666666666666,track,1,337.96,200.79663093415007,341.819155290247,201.0691937933745,338.1638042532253,200.56509513391822,0.3084558322057353,43.416995597880856,0.07168279813187349,0.9180706144139371,40.91557599895168
744,24.8,track,1,342.2455546147333,199.3082133784928,342.24097011047473,200.97573335893307,342.128376823244,199.55995563740245,0.27767751032309546,46.09839746542542,0.08219250190438489,0.9248337505473873,43.82885099948908
745,24.833333333333332,track,1,340.7205891811925,201.73441821573294,342.42999877135196,201.1709108798107,340.442887053476,201.25417704387465,0.5547522464002338,43.80810915376954,0.087152973425339,0.9244620879300649,40.231340999525855
746,24.866666666666667,track,1,343.78196208591305,200.3089295972426,342.9495243458489,201.17655866756633,343.4176130734544,200.25902624656337,0.36775065912737237,46.12731942059241,0.10005219218715256,0.9286021554894923,40.94564099978015
747,24.9,track,1,342.0219548499132,205.88861324733315,343.2027719909327,201.84221556730446,342.4334741432003,206.19852455087866,0.5151632215257831,40.56846687602565,0.10648221215706645,0.9171527260744967,38.68819499984966
748,24.933333333333334,track,1,343.60447011551986,201.49610748367655,343.606000137261,201.93376046887295,344.03455962912835,201.11249880253365,0.5763094741232244,45.71540009612814,0.11658517139449939,0.9198065147330653,39.7909229996003
749,24.966666666666665,track,1,343.80493231967364,201.11830150194697,343.9849672706302,201.96584216428175,344.09744951755886,201.20541467072542,0.3052130653056014,45.6695404413233,0.12606077955511436,0.923599351593821,42.02230599912582
750,25.0,track,1,342.10460718050473,203.86662119427046,344.11389510376677,202.3163136318279,342.46756743933724,204.28876974143662,0.5567311248405875,42.19103640847543,0.12969864585118104,0.9197081696465296,41.14153600130521
751,25.033333333333335,track,1,340.907421431276,204.54089360090876,344.0689309729536,202.7173130420365,341.32170513451086,204.3223814737545,0.4683786251308443,41.56329598993953,0.12960137107051886,0.914860425595975,39.73629800020717
752,25.066666666666666,track,1,344.0531968031968,205.9719030969031,344.38148563658456,203.2553786156519,343.6599170731661,206.1886163615124,0.4490362848485685,41.2674367929253,0.13829890814238752,0.9070227267021208,40.23482199954742
753,25.1,track,1,340.59882295242767,205.73571603727316,344.2410429470244,203.7215320230312,340.3458544082458,205.45180895093728,0.38025822544320115,40.09403068243543,0.13628567839530942,0.9011714170843191,39.98322300139989
754,25.133333333333333,track,1,345.6691938337124,202.38078089461715,344.6960455258191,203.74604592559686,345.73007104596746,202.52677605068362,0.15817907752550434,45.45634245279916,0.14865496575747517,0.9057395396557524,39.86775700104772
755,25.166666666666668,track,1,341.5520292363916,205.3140347502725,344.61165875509954,204.10802964033073,341.7844110170834,205.03155177598163,0.36578398374137966,41.19894336699764,0.14801871906116407,0.9019388681059999,40.3023850012687
756,25.2,track,1,344.46241225271217,208.40848755583917,344.86212988444225,204.80597943516318,344.0561094101519,208.51147858985186,0.41915289926176463,39.626044220317496,0.15559980153575947,0.8903750571366028,39.51361500003259
757,25.233333333333334,track,1,345.5602424696913,207.93538307711535,345.21089578044916,205.39130806946315,345.51911483231385,207.53306377571326,0.4044160022018331,41.29560714672595,0.16533275690122226,0.8819078211133933,40.128610000465414
758,25.266666666666666,track,1,344.0463038180341,205.04511654064862,345.3395553064253,205.58035020618323,344.3947381733069,205.037459252664,0.348518484436108,42.631942320909175,0.16971127899325553,0.8828575901581706,41.122247001112555
759,25.3,track,1,348.34514227771086,204.19209075353317,345.95709206309255,205.64069329935063,348.1127840269126,203.87633164851295,0.3920384791282557,45.77387946102078,0.1856369189687926,0.8864137147185305,39.59332900012669
760,25.333333333333332,track,1,345.1490013400549,205.87882075170697,346.1367221244278,205.8845113946263,345.4387478278882,205.9322496276069,0.29463141718370384,42.51754351425513,0.1908240640739786,0.8852412757672224,41.45030800100358
761,25.366666666666667,track,1,345.8927305515826,208.5370934643368,346.3762941705017,206.4170377531969,345.75012870336076,208.2468210035278,0.3234090113469291,40.88194594954657,0.19761669107686128,0.877246198364684,38.85724899919296
762,25.4,track,1,348.1180990148089,205.52840944296426,346.8496716040658,206.54220212507886,348.5830627754104,205.8245433275182,0.5512590826949705,44.55281490989915,0.2099413104051345,0.8790581362597855,38.75108800093585
763,25.433333333333334,track,1,345.3847972358611,206.0403709765412,346.94921051278317,206.70590592067845,345.43439224712375,205.9011257513695,0.14781372695139197,42.53988168771118,0.21330402508259372,0.8796520549274808,39.656639000895666
764,25.466666666666665,track,1,346.57005614472865,208.69213973799125,347.1666827553137,207.16209736371314,346.30030346249856,209.12147072746126,0.5070420180711068,40.560936037701914,0.21973811629791515,0.8732402547899497,41.261243999542785
765,25.5,track,1,352.03626062322945,208.06817752596788,348.00732345609293,207.50075947672786,351.61437390507405,208.03763784657858,0.4229906322522292,44.95621460750775,0.24079680118534882,0.869810291188123,39.14775500015821
766,25.533333333333335,track,1,350.70327729044834,208.58241959064327,348.6186895118152,207.8647398818075,351.1122889625901,208.30505595754573,0.49418734596637093,44.41333135834346,0.25578087059078763,0.8657956099673676,39.522249999208725
767,25.566666666666666,track,1,349.54882301656494,208.4831859509279,349.034747552811,208.17878741752693,349.6774286973984,208.9123300111987,0.44800005090216927,42.97898322926897,0.2660116479795046,0.8629732447812413,37.955499999952735
768,25.6,track,1,351.22860144614054,210.40226191211914,349.60585160154966,208.68710254559565,351.1676012185106,210.34911980968445,0.08090185920043046,43.01853160879099,0.2799884815917222,0.855561667301036,39.93362100118247
769,25.633333333333333,track,1,349.24753022028597,207.69043382217586,349.88408886133664,208.82337025511177,349.13959621005984,207.45639241582617,0.25773073245081785,43.68297679735242,0.28703432187070116,0.8570322930939913,40.25215200090315
770,25.666666666666668,track,1,350.78859782333586,206.71001012401925,350.30850504507964,208.8174637238524,350.7705728358131,207.14475094479624,0.4351143314406585,45.01439262195532,0.2978104336507171,0.8614781728299429,39.83908000009251
771,25.7,track,1,349.0970120788303,209.15187539732995,350.4835177626632,209.08824765615202,349.00610927896577,209.26074411698227,0.14182988804178467,42.26412459456536,0.3028112564887418,0.8590420824448095,40.4753629991319
772,25.733333333333334,track,1,352.0193627768424,211.53930837974355,350.97653604403183,209.61265219802073,351.9598441093991,211.41618296011757,0.13675650160887284,42.877339377188115,0.31559347777072244,0.8507372104924206,40.132211999662104
773,25.766666666666666,track,1,353.8534216335541,207.19577420372121,351.63787305735804,209.56955498956694,353.9426440393455,206.94191899032586,0.2690782545342699,47.380795734389004,0.33216088644005887,0.8560271247929576,40.13516800114303
774,25.8,track,1,350.4797186989828,208.80748461635062,351.83351664069653,209.70628762256158,350.7340975468071,208.33051245844376,0.5405654795107939,44.13095504474654,0.3375588777270163,0.8566344803687859,41.3384989988117
775,25.833333333333332,track,1,351.033874826848,211.02625613902532,352.06172829368944,210.08517402888958,351.42569277456363,211.41770753399172,0.5538551243540516,42.479661121220055,0.3441118869016182,0.8514769230412916,39.25077599888027
776,25.866666666666667,track,1,352.917871056931,207.6224707804449,352.48013417957577,210.01884497463416,352.5107721312753,207.87851770301145,0.4809257342104188,45.70273437692165,0.3553456614467588,0.8569342291642894,39.42068200012727
777,25.9,track,1,356.4743581494112,209.3275207515604,353.27716506573154,210.14611485166304,356.3353273997865,209.32214108057,0.13913479148358776,47.554043415151625,0.3753540934121096,0.8574575576623314,38.398753000365105
778,25.933333333333334,track,1,352.97678047562573,214.01909993134012,353.5849339591605,210.81301106960808,353.2184901639465,213.92672799796097,0.258758859760072,42.228942701238964,0.3834327267928156,0.8453388011257378,39.04742200029432
779,25.966666666666665,track,1,355.2815692172714,210.83906749388984,354.12690188645394,211.04425235585057,354.8860754492961,210.72568640864648,0.41142507337093837,45.54145031176416,0.3972594834829824,0.8440325626793473,39.26666400002432
780,26.0,track,1,352.1932715627138,210.59772402213792,354.24350723262756,211.21741364176364,352.19735091379073,210.4656797921637,0.1321072283211319,43.69148058838002,0.4010678536128494,0.8439659700713565,39.21775900016655
781,26.033333333333335,track,1,351.2565144478844,210.80076109391126,354.21852794209127,211.38942969706767,351.66609883866613,210.58347904835003,0.46364950177404046,43.22121609301425,0.4020585318049073,0.8437653333603029,40.40480699950422
782,26.066666666666666,track,1,354.29316202359627,210.4998455741553,354.53714540655113,211.50040452575962,354.18913034554197,210.27404758557353,0.24861078352792415,45.30484389918153,0.4115923890694059,0.8448707742697907,41.05389000142168
783,26.1,track,1,351.31004640662235,211.49147121535182,354.45904146181056,211.70908091875035,351.63114216994285,211.2769999153566,0.38613524540503946,42.72633718021662,0.41179857459797153,0.843530775835964,37.82122899974638
784,26.133333333333333,track,1,352.99595414699934,213.18151167780297,354.56792509962054,212.0932610867926,352.89520455856115,213.0790115739556,0.14372456595581617,42.50687121848418,0.41683039945526007,0.83809817466017,39.58823299944925
785,26.166666666666668,track,1,357.00380989280643,213.55721296655042,355.1311294613469,212.484712909416,356.5900436306256,213.44259632621336,0.4293477541122831,45.212022546923734,0.432553127451438,0.8327134528464286,39.46631899998465
786,26.2,track,1,352.42065231403893,217.9304499162047,355.09312367876834,213.3605236455221,352.69713872406106,217.968539305339,0.27909771853519066,39.42699761687271,0.4337334257023667,0.8161726465289922,39.56187900075747
787,26.233333333333334,track,1,358.05197989456906,217.81892852764497,355.7127822926397,214.15305076287402,358.0190829989053,217.99241158806495,0.17657456780917574,43.929313900706276,0.45068163626698954,0.8022789267074435,39.330600999164744
788,26.266666666666666,track,1,354.82453425759735,217.43869530234574,355.8901646812983,214.83323516661383,354.43285412498824,217.82398965381108,0.5494224818405168,40.95603591739559,0.45676909272997224,0.7913705040481791,40.157687000828446
789,26.3,track,1,355.80509904392926,216.14222333312503,356.1554885251879,215.2968628572371,356.22786091280796,215.72586325634995,0.5933660854059283,43.60838934158403,0.46510701201641136,0.7856078646605608,40.470931999152526
790,26.333333333333332,track,1,359.5013794371896,218.78076144932868,356.82846257891737,216.02703072113675,359.6966091740391,218.42714923957485,0.40392603906819285,45.17973738135252,0.4829938339498837,0.7733953747956953,40.44852799961518
791,26.366666666666667,track,1,355.21763329327683,218.23686041363607,356.9289990915464,216.625795229223,355.2092501403605,218.23008839756625,0.01077670888855049,41.39589770284316,0.4870361413330483,0.7644126712668511,40.28968799866561
792,26.4,track,1,358.2002658396101,218.03259699981012,357.3611838683865,217.1407895603246,358.1315936365832,218.2474421697521,0.22555336068426332,43.89979732782136,0.4992212419499867,0.7573135038442049,40.49843599932501
793,26.433333333333334,track,1,355.8174114021572,221.0206086286595,357.4630985482211,217.95832916079837,355.7320976091405,220.58857510010094,0.4403764447352298,40.664311333078864,0.5035634097937258,0.742979336979075,39.03394900044077
794,26.466666666666665,track,1,357.89941258402473,221.3393084236662,357.7892876320378,218.73952650145313,357.6996338161721,221.27795151172197,0.20898858037715004,42.09248732815512,0.513474807124272,0.7297384022032768,40.52495500036457
795,26.5,track,1,358.1211951795254,217.3999875760964,358.10382890671275,218.9759775493292,358.01836617197455,217.6926310234306,0.31018380367378134,44.07964243324972,0.5230690992487292,0.7293166476575482,39.061457999196136
796,26.533333333333335,track,1,358.58305562676236,218.39406562419893,358.43612072853335,219.29103620093733,358.40137756875595,218.0255153667191,0.4108968350443046,44.244138301886395,0.5330699211733295,0.7264255194273017,38.77848899901437
797,26.566666666666666,track,1,359.32778481012656,221.13120253164556,358.81885584941455,219.88892886593445,359.24759089385634,221.2405647491876,0.13561400677093693,43.50045749070851,0.5442293420345221,0.7165800211090444,39.61403300127131
798,26.6,track,1,360.82848577624696,217.2810307437173,359.3391665876887,219.9643230372276,360.9554997724043,216.8637859789356,0.43614876929507573,47.03867941211687,0.5585330142491773,0.7190316716963602,39.86751800039201
799,26.633333333333333,track,1,356.73965860951904,218.01812858210815,359.31959653653644,220.09842234090718,356.94220365635107,218.0429011093803,0.20405434105560707,42.974883393440074,0.5600246837160479,0.71950977217083,39.20843900050386
800,26.666666666666668,track,1,362.75583759472613,221.8939683322038,360.0022161153422,220.66416833778263,363.21145563972345,221.45783605238734,0.6307132220154317,47.02171564675129,0.578454538939753,0.7095610414874128,39.178195998829324
801,26.7,track,1,358.20170835875535,216.97260524710188,360.0795231880143,220.58305852597874,357.83301537188566,217.13466080528693,0.40273629400087535,44.205890881404244,0.5822539668258283,0.715005430638747,40.05433699967398
802,26.733333333333334,track,1,361.13033597444877,219.97315889687366,360.4835306938663,220.84300464481598,361.05342103002204,219.7147883432929,0.2695760590887037,45.79162794906577,0.5941093159946311,0.711864926878988,39.203342001201236
803,26.766666666666666,track,1,358.2831390534429,221.63462640932545,360.5036419004396,221.2639399605063,358.5723482123349,222.09260799923055,0.5416540171354953,42.52647099022954,0.5968954984013614,0.7049607063103811,40.10123899934115
804,26.8,track,1,361.81390134529147,221.5957274539113,360.9266956401206,221.63270468369913,361.3226778739936,221.6114929177509,0.491476396792367,45.22942514991502,0.6095061917343464,0.6994653370329765,39.62720700110367
805,26.833333333333332,track,1,358.1942122988649,220.4085069227891,360.8730210743154,221.81510310782738,358.06891141341583,220.2188352112241,0.22732283225032607,42.90147429405206,0.6107754525749208,0.6983767737525939,37.36550900066504
806,26.866666666666667,track,1,361.4267896913777,219.38631880369076,361.19196307603244,221.84273208144424,361.7184326272916,218.8509422124541,0.6096586721376638,46.77296512066369,0.6212048054559381,0.7006960380538105,38.897624999663094
807,26.9,track,1,363.4014964135543,222.86798169675984,361.71071066672,222.26473641493624,363.24368211719974,223.13919397731493,0.31378568045367783,46.41446781756776,0.6361520377240129,0.6934659932249146,39.07936700124992
808,26.933333333333334,track,1,360.0738941778382,224.73933035425168,361.7823354100666,222.86466497462976,360.3803554748602,224.89275326353484,0.342720171080307,43.11382623048562,0.6403172778657962,0.6823370101954686,40.450267000778695
809,26.966666666666665,track,1,363.2617036143048,220.37845391602616,362.2136260223778,222.88558979278457,363.0155725455561,220.3268620757647,0.2514800608098777,47.30086507885437,0.6532136282781081,0.6851139305132414,41.99143699952401
810,27.0,track,1,359.7908549953022,223.90009395552772,362.1862283521571,223.3060865331257,360.04090346805395,223.74692349748312,0.29323271976892107,43.21384553976516,0.6551872703924069,0.6780919466604011,43.422812999779126
811,27.033333333333335,track,1,364.451183808554,224.95493890020367,362.7012116359452,223.80696942869912,364.21677160404425,224.72243111935725,0.3301650341529845,46.78169515939966,0.6702598325133877,0.669364844234639,40.34906100059743
812,27.066666666666666,track,1,362.4661824784385,225.53978341223007,362.930538401431,224.3266338889587,362.8252781802045,225.2537145159403,0.4591134243858304,45.293016976011785,0.6782883638803804,0.6604084453117202,45.740336001472315
813,27.1,track,1,362.9448677722994,228.45405647691618,363.18615118239484,225.14191311521336,363.04640149539375,228.17799355578163,0.29414253917232436,44.64025669807218,0.6870408338437518,0.6447071911617431,47.18079400117858
814,27.133333333333333,track,1,360.31009197915995,226.69640445101948,363.09425698693315,225.67470590561442,360.16944915382203,226.48278066379606,0.2557645925195791,42.38277791632515,0.6877318429303206,0.636066111612207,40.95509100079653
815,27.166666666666668,track,1,363.17151069945703,228.675183647397,363.3343600627334,226.38820733775646,363.6203387831706,228.54884160482587,0.4662713377970502,45.09837008307446,0.6966521166394013,0.6231549286981897,40.42849200050114
816,27.2,track,1,358.6664779874214,229.4861635220126,363.005738771391,227.13077896438415,358.7715506269695,229.46489451522189,0.10720368571773772,40.17737653947878,0.6922120171317674,0.6097409886594161,40.52084800059674
817,27.233333333333334,track,1,360.98350749087246,229.93000125897015,362.960480440185,227.85555745342506,360.90942112320386,230.05239501270196,0.14306998576532629,42.10149144174057,0.6950489349701893,0.5968819545396657,37.99168299883604
818,27.266666666666666,track,1,363.52983602515104,230.38090247811613,363.21010527748797,228.56337646699808,363.2084698816787,230.64970458221333,0.41896392367049107,44.20859524929306,0.7048678988527616,0.5844732638737137,40.47421299947018
819,27.3,track,1,363.4811642772916,224.67156954012287,363.426490316011,228.5175879621904,363.9754699188122,225.30867962319414,0.8063791448135148,46.364607719620686,0.7136080582670487,0.589653020967742,38.05355100121233
820,27.333333333333332,track,1,359.7585395331086,231.2293747217098,363.17221408929566,229.2322596458904,360.15496928278395,231.03777207072278,0.44030457900516357,41.14295914925954,0.7111979929258332,0.5761116542585174,40.43008999906306
821,27.366666666666667,track,1,361.1588470573297,230.10412037330963,363.0898234393005,229.7420948048859,361.3004461019282,230.1978086986847,0.1697874899478371,42.44773023997697,0.7132834774682775,0.567630164191931,38.9765689997148
822,27.4,track,1,365.2357577262008,228.68921434777212,363.4901536566032,230.02450098736742,365.29064963283173,229.0872616062185,0.40181431205254475,46.58680932855387,0.7267525616485422,0.5643750500839262,39.53203899982327
823,27.433333333333334,track,1,362.950987654321,228.0008024691358,363.58265558052005,230.1806376993175,362.9670295422084,227.87381943177508,0.12799231986470502,44.64537918815571,0.7325076028527946,0.5637096237147053,39.15454300113197
824,27.466666666666665,track,1,366.49172903956224,229.21340964840556,364.08273304372744,230.44652404005123,366.4970394584378,229.43657856549996,0.22323209022387533,47.68186815554083,0.7478052307566857,0.5600651201025738,39.83992600115016
825,27.5,track,1,362.8013085611999,230.92420220974014,364.0999982675175,230.87582225748335,362.7090156859978,230.62268482581706,0.3153263509776602,43.7263543042725,0.7513425669350833,0.5524474755777069,39.11441499985813
826,27.533333333333335,track,1,364.73887446983605,232.47078559220105,364.3370298888465,231.43910818267176,364.6838806378092,232.72778995027207,0.26282230047789634,45.27178180568269,0.7602879220523344,0.5417889171754324,41.09193300064362
827,27.566666666666666,track,1,366.04084150379845,235.42406337250827,364.7044797514826,232.29607506014082,365.9738561222797,235.25509188298747,0.1817646984650485,46.218065729657766,0.7721966250050227,0.5244917952617296,42.08483499860449
828,27.6,track,1,364.3808445031779,229.97029765275943,364.839636121668,232.422138949376,364.50443068612884,230.3900769175381,0.4375936194170343,45.530154539022604,0.7784687832524683,0.5247617201121298,47.4083539993444
829,27.633333333333333,track,1,365.57812600760946,234.81485780615205,365.0983219747868,233.09383370663474,365.7273146353026,234.82707542566703,0.14968806518750294,46.01897926299211,0.7877769756508273,0.51170579640747,45.28711599959934
830,27.666666666666668,track,1,362.5846038019951,232.5445761967501,364.9717199956052,233.4267924738764,362.753667109423,232.32582910675464,0.27646462938312844,43.436953739898634,0.7880463975224797,0.5068269996150974,42.644510000172886
831,27.7,track,1,363.30033419509425,236.29491140677217,364.9276800674092,234.16172817044998,363.672138503058,236.7680414164554,0.6017395196289337,43.791565828547746,0.7907031252667625,0.49230895642785294,42.74337899914826
832,27.733333333333334,track,1,366.25897045771524,233.95270698617978,365.2303486388713,234.54490133103198,365.7444610236702,234.24913154309738,0.5937907675815717,46.10453559417644,0.8016680488891802,0.48631907077676145,43.30618000130926
833,27.766666666666666,track,1,367.19592147894036,235.66819134743662,365.6167045472555,235.08290061034603,366.89037878095576,235.716007183996,0.30926153093714315,47.08566890964893,0.8143000611446639,0.4764740817498323,41.89149999911024
834,27.8,track,1,366.4831474831475,236.76122976122977,365.883636104063,235.6917348778541,366.40835158586935,236.75195407833323,0.07536885658439252,46.52187549128817,0.8238471001828483,0.4649906452170852,41.390612999748555
835,27.833333333333332,track,1,360.8473029045643,234.52652409830833,365.4492021704827,235.96864487189129,361.0348835604376,234.46298218113657,0.19805069476204185,41.40676557212702,0.8169745189492567,0.461339995892246,41.53170099925774
836,27.866666666666667,track,1,364.2351830879577,236.42550648043286,365.4368520931614,236.42856323311136,364.59942618166,236.23876372921015,0.40932369396856266,44.7577447378445,0.8208105718586713,0.45304224262801124,40.26365900062956
837,27.9,track,1,361.35808767951625,234.064310909549,365.0727496527294,236.5510731703869,361.11953028620417,233.81954038486393,0.34179268520326184,41.58141233787508,0.8164918741293343,0.45258048177034355,41.48269700090168
838,27.933333333333334,track,1,361.49835982841284,235.19959626545545,364.74068431541747,236.77577025381112,361.396386419604,235.02018401844325,0.20636698011566687,41.69483632071656,0.8134021120975212,0.4492682153403563,43.21630999947956
839,27.966666666666665,track,1,361.40925087983913,238.49698340874812,364.4129885843991,237.35593860734153,361.6316225684811,238.34320995925626,0.27036168677920364,41.66457669200025,0.8107006147707849,0.437457291393603,40.10236599970085
840,28.0,track,1,365.9889836984208,234.17619714722363,364.64931667684544,237.35867529535568,365.5475223764845,234.21947463044248,0.4435775460046327,45.912866041932666,0.8213511031132493,0.4394255915276874,42.91086299963354
841,28.033333333333335,track,1,361.52305557307767,239.01040812464518,364.3334882780836,237.9149913327267,361.3648571818036,239.20428909652964,0.2502330159282914,41.37250978020199,0.8185243051715477,0.4279394205077348,41.39226000006602
842,28.066666666666666,track,1,366.6246505560042,236.12468161769274,364.64414723145364,238.06800380602306,366.832974138125,236.5366052709732,0.46160568778943994,46.96086210528226,0.8306108464410863,0.4261909268976867,41.70009700101218
843,28.1,track,1,365.2599187753827,240.19131521399564,364.7695204331771,238.67426154562227,364.8482685712939,239.81908704436904,0.5549862167567017,44.84863346123739,0.8377783585952329,0.4135658344966881,49.14010600077745
844,28.133333333333333,track,1,366.50250513874613,236.31230729701952,365.03223814918994,238.75566389860649,366.4191744976123,236.31137326993417,0.08333587557812784,46.56549933366478,0.8479778738681176,0.4135506126929793,43.929768000452896
845,28.166666666666668,track,1,363.2666959854244,239.80121882264245,364.88775119359735,239.22597699309904,363.81859304234314,240.20161335215528,0.6818402603978109,43.819056860620016,0.8483807991427422,0.4040307995550211,42.83955900064029
846,28.2,track,1,363.02976639035415,241.35028887214267,364.7198664466729,239.82968149035364,362.9434776098494,241.11419356304356,0.2513697448373598,42.957929378911714,0.8485528378686003,0.3876093684786061,43.15971299911325
847,28.233333333333334,track,1,363.53385498832586,240.9280620937717,364.61947693016043,240.3222694326332,363.8995071716917,241.26295291244742,0.4958360410796168,43.917670475293555,0.8505465121089703,0.3897565222217453,40.629477000038605
848,28.266666666666666,track,1,364.32705214248836,239.82401910170367,364.6176883661664,240.62852403117654,364.13498183615934,239.5458310824519,0.3380526240521405,44.1373185760506,0.8549246203036863,0.37658742198916517,40.68020200065803
849,28.3,track,1,365.3537823172678,243.12045962336418,364.73669049253704,241.28625828767727,365.7034098662801,243.35209965910448,0.4194002017001099,45.82617424059918,0.8620536478531448,0.36307512658728014,41.23143700053333
850,28.333333333333332,track,1,363.0870530209618,242.5996300863132,364.575074501195,241.81700985227081,362.91801636960827,242.51586128140315,0.1886547168158422,42.99169323356812,0.862432050782695,0.35278317822646427,41.93209500044759
851,28.366666666666667,track,1,364.9682079061069,240.8308505836074,364.64642994594584,242.078712540201,365.3055538742666,241.2966069317165,0.5750924082593368,45.324103977789214,0.868464792314533,0.3487730851763893,42.56872400037537
852,28.4,track,1,364.2942219969589,246.2091991890522,364.6310978058125,242.94282875937162,364.01482604282654,246.36445554985397,0.3196351619502308,44.47258937847389,0.8723278428690772,0.33034835313464855,43.413680001322064
853,28.433333333333334,track,1,362.5493807354168,244.96136815760764,364.40636379406465,243.5792404451332,362.90236855059555,244.8448297776208,0.371727846245942,43.17505764704028,0.8713113222661587,0.3177420867199585,44.89888200077985
854,28.466666666666665,track,1,361.03815066278696,248.8472033624313,364.0136354032099,244.61478323535331,360.9118693407594,248.54859072271964,0.3242167190146009,41.79544779398751,0.8666418704088631,0.2958603380445026,44.962495001527714
855,28.5,track,1,361.27693387796785,243.15432729129435,363.67377670877704,244.87787960050179,361.7040076970637,242.77493717290017,0.5712520537313155,41.79622631662205,0.8635993990951204,0.29252310909688445,44.771871998818824
856,28.533333333333335,track,1,362.2557603686636,247.59291318968738,363.47337441572535,245.6272121032742,362.32585481572437,248.00846432490863,0.42142137759305515,43.076832366425364,0.8640098626063883,0.2771947012939362,45.69737800011353
857,28.566666666666666,track,1,364.83806323126714,243.62845407020166,363.5964932476763,245.82777502956884,364.46286300502555,243.93883935430452,0.48694376919656224,44.636987376644136,0.8719260213681087,0.2748316450421405,43.96986000028846
858,28.6,track,1,359.1008941517641,246.733566940551,363.0282163523257,246.35895637923662,359.32014835069367,247.0000337080393,0.3450752699396279,39.93838427170339,0.8632578006849295,0.2641487564378131,43.418758001280366
859,28.633333333333333,track,1,360.69746205680457,248.78474715032434,362.688937839197,247.07477096717042,360.5328014939309,249.17561384849395,0.42413426730682235,41.558391287958685,0.860496062281318,0.24914416326743244,42.40102699986892
860,28.666666666666668,track,1,360.4162041467305,249.00459330143542,362.3414355780739,247.74429059107263,360.78193993349714,249.38265489220316,0.5260163801020521,41.84735161949383,0.8576312496613184,0.23542910350658083,44.376247000400326
861,28.7,track,1,361.0894334419654,249.28597392830284,362.10134731604626,248.37698718308806,361.12934012057303,248.8594271740091,0.42840947304652705,42.07269980171643,0.8573369006885386,0.22264152580252658,42.3683830013033
862,28.733333333333334,track,1,365.68845897264845,248.8813754624295,362.43227816788584,248.8925514658637,365.45190323677537,248.60262293651311,0.3655975750455991,46.25884379481412,0.8702716794917245,0.21257069235339257,45.22908299986739
863,28.766666666666666,track,1,364.57266546947153,247.34164956387892,362.61498282949367,249.16223257756485,364.9709779611171,247.2657737505944,0.4054750054473138,45.55414719840673,0.8789517881581611,0.20806245796166833,39.43540900036169
864,28.8,track,1,360.0006304375236,248.0066826377506,362.2439597662438,249.46533350615556,360.06251985180154,248.15577419259176,0.16142673670931637,40.88425307568353,0.8743451713231695,0.2023266233881607,44.16671400031191
865,28.833333333333332,track,1,365.17889334001,248.28843264897347,362.5195116652857,249.75477521355603,364.91335640395926,248.7535150525444,0.5355478564223143,45.758426647385825,0.8852803470401387,0.19663082569112625,43.18792999947618
866,28.866666666666667,track,1,359.45086139389196,249.3709214304359,362.097325527196,250.12789534144684,359.90629942062753,249.1600841992011,0.5018726275376671,40.94410673082551,0.8794188214259595,0.18876080135780307,44.62728999897081
867,28.9,track,1,363.79586005460664,252.5562257921138,362.22511124972397,250.83156928125507,363.8711952809489,252.81969162831086,0.27402489516658757,45.70586689719532,0.8869237694205788,0.1731167909896757,45.102332998794736
868,28.933333333333334,track,1,360.7011508250624,251.43451257382938,361.9794687970917,251.33007101076166,360.4466062919455,251.18090161614342,0.35932079984062526,41.963561830301344,0.8853783749075219,0.16262669928690207,43.20180899958359
869,28.966666666666665,track,1,360.9328083005188,253.53503343958997,361.78117522550787,252.02095802060933,361.3554353574593,253.79363498242807,0.4954678468038801,43.59514192697921,0.8851778039742824,0.14762317619420473,43.82264400010172
870,29.0,track,1,359.4571556179417,255.3775282332674,361.42365934034086,252.86109691839758,359.6561763066019,255.10394442943877,0.33831543303864964,42.43514412121004,0.8813616626290308,0.12934751173830786,42.044314001032035
871,29.033333333333335,track,1,363.13856479739053,252.599611090202,361.5341976827911,253.28770154015464,362.93691089643136,253.06180548783792,0.5042697264144342,44.879717912774346,0.8887370010139428,0.12104172470272655,39.980666999326786
872,29.066666666666666,track,1,363.10853889943076,251.2247944339026,361.6401407928919,253.4936300475446,362.5965551715137,251.28280554220706,0.5152597658837038,44.06549912781054,0.8955927583839393,0.11756572003608674,40.70158200011065
873,29.1,track,1,359.6004073579021,252.23041181337916,361.32504630968043,253.77792130555284,359.90719556634616,251.97516658063708,0.3990853714155372,41.66519977876748,0.8923401833447436,0.11174607431296968,40.654215999893495
874,29.133333333333333,track,1,359.03189742294086,254.25157908034362,360.9665141715549,254.25814822344884,358.9093146434527,254.75838887473557,0.5214237293398282,41.614238046624415,0.8884097034119992,0.10108515457782957,39.01101399969775
875,29.166666666666668,track,1,359.69361782955554,251.43681144738508,360.71526728868224,254.34426722517634,359.3312901607002,251.67021584551048,0.4309976249150781,41.02614195346663,0.8872646351825585,0.09967515932578765,41.03847499936819
876,29.2,track,1,359.46249837514625,254.3778759911608,360.4586489191998,254.74968075514371,359.67786002735477,254.5044571370708,0.24980678081643137,42.24585012982318,0.886045995562468,0.0903387054489215,40.37029699975392
877,29.233333333333334,track,1,361.2102092777743,254.2266658386636,360.43414962594824,255.08569522513477,361.27585504085795,254.3558476671837,0.1449044893391173,43.70110492421561,0.8902818407145449,0.0826899286456982,39.994241000385955
878,29.266666666666666,track,1,359.3548148148148,254.32197530864198,360.19659702383143,255.38638265483144,359.11741176881316,254.33581286869185,0.23780598041048734,41.66158223228005,0.8892705742671223,0.07581458255184567,41.01318100038043
879,29.3,track,1,360.7314271444625,255.02228742664502,360.14567794128726,255.7267582217337,361.1293625179899,255.00712421121673,0.3982241637652181,43.78171123000011,0.8926914393243905,0.06792307208251111,40.04193299988401
880,29.333333333333332,track,1,357.27330843724286,252.54237609975314,359.6917417781782,255.72448388124857,357.4255971485011,252.56759459818406,0.15436263874331904,39.47935860555738,0.8865160185788403,0.06800891068134231,43.64576399893849
881,29.366666666666667,track,1,356.9336291600634,252.33217115689382,359.2330565780992,255.6731147464905,356.8462591927547,252.55398836710918,0.2384038295314233,38.926205060616596,0.8806027465299201,0.06878580957982224,40.25540899965563
882,29.4,track,1,363.1738130231964,258.296504568982,359.55800118123454,256.3157437171479,362.75599319950135,258.59896637526424,0.5158066976417123,46.62613542536005,0.8932366380427678,0.05298208142261938,39.03966799953196
883,29.433333333333334,track,1,361.91234074919186,259.8045889586106,359.7207515034745,257.07695601556395,362.2165132376196,259.26575791205534,0.6187566560839552,46.40477796378337,0.9012649850895121,0.03501737743721875,39.729468000587076
884,29.466666666666665,track,1,359.44027598102633,260.03634571551777,359.58508290400675,257.7956167149376,359.35853124129153,259.87956289961204,0.17681361327013273,44.09411528255616,0.9019664858599633,0.018601926318080407,39.5408980002685
885,29.5,track,1,358.22087633644395,259.0705148013102,359.3187052598734,258.32988455553505,357.9960333318566,259.17997986467617,0.25007394268411925,42.56254429148875,0.8997437727913364,0.006805188737089312,38.62120000121649
886,29.533333333333335,track,1,360.36160970935805,257.7015011178537,359.331842368593,258.6421724437561,360.8710873955178,258.01814029179866,0.5998565488275067,44.66653293537559,0.9042952875882548,0.00015844472714052725,39.941355998962536
887,29.566666666666666,track,1,358.1715455222029,256.59445547010665,359.0893326721523,258.7775561048339,358.28401290188816,256.3522199663031,0.2670710594509077,41.63004614095811,0.9026949287452429,-0.002674875488191445,37.209617001281
888,29.6,track,1,357.5208372978116,255.9592768791627,358.79101753446145,258.80416442106673,357.29510903164186,256.1556154080453,0.29916896241388546,40.64393025895411,0.899984504440836,-0.003421319259937651,40.657976000147755
889,29.633333333333333,track,1,358.18056084253266,258.1675548788225,358.5976061704748,259.07002464295357,358.76612230565263,257.8653509964836,0.6589456833396181,42.68469286341856,0.8999210625696462,-0.01020990000556939,39.50498099948163
890,29.666666666666668,track,1,358.20328542094455,257.04119220957006,358.42686784815766,259.16251373504366,358.36717080141807,257.3742002395344,0.3711505974044433,42.117723457810776,0.9003854135120314,-0.012971506803317177,40.08970300128567
891,29.7,track,1,358.1239533113423,259.117926922101,358.2653587576532,259.47615327070605,358.0307984580918,258.9236486086605,0.21545739661796826,42.47877244017366,0.901030249929306,-0.021134979923069765,39.59750600006373
892,29.733333333333334,track,1,360.38640350877193,262.85582706766917,358.3926613227897,260.19658256154753,359.89085479119046,262.3232737544202,0.7274486668824778,45.71223957636104,0.9083761656115047,-0.038686802359666324,39.356742998279515
893,29.766666666666666,track,1,356.978837630314,260.10718521755416,358.1123986320607,260.52238245414543,357.2229058043,260.3227662876709,0.3256447010862461,42.40942756155858,0.9058120102915107,-0.04644893194157859,39.89720400022634
894,29.8,track,1,359.9301198832226,260.34784769240326,358.2099750698259,260.83483930937473,359.74811108020396,260.26622951724414,0.19947112796737101,44.6165035977703,0.9123064426722209,-0.05401130626266109,39.44667700125137
895,29.833333333333332,track,1,356.4298690722295,263.72317233602706,357.8903737245938,261.50988552348963,356.99840733411287,263.4937474323485,0.6130836334899656,43.8273694587745,0.9087467222691848,-0.07014200613032329,39.4864879999659
896,29.866666666666667,track,1,356.9169602415702,266.55812783090084,357.6561271458387,262.4600929301967,356.9287971581229,266.15332119123514,0.40497966382389783,45.25187586031871,0.9074853648849642,-0.09232217619457805,39.49360399928992
897,29.9,track,1,354.3327510351967,261.42028985507244,357.13521392748686,262.71341484730556,354.08034926371164,261.88463259863414,0.5285081245801188,40.50194254494185,0.8996300213016447,-0.09764606331251574,39.15065600085654
898,29.933333333333334,track,1,357.8798316111749,265.7417400178594,357.07946656562933,263.4434104221441,358.22699793510833,266.17885937805454,0.5582094513091519,46.33180386588386,0.9030554516801211,-0.1145876344987462,40.824689998771646
899,29.966666666666665,track,1,357.7646490663233,262.6377334191887,357.02270495840395,263.7323855281891,357.7908400707301,262.9979292029309,0.3611467448801048,44.23858430007137,0.9061536314262842,-0.12098567087243974,39.92209799980628
900,30.0,track,1,355.60805973833624,265.1939027400642,356.7204678757614,264.28416652069336,355.12842322414093,265.5442283496886,0.593952202208339,43.43401570423114,0.9033086972549645,-0.1339192209767327,40.98838100071589
901,30.033333333333335,track,1,354.83932990671997,263.2392283774351,356.3539719822777,264.54311979359426,355.02391364155903,263.6066545934041,0.4111850913498923,42.23681649773892,0.8991215465621107,-0.13997549870452541,39.81592700074543
902,30.066666666666666,track,1,357.4786787517489,264.1938682401606,356.3354216227689,264.8753447283815,357.1431015048316,263.76447359764416,0.5449695841700042,44.094899872562905,0.9032394517069808,-0.1480964927447364,40.45342700010224
903,30.1,track,1,356.0548834278513,267.56761184625077,356.15751843981025,265.5661250603387,356.3694729852129,267.41530180582083,0.3495210122678549,45.544893658086124,0.9033179417006828,-0.16475074654187133,39.25307899953623
904,30.133333333333333,track,1,351.7989799726334,266.59205125015546,355.4911340069165,266.0728616958733,351.6273162979667,266.66863600758745,0.18797245082989453,41.370318861676886,0.8919694468966767,-0.17678190145220235,39.95964199930313
905,30.166666666666668,track,1,350.785216,268.741248,354.7550943144076,266.7799778525583,351.1692968235838,268.9829891190026,0.45382468824585753,42.56217478875925,0.8795867877355635,-0.19351251870594882,42.54703299920948
906,30.2,track,1,352.7214902603543,266.6054340288722,354.3084186918683,267.16203241796387,352.647078997938,266.14199779649834,0.4693721097927043,41.82386658224859,0.874442028867196,-0.20243280166028715,40.62859600162483
907,30.233333333333334,track,1,356.3620733733862,265.25348331842,354.33846765150423,267.33247449082876,356.8900548729106,265.1935190138499,0.5313757443303336,44.67202199170717,0.8803797351838027,-0.2066859773132462,39.032915999996476
908,30.266666666666666,track,1,355.57597944765575,267.5583815028902,354.28631895847496,267.7423534058134,355.34274311619436,267.7926072347972,0.33054633533126526,44.96152252632248,0.883754940041641,-0.216995995502801,39.35686200020427
909,30.3,track,1,350.39558741734135,267.3767999505593,353.6306880089183,268.0800971417525,350.84445347133624,267.1695029833787,0.49442164903168606,41.10428447630795,0.872696121898763,-0.22565335138425224,39.18167400115635
910,30.333333333333332,track,1,352.8189310689311,268.88386613386615,353.318649263046,268.55232879206915,352.5693131787228,269.157061665301,0.370060656525404,43.713778215659765,0.8701721533109777,-0.2375741774745323,41.07938000015565
911,30.366666666666667,track,1,354.4768322423309,270.4456424079066,353.23839658345497,269.15738646845483,354.8553830120407,270.3342932194855,0.3945875403632562,46.206785973943056,0.8729687467168487,-0.25252302228130263,40.88185799992061
912,30.4,track,1,353.2260825461231,269.9932162556267,353.02758993000367,269.6457850632053,353.00597138964395,270.52300695318837,0.5736960034979204,44.95606856519351,0.8723546276661555,-0.26454417829037646,41.773007998926914
913,30.433333333333334,track,1,354.84364017510325,267.39330414945437,353.0369539068814,269.76748892957227,354.98882869619536,267.5559479509739,0.21801998263839192,44.537045265806384,0.8767877028997709,-0.26802577459965654,40.84536200025468
914,30.466666666666665,track,1,350.92911744266854,269.09457325162674,352.5908046146159,270.0600211076388,350.4701204045857,268.8945021405247,0.5007062317031925,41.991909832951606,0.8702401822581383,-0.27598387002932045,40.6089959997189
915,30.5,track,1,350.25160612799607,270.66765505312577,352.10433439977766,270.49834722913323,350.1481731972372,270.2276851443732,0.4519644806543032,42.69221587500434,0.8630808763873324,-0.28747627068394993,38.81901699969603
916,30.533333333333335,track,1,352.59383082066483,272.06831514539834,351.94204975590407,271.0530507128328,353.0009688857405,272.37886983031945,0.5120601686911579,46.23262007377891,0.8637580020638619,-0.3016020787142833,40.1536320005107
917,30.566666666666666,track,1,350.9775331822596,268.63476853350596,351.6108380032142,271.13851783621703,350.56494026972473,268.70241021810887,0.41810083588762503,41.929034403625856,0.8602589026832349,-0.3045819856481097,39.85164300138422
918,30.6,track,1,351.3069592476489,268.1932288401254,351.3538120075805,271.1418957727419,351.3156409881551,268.1530257792976,0.04112977897026737,42.110120292262465,0.8585362444912203,-0.30611618697203796,47.202013000060106
919,30.633333333333333,track,1,353.4179646617004,273.02290217324384,351.3796289918839,271.70001388009734,353.6817607267865,272.9550634330725,0.27237925512587796,47.122152025712154,0.8633449581199015,-0.32103502715472343,40.327912000066135
920,30.666666666666668,track,1,349.78154818325436,267.8770300157978,350.98298829403797,271.58604748374097,349.36608528063545,267.7057662995971,0.4493781079885962,40.37296683372976,0.8578795040866855,-0.3198725434658974,40.73906800113036
921,30.7,track,1,349.127549735583,271.91393855452026,350.54642197578767,271.9402566583863,348.97948532861903,271.7326678967697,0.23405580524929834,42.97409430992497,0.8517247801170831,-0.3302243906256077,39.55640999993193
922,30.733333333333334,track,1,349.2374646438673,271.15659552584214,350.1644079844759,272.161331720102,349.4117749607145,271.0989584290786,0.18359226967031794,42.80417878797902,0.847052433705908,-0.3372867876247234,39.74032299993269
923,30.766666666666666,track,1,348.2556288939609,271.25242119548454,349.70360206421446,272.3597780353806,348.5014694132448,271.28992094621117,0.2486841213796303,42.32484981112484,0.8406062235884163,-0.3438710361882781,39.24408599959861
924,30.8,track,1,349.80908639523335,271.0441906653426,349.4726632091291,272.50115755553725,350.33230061757166,271.2091172105689,0.5485926428392472,43.52077041847679,0.839660015760437,-0.34919284080688273,41.19283399995766
925,30.833333333333332,track,1,350.1963399503722,273.89795285359804,349.3182172092258,272.95582575884674,349.81301781277733,274.1781932129578,0.4748373618244286,45.35377517260557,0.8402915374442443,-0.3619540459244006,39.42134999851987
926,30.866666666666667,track,1,351.42483113541334,272.8423930524284,349.33584646258527,273.2370545603469,351.2447286880467,272.4438480322657,0.4373500024510811,45.04260589631108,0.8446918211133254,-0.37036517985782036,40.37913799948001
927,30.9,track,1,352.3432429084603,270.859841446798,349.47710790269736,273.24454648057525,352.31305421904653,270.76410435153383,0.10038400459305545,44.615732533660186,0.8515839465155982,-0.3724059976571139,39.578122001330485
928,30.933333333333334,track,1,350.5894121468009,269.30555375121793,349.41355183749425,273.0471041241887,350.5972605508786,269.4356051926725,0.1302880457715696,42.45759303442954,0.8532641081778919,-0.37002848288546275,42.65463199953956
929,30.966666666666665,track,1,347.99070035915855,273.5898537711647,349.0557618953521,273.3571590328365,348.1400817036086,273.0809503531723,0.5303748437794501,43.430559224523186,0.8480354941742502,-0.3800114381538589,40.36599000028218
930,31.0,track,1,350.85689938139126,271.7642974371923,349.0754289781772,273.4135817139825,351.006441193686,271.7486668812007,0.1503564694484363,44.37766605209152,0.8519578088699622,-0.3837900761376209,44.41083100027754
931,31.033333333333335,track,1,348.5979638878217,275.5235625560251,348.8361550786423,273.90028076183796,348.8197846291903,275.8672917060952,0.4090894399873991,46.0113312174625,0.8495889931699129,-0.39774181085513627,41.315389000374125
932,31.066666666666666,track,1,346.7726683097678,275.9337787002205,348.40539074460844,274.39019226084827,347.04011410940103,275.78855547356716,0.30433048040091915,44.85519450335738,0.8429033865981631,-0.41131977139039333,44.63543999918329
933,31.1,track,1,348.7266119431042,272.47615765398837,348.2473893725062,274.41975944062006,348.8722580452638,272.88446636696443,0.43350754568570565,43.760660562568226,0.8429262404699657,-0.41384708660515107,39.782289999493514
934,31.133333333333333,track,1,345.7714995749133,275.9637695376365,347.75852211111373,274.8480860601601,345.9331582884229,275.8912391005014,0.17718409625180323,44.279902246750254,0.8351094750565013,-0.42606189097115843,40.04088399960892
935,31.166666666666668,track,1,348.0037323037323,272.91563706563704,347.5799503512582,274.86914744697674,348.10259824082056,272.4338949864619,0.49178237500375394,42.915190456035596,0.8348661986643666,-0.42853475152691384,39.8879290005425
936,31.2,track,1,345.6144059750617,273.19551870371544,347.14021464714904,274.90628835387037,345.5417105020244,273.35651818195254,0.17665068296707986,42.0123348624205,0.8283538382181556,-0.4317422497905433,42.41540800103394
937,31.233333333333334,track,1,344.4676254513759,274.5400323745486,346.6043042879544,275.08675636692203,344.3048566639543,274.4598553439508,0.1814443010793908,42.168799932905095,0.8197986887802338,-0.43852742963071145,39.66763899916259
938,31.266666666666666,track,1,345.44908985656394,277.2342574130057,346.2335930135752,275.5636892118145,345.15755799772785,276.89928006195936,0.4440727985707488,44.659372963577894,0.8153499590013037,-0.45221652290957176,39.735864998874604
939,31.3,track,1,342.89020698177325,276.3241890639481,345.595218976206,275.8874658731817,343.3876423431925,276.7559660308936,0.6586905859164636,43.56584503068081,0.8046054102356552,-0.4619513370114174,40.684356999918236
940,31.333333333333332,track,1,346.2434579733905,275.5922189293146,345.41361960125124,276.08830783198283,346.46201354028943,275.8311243706788,0.32379367772697415,44.543323116641346,0.8048162236329386,-0.46875688267955873,40.10429200025101
941,31.366666666666667,track,1,344.16734143049933,275.0744168112589,345.0117676369367,276.1994279762205,344.1686238457614,275.1744476417204,0.10003905053387922,42.67744305248424,0.7994985082539332,-0.47358986964821015,39.55632600082026
942,31.4,track,1,343.4768363681407,279.1660473182212,344.5689655659785,276.7780232795892,343.25457491978426,279.182596436417,0.2228767029964409,45.563703956098394,0.7932255434805301,-0.4895391610089227,39.779705000910326
943,31.433333333333334,track,1,340.1926501231294,275.645955673423,343.7780389687869,276.8846266097594,340.5605570100874,275.5308382039078,0.38549644519592746,41.05090703062881,0.7788666640431396,-0.494028826132946,38.76375000072585
944,31.466666666666665,track,1,340.8729547641963,275.7914019890921,343.1357629028633,276.98644435343107,341.011223515125,275.59526286655415,0.23997667151897484,41.333935841407964,0.7684311551445596,-0.4987068961027484,40.51190999962273
945,31.5,track,1,345.41366771159875,276.89147335423195,343.09610698358125,277.1985473723334,345.1457294059838,276.6748356357361,0.3445618038769074,44.46741814258183,0.772171390043361,-0.5061785309443383,39.04280499955348
946,31.533333333333335,track,1,338.8066897791474,277.9989727786338,342.2886914146447,277.5153954446081,339.17858167657903,277.9215290978307,0.3798698554394932,42.495415802682004,0.7572899608714184,-0.516112990957307,41.00999500042235
947,31.566666666666666,track,1,341.19973035439136,278.8371212121212,341.8375165345647,277.8982691674391,341.1089195755671,278.82158437226883,0.09213029329851109,44.18938672148491,0.7511984156927348,-0.5274754946567587,39.68988199994783
948,31.6,track,1,342.25567036290323,281.5430947580645,341.5617259255015,278.56611728239704,342.7044241690189,281.71087126424436,0.4790917809034451,47.48986900875909,0.7490624844512815,-0.5453370661353633,41.34202800014464
949,31.633333333333333,track,1,341.3787477954145,277.41981607457797,341.21932773163434,278.6836466899994,341.3023440805505,277.7023908990222,0.2927218117166948,43.304273955682895,0.7450417077705714,-0.5498975923015375,41.29430300054082
950,31.666666666666668,track,1,337.81291021474544,282.04212069075385,340.49264291038156,279.33029266488364,338.14496333303754,282.3919858600612,0.48235351150578787,46.11203920362778,0.731895177057316,-0.5672016243482273,40.38608699920587
951,31.7,track,1,341.5480943738657,278.42962638462984,340.27916305203394,279.4882229524718,341.3995794313784,278.10970654713134,0.3527114834635657,43.70688427408592,0.731093360671169,-0.5727101611056619,40.23054200115439
952,31.733333333333334,track,1,339.3803692422453,280.12550506620255,339.8416306920217,279.8220210337101,339.6082484656722,280.0294298125846,0.24730425557881944,44.57396840098686,0.724651377136046,-0.5826853207465692,40.257081998788635
953,31.766666666666666,track,1,340.9042047303216,281.3781754473783,339.63515203962476,280.2680203547448,340.5218399655211,281.5606037830613,0.4236542352214026,46.35115642983538,0.7235915563279978,-0.5953160323053568,40.70856199905393
954,31.8,track,1,340.1480849450133,280.69175831121225,339.372602469341,280.58704316964247,340.16637528661425,280.24583970419974,0.446293558855449,45.015667335903245,0.7209122151306636,-0.604876519271016,40.99914500147861
955,31.833333333333332,track,1,335.2335254322225,281.71109997494364,338.55960994458275,280.99061641016795,335.4982992935308,281.58202609321864,0.2945594414980848,44.37636955643142,0.7052306726634044,-0.6165085064570686,41.158719001032296
956,31.866666666666667,track,1,339.12237223352446,280.97299796560014,338.28359996708554,281.26313899714904,339.58165841982253,281.4279256249467,0.646454156273086,45.82264034357602,0.7026614673026788,-0.62505247934942,40.514598000299884
957,31.9,track,1,338.4856748793179,281.8658391323428,337.9708405486187,281.60763821059106,338.272076697815,281.58882870354387,0.3497984574075575,45.42575766878907,0.6989409479777979,-0.635432479076606,39.45659500095644
958,31.933333333333334,track,1,336.6614103696228,282.28213700012617,337.48123569746696,281.9626899094888,336.60934353733455,282.4943054023004,0.21846369470854446,45.624952431374396,0.6909251858472163,-0.6460851331695376,39.865774000645615
959,31.966666666666665,track,1,334.1174572442724,280.61471442400773,336.73970346663623,282.0783002678458,334.20871729162207,280.2804613725639,0.34648737154735465,42.71303332075411,0.6771249545978945,-0.6511631847981176,39.0865359986492
960,32.0,track,1,334.8262384391233,281.01742049917647,336.15165327293204,282.21710185381386,335.0314025643457,281.243826942889,0.30553591610939806,43.89756626450255,0.6672778057424782,-0.6571037900895567,40.109094999934314
961,32.03333333333333,track,1,337.918799646955,280.1988399949565,335.99368663326646,282.2322732805322,338.0671465178732,280.0508650267927,0.20953134685363423,43.937382406018024,0.6675159177113308,-0.6603573498229711,39.52558200035128
962,32.06666666666667,track,1,334.8190114068441,282.90747782002535,335.4985563945426,282.55408206799325,335.0699836943233,283.34957816928414,0.5083697550969151,45.89433882301876,0.6593583840399848,-0.6710674518087606,39.69127500022296
963,32.1,track,1,335.7,282.60488745980706,335.1628262895194,282.8039078277525,335.96286751569477,282.6726959080424,0.27147249669096846,45.56064217484078,0.6549734781870102,-0.6799213469573534,39.27115299848083
964,32.13333333333333,track,1,331.7031448943214,279.94620575502927,334.393341594285,282.70438150097607,331.96766149185663,279.67192412085717,0.3810504496989096,41.43774227723703,0.6402850833259774,-0.6805964367625803,41.08951799935312
965,32.166666666666664,track,1,334.3526634302055,278.36410188202433,334.0122628692986,282.40654938875923,334.56960374335915,278.82626753954395,0.5105489148570872,41.46989756788349,0.6350743809226981,-0.6770716934958265,40.77645100005611
966,32.2,track,1,334.2570105479804,281.57782351427835,333.66791076880634,282.4978959296615,334.306405033601,281.70161214278244,0.13327955490862783,44.087386861692124,0.630499027315622,-0.6831787192026683,86.66381999864825
967,32.233333333333334,track,1,333.59582938388627,282.09434439178517,333.2901534255245,282.63308509400395,333.4444325210119,282.07342542892053,0.15283524821040315,44.16928676280588,0.6249316225699818,-0.690194729792194,112.3110619992076
968,32.266666666666666,track,1,331.7550546276529,283.49146050483483,332.7397569512213,282.9150899040983,331.4667635331533,283.10370412746084,0.4831839850015394,44.60286958742609,0.6152178802914525,-0.7005053334872356,112.22631800046656
969,32.3,track,1,332.57190762416957,281.8312559316672,332.34537650641056,282.96920863496126,332.09343131359356,282.3486630327202,0.7047337710103609,44.04157514889184,0.6092709857117788,-0.705222742322987,111.02503900110605
970,32.333333333333336,track,1,330.8778747531375,280.59635599159077,331.7972916313991,282.8605058180523,331.1141890403725,280.9673787495546,0.43988899654168834,42.448219275189786,0.5996119722589914,-0.7062420634871932,114.03575300028024
971,32.36666666666667,track,1,329.9189412212771,283.39082137869747,331.193071970236,283.08176258743754,329.9234813215326,283.64400315908455,0.2532224840536519,44.757954525301855,0.5887377048759737,-0.7152418898866276,104.83287399983965
972,32.4,track,1,329.0206965547427,279.4189958106672,330.5439880974733,282.8039096446414,328.5930369342907,279.5629412901427,0.4512350296980387,40.48538757726499,0.5769378427302185,-0.7123676627451908,111.62845100079721
973,32.43333333333333,track,1,331.4390880723429,283.41934662166466,330.2501544911862,283.01192753758806,331.6500820234835,283.401833447841,0.21171952832769836,44.93821934376153,0.5735554139041106,-0.7213126395101959,111.94244499893102
974,32.46666666666667,track,1,326.02040686989034,280.776094809557,329.3524778253239,282.8820558512446,325.8251304746348,280.7697238897797,0.19538029369104284,41.1837653826771,0.5556996769629866,-0.72208582616643,113.44332400040003
975,32.5,track,1,327.72207987000814,279.9166927067058,328.740295325888,282.64890325718744,328.03111094533426,279.93126285957135,0.3093743603981132,40.73087890748799,0.5449946155576527,-0.7206794472508907,62.31964400103607
976,32.53333333333333,track,1,325.782672728437,280.9054876096561,327.96163376590465,282.54108451936065,325.469226544491,280.83493529657835,0.3212882492574597,41.199567712182436,0.5303597291416566,-0.722486903223235,36.8244199999026
977,32.56666666666667,track,1,325.68516868236793,279.20108211330364,327.2478437321747,282.2298723405109,325.8796075904179,279.2293668549753,0.1964854080462293,39.66753091962662,0.5174006034949491,-0.7195840363601574,37.348505000409205
978,32.6,track,1,324.3296992481203,283.862030075188,326.4454155909312,282.49023467913025,323.9062636929829,283.91470980690065,0.4266999220620992,44.08810081488442,0.5023819285695571,-0.7303026927099516,39.71613999965484
979,32.63333333333333,track,1,327.3981664226141,285.1347170051569,326.0898104474512,282.8821083424805,327.3078958493621,285.264529541364,0.1581141073774402,45.8506594973959,0.4978917718565841,-0.7435597046158238,37.06805399997393
980,32.666666666666664,track,1,325.839122952387,281.2392121868825,325.6002441396626,282.77839284915007,326.1069744665122,281.47875274413235,0.3593384368345775,41.925911634018156,0.48975916523273194,-0.7447177903830866,38.65789399969799
981,32.7,track,1,325.1168136020151,280.7345717884131,325.08466218385286,282.61501065308863,324.5336288199297,281.0836706968673,0.6796870882545183,41.33305926501845,0.48081683735630426,-0.7447456251496937,38.26036699865654
982,32.733333333333334,track,1,327.97368086458994,283.74812460267003,324.9726459483164,282.81725008459904,327.7379779880514,283.30577114069627,0.5012309161740909,43.99165963491181,0.48117246693956867,-0.7535642945958394,40.57988299973658
983,32.766666666666666,track,1,322.1165699548678,285.8191489361702,324.196406403482,283.250070337783,322.0480310878055,285.5644763601748,0.2637341412527543,45.61048056437848,0.46541520759175087,-0.7674807761716625,39.328759999989416
984,32.8,track,1,324.80959949141766,284.3839796567069,323.81923139739916,283.4790526587149,324.84476746862197,284.2915409076856,0.09890252242115966,44.55572205454878,0.459379692907837,-0.7761555705948769,40.794669001115835
985,32.833333333333336,track,1,324.51065305093294,284.7210665658094,323.45895238639093,283.7278534072506,324.645764438971,284.8676817708896,0.19937679287791113,45.1075602833519,0.45349969483113617,-0.7852229041143588,37.65303900036088
986,32.86666666666667,track,1,324.93388429752065,282.308367768595,323.20038301275,283.66591982688124,325.12980386452557,282.64519211335335,0.3896602570923445,42.95261689435599,0.4497949179664025,-0.7869690082453848,40.81968100035738
987,32.9,track,1,324.83850226928894,286.0791099344428,322.9745281301786,284.0520109292492,325.1068876325031,285.60106655463494,0.5482300394594525,45.886137037358665,0.4465765702287172,-0.7995237786571471,38.5775510003441
988,32.93333333333333,track,1,322.28209981702315,282.9755189601868,322.48414817654066,284.0361947141755,322.39025123106074,282.90983195226636,0.12653660090214122,42.97635372061392,0.43694077067858383,-0.8023770153029033,42.43195700109936
989,32.96666666666667,track,1,323.82717619380685,284.8775990335092,322.2356559695047,284.2416695267241,323.8971235704713,285.104985572423,0.23790181500237909,45.27303055475755,0.4331077843858295,-0.8106881123773743,40.97213899876806
990,33.0,track,1,322.9378729819712,286.9962937370438,321.92264476395366,284.68079363176787,322.90501609369676,286.56344944766107,0.4340895690503518,46.653980998083384,0.4275603916244698,-0.8243794870408897,40.48604600029648
991,33.03333333333333,track,1,321.0640062192278,285.4655998963462,321.43069603526124,284.9019711676729,320.811980885944,285.27854309905536,0.3138582706087247,45.28582314733996,0.4177641854379277,-0.8326436473786307,40.087406001475756
992,33.06666666666667,track,1,321.9797447968285,286.39909563924675,321.1043048063015,285.21262822048936,321.63647648444754,286.6329047767132,0.41533100901291853,46.661610165082706,0.41199848052551574,-0.8430450740604984,39.66868500174314
993,33.1,track,1,320.84950625411454,281.28729427254774,320.6884445404216,284.8838313003795,321.17120433446905,280.9476159870221,0.4678365019549049,40.96436225078707,0.40403845298828484,-0.8384469942468014,40.07774999990943
994,33.13333333333333,track,1,321.4008862083821,281.88448519908917,320.38948560543304,284.63839280250215,321.42112457366505,281.9158311325767,0.03731164664730875,41.93991529066985,0.3897444561605898,-0.8365562869146493,40.34802500063961
995,33.166666666666664,track,1,317.15073505809846,284.03993066700906,319.62569275066664,284.65911537700106,316.74706996280344,284.4839326819501,0.6000694113444109,44.60271091177264,0.3918724934061339,-0.8412978427032601,39.46722499858879
996,33.2,track,1,315.2590339004098,286.5651310070781,318.7081663795766,284.9746413520911,315.438318304403,286.46506604756803,0.2053190045683925,46.68844934988529,0.3632058784012568,-0.8528732934807317,42.73251499944308
997,33.233333333333334,track,1,315.5630461126347,284.85394476688566,317.910466497037,285.05989655978215,315.3943931098735,285.22992265782045,0.4120718503030195,45.463804487292975,0.3472501760041966,-0.8586700517565641,40.82189499968081
998,33.266666666666666,track,1,314.9292057380612,284.15450537166987,317.11449037305505,285.0497398115161,315.19340983288794,283.989066606523,0.311727106194695,44.2508902729391,0.3315008089820395,-0.8622553725125001,39.7754330006137
999,33.3,track,1,315.75641356194404,280.9216836405827,316.49599728686104,284.6473591730812,315.4659068092956,281.19653530522663,0.3999220060110268,41.44529553781438,0.3199862283126127,-0.8568180606335796,39.51020599924959
1000,33.333333333333336,track,1,312.4907566111655,283.93878550440746,315.55529123451214,284.6255579450943,312.6329337974855,283.7966428366677,0.20104449831332322,44.411930696546676,0.3007688055023573,-0.8608506856316736,41.30123899994942
1001,33.36666666666667,track,1,317.0350348464871,284.5844791862874,315.24721766932817,284.6783554444417,316.57555431815445,284.8515842614521,0.5314766947812593,44.98212354913948,0.29657995398653453,-0.8665453552162058,39.12223800034553
1002,33.4,track,1,314.5643507610011,284.5463924090938,314.6941232690189,284.7195690806841,314.39927793267833,284.4231969168219,0.2059761344588175,44.7748647344257,0.28603258510155694,-0.8718197275672879,40.95968199908384
1003,33.43333333333333,track,1,315.2294826187356,284.7622792236161,314.28573200453224,284.7803538621086,315.2754570048969,285.07951799938627,0.3205527804201392,45.326418891961545,0.2787151043241034,-0.8774620804960459,41.021486000317964
1004,33.46666666666667,track,1,314.2381913350571,280.44043640032794,313.8148155272717,284.3168699539982,314.54121818380656,280.3322964609999,0.321744491080915,40.7000299353058,0.26963709351304116,-0.8707803907459905,39.96705200006545
1005,33.5,track,1,312.9225612870276,282.6068692543412,313.2461007957822,284.13839117862324,313.39075801468056,282.9572595093996,0.5847918489726578,43.46272223616936,0.2581324960305096,-0.8713521598561931,38.1178359984915
1006,33.53333333333333,track,1,311.1157724628313,285.70290885585,312.52685786420597,284.3398608734774,310.6472295925254,285.7872367904086,0.47607102606796503,46.73270126149225,0.24312309433613952,-0.8808425370904691,41.26539800017781
1007,33.56666666666667,track,1,313.71446580523167,283.18796092026474,312.1936728479856,284.2268442572887,313.32695724857547,282.8484281020263,0.5152139518129609,43.36493157352903,0.23730519997414876,-0.8825437247355704,38.58127300009073
1008,33.6,track,1,314.91922695738356,284.318074826561,312.0559941868842,284.2545874069256,314.58146903960653,284.54847370391366,0.4088570088752903,44.87679787058151,0.2356715706354024,-0.8876179830915396,40.48097600025358
1009,33.63333333333333,track,1,316.36595611285264,280.65692789968654,312.12959936485555,283.8416489317473,316.0142556530858,280.4901232873928,0.3892518363253703,40.68582359774996,0.23844941220996657,-0.8822861186692422,39.747269000145025
1010,33.666666666666664,track,1,311.644572705269,283.45547073791346,311.6620125924613,283.7885330974753,311.2356862830262,283.97433528687793,0.66061223608606,44.839216751101844,0.22796002631447448,-0.8858249778185713,38.73610099981306
1011,33.7,track,1,310.18100890207717,281.6424016667719,311.0751812718365,283.5224035266774,310.6841668335856,281.72202726114074,0.5094194139591114,42.749412935897,0.21492532351440832,-0.8842574361271998,38.69737799868744
1012,33.733333333333334,track,1,309.75243340163934,283.86737961065575,310.50046821602,283.5398788227224,310.14331993294377,283.50891927151116,0.5303641155799113,44.611435732547086,0.2024769651569264,-0.8894826971697898,38.78358799920534
1013,33.766666666666666,track,1,309.50281834486293,280.53048936715345,309.9589392171641,283.15868937986886,309.5829510480496,280.87060033975666,0.3494234162232231,42.17725549392051,0.19098394001698757,-0.8851585458420861,41.56736500044644
1014,33.8,track,1,312.2945973496432,283.9464831804281,309.81257734456267,283.2116055743325,312.10080196851385,284.0371577006009,0.2139591511378664,44.74001104032306,0.1887842312258101,-0.8912992043963067,39.929198999743676
1015,33.833333333333336,track,1,310.25970506680113,282.50592387194354,309.45925815453626,283.09150790110954,309.77547292905774,282.2265169089066,0.5590608323045501,43.44674537963237,0.18128974697222247,-0.8930768138043197,40.10737200042058
1016,33.86666666666667,track,1,310.5366710584102,280.5981554677207,309.1874109898579,282.7531590393821,310.7013817406191,281.0019539377097,0.4360995450573003,42.04312700363471,0.1756284681040619,-0.8897514792992524,39.823671999329235
1017,33.9,track,1,312.3468102525348,284.0993135587883,309.1748275069867,282.8575802274287,312.16683511436037,284.1971118169271,0.20483053887514177,44.885890490036765,0.17585902942962106,-0.8970271585400954,38.709845999619574
1018,33.93333333333333,track,1,312.50127583567235,280.8534064812452,309.2063725880665,282.57078024406604,312.7822405266488,280.64684003975117,0.3487274757271269,41.282704090602756,0.17667412875320798,-0.8947900929016396,40.482491998773185
1019,33.96666666666667,track,1,311.2996307143767,281.6165796510887,309.11552346702166,282.3964739230672,311.059510198516,282.0563825202472,0.501083252421419,42.99618202328893,0.17426438628533686,-0.8954073366750358,40.29519600044296
1020,34.0,track,1,308.54261757659816,283.25835329718825,308.7224493496995,282.4334199222898,308.7447130773735,283.3558020223963,0.224363199919913,44.792935299172676,0.16469683248751274,-0.9009664152224546,40.27067300012277
1021,34.03333333333333,track,1,307.4830382567785,282.6364987000124,308.2482967589538,282.39785889504526,307.0784098587823,282.3831944243758,0.4773753203934447,44.30917130112065,0.1535417954945795,-0.9045699091749255,40.5994640004792
1022,34.06666666666667,track,1,304.3369703930577,281.2139484430832,307.44877562840463,282.1982407699346,304.3900537537597,280.7166370924645,0.5001364040315537,43.606363732028484,0.1350958709665076,-0.9042517222202121,40.71511300026032
1023,34.1,track,1,307.68245332014345,282.62680845801907,307.1212749784775,282.1839693996657,307.98955635651805,282.82983814040864,0.3681485119917067,44.48197153507091,0.12827718724059883,-0.9084009390289269,39.569246999235475
1024,34.13333333333333,track,1,307.013698630137,283.2499225190603,306.757235445536,282.2492964571926,306.5112194397919,283.18561076887437,0.5065780669767228,45.243167202155135,0.12041604559909493,-0.914268326334525,41.50204300094629
1025,34.166666666666664,track,1,307.9697712418301,282.6540346907994,306.5530245775107,282.24316543666095,307.6627408566522,282.2608939413245,0.49882592787478325,44.024892048589955,0.11618994301457582,-0.9182692485118553,41.62996699960786
1026,34.2,track,1,307.9956729527254,282.05250581245156,306.38712029165765,282.1689573252063,307.81435579371293,282.4452016500663,0.4325343142830129,44.15976752471651,0.11257986339771875,-0.9206337466989942,38.39878999860957
1027,34.233333333333334,track,1,307.83816705336426,279.9449600412477,306.2344675112863,281.8506898666035,307.86034973856084,280.06686689234493,0.12390864322946772,41.86555781354103,0.10903052012048838,-0.9173532593323913,38.56634099975054
1028,34.266666666666666,track,1,301.96279543861885,282.73542715168503,305.4096284502752,281.88969518906725,301.99916134612573,282.5190841695565,0.2193781327869017,46.17253199533943,0.08959449264874839,-0.9227539632824054,40.32332899987523
1029,34.3,track,1,301.3791586998088,280.13422562141494,304.5873921448518,281.619389752195,301.3549244906406,280.57958503670653,0.4460182795389392,44.65805148571767,0.07092262891428755,-0.9207151923741967,39.20022199963569
1030,34.333333333333336,track,1,303.6993940892791,280.41999505379005,304.1165464034086,281.4042792437608,303.58875673060817,280.6316614725512,0.23883738812179983,43.82078068299512,0.06091945431051326,-0.9202012454688456,43.1739240011666
1031,34.36666666666667,track,1,305.5317154915591,280.4911246276068,303.9179669689599,281.21590691821905,305.3675407433483,280.4043408031135,0.18570078121475728,42.972312244417495,0.05713357747548988,-0.9203999842256164,39.232189001268125
1032,34.4,track,1,303.61308376344755,280.50314035196817,303.5259681986854,281.0459812660941,303.3220895927369,280.0528277516475,0.5361520730120642,43.38642306592972,0.04838039775053959,-0.9210516590333123,40.2604920000158
1033,34.43333333333333,track,1,299.23737054811824,278.55215963627177,302.6582088059507,280.6589210476132,299.8277307443687,278.95997362392296,0.7175217138462423,43.87254257161831,0.02844205980059978,-0.9166217522653477,39.08454699922004
1034,34.46666666666667,track,1,300.2566165838939,279.38127868234113,301.9900764259734,280.4012668593471,300.4657637490327,279.3712805746684,0.20938600440963825,43.95092854534322,0.013695029410163498,-0.9154716710756265,39.70717700030946
1035,34.5,track,1,301.5027207519169,281.57222359633937,301.5376749846932,280.4286817636897,301.472108203674,281.30909128813784,0.26490703978828484,45.27387544123067,0.004080666088552336,-0.9209840216146777,40.03516100056004
1036,34.53333333333333,track,1,304.1263978528979,280.55223975972905,301.4528845141963,280.3395418740532,303.7428923826743,280.9400599537425,0.5454181410404841,44.04976795736089,0.0028256067292715082,-0.9234156766788769,39.22556500037899
1037,34.56666666666667,track,1,298.4086765371436,282.0303872761363,300.7147910626655,280.43945783358663,298.56580867597376,282.21907083555294,0.24554428245729315,47.348437143504526,-0.014310009411927402,-0.9301558885742258,39.161483000498265
1038,34.6,track,1,299.4393236285042,282.8993706693789,300.17066821326523,280.64346172477104,299.12863731155426,282.6288361038809,0.4119647298849117,47.46400160167895,-0.02654030789458628,-0.9390125937005989,44.510200999866356
1039,34.63333333333333,track,1,298.08384741281634,279.517247891225,299.523945000018,280.4357663132797,298.2890965956359,279.9223023168852,0.45408844380252206,45.443960532884944,-0.04116599657751027,-0.9379114263059432,44.777159000659594
1040,34.666666666666664,track,1,300.1593472370991,277.798500409552,299.19181574674116,280.04036645732026,299.8935181939859,278.03198943280165,0.3538109723292157,43.0197958018435,-0.04833451332512998,-0.9327083812972264,42.66869700040843
1041,34.7,track,1,302.2079718345278,278.4323525713567,299.15177425514884,279.7509888101175,302.29977317352484,278.379888145008,0.10573552796361207,42.264806207197935,-0.04901864571094084,-0.9304061481071342,41.720929999428336
1042,34.733333333333334,track,1,300.9435646053293,281.09225741578683,298.9885764592809,279.8042845941612,301.43927481805224,280.63160553024704,0.676704348034787,44.67021252742583,-0.053187811988059254,-0.9362569859250706,39.39776999868627
1043,34.766666666666666,track,1,301.0648845536486,278.28133102852206,298.87428975240675,279.5248460923609,300.835128387691,278.45339720011106,0.2870447059272028,42.96459077130605,-0.05648869383054662,-0.9340095871816677,44.99255699920468
1044,34.8,track,1,297.95881571455686,277.55140127791486,298.4188858344306,279.1820642298756,297.98135850160514,277.43500461792775,0.1185595196686488,43.430405756556176,-0.06801000372259927,-0.9304713338494711,41.64319300070929
1045,34.833333333333336,track,1,300.26845806127574,274.29859367152187,298.2906589140263,278.47884853636737,300.56713381149905,274.70893142905044,0.5075276140517181,39.77871553037766,-0.07164869260180176,-0.9187223910543708,40.21728799853008
1046,34.86666666666667,track,1,300.810392378087,273.9264134386361,298.25763697732145,277.78339491171255,301.2888071984736,273.9487952117327,0.47893807964338764,38.763764424834434,-0.0733172063981148,-0.9077400297604313,40.61816699868359
1047,34.9,track,1,295.45238245503316,279.19835910381823,297.607220413337,277.7722336831085,295.0784855542784,278.98999645292525,0.42803491292317797,46.27420129691526,-0.08969782004663521,-0.913111860040881,39.1182610001124
1048,34.93333333333333,track,1,300.25180453529225,276.52219738102843,297.5921593708769,277.45321552292324,299.80943802136284,276.8228176413137,0.5348464018202219,41.99498412975806,-0.09068203579617648,-0.9106841217868554,41.176645001542056
1049,34.96666666666667,track,1,299.0687022900763,277.1798624692448,297.4576587866433,277.2439131893386,298.7721736617509,277.19539197414935,0.2969349978347541,42.826601489698845,-0.09487550447839344,-0.9107748704192695,38.6705199998687
1050,35.0,track,1,300.385851484527,275.1977904714079,297.5090312685451,276.8221125531545,300.01522751328855,274.82500052462547,0.525675253819909,40.15185914606923,-0.09487513673105946,-0.9057284245489148,41.714031000083196
1051,35.03333333333333,track,1,299.3926013535712,276.9787108219988,297.45737771035317,276.6513744892739,298.79824964547623,277.1047014051704,0.6075587049522992,42.734916455544884,-0.09761866554605862,-0.9066801038892559,38.548663000256056
1052,35.06666666666667,track,1,297.58492063492065,276.9634920634921,297.2104501095513,276.50172768468974,297.89493568790164,276.67097890813693,0.4262314853816309,42.81815692347148,-0.10502696918654111,-0.9078930401163905,42.14069699992251
1053,35.1,track,1,297.2588690067959,272.78508635201695,296.95691096320155,275.8737857430572,297.52274623211673,273.0920141854088,0.4047664572980667,40.0038540617416,-0.11242019330901624,-0.8977477117973277,37.971341000229586
1054,35.13333333333333,track,1,294.12709832134294,273.7996339770289,296.36145484005283,275.41875727951276,294.20252487462795,273.62375026535335,0.19137461945940193,42.380022472280956,-0.12767508849424763,-0.8921003382234143,38.151314000060665
1055,35.166666666666664,track,1,297.25589578960364,274.90770465489567,296.19438111130506,275.13833674946727,297.0609220979695,275.3083778598665,0.4455937136125472,42.10561532729967,-0.13242356239149244,-0.8906171391918827,40.06073999880755
1056,35.2,track,1,292.4000628930818,273.2382389937107,295.4746472600103,274.69004033133047,292.82706652942267,273.10580459391383,0.4470693186720537,42.829459618431194,-0.15027363977279162,-0.8850446579220613,40.6272349991923
1057,35.233333333333334,track,1,295.41160862354894,274.1471973466003,295.17773877657646,274.3930082724814,295.47160128856535,274.66360067748724,0.5198764468668376,42.46419144732892,-0.1577041177666007,-0.8830869606634069,39.92757900050492
1058,35.266666666666666,track,1,293.8831044394762,275.38505269881824,294.7353208382659,274.2776662823911,293.4863737775319,275.3920794448837,0.3967928846224575,44.2218459915199,-0.16869826018609171,-0.8852265513960579,38.58983499958413
1059,35.3,track,1,290.22550125313285,274.48809523809524,293.90190106146053,274.0772800077688,290.40511750373685,274.9235355935862,0.4710311037194376,45.77674527884335,-0.1887622557332367,-0.8850434597502325,38.05633899901295
1060,35.333333333333336,track,1,294.39860710252225,273.90218346091103,293.63923493202395,273.83391547108874,294.09749252445266,273.7193892757198,0.3522551678340013,42.519843680901644,-0.19498365054172492,-0.8837244862854662,40.41633899942099
1061,35.36666666666667,track,1,294.2178959191314,270.7153375764383,293.39215170097594,273.239051287118,294.37150856847103,270.98377837612406,0.30928515802261275,40.20962690098886,-0.20121838206866047,-0.8741557228971729,39.666753998972126
1062,35.4,track,1,292.7911149610197,273.00897166192306,293.01027202701334,272.97041601507493,292.31960462444283,272.77803045827426,0.5250293677896136,42.902255988126335,-0.21089070156276885,-0.8726059634535467,41.092774001299404
1063,35.43333333333333,track,1,292.8567227159389,269.8583210792149,292.68024005795746,272.3574057740167,292.74504629395716,270.13278197420766,0.29631133307195356,40.63024798132141,-0.21939396583194226,-0.8628731636484879,40.00908600028197
1064,35.46666666666667,track,1,286.5131139110311,271.67703779892,291.6323707881913,272.01618536603036,286.7962421475148,271.28122658911917,0.4866498865697974,45.61803012457122,-0.24475900388022756,-0.8598091974220625,40.5382089993509
1065,35.5,track,1,291.1732842826335,269.48141570468096,291.2281656965104,271.45060952783814,291.624757827049,269.48707203615965,0.451508975982617,40.922387340419,-0.2542793368149061,-0.851376224994943,40.09144399969955
1066,35.53333333333333,track,1,288.43169398907105,270.3458235753318,290.5440081146692,271.0410566151758,288.15839879075287,270.69266118169537,0.44157285991305045,44.22586367707338,-0.270599466519197,-0.8467654660321066,41.27143799996702
1067,35.56666666666667,track,1,290.31217192614093,271.96862841968755,290.1504800581642,270.86926589680456,290.2459651991619,271.5826013695193,0.3916633939480155,43.390820413947544,-0.2799801502730638,-0.8476190949791182,39.08632900129305
1068,35.6,track,1,290.6279245283019,273.52232704402513,289.84300800253357,270.912201696529,290.60073141539056,273.49156907655447,0.04105506001377822,44.56458450967117,-0.28762776545186075,-0.8531149273314839,41.05128499941202
1069,35.63333333333333,track,1,289.91118815001573,268.1285219035613,289.4925670047237,270.32481481140024,289.9179992704689,268.3989538365009,0.2705176920559194,41.36940109427761,-0.29659067353908186,-0.8433628595809871,38.94799400040938
1070,35.666666666666664,track,1,286.56515949013885,273.924154987634,288.78706231666064,270.4840696658985,286.74971355363,273.47871713694104,0.48215669774569736,47.18480740557248,-0.3140153332287018,-0.8514595969322984,39.49980400102504
1071,35.7,track,1,290.1659212880143,272.68266036289293,288.5796394427504,270.501996801202,290.2498066814729,272.51494788499446,0.18752129073399654,44.07148554852266,-0.31949796646951023,-0.8555962972917787,40.4805900016072
1072,35.733333333333334,track,1,288.6279040324112,270.56137241248337,288.2251645033939,270.28069206312745,288.69848542018315,270.6347449308441,0.10180991479421785,43.7980868528337,-0.3288384535916846,-0.8538678079642968,39.67801999897347
1073,35.766666666666666,track,1,286.3957998844005,268.1339027679661,287.64920483050656,269.79768273189177,286.4063554462832,268.44523555505145,0.31151167586623535,44.01890934795896,-0.34346789963335383,-0.8461347568318659,39.15769699960947
1074,35.8,track,1,289.7164452877925,268.0197975964579,287.52970828339755,269.346124107841,289.5726531319605,268.45513178115493,0.45846705055502457,41.65954827060521,-0.34725658626360084,-0.8395316486988417,38.75242899994191
1075,35.833333333333336,track,1,289.93667414609826,272.27817252555474,287.46748974662245,269.4477417009862,289.5825066545641,271.9840696637882,0.46035975645017074,44.138470903257335,-0.35016818118435117,-0.8460656891851382,39.6464580007887
1076,35.86666666666667,track,1,283.954706871846,270.0865989657965,286.7161111404535,269.296660144505,284.4297800416994,269.9221956385139,0.5027155962730487,46.482021682704236,-0.36956466710684754,-0.8461499150975912,41.3281580003968
1077,35.9,track,1,287.56620063140264,266.4557051736357,286.4654763796013,268.73543220466604,287.7254201652625,266.46127967557214,0.15931708958675248,41.735450465733464,-0.37668602389168604,-0.8365944895152391,39.226921000590664
1078,35.93333333333333,track,1,289.6087483262131,268.47886246253904,286.4974705611849,268.4659210748655,289.4202484303285,268.5986233896881,0.22332686900619195,41.86887227819781,-0.37744983028153306,-0.8343141176417288,39.84021100040991
1079,35.96666666666667,track,1,283.08865132651067,270.2141972492015,285.7695697555084,268.43627378222925,283.5176827924932,270.38814468190253,0.4629532461776106,47.480509749131684,-0.3964825852778148,-0.8375765160357601,39.87999399942055
1080,36.0,track,1,283.9075570952014,268.36694893507826,285.20624416534645,268.20279100712173,284.0334163875638,268.5711865909098,0.23990327537057854,45.933733137672874,-0.4110891246711342,-0.8357321351130043,42.182682000202476
1081,36.03333333333333,track,1,284.5039753466872,269.28302003081666,284.77172780664307,268.108036551946,284.0822164700961,269.54053385841866,0.49415981361255273,46.505164383554366,-0.42250690435118443,-0.8371374815624116,38.38087900112441
1082,36.06666666666667,track,1,283.2837580829213,264.81748446811207,284.24120861056156,267.4995138105331,283.4652698216663,265.0856435343214,0.32381444701015366,44.31789729595354,-0.4362161019440387,-0.8263766071326363,40.52909699930751
1083,36.1,track,1,286.89410858683095,266.02605570530096,284.1986181740389,267.08788227653724,286.5309042835829,266.2121421947441,0.4080999233657933,42.5118426619239,-0.43846207593850284,-0.8207336085534013,40.143629999874975
1084,36.13333333333333,track,1,282.58813274391383,263.9151360438329,283.66667997292774,266.46494349269545,282.63525613534705,264.13788734219685,0.22768125733796823,44.48327426590479,-0.4527079475369609,-0.8102586347883338,40.71545000078913
1085,36.166666666666664,track,1,286.609728,266.8944,283.67110018008816,266.25338892537104,287.09292349139025,266.9922443029311,0.4930024244523763,42.56121399646176,-0.45422333727615705,-0.8097112988227511,39.651590999710606
1086,36.2,track,1,287.46809187503976,262.3922504294713,283.80001995136246,265.53359022673897,287.29839037869,262.2990893197304,0.19359129688988205,39.58086224823646,-0.4533742956415481,-0.7969923885882704,41.807801000686595
1087,36.233333333333334,track,1,284.6016378872524,264.4151853732859,283.5986421203305,265.1178855771686,284.69952604874453,264.3142111503782,0.14063387163881816,42.86378803895476,-0.4607712156480507,-0.7917896302992417,41.25235900028201
1088,36.266666666666666,track,1,286.32471172835574,261.1355035994139,283.6350515737204,264.3543194603909,286.71447111783556,260.7807338465729,0.5270426540789013,39.23984368174144,-0.4625736303934604,-0.7783564379389287,44.01444599898241
1089,36.3,track,1,281.7247477816944,262.99799440865445,283.1374621626181,263.88030380428876,281.22365668555125,263.43789558872,0.6667873235575288,45.3093781734834,-0.47711540432115207,-0.772030718357605,42.09893299957912
1090,36.333333333333336,track,1,283.8987849256769,260.44501326096344,282.94862422113533,263.1509409864027,283.68973494024436,260.7640821912882,0.38145363900209356,41.82801044702321,-0.48396957727302276,-0.7596028108539478,41.94026299956022
1091,36.36666666666667,track,1,285.6579013273228,264.48647633358377,282.9999820433057,262.9715327368517,285.6464406131246,264.5735951391933,0.08786941595778805,42.237762968847676,-0.4852824154031896,-0.7602213541564152,42.320890999690164
1092,36.4,track,1,280.9582459485224,261.3447092469018,282.5033892295351,262.4493818533825,281.03946350120316,261.11942745948346,0.23947478908196793,44.316516339740254,-0.4997395477115481,-0.7522735195387175,42.58192999986932
1093,36.43333333333333,track,1,282.4047091051396,258.99328202452386,282.22740774755704,261.70005183599363,282.5516006108111,259.3599258614562,0.39497445183061064,42.156723617630504,-0.5086041268825374,-0.7390521608986799,40.99848700025177
1094,36.46666666666667,track,1,280.16522447955856,259.1489214948583,281.71795519059293,261.03834106004507,280.36295867485165,259.2590528556983,0.22633543387785732,44.06819898645847,-0.5229000459660975,-0.7281676544389708,41.136614001516136
1095,36.5,track,1,284.61472711156136,261.50177282512345,281.7897362813434,260.72276489100915,284.79482163680063,261.24473907678305,0.3138477111706827,41.118651753495925,-0.5233291306811559,-0.7254361244896488,42.50941099962802
1096,36.53333333333333,track,1,280.6,262.67375932533247,281.39430884625057,260.5910218032331,280.7053514305646,263.0531859710233,0.39378103481783056,45.557861995598735,-0.5352000545612084,-0.726593533561669,43.13240899864468
1097,36.56666666666667,track,1,281.6048412850482,261.9156926614294,281.16029591628165,260.4002323161381,281.596344868087,261.7758581293876,0.1400924175411548,44.147805435402155,-0.5430888171313959,-0.7258510722329783,41.590711998651386
1098,36.6,track,1,281.53911477097273,261.49704065877506,280.949793501501,260.19373043028327,281.348168385255,261.8512591839043,0.4024068659496083,44.40091907941503,-0.5504927554622149,-0.7244472421489114,42.686606999268406
1099,36.63333333333333,track,1,280.22579829276003,258.650964274423,280.61188931757044,259.68147729679436,280.0564810260447,258.64022703142354,0.16965737589382432,44.07882452840297,-0.5609516450846785,-0.7157141964117258,42.11448699970788
1100,36.666666666666664,track,1,281.47469817621374,256.8588492165425,280.4608160074055,259.00831571615635,281.0292530090998,257.2989916807319,0.6262162451484559,42.63770906367727,-0.5669517147757326,-0.7034689517743917,41.331238999191555
1101,36.7,track,1,281.833462482242,260.52951052563606,280.3784350936313,258.8382789404069,282.16174755585496,260.38375020102103,0.3591895903126153,42.97942089284677,-0.571524215473523,-0.7033270662826192,41.97838100117224
1102,36.733333333333334,track,1,278.1953095684803,259.45234521575986,279.8818873674794,258.5726326622097,278.3415352392521,259.61679654157587,0.22005950412400643,46.04613330971514,-0.585978644852055,-0.7005532908994947,41.56338800021331
1103,36.766666666666666,track,1,280.02977929748215,255.16947466583773,279.65127155877974,257.83325286026593,279.82233602902727,254.73744904825975,0.47924820695635023,42.79529280907484,-0.5938568514457229,-0.6865561218265334,40.23964499901922
1104,36.8,track,1,277.6505295007564,259.92624810892585,279.16657627866834,257.73089253266664,278.1737197195917,259.8160213474605,0.5346755502433701,46.28296040810572,-0.6077564058654682,-0.6879017588240185,41.173104000336025
1105,36.833333333333336,track,1,276.07967809313186,259.0747020518491,278.5404416535085,257.5556498122604,276.14543629800977,259.3486170911541,0.2816976930438413,47.93320081980776,-0.6247081098455651,-0.6870556645941942,56.390314999589464
1106,36.86666666666667,track,1,277.70383580501846,256.6255553469745,278.16469033910084,257.12003004129417,277.4201821463659,257.04727044660643,0.508235204727626,45.86556789279293,-0.6354761746873885,-0.6798768052029531,63.494779000393464
1107,36.9,track,1,277.063070383798,259.46049506188274,277.75373639209573,257.0717811039689,277.4029420768455,259.17599238131305,0.44323192911420695,46.71432357978394,-0.6471610274448433,-0.6818845918065886,61.2743550009327
1108,36.93333333333333,track,1,280.2281990672715,254.14061202325433,277.76519792098884,256.411269313761,279.93941440596143,254.04898175219904,0.30297307996194134,42.45261365818261,-0.6490179821579706,-0.6692017516903757,48.71517999890784
1109,36.96666666666667,track,1,279.9568152951401,253.82752857811352,277.7615858402588,255.7750192637356,280.31236178960967,253.9748690073735,0.3848668754571334,42.07618792728357,-0.6517920332219149,-0.6575743887556103,41.83196999838401
1110,37.0,track,1,280.3947972456006,254.42323386891098,277.8274991919824,255.27127459790856,280.16008853714294,254.6210583349582,0.30695715856245853,42.43811838668793,-0.6533194966377543,-0.6493335247068638,43.01993199987919
1111,37.03333333333333,track,1,276.1406452448821,251.56789323658978,277.39631023631097,254.47983901866843,276.3170507623857,251.77192066129007,0.2697148431872954,45.2413325417333,-0.6668021126221501,-0.6343978499031223,42.73210899918922
1112,37.06666666666667,track,1,276.0001846949455,252.07055346918673,276.9903300094363,253.82099726152433,275.5001068282819,252.3749403175413,0.5854308039196952,46.18852281852097,-0.6793155681632276,-0.6229193378286788,42.002707999927225
1113,37.1,track,1,277.2494730791339,252.65031615251965,276.7747694100443,253.29695633941333,277.2383004995591,252.9562188963872,0.3061067056437331,44.68138932774034,-0.6871612252538576,-0.6146521006186842,42.434199998751865
1114,37.13333333333333,track,1,277.4529772553028,256.215052389471,276.61294025082765,253.25698071197723,277.7640387804297,256.5025539988219,0.4235757875441204,45.34545962524891,-0.6938473386988206,-0.6175420516679793,42.756859000292025
1115,37.166666666666664,track,1,279.5406109100146,253.4635803645139,276.7265266684203,252.91525142998893,279.22965539924974,253.6868442267704,0.3828055405355805,43.00640305526381,-0.694244107298868,-0.6126651974921564,42.11111799850187
1116,37.2,track,1,276.7515155465745,253.54794341959456,276.51439873573554,252.62865459890548,276.5260155712828,253.5809826961863,0.22790750899053044,45.54591543818673,-0.7026927337950334,-0.6089473748349893,43.314069998814375
1117,37.233333333333334,track,1,275.92574910484325,250.68188956592752,276.2306893523369,252.04057229940878,275.9647189631698,250.62612085768603,0.06803527523950069,45.29923200756022,-0.7127138909830484,-0.5980233028545354,44.165575000079116
1118,37.266666666666666,track,1,275.8161420603885,252.01391114815053,275.9654796308393,251.67177608927213,276.1083807324082,251.7528046455388,0.3918929026277255,45.437898927739106,-0.7221503244304337,-0.5924709575623905,41.93315600059577
1119,37.3,track,1,280.86539418055213,250.18819945287242,276.3347047077244,251.13134808574296,280.32941243088214,249.70271320379297,0.7231689526138001,40.83990893224551,-0.7167008794990531,-0.5827970015566742,41.1978829997679
1120,37.333333333333336,track,1,278.1372436632276,253.66940517131576,276.3680012432664,251.06469795836654,277.7425495771224,253.8827013225138,0.4486409140084103,44.4794504490791,-0.7198446804557252,-0.5843074811688431,42.788721999386325
1121,37.36666666666667,track,1,279.33512855036224,252.2571007244983,276.5540448280977,250.85694874055477,279.127787140162,252.19902525718203,0.21532120259700682,42.65388612172718,-0.7195163875959502,-0.5820010742191561,39.796469998691464
1122,37.4,track,1,276.20813249289336,250.25361512791991,276.36504692493133,250.4451026382248,276.1256545933921,249.82705966088355,0.4344561777265386,44.9614199779867,-0.7281994380680085,-0.5747394885503704,43.895947999772034
1123,37.43333333333333,track,1,278.91350644498414,249.5510305747556,276.5210005913513,249.99702834805674,278.80219522204504,249.59793414565925,0.12078962420551893,42.30105741452452,-0.7285331750098869,-0.5667492004363756,39.905007999550435
1124,37.46666666666667,track,1,278.70087719298243,252.04185463659147,276.65109030568397,249.897029671264,278.75929556171656,251.74010108171737,0.30735633015233393,42.879198639606045,-0.7297015393292702,-0.5670001304317,41.932924001230276
1125,37.5,track,1,275.62928148338915,248.60468709760494,276.41388779265617,249.414259508215,275.6173820500939,248.77131923958763,0.16705647923527775,45.24105234507799,-0.7395686098165962,-0.5579469460727281,39.56213399942499
1126,37.53333333333333,track,1,276.65148895292987,249.27934678194043,276.32132795481476,249.06374583623787,276.6506006743626,249.0184399048842,0.2609083891599782,44.277564072694666,-0.7456814179860511,-0.5522010136636389,42.17879399948288
1127,37.56666666666667,track,1,279.04164861686985,249.0041462961817,276.5281974651725,248.72388061714048,279.12327331442344,249.24194770755403,0.251420171230144,41.90847625429121,-0.7447283690815727,-0.5466778535892134,40.10320099951059
1128,37.6,track,1,276.6831180515391,251.03142471563524,276.44740017177617,248.66924280496613,276.7073303875835,250.68299864494264,0.3492663223888173,44.591273834884966,-0.7508160662325059,-0.5477716737381186,39.98320699975011
1129,37.63333333333333,track,1,274.0565572214841,247.88479787435946,276.0639423726917,248.2628101713145,273.9386475305494,247.79455400352356,0.14848114843227184,46.716199154349084,-0.7638296618095946,-0.5402564999440096,39.61463400082721
1130,37.666666666666664,track,1,275.20571537921796,246.378771448619,275.84849080640726,247.7219958538682,274.9634648757597,246.6407118667746,0.3567885775768455,45.523494484655394,-0.7724458841259141,-0.5297670107694245,40.323933000763645
1131,37.7,track,1,276.3363401248975,245.46344540465526,275.78912645648114,247.12616562389226,276.01411055542934,244.99463627208306,0.5688707218892007,44.26855386976629,-0.7773074536312322,-0.5182644898945956,41.10526799922809
1132,37.733333333333334,track,1,275.0568798082987,244.02080968596292,275.5880136596242,246.41640394704436,275.56199833521276,243.75345930676605,0.5715076128001876,44.596238055773064,-0.785602413287547,-0.5043461573497944,39.969577999727335
1133,37.766666666666666,track,1,276.89810573232637,244.86789649622384,275.6271061195473,245.87459081396844,277.1218357155935,244.83351671033878,0.22635608030313936,43.14973761437814,-0.7882007945068574,-0.4946453851586476,40.34819099979359
1134,37.8,track,1,275.6043928615999,247.1744040933483,275.51648162008667,245.66575185181682,275.76364515764385,247.27255155849238,0.18706741755176384,44.830180636595436,-0.7945390442661912,-0.492694439439224,42.893767000350635
1135,37.833333333333336,track,1,274.1796116504854,246.8364645063674,275.2493626639863,245.45295987502286,274.13177978757057,246.98303786770848,0.15418053497353154,46.39672879975237,-0.8045127193806347,-0.4902015507060982,39.26381599922024
1136,37.86666666666667,track,1,277.74904018428464,243.6165856155618,275.43292266889154,244.89107536115563,277.38964404007527,243.8704860602897,0.44003525348042577,42.78578148607771,-0.8037599531700441,-0.4792438600598004,41.44625499975518
1137,37.9,track,1,277.7690992018244,244.77232991258077,275.6145634595251,244.5249033834177,278.06223961354135,244.939363301958,0.33738917313455186,42.227633796611784,-0.8034815337526714,-0.4730664255535144,39.929579999807174
1138,37.93333333333333,track,1,274.48896646303456,240.79379129784317,275.3986048678473,243.7286019061127,274.5381637692152,240.97684792592315,0.18955237803690242,45.472329886922196,-0.8127776828726049,-0.45673460280356515,40.66382699966198
1139,37.96666666666667,track,1,275.6252851711027,242.68631178707224,275.33744325847704,243.23151948674175,275.41017325171174,242.71117336243495,0.21654384265911109,44.67217378238426,-0.818160872635068,-0.447838239617521,40.19316799895023
1140,38.0,track,1,274.6272772033481,242.79831363860168,275.1664330478888,242.8031281365302,275.02372862268675,242.6688122659644,0.4170663417378091,45.055383095882,-0.8260992861154149,-0.4404624889327664,41.620302999945125
1141,38.03333333333333,track,1,273.8190596402651,242.36995897759545,274.91511237450914,242.37470451770173,273.9024944938427,242.18891258918092,0.19934685738546906,46.14944584947122,-0.8357698316297748,-0.4329276851277293,39.13077300057921
1142,38.06666666666667,track,1,275.79506063107107,239.50885658053457,274.92181845026283,241.65531369713338,275.61128704894884,238.95233005333455,0.5860840425769587,44.40107487176367,-0.8392211541301025,-0.41847779784297373,40.307715000380995
1143,38.1,track,1,273.04809391567784,238.71730623579904,274.60585350382615,240.91095052257455,273.43010513263664,239.09630136358797,0.5381169731295313,46.57866227343513,-0.8503989050399575,-0.4037124677977855,39.8562430000311
1144,38.13333333333333,track,1,276.0193459235375,237.05126011712838,274.6711559200914,240.03965876707252,275.9930579310448,237.03381843745788,0.03154791180133997,44.106792938529814,-0.8524067555864229,-0.3852567569398508,38.781215000199154
1145,38.166666666666664,track,1,278.1834570519618,240.59079283887468,274.99772570470503,239.67311730966,277.6835655957072,240.1635617394843,0.6575848844998354,42.31675050302704,-0.8486147163857959,-0.3883932622996732,40.67493900038244
1146,38.2,track,1,276.49873160832067,239.88470319634703,275.10801425568746,239.27295525789762,276.6577553136291,240.1485856145449,0.3080949033722861,43.34249937576394,-0.8504072220017326,-0.373616865353097,40.026204000241705
1147,38.233333333333334,track,1,274.39470381526104,235.94051204819277,274.9640749040882,238.4536102423398,274.0997698333707,235.8164614947767,0.3199602998444002,46.0904884306321,-0.8582284829819071,-0.356940517729748,40.93640700011747
1148,38.266666666666666,track,1,274.4141928005667,237.10766952154034,274.835345369321,237.852702686054,274.6316369379481,237.34870608363846,0.3246237470512855,45.445766869545636,-0.8654381000666366,-0.345637102313629,41.61972300062189
1149,38.3,track,1,272.88909309842194,238.9548133595285,274.53641334894746,237.53889215919335,272.5834575288501,238.71994985374852,0.38545293841760475,47.433817348968255,-0.8764644242377573,-0.3409297999785256,41.00146999917342
1150,38.333333333333336,track,1,276.7004235176881,239.07118834080717,274.7164971818292,237.28730922819855,276.82373979756443,239.18070544838932,0.1649269587899508,43.18403279721245,-0.8759890056991873,-0.33722349117643957,41.1122540008364
1151,38.36666666666667,track,1,276.6050280755488,240.50044665645737,274.8787407734229,237.25032495909093,276.3502156224182,239.96346653828007,0.5943711244568686,43.6497996662437,-0.8763164149522229,-0.3381235782138246,40.06311800003459
1152,38.4,track,1,273.54342818006353,233.85592428864953,274.66857914593805,236.44787176899771,273.76308782191944,233.69147342962165,0.274398329614587,46.66529283367569,-0.8855801406385349,-0.32059588561625174,40.927759000624064
1153,38.43333333333333,track,1,275.19519480519483,237.97474025974026,274.67252426911693,236.2142329089434,274.8651019910076,237.9862999000826,0.3302951577951223,45.17979644016289,-0.8895435021768455,-0.3169158275274537,40.6826460002776
1154,38.46666666666667,track,1,279.8382370969719,236.7951452739978,275.23525188371616,235.88086849117366,279.88329369467823,237.05090261345728,0.25969580990893953,40.2249586722318,-0.8805260505513225,-0.31056922144700466,43.84283299987146
1155,38.5,track,1,277.24320933442067,237.27275578696444,275.45538040632033,235.65145197912045,276.7827471992889,237.7346215408715,0.6521850600268619,43.27658580807472,-0.880252291961996,-0.30653085277695385,41.02165500080446
1156,38.53333333333333,track,1,277.24406588588965,237.05680465961044,275.66289764451045,235.43599003352347,277.18413480766833,236.63070616096243,0.43029253384976646,42.94822991860893,-0.8803490130574376,-0.30259546802723913,42.22117500103195
1157,38.56666666666667,track,1,278.9808183306056,232.52962356792145,276.0653391511063,234.71721763898643,279.38927468808475,232.19748786132396,0.5264510647364664,41.35347876580664,-0.8759266962315,-0.28673100962830506,41.67121899990889
1158,38.6,track,1,278.72487445171953,232.91303795054353,276.41124018114397,234.11360314468564,278.6067489488918,232.59828972770842,0.3361845894685941,42.04981031508964,-0.8730851411735276,-0.2740550480975284,41.94101400025829
1159,38.63333333333333,track,1,275.61618949801,231.64122480421108,276.36161274464416,233.4209360431105,275.83902334587907,231.35480837512688,0.3628901963479935,44.99923551880176,-0.8795769826280586,-0.25948557792408544,41.09981399960816
1160,38.666666666666664,track,1,276.61859341986116,235.20356172653183,276.4321253056804,233.2235868663331,276.0921395461517,234.7714925830707,0.6810561106655634,44.21806756794669,-0.8828278901227882,-0.2567033004487531,42.913628998576314
1161,38.7,track,1,277.69578505029926,232.52082006876353,276.62444924131114,232.74407746952852,277.5965721343557,233.02811340576704,0.5169039876593977,42.97275761967975,-0.8830820938607616,-0.24684985135568055,43.66180799843278
1162,38.733333333333334,track,1,278.1558602717627,230.86678662282063,276.8569512086299,232.12240352853615,278.4131906563802,231.2642284778089,0.47347540056892534,42.49442805204592,-0.8824422154083249,-0.23368751622800024,45.23131099995226
1163,38.766666666666666,track,1,279.65576057320396,230.06194914716886,277.2509145668172,231.46926457870458,279.3643092641265,230.16061973993195,0.3077007498190001,41.809960122963176,-0.8781089637701843,-0.21996261508772375,39.9653770000441
1164,38.8,track,1,277.7305778798316,232.53323127949994,277.3858344576846,231.17906920799481,277.6333742567315,232.3986145883045,0.1660427592284737,43.04314157966771,-0.8800720736369091,-0.21485258316158168,41.50557499997376
1165,38.833333333333336,track,1,279.1706164206164,234.0778295778296,277.6794620418777,231.11861235510185,279.49601507540706,233.66029003330934,0.5293614604197698,40.99713059756023,-0.8781683681075264,-0.21473087588379652,40.74429200045415
1166,38.86666666666667,track,1,278.8446362515413,229.1813875008112,277.91034222507005,230.50233682423453,278.3683167422227,229.42296640799415,0.5340792481956487,42.95428605485505,-0.8778116162620355,-0.20107526187038882,40.785531999063096
1167,38.9,track,1,277.1845203628643,228.41098886958758,277.9221862161995,229.8575718891008,277.1054693328661,228.00829174228934,0.4103827989548664,44.53921674313251,-0.8825384416559491,-0.1870598350611932,41.014772999915294
1168,38.93333333333333,track,1,278.02495829987026,226.64224377586953,278.0275077432196,229.06737300367465,278.33348190808715,227.01588142585925,0.4845533100877614,43.642709185510554,-0.8847808088916398,-0.16988155725420262,40.666549999514245
1169,38.96666666666667,track,1,281.8817272785173,231.88854213107444,278.58145627847836,228.98063190288488,281.51461624136704,231.72319426268345,0.4026293968142293,39.36534359385837,-0.8764559980951286,-0.16945167543911255,40.119492001394974
1170,39.0,track,1,281.16255461321,229.5386147519918,279.0082760171135,228.6453699307791,281.0371403758103,229.7716529519377,0.2646422747343731,40.283042504631126,-0.8715932967399095,-0.1625433786808936,40.34382999998343
1171,39.03333333333333,track,1,277.5835651074589,225.92989886219974,278.9724316155623,227.9254271077376,277.7655890476073,225.4586491868428,0.5051821169748265,44.66762084515914,-0.8777017386704289,-0.1464910489624322,40.79927100065106
1172,39.06666666666667,track,1,279.8667775787049,225.32531353980036,279.2033554303426,227.2040867671884,280.33373062507627,225.22906936590135,0.4767683803745883,42.32721722392539,-0.8771091630039892,-0.13076502447832608,38.215325001146994
1173,39.1,track,1,278.0498106060606,224.43686868686868,279.1944172107488,226.4484574059861,277.7631620982972,224.71915103101298,0.40230670988511985,44.91608644069195,-0.8821204494651476,-0.11447132288139206,39.515652000773116
1174,39.13333333333333,track,1,281.3453661034306,228.75582437275986,279.57195817535677,226.2843965704091,281.4358759175786,228.22572874638513,0.5377670495286249,40.32152191817785,-0.8778052489909972,-0.11217276698877156,39.228310000908095
1175,39.166666666666664,track,1,280.8626886671783,229.11390381171654,279.8601254257832,226.2015968300406,281.20584015596535,228.82654397133973,0.44758085539726705,40.37118969796302,-0.8758489025844834,-0.11113674230529756,39.7499209993839
1176,39.2,track,1,277.1525704809287,224.41822936599056,279.677759456817,225.5893036791777,276.78570981580083,224.31129153604846,0.3821288357227196,45.97401928688678,-0.8849444474491459,-0.09718957212125026,40.504711998437415
1177,39.233333333333334,track,1,282.5025724683147,225.31628811645126,280.137799167654,225.14872160036413,282.52001448550226,225.24823900455456,0.07024888321887836,40.278577018481,-0.8784921396668047,-0.08752808104004746,39.721494000332314
1178,39.266666666666666,track,1,275.78346256514556,226.04785814160417,279.75726846641714,224.84959638148814,276.0197649372717,226.0160303635498,0.23843619383038897,46.14989147296012,-0.8920878620780762,-0.081129899889169,40.82730099980836
1179,39.3,track,1,281.93631184791656,221.55251872239646,280.12782795258767,224.05775707123766,281.4682482821915,221.52707674091633,0.46875451569120186,42.73107515823622,-0.8873795929757553,-0.06301265106581275,39.78360499968403
1180,39.333333333333336,track,1,281.80099440646364,222.81547545059044,280.4516575028559,223.49258248569075,281.63381889411943,222.7991319405199,0.16797250444336514,42.04561468986831,-0.8841769243226467,-0.05064507491889628,41.189511999618844
1181,39.36666666666667,track,1,281.13077790304396,225.12395089565325,280.6668797331446,223.2659206704031,281.20067332432365,224.94828661494523,0.18905901045052095,41.6166051752385,-0.8837307552833776,-0.04619356581810768,39.097265998861985
1182,39.4,track,1,280.2365147861404,223.4945424546262,280.75294741606456,222.8856469190283,280.7103451875015,223.2332056729289,0.5411212089005017,42.71770554806976,-0.8863088302990697,-0.03772476257720014,39.74276699955226
1183,39.43333333333333,track,1,280.27807216754985,220.739843552864,280.8297599946051,222.22604479515022,279.9883662514173,221.2295052816194,0.5689447481521747,44.195727250532684,-0.8889411554451353,-0.022619996916864574,43.612749001113116
1184,39.46666666666667,track,1,281.3696444276919,220.68306319889433,281.0237301964752,221.62722030005972,281.3563504658438,220.92587412753713,0.24317458027104194,43.09470880650257,-0.8887112758444075,-0.009193446590575971,42.983372000890085
1185,39.5,track,1,277.4930551191,224.20790647979385,280.7335241524824,221.51436854965942,277.844058771613,224.20218654849927,0.3510502552220578,45.01882151611298,-0.8998397898595375,-0.007198025610675936,39.857671999925515
1186,39.53333333333333,track,1,281.82852171671607,223.61038793658977,280.971843517184,221.36406202492202,281.4327291465482,223.14277068306814,0.6126317445180423,42.09038561627989,-0.8980559701082135,-0.0037616167041715975,39.388815999700455
1187,39.56666666666667,track,1,279.6887092823904,224.3258021062944,280.93227777590135,221.3343924990419,279.5705719068601,224.50478332534837,0.21445446199889404,43.2971176376993,-0.9030289547593001,-0.0027885492178021487,41.7388049991132
1188,39.6,track,1,281.5370464997445,221.4126213592233,281.1090235738002,220.9826513964662,281.7601574209846,221.23097002284828,0.2877076488094064,42.59767654169764,-0.9027855677928048,0.006105599203235692,42.07639899868809
1189,39.63333333333333,track,1,282.83119136357794,221.6757486184295,281.42266120797814,220.7077178583274,282.3527107504216,221.98744011212955,0.5710475325324955,41.73452649252825,-0.8995026717933705,0.013084908875466856,42.033235000417335
1190,39.666666666666664,track,1,279.9550261179768,220.87558924703785,281.3655453139167,220.3773413925975,279.79035305959604,220.62852098292174,0.2969174014600944,44.63261034693176,-0.9051507947016753,0.021379543093450054,41.20393999983207
1191,39.7,track,1,283.84772023019036,218.23967621577182,281.7700592479841,219.77503269507577,283.9725459536657,218.3656612328972,0.17735186996821461,42.02406523589188,-0.8997415349943171,0.03597493276865395,42.08187499898486
1192,39.733333333333334,track,1,279.5432713245816,220.6142599390282,281.6272335282922,219.51704932606256,280.086427386717,221.07457659361333,0.7119760742629425,44.173124520083746,-0.907493916264811,0.042167141223329624,40.37105099996552
1193,39.766666666666666,track,1,283.0023035736521,220.99844353131616,281.89929762228087,219.34421844339172,282.8406122654197,220.73153660324525,0.3120631144659135,41.85801928520933,-0.905131517707556,0.046565334167796596,40.8703159992001
1194,39.8,track,1,280.6439075630252,216.28101828966882,281.86517541854397,218.64048127242486,280.880720995807,216.47756452535486,0.30775156329131365,45.64671905478793,-0.9101410908218843,0.0636067333628874,40.83942500074045
1195,39.833333333333336,track,1,284.6022408963585,217.92678889737712,282.29922405738375,218.19976415028725,284.08886744421005,218.22279190968345,0.5925960552224926,41.99828846094166,-0.9039866071894896,0.07402107194527278,40.194592000261764
1196,39.86666666666667,track,1,282.0217743948091,220.03381582231094,282.39029273243517,218.06166072045545,282.0569310147528,220.42718920193488,0.39494126616830894,42.69392704537826,-0.9062630258465182,0.0773804532486766,41.81728399998974
1197,39.9,track,1,283.61262744601356,216.47311759863214,282.65791913948425,217.5292548056361,283.86768470278975,216.16666928410643,0.39870386718696416,43.284776327828816,-0.9042719733815676,0.09034331357657499,40.67971000040416
1198,39.93333333333333,track,1,286.5420607895069,218.42432841468028,283.2511476247157,217.28583061292684,286.13911887081724,218.05441564729907,0.5469896208420306,40.35056311163646,-0.8947972206524222,0.0963480847645611,40.79947200079914
1199,39.96666666666667,track,1,286.8288048641459,217.64373931217938,283.83277894637735,216.98683355751416,286.86176580121696,217.29894614638616,0.34636505388146765,40.16815171100196,-0.8860766511022422,0.10387962172595203,39.046202999088564
1200,40.0,track,1,283.8583183337619,215.42748778606327,284.0124132436848,216.46354802737554,284.1571524653025,214.96034774322658,0.5545463531528254,43.72292195788966,-0.8870473694257632,0.11674456639764547,39.4875839992892
1201,40.03333333333333,track,1,283.85487301388713,213.3907168772676,284.16897928145477,215.7513721123356,283.70037815117905,212.97175263270844,0.44654193624139915,45.256918831432856,-0.8882502391756015,0.1338139394275816,39.80144600063795
1202,40.06666666666667,track,1,284.5231438334887,214.62988505747126,284.38435004305194,215.25458962549826,284.8451712928231,215.05490177878553,0.5332362496700042,43.10591498503407,-0.8878319106578595,0.14548915888240727,41.82985699844721
1203,40.1,track,1,284.8062248995984,213.02434738955824,284.6088752164832,214.62045156459797,284.4903443977226,213.17148215453753,0.34846682845119137,44.50511218699094,-0.8870954210063418,0.16040514619620125,39.5972009991965
1204,40.13333333333333,track,1,282.7329815982499,216.78831553210654,284.5601062029712,214.50014336915044,282.8788893323644,216.7527680272138,0.15017553721735033,43.79966497126871,-0.8926709614757137,0.16319189822971333,41.099563999523525
1205,40.166666666666664,track,1,283.3808007279345,212.9771870531652,284.5807329038941,213.95586090388431,283.04369966976043,212.7300796563495,0.41797032069649404,45.928386534341804,-0.8962295284044972,0.17644496997470782,40.52121000131592
1206,40.2,track,1,286.4686503067485,209.82276073619633,284.9590416500569,213.09197243005656,286.5618233994733,210.34381189774507,0.5293161041940848,44.69453151252775,-0.8912490929522523,0.19702802971888328,42.127000999244046
1207,40.233333333333334,track,1,284.65452545772143,210.73979426796922,285.08664472337387,212.41617859330913,284.29477056389595,210.90430281106237,0.39558392836667927,46.058907976581295,-0.8924372724976493,0.21274248784056965,38.49429500041879
1208,40.266666666666666,track,1,287.9293689784981,214.13437121163784,285.58734530956417,212.21440856464505,288.0300832953366,213.90477056985137,0.25071862380967463,41.267863684896625,-0.8848117111549135,0.21731760623676674,40.99411000061082
1209,40.3,track,1,286.4429631575491,211.01858540749984,285.8682336934505,211.67876110211108,286.1088153205881,211.21521258025138,0.38770739225603207,44.46545159755067,-0.8827095337484239,0.23024948257154706,40.26657099893782
1210,40.333333333333336,track,1,287.3808617298052,213.34995875372803,286.2320716670322,211.4809625130761,287.5610094147892,213.0555446504293,0.34515627276104505,42.16979706226248,-0.8786552805614539,0.23527490513552118,40.393408000454656
1211,40.36666666666667,track,1,288.80121051636087,213.82668179812117,286.7310074161002,211.3780619819409,288.4959138593384,213.8951277323311,0.3128752062707776,40.9142004647474,-0.8715326392070085,0.23851068300156766,39.721647000988014
1212,40.4,track,1,283.6719910151619,210.11967305172521,286.5726178578335,210.8627789356446,283.89017785484043,209.72426795891644,0.4516089950698744,47.1225976149294,-0.879973629503432,0.25179573626528,38.38097900006687
1213,40.43333333333333,track,1,286.57674943566593,212.05800100326059,286.7584743514294,210.63527248162865,286.35700508112177,211.9775659315768,0.2340029532095803,43.784790946523785,-0.8796922643468462,0.25814374798727596,39.4020730000193
1214,40.46666666666667,track,1,285.2593739916102,208.54688609228782,286.7631713944992,210.02590212269746,285.6470165253512,208.74482683288952,0.43525540864544426,46.44365751440724,-0.8835963007465709,0.27362842721839614,40.35743799977354
1215,40.5,track,1,288.8337235091178,212.96506899950714,287.18332393320594,210.00653049852036,288.9666201638469,213.45734431911953,0.5098985302368187,40.836053122807165,-0.8775387615895761,0.2750227779587013,39.16212500007532
1216,40.53333333333333,track,1,288.31926258875643,212.82880594098106,287.5042690833098,209.9957050638665,287.9762895897565,212.55663794288503,0.4378423200543777,42.17411705580847,-0.874134578341028,0.27675367117072386,40.9017740003037
1217,40.56666666666667,track,1,285.1742063246488,210.66749180023515,287.41691028613036,209.74926700583492,285.5679943735567,210.5738848396975,0.40476078184993414,45.29303770875615,-0.8803615326913149,0.28437115734561863,38.331306001055054
1218,40.6,track,1,287.5700464642607,210.63878811024122,287.6094490229415,209.5358595630296,287.61213643623637,210.66281944497183,0.04846721355562,43.69947218380665,-0.8796025251969954,0.29119245875368643,39.15633199903823
1219,40.63333333333333,track,1,287.32173358827276,207.44926704907584,287.74896504282094,208.97492753266772,287.0029733535011,207.56895729324035,0.3404905899138044,46.26636249541807,-0.8801188723444363,0.30615712459343947,40.34797299937054
1220,40.666666666666664,track,1,285.4517865248687,208.01238570780106,287.6449107441418,208.53680796783578,285.95413323524076,208.1224270213135,0.5142580170509713,46.640119026169096,-0.8862753630909829,0.31784589740082797,41.13907200007816
1221,40.7,track,1,289.1983109164842,210.5573975602127,287.98466035516236,208.451456871754,289.3282611075924,210.69937906775795,0.19247285692761573,42.41794377028393,-0.8817299065024055,0.3211834979609009,40.24363499956962
1222,40.733333333333334,track,1,289.9909369335584,209.14725920370023,288.3878111938379,208.22370475325027,289.91215826097067,209.1790506316463,0.08495159884034521,43.07213879620441,-0.8760255528218176,0.32821939657631366,40.6026020009449
1223,40.766666666666666,track,1,288.6545768566494,210.03499008507643,288.59513470476196,208.13638817642823,288.3531136958607,209.9337791749049,0.31799950573930635,43.652068077589405,-0.8751874233791014,0.3320623991624788,39.57511000044178
1224,40.8,track,1,292.4363047405469,207.52289291721175,289.2303841201201,207.77354057695888,292.0124340357611,207.32044400098812,0.4697360301869086,43.026238842073774,-0.8643089679458985,0.3425799340389565,40.599975998702575
1225,40.833333333333336,track,1,293.11810366948936,207.71965614575313,289.89560960496476,207.4757100815204,293.44851693044603,207.31376651047933,0.5233730209312756,42.111413095790006,-0.8532268581231245,0.35140586931100914,39.54007399988768
1226,40.86666666666667,track,1,292.9844250737085,203.75092936802974,290.4898271119319,206.7407238580583,293.17582829678366,204.1921975062582,0.480991438197357,44.74075219522414,-0.8441694014691647,0.3704068418272431,40.488423001079354
1227,40.9,track,1,288.07606853699866,206.74518295361827,290.4449691666902,206.42896462910258,288.1915109692132,206.8130461982953,0.13391181849897305,45.96905347141886,-0.8501793916434014,0.3789664370425141,40.35325899894815
1228,40.93333333333333,track,1,292.3167013167013,206.53820953820954,290.8945891978712,206.13214464511415,292.23585705577545,206.35564216286718,0.1996663243114518,43.62098632195716,-0.8439311811197877,0.3873364741538957,39.87972700087994
1229,40.96666666666667,track,1,291.22160560005045,206.91908936116542,291.1702998246565,205.91946441205116,291.08725818693875,207.3321287256059,0.43433943406880726,43.62495218047949,-0.8418644565376139,0.3938813355364877,40.749570000116364
1230,41.0,track,1,293.50726509525344,205.43209557636422,291.68677666221265,205.56199624120876,293.30461109935055,205.4713470209455,0.2064202459961885,43.64483549178399,-0.8340314782679136,0.4040174120730797,39.73148700060847
1231,41.03333333333333,track,1,293.6386544342508,208.1206727828746,292.17106051956955,205.5678243899288,293.3986468816751,207.7445207323694,0.4461994961814994,41.80966312361724,-0.8271426058522501,0.40564480714662926,39.93668200018874
1232,41.06666666666667,track,1,295.0870876531574,201.32277725416273,292.7818236729941,204.77941235375354,294.7984777924892,201.52897907638953,0.3547038809550483,45.99060961196898,-0.8173810847073348,0.4262596032278044,41.12900700056343
1233,41.1,track,1,295.2701359995032,203.54759982611935,293.35898688340814,204.32504377750345,295.03743092481744,203.18488411472873,0.4309458655958072,44.48013728035485,-0.8086050780010955,0.43839144382642664,41.212639000150375
1234,41.13333333333333,track,1,295.3402489626556,207.2217749427138,293.89006150459073,204.35850038318665,295.1845324594258,207.3004845214681,0.17447872983776958,41.04955227268673,-0.8009863801959478,0.439097841593895,40.70834399863088
1235,41.166666666666664,track,1,292.7052577385932,204.78705193384388,294.05353854624303,204.11858052848277,292.60531985844005,205.1642472263598,0.3902100313750012,44.31701898102533,-0.8019316567598006,0.4467850389912558,38.73700300027849
1236,41.2,track,1,293.5071718016338,203.94982954910915,294.28310263905723,203.8123171160557,293.51268201689675,203.78581356499467,0.16410851750377647,44.866973522707646,-0.8008454906503752,0.45609599118673316,41.37361900029646
1237,41.233333333333334,track,1,295.2514368723552,203.76511084443882,294.6879064462676,203.52163657105797,295.35078800024047,203.90174361398678,0.1689353732242543,43.71118582604953,-0.7954048903733362,0.4650191176329423,40.44886699921335
1238,41.266666666666666,track,1,296.31767280216246,202.81651435191145,295.1761034083609,203.1541277129241,296.5916630886226,203.2363666621647,0.5013448309292825,43.58342544081807,-0.7880466920788252,0.4757470504182051,41.50757500065083
1239,41.3,track,1,293.5792526978978,202.5048343833822,295.28711155491175,202.79072508888478,293.09589188149266,202.04559462480321,0.6667374555966661,46.52276777059915,-0.789607250400156,0.4862987299062711,40.34800700173946
1240,41.333333333333336,track,1,294.2417756890639,206.1481646132351,295.45107374137785,202.90432250092124,293.9422917572175,205.9552287594443,0.35625113208544584,42.87249243615004,-0.7895237175052461,0.4856746555688742,39.99661000125343
1241,41.36666666666667,track,1,296.2524210791095,202.25179222739277,295.82667880422986,202.56305386467295,296.2037072077943,202.15685903933098,0.10670216236838902,44.70309685493216,-0.7842774858803463,0.4962497635769208,40.72895500030427
1242,41.4,track,1,297.9967260593087,203.74179940817226,296.36921213256846,202.4384229159991,298.2486698933646,203.76860737063416,0.2533660639670386,42.25913124131978,-0.7752402752509094,0.5015997472868386,39.19760799908545
1243,41.43333333333333,track,1,297.8307489484588,202.46223868416095,296.8394041388643,202.18559416802756,297.34362591553264,202.68554800973476,0.5358692975860807,43.65409046113702,-0.7681649489840742,0.5101065058543526,40.613641000163625
1244,41.46666666666667,track,1,298.9844941853195,203.69213455045642,297.3988920990058,202.11219503477096,298.89931765068326,203.84795788543866,0.1775836529008898,41.859394939007224,-0.7590901993972963,0.5143820713495975,39.873459998489125
1245,41.5,track,1,295.4013727430126,199.78159782339847,297.47502583264037,201.59193081611647,295.60736906745007,200.03113820648107,0.32358134753221396,46.82424966703694,-0.7614572592992289,0.5292918198414838,40.093961000820855
1246,41.53333333333333,track,1,297.0006983240223,202.57706957846622,297.717534195117,201.4544216011178,296.68618599331535,202.69817900331708,0.33702447827188936,43.988177652715514,-0.759428518597783,0.534849194615441,39.59857299923897
1247,41.56666666666667,track,1,296.90242355031086,199.73924628854206,297.9138295103045,201.00252160012124,296.92651560016964,199.83775874764387,0.10141563718028952,46.3183689777789,-0.7583270355822778,0.5479488920835911,38.35748500023328
1248,41.6,track,1,297.9705260539734,202.3505782862828,298.2066861688771,200.9073440848033,297.57861693802727,202.16984489435816,0.431575386367508,43.975436936187876,-0.7548005033230699,0.5524725469969317,41.37748900029692
1249,41.63333333333333,track,1,301.3003468937244,202.61103752759382,298.8609440676594,200.8656866195457,301.32448734479834,202.3698482484014,0.24239436828319416,42.00955955235589,-0.7428336334757697,0.5560335241310133,39.66259099979652
1250,41.666666666666664,track,1,301.25156680872396,202.6051015292053,299.4496966304307,200.84158985343248,300.8394987009757,202.1528845293686,0.6118008992838696,42.4208552421709,-0.7328389633596002,0.5594551567474858,41.59111599983589
1251,41.7,track,1,298.19775280898875,202.00616372391653,299.6165431431729,200.7621731271917,298.37535123000794,202.39240530352822,0.42511616879323966,43.38152386995657,-0.73290261219757,0.5643808085648276,39.43925599924114
1252,41.733333333333334,track,1,298.9062362895644,198.9137574428079,299.83736326759777,200.33189572502005,298.70043920755853,198.97914058017523,0.21593377136085012,46.22101467397635,-0.7313063511157857,0.5775768970247144,40.121887999703176
1253,41.766666666666666,track,1,298.02256922493365,199.5910987482615,299.9190052157331,200.02328428751665,298.41770518110127,199.3116171637315,0.48398592949370545,46.05800633419353,-0.7327421679828396,0.5875503334103135,40.126688001691946
1254,41.8,track,1,301.87747205503007,199.97168652499693,300.4374633239755,199.79380561878162,301.9243581555284,200.42071716310272,0.4514718378566254,43.51147501490525,-0.7236482006396852,0.5955737000969326,41.2143819994526
1255,41.833333333333336,track,1,298.22372581257116,195.4974073605666,300.4679193490597,199.0580333585183,298.0646612526198,195.58633911930832,0.1822371859566727,49.53516285213364,-0.7262594861657055,0.6154519781586049,41.22420699968643
1256,41.86666666666667,track,1,300.2120628809753,196.78042990054539,300.71543728510443,198.53658487308755,299.6993546815075,196.39447295564565,0.6417417402022741,48.09946142279714,-0.7233955164247907,0.6297228426082,39.932949001013185
1257,41.9,track,1,299.4002381250783,195.67119939842087,300.83243280672156,197.9314709158928,299.7973439821384,195.98518618760735,0.5062418053608879,48.42985799190031,-0.7235645053475456,0.6458137056559092,41.99220800001058
1258,41.93333333333333,track,1,304.92142767057635,197.9830369529575,301.58482710351194,197.65799445898597,305.03994466768575,197.7804567720604,0.23470195631081756,44.79166312966917,-0.7087202271235862,0.653979319715157,40.58461800013902
1259,41.96666666666667,track,1,306.89163534433334,198.99018920812895,302.5082672573462,197.54014687516835,306.8815035655013,199.24903113231113,0.2590401410141558,42.81047082615773,-0.6905515524943922,0.6588171004442319,39.62038700046833
1260,42.0,track,1,302.84584880720087,198.48977151129856,302.870797130944,197.38758688846224,302.61822717705314,198.30538503970755,0.29293340099225607,45.17263489277084,-0.6861382612118709,0.6648819888486049,40.284613000039826
1261,42.03333333333333,track,1,303.7382854267564,199.3007107365243,303.29651013011573,197.35864630946966,303.4830762204494,199.4011023123756,0.27424479481982716,43.83011823609056,-0.6799825673425458,0.6683125967255907,38.25921899988316
1262,42.06666666666667,track,1,304.3118559900683,201.03743016759776,303.7432694085451,197.55565249635683,304.04860082018024,200.60775365559152,0.5039099021081409,42.49936714649428,-0.673217521991176,0.6668043694321364,40.88841800148657
1263,42.1,track,1,303.69480438574635,200.7704335908298,304.06713355194285,197.72367664026748,303.3390740763145,200.70635924837507,0.36145480272019725,42.6799327102597,-0.6692531394779765,0.6664922780347294,40.54117099985888
1264,42.13333333333333,track,1,307.3307086614173,194.32614673165855,304.7842593046503,197.12411268940212,307.1627438149238,194.64248932349872,0.3581687103443731,47.139144255387215,-0.6558938848252098,0.6844203321654756,39.978714999961085
1265,42.166666666666664,track,1,309.2188792061574,199.52471216843713,305.6608217104859,197.1966607384907,308.9642211872778,199.20560341025995,0.4082659747334512,42.2607525622098,-0.6391474370055733,0.6859149962326951,39.77852700154472
1266,42.2,track,1,308.8420816796825,198.9405325822558,306.41458134875063,197.20839403797572,308.7908743720466,198.80001367355828,0.149558523852243,42.697580383930735,-0.6256820487683314,0.689169865151812,39.82058700057678
1267,42.233333333333334,track,1,310.5764246295033,196.89210640540708,307.3040941542707,196.98693499492433,310.6484957231913,196.98240400498145,0.1155331079572906,44.022314766829425,-0.6091588159723851,0.6980282712525295,39.98008999951708
1268,42.266666666666666,track,1,307.8808944131215,196.06535110199897,307.78977603331765,196.6923648253628,308.1475819550295,196.40460340471176,0.4315256306465221,45.177853178445865,-0.6022896522004219,0.7084120547382208,39.50602400072967
1269,42.3,track,1,311.28634667678494,195.68747233289065,308.6253354252033,196.38305761424667,311.7407410838599,195.2267631488982,0.647091360934464,45.528651374367556,-0.5868797036729833,0.7189273213884615,40.17777999979444
1270,42.333333333333336,track,1,307.9735540334855,201.39205986808727,308.9850417093714,196.7876734059421,307.73504462691164,201.101600638559,0.37583680107512096,40.786206040596646,-0.5827424928558778,0.7126179450649186,40.551432999563986
1271,42.36666666666667,track,1,311.13439746557816,198.2624588765688,309.6720428483608,196.80467866922115,311.16544900726586,197.9420597921128,0.3219002509496162,42.9758027938215,-0.5704588814060068,0.7161511150378566,39.172246999441995
1272,42.4,track,1,311.8023160677198,195.22934105355907,310.3678958545683,196.46801009116288,312.24357372896765,195.14807561685745,0.44867849827267503,45.51765887399195,-0.5580154036470178,0.7279980273156824,40.49845900044602
1273,42.43333333333333,track,1,313.3591907657937,200.2392329651235,311.1776422451509,196.7613211836342,313.2140423186708,200.16256856889936,0.16415084937520097,40.41126284441549,-0.5429377640740617,0.7247344386231918,39.29265399892756
1274,42.46666666666667,track,1,308.6756756756757,198.95152491941482,311.34704341952636,196.89203358975857,308.954659977206,198.96699033230368,0.2794126330289817,42.49361621006612,-0.5429488666545381,0.7257843046545012,39.1781929993158
1275,42.5,track,1,312.4782068794238,200.00707810753755,311.9306019644153,197.149030824655,312.2667628566829,200.02835306073302,0.2125116429429984,40.71284214780627,-0.5325632537808137,0.7240361493875336,40.303479001522646
1276,42.53333333333333,track,1,314.22727848101266,195.12506329113924,312.6577169038877,196.8131992468006,314.43368986473274,195.182809956272,0.2143369698936533,45.1615359785029,-0.5188319065743158,0.7363867688693011,40.60237500016228
1277,42.56666666666667,track,1,312.3981967003453,199.08127637805347,313.0910791559541,196.9778126221382,312.1413729419572,199.13041846391096,0.2614830538964716,41.61827380096913,-0.5121255659783726,0.7364851062375015,39.89321100016241
1278,42.6,track,1,311.22484844773743,195.94335925540383,313.3270148314096,196.76348209916574,311.6760485604161,195.91400233019044,0.45215414488783406,44.864945760705034,-0.5097558272287065,0.7456685303012075,40.20425799899385
1279,42.63333333333333,track,1,312.30334940370466,197.19906115199188,313.6477099487037,196.71871278198358,312.3687588618282,197.02194457150037,0.1888085811000761,43.65030457767863,-0.5049568274473754,0.7505804624923438,39.32401400015806
1280,42.666666666666664,track,1,312.3703211937279,200.0341426403642,313.9278259361762,197.02201037999546,312.039186000918,199.7421607035301,0.44147929436682853,41.03739982440867,-0.5008894796178847,0.7473669387102204,40.59251000035147
1281,42.7,track,1,310.4809985787555,196.33189149107088,313.93663405289453,196.86920647496726,310.91552448750036,195.9997765560717,0.5469123288243489,44.92824677697565,-0.5029445458373448,0.755238864343759,39.190152998344274
1282,42.733333333333334,track,1,311.9723753445252,194.734840892007,314.09643648429653,196.53958996082756,312.26396512910753,195.23108093924205,0.5755682296240939,45.43239317262916,-0.5009784794073495,0.7669635825309535,43.0115859999205
1283,42.766666666666666,track,1,312.35757035527826,195.00993250986883,314.26702219321464,196.26855132736483,312.4454061179066,195.3074391073986,0.31020202573524014,45.32655830594516,-0.49860267834113503,0.7769107763325246,43.670881999787525
1284,42.8,track,1,315.5305503580876,198.85237757274663,314.78213480455884,196.47987326216767,315.35933594465735,198.92016320346016,0.18414469065793093,41.34112666709626,-0.48808277069421635,0.7753936566572077,46.45257300035155
1285,42.833333333333336,track,1,316.7613964586211,197.137510988321,315.38854229699456,196.47890041254806,316.5792901971618,197.0498816285178,0.20209303590722902,43.0861221703644,-0.4757886226733908,0.7793029355081962,49.72200700103713
1286,42.86666666666667,track,1,315.7985989492119,197.2020890668001,315.81773660674173,196.49078148388838,315.6472238984971,196.79334958066897,0.4358696749048527,43.42535319658428,-0.46798134369272826,0.7829689663961381,42.314946998885716
1287,42.9,track,1,319.3793321928657,192.72286637521384,316.62368683657354,195.97097422318146,319.20697056825327,193.08040566877202,0.39691671176346616,46.92629569747241,-0.45138452359585746,0.7991025394129638,41.31826299999375
1288,42.93333333333333,track,1,318.0140590739069,198.95575906100865,317.1909550003225,196.23401154039894,317.76884207245956,199.0501378599921,0.26275223214346305,41.010599544304135,-0.44082441493904,0.7963324765309591,41.48161000011896
1289,42.96666666666667,track,1,316.1219402793797,195.79129821863387,317.4703648942614,196.10786717444333,316.02655236708205,195.51318243715616,0.29401911794892555,44.66391410256486,-0.43698696994432307,0.8032050661977177,41.061989999434445
1290,43.0,track,1,317.7623287238745,193.03959083159688,317.9022715695688,195.6653138783026,317.7891701146905,193.51493250512434,0.47609890448604986,46.53761133518698,-0.429214182364336,0.8173579042569838,40.96719500012114
1291,43.03333333333333,track,1,317.7237937829763,198.0211683936177,318.27685128547114,195.8514564339547,317.9207334818792,198.16322501334167,0.24282777479391568,41.888412365923564,-0.42270048957964923,0.8163665368176595,40.86350100078562
1292,43.06666666666667,track,1,321.85246523388116,198.97515802781288,319.0961828162149,196.14594768099738,322.33754523312564,198.73828730930927,0.5398243630584282,41.32787257875751,-0.40566506525994445,0.8133204898931436,41.547406999598024
1293,43.1,track,1,318.19907083306816,195.8762807866098,319.4015938004174,196.05615710580526,317.9444620164765,196.22434091032738,0.4312441294771395,43.823892628758394,-0.40107696866132514,0.8197081092362222,40.68353799993929
1294,43.13333333333333,track,1,320.67099841521394,193.84177496038035,319.9569490427696,195.732422892254,320.6756819478736,193.73967008936162,0.10221223098986024,46.26526417881763,-0.389295955091718,0.8313899750176023,40.577353000117
1295,43.166666666666664,track,1,324.39240749025373,197.22100083083018,320.89637838674065,195.83714143248537,324.7824654965877,196.80189417204903,0.5725344004860484,43.46203312488848,-0.37067132189515917,0.8326619677333564,41.100165000898414
1296,43.2,track,1,322.68229712243516,198.31985951075237,321.5455595283609,196.07128841873427,322.404269298471,198.3944934148035,0.2878709615994115,41.674916785404626,-0.3582532148070475,0.8311742385929269,39.73089499959315
1297,43.233333333333334,track,1,323.6627972998549,194.7121948142073,322.24301890506,195.8631021256337,323.8860591375638,194.40119483563024,0.3828404822534855,45.76409605835996,-0.34467757127987114,0.8403550126200519,42.47609999947599
1298,43.266666666666666,track,1,322.8754622375431,194.20695706675025,322.7737172710928,195.6106278716499,322.63644119168447,194.40928971567732,0.3131605996692436,45.66687734437572,-0.3350157674363871,0.8502473171422926,40.51902699939092
1299,43.3,track,1,325.4536455358843,197.7374833428517,323.550054925426,195.79988636143565,325.650711577263,197.3960741635688,0.3942020451028841,42.977029190086455,-0.31940542053068455,0.8495525198015702,40.36623800129746
1300,43.333333333333336,track,1,324.3332259104093,195.12246213341928,324.11404737033166,195.66852533458294,324.1869732748426,195.32427601340873,0.24923618430435876,44.87149494869023,-0.3088955849237732,0.856711429712217,41.311987000881345
1301,43.36666666666667,track,1,326.3882442942751,196.31244421777382,324.8580246777219,195.6910299520201,326.892970018151,196.0248522377673,0.5809106672338658,44.51209561884643,-0.2939961389887148,0.8601289091130558,40.26807700029167
1302,43.4,track,1,325.8185140840633,196.24141407776168,325.45654262463256,195.70707977110084,325.94331906964237,196.34366176167262,0.1613408605733509,44.05903891306323,-0.28257084160967083,0.8637893153944066,41.95514899947739
1303,43.43333333333333,track,1,323.22716142399696,199.88321717837636,325.67633070708047,196.16081216893014,323.1416760133055,199.49502854004305,0.39748984184774794,40.62662724303491,-0.2798378689476792,0.8572884005722601,39.961247000974254
1304,43.46666666666667,track,1,323.5202039515615,194.21771829190567,325.8862321366329,195.91106951305846,323.09025510719664,194.2711822147394,0.43326019874370814,45.833115240676364,-0.2767390197401786,0.8677977009892528,40.820821001034346
1305,43.5,track,1,326.0285623611552,195.87984766740718,326.3529983169762,195.87708039354413,325.56414446307593,195.3594124469188,0.6975219012913744,44.98601739085475,-0.2672077146895574,0.8727859316500169,39.68867000003229
1306,43.53333333333333,track,1,324.5963213350387,199.14854741458066,326.5901865748539,196.23809042913467,325.0401001989025,199.07814862637628,0.44932801981727655,41.23106268167153,-0.26304701361017657,0.8684922639767264,41.635322999354685
1307,43.56666666666667,track,1,323.8111294207124,194.92831791101534,326.6899246476612,196.07337630957636,324.17543262580205,195.30268781946643,0.5223692693796792,44.89191412466934,-0.2618013562651902,0.876925347417827,38.28992099988682
1308,43.6,track,1,330.15756263532325,200.27726569749458,327.5148045786558,196.55933872884552,330.4616358507287,200.13410581002486,0.33608819334717976,41.21571719914074,-0.24324333463705808,0.8698166705358603,40.77772900018317
1309,43.63333333333333,track,1,326.3477011494253,194.77342578710645,327.80552371787036,196.35727078165897,326.69802067531384,194.872229859735,0.3639862840640671,45.622134088614544,-0.23779339949633102,0.8793444765984897,39.63971799930732
1310,43.666666666666664,track,1,324.2257857601026,197.13431686978834,327.79660943938444,196.44965549562693,324.7674310855713,196.76650960645753,0.654722721127769,43.495552540049424,-0.23909093206031928,0.8815233393657436,40.266533998874365
1311,43.7,track,1,329.3888036809816,200.37800357873212,328.37903408762656,196.92412634352152,328.9482528271551,200.22320451609068,0.4669558914950348,40.770880388181936,-0.22602683567391219,0.8748257484701538,41.389009998965776
1312,43.733333333333334,track,1,331.22230710466005,195.2219887955182,329.11876698794225,196.7515281364043,330.88149356870247,195.40944522103777,0.38896500840111914,45.89906837596319,-0.20964340240323545,0.8837405818813637,43.13094200006162
1313,43.766666666666666,track,1,331.05354080660527,195.6976182915211,329.7658656783044,196.64480781910896,330.89707440824395,195.31650916659436,0.4119780320825336,45.99304929788686,-0.19585061610714824,0.8906465375467956,38.690135999786435
1314,43.8,track,1,329.8442280945758,199.78972117358765,330.20075481241247,197.03302521217856,329.98207062101096,199.63553384047927,0.20681947631958697,41.580426431506744,-0.187174171920983,0.8857566759308868,39.85385699888866
1315,43.833333333333336,track,1,329.77216468805256,195.2804369790351,330.57230152486403,196.85652506166034,330.2722261831922,195.53799743294962,0.5624934544880726,45.633192996228665,-0.17980539218143177,0.8945047259071702,40.22784000153479
1316,43.86666666666667,track,1,329.26169562105537,200.3872730821784,330.83227338467816,197.29987438863108,329.05760377760254,200.1512898072206,0.31199613238594975,40.865142728493694,-0.17482969308778165,0.8883815201188519,40.984141000080854
1317,43.9,track,1,333.1633893679052,196.70963339743193,331.5158112800256,197.2738894382614,333.37932926501287,196.60072729799094,0.24184825337040725,45.4147918925649,-0.15966771231798924,0.8937168351729005,40.145768000002136
1318,43.93333333333333,track,1,332.21684916766884,198.3326159883537,332.0169476832218,197.44081316683238,331.97002661591046,198.651563108544,0.4032972074465769,43.04619345020329,-0.1490793960802716,0.8942986170311886,39.9433050006337
1319,43.96666666666667,track,1,331.4378675282714,197.97053311793215,332.366513078111,197.5512614346483,331.711224578902,197.5501435187972,0.501449391454704,44.03570251979856,-0.1420019599796677,0.8962665954259099,39.6325510009774
1320,44.0,track,1,332.65998234329675,196.3733131542439,332.81335869910345,197.46067696401332,332.4626071600071,196.28449817048207,0.21643720641154307,45.457251098490836,-0.13242998414880175,0.9028992830310055,38.80126200056111
1321,44.03333333333333,track,1,333.81738305941843,198.03286978508217,333.3440138837351,197.57111799823724,334.25689372125316,198.1795043027358,0.4633263467944798,44.18385314732069,-0.12085739745753021,0.9045639236273532,38.94358799880138
1322,44.06666666666667,track,1,330.71903001441194,197.50404160661697,333.4442696236265,197.60862264658985,330.81339558029975,197.92245143538665,0.4289191588591052,43.444788147526296,-0.11939373908420324,0.9079935084443124,38.75427299863077
1323,44.1,track,1,330.78095359348146,197.58463301292252,333.5191918161135,197.6504839106595,330.5487162183643,197.37647467041288,0.31187191915540424,43.90945599045309,-0.11800910062442727,0.911270295848337,37.49693200006732
1324,44.13333333333333,track,1,329.70872634143296,200.57186582547317,333.4360748364632,198.0440892797065,330.24158751061293,200.65635112925244,0.5395171843180875,40.65480071531797,-0.1199203920690511,0.9063047066167027,40.410169000097085
1325,44.166666666666664,track,1,333.9317286930014,197.46932554299505,333.8395599849767,198.03882636749856,334.15937695512025,197.8337728286072,0.4297040321381777,44.480092958836025,-0.10999661327356408,0.9110689548798748,38.62624199973652
1326,44.2,track,1,330.95962635571436,198.06294276220927,333.84005064115826,198.1008492201981,331.15701158336003,197.7305298968816,0.3865995875943126,43.71712490854872,-0.10976070247945713,0.9140434818771401,41.64640499948291
1327,44.233333333333334,track,1,337.8662557781202,196.89325115562403,334.6445355170128,198.01527917842276,337.87856185777827,196.855709245792,0.039507399185287784,46.7019571194403,-0.09043526749377043,0.92039474283243,39.3052590006846
1328,44.266666666666666,track,1,334.2449017890654,196.47185036907294,334.94425093333416,197.88100332828319,334.3383731070543,196.67961968320034,0.22782663404340733,45.63161507276792,-0.0836781496295584,0.927647775664645,40.78707999906328
1329,44.3,track,1,339.08328491187297,199.24694944799535,335.78143403944193,198.083939077195,339.07943164028006,198.7946289958684,0.4523368646421477,45.40822955483123,-0.06426735114657056,0.9268056021812171,39.92359400035639
1330,44.333333333333336,track,1,337.45791029430666,197.89943451998457,336.3492522338163,198.11030682900457,337.566149546005,197.72886443395268,0.2020145783282664,45.77574152229282,-0.051736285646343194,0.9303561903245384,38.598598999669775
1331,44.36666666666667,track,1,334.08376830044557,200.72011457670274,336.4540810871433,198.469248918426,334.3342648484361,200.8586653971538,0.28626010969539994,41.68351260674987,-0.050065414208102836,0.926105426871009,40.707774000111385
1332,44.4,track,1,334.19944824126907,200.9396200388739,336.5421606837487,198.8286529084547,334.5507827714943,201.3584495535041,0.5466755111160235,41.2903705501937,-0.04822453362739073,0.9222344622615276,40.808319999996456
1333,44.43333333333333,track,1,337.39205012975503,198.83834419899995,336.9836822265384,198.90984947809545,336.8967358590423,198.4471055062201,0.6311924757946523,44.85691388739809,-0.03771630332733463,0.9251217940735452,38.618705000772025
1334,44.46666666666667,track,1,337.36176599337125,203.27027703082985,337.37188837879967,199.51081872053157,337.0818518014833,203.21151462916552,0.2860156895515313,40.56084709233698,-0.02860250587949375,0.9157008006121872,39.49824799929047
1335,44.5,track,1,338.31491109827334,199.32704281404455,337.8275801402484,199.59695714346944,338.27528039773074,199.55246154389178,0.2288759406128961,44.38456083790888,-0.017938842182636677,0.9188261525002013,38.854096999784815
1336,44.53333333333333,track,1,335.61725934023536,202.90431483505884,337.9098648728767,200.09855524074615,336.04008179897426,202.5578886781822,0.5466167887856398,40.73322874942744,-0.016083609971634796,0.9119592435231277,38.63104300035047
1337,44.56666666666667,track,1,336.65389527458495,199.4455391351943,338.08882789190875,200.14788316760985,336.4985685017722,199.25611523213004,0.2449649391331967,43.957558037101364,-0.011553832911428228,0.9159638030448087,40.32487000040419
1338,44.6,track,1,337.47848945309994,200.0196191575303,338.3340785845862,200.25462023878612,337.78281409938825,200.22289046713877,0.36596818939417514,43.5711707449162,-0.005303393038073784,0.9182655967015974,39.66232899983879
1339,44.63333333333333,track,1,338.02244611656675,205.71999744930494,338.60853814374866,201.02852775478564,337.7372680037685,205.21810971513352,0.5772502522570981,39.04344462295815,0.0016719327092236539,0.904810028370001,40.71355999985826
1340,44.666666666666664,track,1,337.3293513245853,200.4126021292399,338.7628227295333,201.11087440607199,337.60399413464756,200.22132024982582,0.33469005140740654,43.49993071442325,0.005842256936796738,0.9082050435233064,40.43848299988895
1341,44.7,track,1,340.44443062379503,200.56054481000064,339.26028320009203,201.19574940496642,340.3531684525457,200.65086893467472,0.12840261445658296,44.30130451413195,0.018182515320517297,0.9111453697614302,37.671684000088135
1342,44.733333333333334,track,1,341.45473644003056,203.14317545199899,339.8280921272107,201.57450191503796,340.9558851917954,203.59267170008587,0.6714904652412881,42.007650233135365,0.03184944050295343,0.9069493856246332,40.3891490004753
1343,44.766666666666666,track,1,343.88030863810303,200.8328837588608,340.63046118481066,201.64360736278505,344.08975182242534,200.69515517861515,0.25067031989357624,46.099750208642,0.050696623569618564,0.9101552465566798,37.902681000559824
1344,44.8,track,1,339.796167801897,203.9028582341333,340.8731819594774,202.06542274431916,339.59141075713177,204.02573023856107,0.2387948426015362,40.96304993922496,0.055994141880534254,0.9048493534558891,40.359612999964156
1345,44.833333333333336,track,1,341.03343541028687,205.56077745140928,341.2266433412273,202.6490571231289,340.7222495371658,205.12043227701133,0.539203598138667,40.57087465686586,0.0642626234175093,0.8960124193398522,41.28407099960896
1346,44.86666666666667,track,1,340.918654014234,202.48551629416906,341.52263518194167,202.8172827447289,340.5308619294944,202.3651796818886,0.4060339902542918,42.870689193719436,0.07132736251569707,0.8972365997993335,39.49911100062309
1347,44.9,track,1,340.4264909847434,201.97018030513175,341.719770747103,202.901233275181,340.9159057382283,202.1667458955457,0.5274133409987335,43.22996910688995,0.0762630311555646,0.900144546429234,39.38520799965772
1348,44.93333333333333,track,1,342.8682348560079,206.43923783515393,342.17549878342106,203.50252259258409,343.32467613963627,205.99814822886904,0.634743007974768,41.23307459897793,0.08749275476756599,0.8906667924803896,40.029018999121035
1349,44.96666666666667,track,1,346.38384801118315,204.22607701105605,343.00244162456244,203.7895831177355,346.73742732935193,204.23537930180714,0.35370166362334204,44.65420600433939,0.10724898750703836,0.8889555113535091,39.544556000691955
1350,45.0,track,1,343.51350174216026,206.0852414136386,343.4129601825905,204.26797943466835,343.8308846568002,206.54939514494993,0.5622904950250933,41.07132854795928,0.11673346910921091,0.8826679102718982,39.54774200065003
1351,45.03333333333333,track,1,345.77111470113084,205.1886914378029,344.0451435849527,204.5957781382587,346.24395610182546,205.10550490367174,0.4801031031680634,43.66200888532522,0.13155323744951544,0.8800512366921743,40.37637799956428
1352,45.06666666666667,track,1,344.23138820249636,203.2536906798454,344.43072313197297,204.6574764226236,343.83586516457166,203.5795784878446,0.5124854504585629,43.52695223958039,0.14046198503517557,0.8835524917513673,40.675443999134586
1353,45.1,track,1,347.2602072283212,205.05735783890464,345.13089762439785,204.91681371410914,347.0472766866735,204.8397735418785,0.3044377471318759,44.35985460697387,0.15693408122453556,0.8820309061322309,38.76831200068409
1354,45.13333333333333,track,1,342.14261744966444,205.88099676858067,345.1515209420562,205.24470753368885,342.07855667852834,205.9412239173275,0.0879266276205606,40.58895038377579,0.15731220519537253,0.8788690592247446,39.860391998445266
1355,45.166666666666664,track,1,346.44029803624426,203.60775399381197,345.6607408328568,205.26636847418237,346.69913828537153,203.11465089042656,0.5569101769016169,45.53430535449621,0.16980789435360122,0.8829067399805662,39.16095099884842
1356,45.2,track,1,348.3091662031028,206.2708449224303,346.338500335759,205.5912973678296,347.8945522045557,206.3514802223744,0.42238231424657807,43.70730975383802,0.1861230329207992,0.8795067151114263,40.156756000214955
1357,45.233333333333334,track,1,346.9110870672098,203.87710030549897,346.78300846733595,205.59626616167125,346.8556706869776,203.38115126255684,0.49903549812939574,45.41109039544338,0.19671537569762793,0.8837053239338494,40.187827000409015
1358,45.266666666666666,track,1,344.40054461402065,202.0415426508771,346.8750887362566,205.36803179041664,344.7276131336627,202.2074692836767,0.36674986573012724,45.16337265121295,0.19919833071312512,0.8930273762191823,41.648621001513675
1359,45.3,track,1,348.07470826991374,206.21397767630646,347.3767201264171,205.64075910533293,347.84736133471586,205.7549434793298,0.5122489852970709,44.138412175905515,0.2117793041190135,0.8901377278738698,39.59892099919671
1360,45.333333333333336,track,1,345.8865795345872,207.431176283073,347.5619896539132,206.0308028087195,346.20379497208864,207.61463556283744,0.36644636868293534,41.65874098754176,0.21683958803759854,0.8847830639067839,39.94014700037951
1361,45.36666666666667,track,1,345.14442551580544,203.37415609817654,347.62358977081925,205.89967141127022,344.9513949343697,202.93582331365045,0.47895347932739135,44.68025629523435,0.21932957004653117,0.8919258016322229,39.25841900127125
1362,45.4,track,1,347.0217225609756,205.4200330284553,347.88345858197323,206.00966607489096,347.4925877699688,205.7776252290531,0.5912581728556245,43.89775982043482,0.22683008141499506,0.8930059109726477,39.67107900098199
1363,45.43333333333333,track,1,347.530565461029,208.55438104941416,348.16654187955993,206.4768625593114,347.62378210006676,208.4302392092222,0.15524348063521304,41.94905402865361,0.23489269957698813,0.8857505036657146,39.80489000059606
1364,45.46666666666667,track,1,349.61797323135755,206.48285532186105,348.66056737849016,206.65626364022202,349.3910092721552,206.92792919426736,0.49960323325170347,44.24469791303028,0.2478717809014331,0.8856610008467846,40.45468200092728
1365,45.5,track,1,348.81109340133884,208.4379980873446,349.0063033066651,207.04671050240003,348.34898967764633,208.4922335546262,0.4652755499290034,42.38401304878433,0.25712678994075266,0.8805835915707334,39.48760700041021
1366,45.53333333333333,track,1,348.76045627376425,208.54372623574145,349.3031495585878,207.41369994872758,349.0205182967015,208.20867817904937,0.4241337714298891,43.045076667749555,0.265257007508014,0.8762709324027963,40.134031001798576
1367,45.56666666666667,track,1,350.13858921161824,206.36265560165975,349.7251780723348,207.48456327993463,350.2774219723222,206.69302542021651,0.3583556228914388,45.01196326476332,0.27639212381407674,0.8789825337778413,37.91310400083603
1368,45.6,track,1,350.56998802546167,207.75748408646876,350.1514748164563,207.70522149701247,350.54821724558354,207.8156559853466,0.06211229085741376,44.3737036603541,0.2875358379273996,0.8778931273557374,40.7391490007285
1369,45.63333333333333,track,1,348.50101732535916,206.1642518034404,350.2825417861865,207.70934923263724,348.43551200111887,205.83259745994485,0.33806146048210683,44.4521061267061,0.2917305624954373,0.8818315777531679,38.08292099893151
1370,45.666666666666664,track,1,348.9197149344097,208.3077068617558,350.4344432512293,207.95756130618273,348.7085901041195,208.8048356425222,0.5401025075218062,42.39482781019874,0.2967544606638973,0.8797752183327601,39.06815299887967
1371,45.7,track,1,353.4469182389937,210.0845283018868,351.0980669175433,208.39125010285147,353.3201671364314,210.28438131540992,0.23665812687299673,44.64584562764695,0.313941359737398,0.8734877752757423,39.64113500114763
1372,45.733333333333334,track,1,351.0423765299219,208.83498370133464,351.41264340605284,208.63652836079095,350.94614214776277,208.67957508717242,0.18279194092019083,44.02990722849197,0.32249385000576525,0.8718936119341982,39.95683199900668
1373,45.766666666666666,track,1,349.55626216742377,211.51739130434783,351.5090509633864,209.1747809346343,349.63854701240234,211.20180671479628,0.3261355989087471,41.32528772432609,0.32607017709594244,0.8634179910104977,39.679544999671634
1374,45.8,track,1,353.8328067736636,209.00669783899912,352.0905051187864,209.36623730946508,354.0422855868892,208.4590873980055,0.5863092769824049,46.40804214514958,0.34133393535952555,0.8633694075141537,40.16635500011034
1375,45.833333333333336,track,1,350.01221055295457,208.27040364418576,352.1587708248495,209.4440038745175,350.3889891282505,208.66334613192214,0.544394979284787,43.65176440746291,0.34426655968748676,0.8657560289958348,39.49026500049513
1376,45.86666666666667,track,1,354.8688836416109,208.99048930867113,352.7833526046754,209.58965173392903,354.3876319569863,209.19639480107247,0.5234503374295195,46.16677728475901,0.36060075999995533,0.8662567199149515,40.39031400134263
1377,45.9,track,1,352.70066857688636,210.38650111429482,353.08981446851834,209.8802723503702,352.55058071357416,210.46970660065588,0.1716086235426458,43.949727337518866,0.36910244727534325,0.8632453631103957,39.210803999594646
1378,45.93333333333333,track,1,351.5771569745344,213.93240846319523,353.222298822191,210.56405639403164,351.7525022293066,213.88950833671404,0.18051697765924452,41.1093562674076,0.37367557068085633,0.8511446352829064,41.824371999609866
1379,45.96666666666667,track,1,351.8875236294896,211.95576559546313,353.3635309340959,210.9553181026935,351.38496779844735,211.8544753190353,0.5126617631668816,42.156692983159516,0.37877298459788766,0.8464201899755404,39.23302600014722
1380,46.0,track,1,351.63724137931035,210.51974921630094,353.44670276341895,211.13566751272302,351.6136324534053,210.39038074649025,0.1315050659235221,43.31456232304344,0.38273185006576843,0.8466159160135338,41.24123899964616
1381,46.03333333333333,track,1,353.15825600610145,212.11986780221176,353.68805357224187,211.48112176470636,353.50565602256506,211.91310263066228,0.4042754105863985,43.72073637689741,0.39061187386014684,0.842679194248368,40.82410400042136
1382,46.06666666666667,track,1,355.85114935309633,214.8999497550559,354.21855767654694,212.1226034171512,355.6296395846816,214.71220658442238,0.29036886131723055,43.69146041005316,0.40520551420229844,0.8318396263300676,43.60194800028694
1383,46.1,track,1,352.9823727965996,216.9858107263408,354.35496214915435,212.95796857896727,353.30237807829326,216.75080962304378,0.3970250607488953,40.61493861688752,0.41021751644550986,0.8168415391943453,39.964686999155674
1384,46.13333333333333,track,1,352.9561810431294,213.24203861584755,354.46147071767115,213.2763684933428,352.9050045634246,213.13269942638692,0.12072319755076899,42.48047981640348,0.41477433189281143,0.8143940983088607,41.0014589997445
1385,46.166666666666664,track,1,357.0138119828284,215.86555092390967,355.0290445050656,213.8701820671873,356.55496908844566,215.7799991259528,0.46675037424640353,43.85058959006213,0.43030541864923766,0.8051824547015826,39.20352900058788
1386,46.2,track,1,353.37915388548055,217.25971370143148,355.1091727869561,214.57490395045284,353.53617627853225,217.35401285043392,0.18316211786902892,40.46623102493116,0.4340293778329952,0.7934843180823785,40.750821000983706
1387,46.233333333333334,track,1,354.1208280254777,215.14025477707006,355.2552453139257,214.96231537754448,354.0732633863163,215.3708259390001,0.23542611497521987,42.04263898377827,0.43962121432938484,0.7893877909667127,40.74942999977793
1388,46.266666666666666,track,1,356.60990338164254,216.1231884057971,355.6728871360163,215.42230180822793,356.2358630090961,216.49958990715496,0.5306451644170018,43.18920053145081,0.45170185164790033,0.783314725026977,40.74434699941776
1389,46.3,track,1,357.4567049808429,218.38697318007664,356.14898762112335,216.10334606007333,357.8780537744491,217.89059863841288,0.651093304746162,43.858552031591366,0.46491463130643235,0.7719639607175847,40.451889000905794
1390,46.333333333333336,track,1,355.64186437390913,217.89158963087465,356.36106448785057,216.66108488519174,355.9263719183387,217.5859143746594,0.41759059508039337,42.34495759396738,0.471739665651901,0.7636742083329893,40.88035699896864
1391,46.36666666666667,track,1,358.755736677116,216.8278369905956,356.9146996289004,217.0342736257621,358.8841099551398,216.81286528298696,0.12924337715839082,45.272698432811744,0.4867259101802641,0.7596463107813981,40.20637900066504
1392,46.4,track,1,360.32754528419736,218.41261711430357,357.60411826721656,217.55078831681445,360.2297855508054,218.65978471621978,0.2657983989979535,45.53943822470669,0.504590304254371,0.7519927552828589,40.7939639990218
1393,46.43333333333333,track,1,359.889719743622,221.40059067487746,358.17946201658833,218.36943365042026,359.72992626085664,221.04703784389378,0.38798654800244853,44.019107387405086,0.519432673081586,0.7372599699359079,39.3609259990626
1394,46.46666666666667,track,1,357.505286205818,214.66531122927745,358.4138589400537,218.3077618084217,357.3373523600141,214.50263096117473,0.23380899511449799,45.212760468233924,0.5262273982293201,0.743423655938081,41.39972400116676
1395,46.5,track,1,356.64309453471196,217.135462826194,358.51019402530085,218.52114532368742,356.5070809423944,217.43610738043188,0.3299800680162816,42.91731828856431,0.5301816719855846,0.7422801926890312,38.40669000055641
1396,46.53333333333333,track,1,361.77984314209846,217.60075341196813,359.1951110698607,218.75410489149922,361.72377959565915,217.28533174342854,0.3203653386739084,47.50610421570304,0.5483233892033933,0.7404065957479193,41.057357000681804
1397,46.56666666666667,track,1,357.21286601040816,219.70286538340963,359.271618449067,219.20182045535952,357.18224670937195,219.67605083938318,0.040700876738622584,42.374312735900965,0.5518392599776801,0.7333471708778874,37.92622499895515
1398,46.6,track,1,359.41876911314984,220.9066004077472,359.5871115766548,219.74376539763205,359.63812633524583,220.49461337451018,0.4667450122294884,44.17738297793053,0.561421233927178,0.7242304818354207,38.96906000045419
1399,46.63333333333333,track,1,359.48579348579347,217.68871668871668,359.87160789183815,219.84491512315284,359.7091628213756,217.70355809920906,0.22386184923702437,45.54062947972795,0.5703226476887451,0.725609071806313,40.29492200061213
1400,46.666666666666664,track,1,360.3472411655301,222.59150650960942,360.22216598997557,220.50389007815534,360.70371643990023,222.23673774751177,0.5029269288848782,44.41087724725192,0.5808441193420888,0.7135407638545633,42.488999000852345
1401,46.7,track,1,357.9992543341826,218.80165289256198,360.25094960915334,220.64671138493648,357.6393018131425,218.9737151289312,0.3989626932276988,43.114054511958955,0.5838337290484074,0.7139217250816376,42.4032190003345
1402,46.733333333333334,track,1,360.5357164945266,220.540416847053,360.56248989118717,220.96634826074,360.45628862493203,220.25298853051223,0.2982009785661172,45.018393477331976,0.5938237209713061,0.709788411395367,40.92346600009478
1403,46.766666666666666,track,1,358.0823693911275,217.84587517478073,360.5431654715335,220.92226789636533,358.1557608466619,218.21728325661547,0.3785898427026598,43.93573527904344,0.596015533453388,0.7140930142120527,40.08496400092554
1404,46.8,track,1,364.7057804183686,221.18603787597476,361.29952905334903,221.25949603374468,364.2077499814014,221.26275390246974,0.5039044203685168,48.01468056477629,0.6166870339791353,0.7089937116450944,40.69219799930579
1405,46.833333333333336,track,1,358.50691126823364,223.21568252754952,361.250030642612,221.79856585053517,358.41029006550497,223.02913730869133,0.21008278248248502,41.992386969586306,0.6178322469466422,0.6993110114078835,39.34140599994862
1406,46.86666666666667,track,1,362.4306870908282,224.67984491196847,361.6548221296439,222.4590597276964,362.7313084089183,224.1236403955727,0.6322472941415461,45.585343177683605,0.6301158139003615,0.6871277381532386,44.36644999987038
1407,46.9,track,1,363.54911616161615,225.25473484848484,362.1508668353267,223.1262244864809,363.3406434255984,225.51325896746326,0.332107816463719,45.69766994375806,0.6443309462797077,0.6751598630672364,42.87424200083478
1408,46.93333333333333,track,1,358.8806789178152,223.90320316488004,362.03992217263095,223.56817346255386,359.0693542561067,223.99779463579415,0.21105906673038913,42.21948624163232,0.6441343796675286,0.6686989579067268,47.5348190011573
1409,46.96666666666667,track,1,363.59646230900904,224.9965764280733,362.48216614797417,224.09057898016266,363.3687393370522,224.91318275838395,0.24251238339744538,45.91796604997985,0.6574581883295405,0.6602329163173418,42.93911700005992
1410,47.0,track,1,360.1966445077556,223.89673947451726,362.4734108484917,224.4258738807591,360.4508718250533,223.69627631274548,0.32375454913858176,43.61289301889104,0.6599807337281424,0.6561344965830115,41.197894999640994
1411,47.03333333333333,track,1,362.4692519357522,228.11889678121202,362.7201555662299,225.22198116811373,362.282849773812,227.99546083718153,0.2235669882936012,43.95393435753388,0.6688553393453565,0.6410290681999112,40.19248199983849
1412,47.06666666666667,track,1,363.8531112507857,227.07561282212444,363.1009807802605,225.82016674388672,364.33124501299847,226.74818969575438,0.5794978845946772,46.26953382888369,0.6808100805925984,0.6309383965165636,39.330014000370284
1413,47.1,track,1,359.9144830137493,224.7975214254886,362.9709566333103,226.0839287148883,360.0831905629991,224.55142688971844,0.2983701689341773,42.957194704186804,0.6806433189724549,0.6286595614109788,40.07736799940176
1414,47.13333333333333,track,1,359.82861457153643,224.58487479552034,362.822941967646,226.28092122362693,359.51762578937047,224.272512006955,0.44077719350413685,42.532300979374405,0.6805716022320609,0.6275060272049979,41.27355499986152
1415,47.166666666666664,track,1,358.74544511443946,227.65142968294106,362.5402913827454,226.8081796984867,359.1421637698063,227.50768863585785,0.4219563723095685,41.087307380759476,0.6777364296476863,0.6182482052954078,39.39109400016605
1416,47.2,track,1,361.48828149544454,225.0742067232171,362.59057449719944,226.97058458074255,361.5813100098268,225.06136252737525,0.09391101029693019,44.18334790021948,0.6831037675456736,0.6176405415539185,41.26933800034749
1417,47.233333333333334,track,1,360.82582231786046,226.73064863203197,362.54722612194615,227.29722711208552,360.6378545963973,226.88401825250577,0.242598649617699,42.7020398037205,0.6861606104549263,0.6128189537022641,37.72646899960819
1418,47.266666666666666,track,1,365.3549980995819,230.25269225896363,363.03761275810785,228.001703088219,365.01741456048484,230.4346643642492,0.3835055318653928,46.022421269801924,0.7017085193778222,0.599113071240633,41.21358200063696
1419,47.3,track,1,363.9769201664775,225.77260688611426,363.3221883214212,228.10328089088543,364.52165274572667,226.3331774019557,0.7816475459733764,46.572090388316106,0.7118024848264168,0.5999015878664926,40.146441000615596
1420,47.333333333333336,track,1,361.69015247776366,229.94561626429478,363.30423449480156,228.6740277669712,362.00846882768764,229.739671192683,0.3791288318633967,43.24333243959192,0.7146519432434237,0.5892550811129078,41.31115000018326
1421,47.36666666666667,track,1,361.28735706440983,230.91504619161444,363.22796713567107,229.3021358561022,361.5705686293974,230.97680093590947,0.28986624326690363,42.538574230005004,0.7164005657599628,0.5775180848398109,40.676440999959596
1422,47.4,track,1,365.47953142713186,228.4317294369568,363.6473997108635,229.57041997198792,365.55580853693687,228.9123155022941,0.48660164783587045,46.88569546220593,0.7299757294790548,0.5744107126184177,41.224710001188214
1423,47.43333333333333,track,1,364.8167330677291,230.0801170318725,363.95135456098814,229.9950849374928,364.8692255149149,229.9326074828307,0.15657114699098212,45.98477781182645,0.7404088740941169,0.5673441187557111,40.29033000006166
1424,47.46666666666667,track,1,363.38477880529865,231.86290927268183,364.05429581019445,230.58281967351212,363.38838184796737,232.0988063522864,0.23592459406013022,44.101933522734505,0.7459940377244021,0.556443678561023,41.01455300042289
1425,47.5,track,1,365.8969152674736,229.16399843811013,364.44026212723014,230.78724127030705,365.8773361648182,228.90360837722454,0.26112511382245446,47.20021059937907,0.7583382410313038,0.5546650866935818,39.9943180000264
1426,47.53333333333333,track,1,363.1991768520828,232.43271389373908,364.46852989581765,231.34577164089234,363.11787182643565,232.70123185637834,0.28055730868296513,43.7312575540114,0.7620862851036737,0.5442439185308059,40.168636000089464
1427,47.56666666666667,track,1,362.0877127127127,233.03797547547546,364.35082930175275,231.91816643862856,362.03099190019384,232.87633888737577,0.1712998458414636,42.63039793107349,0.7627148006935959,0.5336747577113741,41.1462969987042
1428,47.6,track,1,366.1809808156524,228.81787574641086,364.7194997931503,231.92593894176932,366.16288321809697,229.26986631305968,0.45235273335837917,47.393539179378344,0.775082753434608,0.5364106656465937,38.996328999928664
1429,47.63333333333333,track,1,363.4308964091966,232.91268406096617,364.72631674402925,232.39882782675716,363.5166087839053,232.9406543176181,0.09016067011390456,44.085480620209076,0.7786593720711972,0.5276508746274311,39.677484001003904
1430,47.666666666666664,track,1,362.6860186585981,233.9459783156833,364.63337335094593,232.94264957902354,362.98365745970017,233.77913992611076,0.34120947254824846,43.43148522295487,0.7801311366837055,0.5173726314498319,40.04450800130144
1431,47.7,track,1,361.9263730764419,232.1158513699487,364.4458704481819,233.21020305498396,362.2560801400965,232.7044771075398,0.6746754825680241,42.881242555232355,0.7796777919546529,0.5137155061353467,38.69289300018863
1432,47.733333333333334,track,1,366.716149870801,235.5421188630491,364.8344319540037,233.8471841288556,366.2572953109171,235.7587831886039,0.5074356482298097,46.45132171986777,0.7929857120634148,0.501192584524897,40.667913999641314
1433,47.766666666666666,track,1,365.98526973600303,235.6091059813799,365.1034431360636,234.4289027916035,365.674455781334,235.61870244295224,0.3109620660011474,45.88411140258062,0.8029935577793557,0.49024688373742425,38.2603959988046
1434,47.8,track,1,363.81019705974353,234.06024397873006,365.0868732888175,234.76480494079388,363.74402206866966,234.0456726483541,0.06776026204606513,44.14740627664118,0.8061394596632588,0.4851531559309481,40.379685000516474
1435,47.833333333333336,track,1,363.6995601453433,236.90673806336457,365.0493333957868,235.39559166832223,363.75422266421606,236.75555918079496,0.1607577230011387,43.87434782625403,0.8090253809730167,0.4729301340361964,40.77936599969689
1436,47.86666666666667,track,1,364.4945522855354,238.9169067000626,365.10108157302244,236.20284814743258,364.8747378251646,238.643619496318,0.46821676633122833,44.89523207366262,0.8141821755186138,0.4567767403326527,40.23689800123975
1437,47.9,track,1,363.5165480204821,233.70675658798552,365.0250607235993,236.31112978344504,363.1253213728064,233.45646879931186,0.46443758139357355,43.618931028651,0.8163737262922742,0.45727635563967983,40.853642000001855
1438,47.93333333333333,track,1,362.0263920382968,237.22493071302594,364.76843393663677,236.80738124851422,361.89040373051023,237.03316697591472,0.23508753843094302,41.99533334667018,0.8145233775796125,0.4480539295264503,40.93734799971571
1439,47.96666666666667,track,1,362.2361217702737,236.57143770785368,364.54670284845736,237.16931057412398,362.37877483478917,236.4776065898969,0.1707459384953798,42.52490813433108,0.8138342577157452,0.44198566802671696,40.74301599939645
1440,48.0,track,1,365.72713558363193,240.14111509208624,364.7513974425101,237.91031168579843,365.2133370372395,240.13702793066287,0.5138148023981666,45.213544681840595,0.8232910996877313,0.42689875778022746,41.09735299971362
1441,48.03333333333333,track,1,365.1365567859902,236.80305176409993,364.86841202477586,238.18047049802487,365.0852568672963,237.06648151709868,0.2683783084062092,45.180592265702025,0.8302933390557787,0.42315031791187313,38.611906000369345
1442,48.06666666666667,track,1,362.46623977683385,240.71058137323274,364.65412317123355,238.8751456509789,362.7682255838397,241.1285434008739,0.5156429813183512,42.78311267074728,0.8293921432642971,0.40912281023498903,38.303465000353754
1443,48.1,track,1,363.24176507147297,239.7766314481044,364.5415510483352,239.38902338344502,362.94579674908664,239.5013531309394,0.4041972287848775,42.948691564631915,0.8311661889742247,0.3995830076432948,40.07844299849239
1444,48.13333333333333,track,1,360.9428015319897,236.42286682991147,364.15760582506687,239.4433097647909,360.9380720045582,236.37574681652922,0.04735677449815528,41.09818670681578,0.8266821144548223,0.4007121768666217,39.884134001113125
1445,48.166666666666664,track,1,363.1199180485306,241.73935591267048,364.05546864380005,240.10392124405354,363.629564395719,241.988980525355,0.5674961202161286,43.67487759445277,0.8291679646899774,0.3894798120288747,40.67897700042522
1446,48.2,track,1,362.52011148413254,239.11794514473934,363.8866906972623,240.38447800928026,362.37657761726445,238.94096772546567,0.22786614024658564,42.389808679805846,0.8300073775405304,0.3914288220380122,40.110721998644294
1447,48.233333333333334,track,1,362.4989638932496,244.47623233908948,363.7251634978669,241.26265213463722,362.8735641384475,244.72013876428156,0.44700748086837794,43.132611929810636,0.8310333404586195,0.36331809327647047,40.16291800144245
1448,48.266666666666666,track,1,366.89931650893794,243.50368033648792,364.0998686834404,241.94395998235564,366.68382283367055,243.2392185902651,0.341141523851134,46.79606662360693,0.8445752257897337,0.3499550348549091,39.88634999950591
1449,48.3,track,1,365.3795306470997,242.7779113163388,364.2693205179469,242.46886677098823,365.7012756485867,243.09091464444288,0.4488774101980378,45.8056803163902,0.8526463166942642,0.3403009780542074,40.01000899916107
1450,48.333333333333336,track,1,366.59456875119525,241.83699878880603,364.57226989231333,242.82082498849402,366.3873526499278,241.75038849022238,0.22458819302279082,46.42036563552106,0.8636265408416925,0.33450915892553096,39.176984999357956
1451,48.36666666666667,track,1,364.48619944034596,244.51316458916307,364.6022399898568,243.44325128634864,364.8025004216157,244.95312671925606,0.5418606708999822,45.0754645935667,0.8679264245769354,0.32204904952565166,38.729414000044926
1452,48.4,track,1,365.700356049722,246.80211131238678,364.7729468635131,244.27312762041464,365.49425408014025,247.08896722293255,0.3532199531177774,46.04324717693323,0.8756474968040302,0.30482796932964196,42.37149000073259
1453,48.43333333333333,track,1,362.0955877657876,246.8961113594279,364.4991948373805,245.03425343742683,362.4713608844175,246.81241298783613,0.3849816282524769,43.0142472454333,0.8729123789853085,0.28951207107514615,40.162477000194485
1454,48.46666666666667,track,1,366.6339641129279,244.5825218935636,364.78263865655714,245.44184090819365,366.58017947593817,244.25824089052512,0.32871105260968936,46.77441325652681,0.8836908574814962,0.2825495764231984,40.03020900017873
1455,48.5,track,1,365.26533605407474,244.89019257747736,364.88260196529205,245.83093640192257,365.71604046840616,244.41152717411472,0.6574610539599689,45.92840001694924,0.8898331253163354,0.2756235596318228,40.086173999952734
1456,48.53333333333333,track,1,364.7544115780119,247.96020058397866,364.9124214839445,246.53348736567096,364.78461222820056,248.36824955948217,0.4091650592136097,45.55973104749483,0.8943292820530869,0.26106898680852614,40.56445199967129
1457,48.56666666666667,track,1,363.9272851042763,245.87691069991956,364.838553312169,246.91373422681662,363.46933271550904,246.2855940685539,0.6137935207998979,43.92142506256217,0.8964898244719155,0.25420310457125606,38.86134099957417
1458,48.6,track,1,365.2533768926305,243.67638374065464,364.92517222064856,246.97744478902797,365.5485819992573,244.02869142591044,0.4596376399608996,45.72640021637686,0.9025872251493633,0.2544171457211084,40.63930899974366
1459,48.63333333333333,track,1,360.86370211963015,246.7582237876596,364.47895712754695,247.37696870555115,360.8149952328853,247.079125204378,0.32457677068490903,41.42436299473666,0.8961759342507388,0.24616724612395066,39.007436998872436
1460,48.666666666666664,track,1,360.75487915212614,245.94325966136745,364.045566082995,247.62653752545398,361.25736750955787,246.3275672054195,0.6326032230156331,41.73977096915868,0.89068657011057,0.24140057605021095,41.31547799988766
1461,48.7,track,1,362.471421280939,249.47435570298546,363.84423727812964,248.25573759172698,362.55741148112344,248.92369190315912,0.557337361897567,43.48293399893991,0.8910215446301899,0.22756017203441722,39.52501099956862
1462,48.733333333333334,track,1,364.8100356183216,245.83334374804724,363.9362153201267,248.38352894200708,364.5817392410789,245.5629801402382,0.3538583279925218,44.927477358519,0.8981846785709908,0.22574621843855475,40.50205699968501
1463,48.766666666666666,track,1,358.8267939433838,245.98077682685977,363.30829336613175,248.49425283009185,359.2125453356083,245.8490115050831,0.4076349305764337,39.64636991306683,0.8881554122816626,0.2239082759561646,41.25720500087482
1464,48.8,track,1,358.9076517150396,250.7007529442049,362.7310154061463,249.13707350576908,358.9762470654615,250.8500982480519,0.16434519123068914,40.458280577655245,0.8799442636908056,0.20932847873729896,40.62417000022833
1465,48.833333333333336,track,1,359.7294329321256,248.1902841543616,362.291944831465,249.41468866560527,359.44980190117946,248.771157619402,0.6446762721366786,40.41311762320121,0.8753232398025318,0.20371477601312862,39.39668699968024
1466,48.86666666666667,track,1,361.5627195956358,251.38365283856254,362.10512168625297,250.03168488764092,361.94354060884706,251.23856183404843,0.40752428601758717,43.42310296263651,0.8766554501118387,0.190010357621457,42.11740699975053
1467,48.9,track,1,363.2708907843263,250.52940421984223,362.1407966641143,250.48302424275568,363.32349990338525,250.75327121345757,0.22996554141550501,44.63808335568181,0.8828977495745918,0.1804737289522404,37.350140999478754
1468,48.93333333333333,track,1,364.52648311820434,252.85305525529344,362.3309693309346,251.15863187660614,364.21401943417237,252.48720777417992,0.48112153690718984,45.94355093504323,0.892263140810977,0.16568689425816208,78.4467460016458
1469,48.96666666666667,track,1,359.5665875104294,250.68037994993904,361.92194657480934,251.50650605637477,359.97612256183584,250.89756827252563,0.46356199779368695,41.43485693631966,0.8871095549728742,0.15880917011341816,110.6970500004536
1470,49.0,track,1,359.5108175378135,252.10434616121003,361.5372372221045,251.97678326754834,359.5739090635899,251.78822953652036,0.32235114553849525,41.29233142096694,0.8829095667581222,0.148824391499351,107.85586000019975
1471,49.03333333333333,track,1,360.6456359102244,248.85960099750622,361.3188239186459,252.00374147164166,360.34151528825845,249.2039239428361,0.4593992200533388,41.378135188747954,0.8828197265934769,0.14915752971023505,107.1718189996318
1472,49.06666666666667,track,1,363.45838635785185,253.38603970475947,361.45779074400235,252.5448668242747,362.9392509716623,253.35127298561824,0.5202982548058374,44.96705198635889,0.8910124717038118,0.1368963646255815,109.34688599991205
1473,49.1,track,1,360.565488435883,254.24736612430647,361.2494001563669,253.13069042611448,360.8216033134763,253.92066943981365,0.4151211319400941,43.12990070398241,0.8905994855686977,0.1238227393216005,114.55353299970739
1474,49.13333333333333,track,1,358.3003364066783,255.17125591826564,360.78982840366933,253.76544642865002,358.17044959909873,255.69018674777175,0.5349390512900554,41.269421885668436,0.8844152906585564,0.10980945648881668,112.77039699962188
1475,49.166666666666664,track,1,362.24135559307194,251.34308760082536,360.83758164137447,253.8771719240483,361.9145316138351,251.64755447937168,0.44666989324998035,43.50279859683872,0.8904482599292849,0.10819248783654781,117.22099100006744
1476,49.2,track,1,358.9682338796431,253.0075302157818,360.4988698512961,254.15529745231436,359.2414802086391,253.243438173389,0.3609932420034738,41.41596822020933,0.887071441238264,0.10214698337552944,113.42076199980511
1477,49.233333333333334,track,1,362.6566668754306,254.18563286778982,360.630122039523,254.5323150270568,362.667814142238,254.16370999922262,0.024594180683462204,44.95723573151094,0.8948804124381692,0.09361797093726562,68.53381600012654
1478,49.266666666666666,track,1,357.88364048053336,256.3681363607774,360.1902870154138,255.122616317998,357.6410630647079,256.4135637989278,0.24679435732095273,41.06403177018533,0.8889086957989164,0.08010402986477189,36.99717699964822
1479,49.3,track,1,360.7181654340936,253.88540177739108,360.1244799129188,255.35488746532442,361.1594343808064,253.9379234558867,0.4443836293620841,43.45531899330694,0.8920747537248048,0.07520092818751986,37.79248499995447
1480,49.333333333333336,track,1,361.6205017739483,256.14147237709074,360.17897604988445,255.81800232831802,361.85849979731194,256.1794258105254,0.24100523279478386,44.876584371360735,0.8978514896492451,0.06461984219210305,39.28455699860933
1481,49.36666666666667,track,1,359.62418645013327,253.25773259778094,359.99918514701926,255.88332001323286,359.49766211697624,253.4296178007407,0.2134313235617983,41.71834065469037,0.8978677501949761,0.06340584043285838,39.74262000156159
1482,49.4,track,1,356.89293792410155,254.136340789143,359.5114029227532,256.0259108883237,356.47495583102983,254.48437681129275,0.5439100135522758,39.24563127899833,0.8907862580245355,0.05993193928223684,41.10405500068737
1483,49.43333333333333,track,1,358.1416482228876,258.6683374560604,359.2113565084367,256.6790567452987,358.4861991877662,258.1831764702241,0.5950601226568492,42.565425341087895,0.8885334249309194,0.04431577030778469,37.77067999908468
1484,49.46666666666667,track,1,360.36181943487253,255.4093101935969,359.2045656960613,256.8794804236049,360.42861503334467,255.12532129584665,0.29173848909708905,43.16535946586075,0.8931890561931276,0.039748409043429814,40.98854899893922
1485,49.5,track,1,356.8287778825008,259.450644046497,358.78487142972324,257.5280561170513,356.5089138825578,259.53826897044706,0.3316490701883165,41.40826906845487,0.8878730765251617,0.024468799257725223,37.21258800032956
1486,49.53333333333333,track,1,359.64102878890185,259.9232705174636,358.73680159905973,258.17022763990815,359.97824742303,260.36878084327964,0.5587448949314443,44.86811228543674,0.8915176966012038,0.009720550939742584,40.373383000769536
1487,49.56666666666667,track,1,361.4593000648088,262.29287103046016,358.91881744342624,259.03233460785293,361.5143935487023,262.08532476435954,0.21473412523357857,47.023466925182866,0.9002545663317825,-0.009920796977826083,39.42069599906972
1488,49.6,track,1,359.8544752894311,261.861322046558,358.9064824654229,259.76455443990193,359.69400621129415,261.9392815558826,0.17840406422571886,45.353568815370515,0.9039689929840588,-0.02610314632533737,39.637419999053236
1489,49.63333333333333,track,1,358.82260731124853,263.1945992284612,358.7794363764251,260.5846207186181,359.2765357465314,262.88794073168566,0.547805127762588,45.45881752955872,0.9049150083072579,-0.044224716616134814,39.426457000445225
1490,49.666666666666664,track,1,360.32788246566594,262.29313318428615,358.8479329848872,261.21867570685737,360.6191127991717,262.56279879936955,0.39690635055664564,46.464956841179436,0.9105060457039581,-0.05783631124674153,40.91557599895168
1491,49.7,track,1,355.5113217147946,258.5563541534156,358.34347946207544,261.33819070114265,355.3302649342839,258.3676253388553,0.26153417217303304,39.819559024620666,0.9025292803495668,-0.05957591172255187,39.66340999977547
1492,49.733333333333334,track,1,356.34661172161174,260.6140763997907,357.9776863897379,261.6683212813504,355.91825402366743,260.1177967209316,0.6555790089963374,41.16851608952438,0.8983759662685419,-0.06699380262653552,41.019821999725536
1493,49.766666666666666,track,1,359.7785243249969,262.9822695035461,358.05365329572305,262.2341628788309,359.9588751020743,263.1059477256896,0.21868403102418207,46.15838515075534,0.9047572242030746,-0.08018606111038501,39.78300800008583
1494,49.8,track,1,359.9926309873228,262.7320302254418,358.15927347075944,262.70810290800745,359.68588861796457,262.62535399447955,0.3247625277211241,45.68234230830334,0.9114210179992076,-0.09113655728054369,41.53137699904619
1495,49.833333333333336,track,1,356.87367831819876,264.8979350665506,357.8932164066723,263.3845720649049,357.368453468476,264.59226005158973,0.5815837550200135,44.73455676622572,0.9090865780480663,-0.10687870386103002,39.16793499956839
1496,49.86666666666667,track,1,356.58532238558973,261.58061230984663,357.6167300482199,263.5949344975936,356.7350525361546,261.1888312568761,0.41941806286197664,42.407907928432515,0.9067532441181162,-0.11154377670445617,40.66923799837241
1497,49.9,track,1,353.99962725973785,264.8201528235075,357.0562258736927,264.1522285263919,353.70488292622497,265.20141707769795,0.48190938324684696,42.08480195741234,0.8979666836433623,-0.124774629836221,38.75300999970932
1498,49.93333333333333,track,1,354.27961441418125,263.3193375169826,356.57296630252864,264.4684727334412,354.6209787316384,263.6387509828216,0.46749819185986474,41.92138733825977,0.8914560931254125,-0.13227552690649788,40.441367998937494
1499,49.96666666666667,track,1,355.75748465489164,260.35951396718025,356.3067828925117,264.3841733214731,355.67393790111186,260.7222946558546,0.3722766285199694,41.255827966197046,0.890231025404291,-0.13067266210394562,39.37993500039738
1500,50.0,track,1,355.20619954396994,263.6878042768226,356.0023211283221,264.67735260429043,354.79401607141904,264.0721808365211,0.5635960917978383,42.309495915271086,0.887978809562104,-0.13856614263603037,40.430246999676456
1501,50.03333333333333,track,1,357.0624767109676,260.5457707117128,355.9502068930839,264.5521707024259,357.18012977911854,261.09500460192817,0.561693965257269,42.74764636266502,0.8915644206693073,-0.13669612966917902,38.48343299978296
1502,50.06666666666667,track,1,355.55541864333685,262.7281128704331,355.7325602738035,264.6724485284201,355.31437050172667,262.33044901618973,0.46501693253624427,41.78221771517007,0.890923273140465,-0.14109171691430417,38.546859001144185
1503,50.1,track,1,354.93391380606363,267.2855174141819,355.46526637346494,265.30857144815946,355.1820283015782,267.036416088082,0.35158537163711606,44.37051848131762,0.889075827806765,-0.15759213832527147,39.45825099981448
1504,50.13333333333333,track,1,354.2548724656638,265.05591890124265,355.14468482364146,265.61702645051315,354.04793839549194,265.01873213809796,0.2102488162893693,42.251616144014065,0.886007556129703,-0.16584306688571557,38.73684800055344
1505,50.166666666666664,track,1,352.2302043422733,267.08927203065133,354.61353183722474,266.1274948613539,352.57560465904766,267.3543461040703,0.43539136788270383,42.53739848279199,0.8780993575053982,-0.17881892329602733,39.058246000422514
1506,50.2,track,1,353.57490957548066,268.32870105971193,354.2885720845369,266.732464505846,353.507195842337,267.9266175166465,0.4077454172155695,43.61912584105502,0.8753129162100957,-0.19376211297376472,39.32864800117386
1507,50.233333333333334,track,1,353.76837979644733,264.2280801567735,354.0201792193276,266.7868323533727,354.1496143235369,264.1262881933966,0.3945901271615256,41.81236587945181,0.873788893087154,-0.19558075576893608,39.22436600078072
1508,50.266666666666666,track,1,351.9624882775868,266.25464207564863,353.5659953184124,267.0575788770811,351.78171452934987,266.53696474137246,0.3352390723543805,41.40395966704071,0.8678069632539631,-0.20296919123565466,40.35014400142245
1509,50.3,track,1,354.78095541401274,266.119872611465,353.4909884905064,267.2737152141103,355.16559942479444,265.7735629730804,0.5175725849272659,43.59926526023625,0.8708177066037607,-0.20917561560544115,38.725037999029155
1510,50.333333333333336,track,1,353.0403009820176,265.62798112485655,353.2266035482612,267.39639139251716,352.9278862139804,265.9463494358377,0.33763213933191893,41.92205552650581,0.869017420346221,-0.21334150500423324,39.935496999532916
1511,50.36666666666667,track,1,355.275264376447,265.2257055253113,353.25970441994275,267.4428228398429,355.54846028068715,265.09339215859615,0.3035503732580247,43.51288726748303,0.8741242012711251,-0.21594986754539183,39.47578000042995
1512,50.4,track,1,356.0778105210358,266.061006959684,353.4001714408355,267.5667169463385,355.8233763420013,266.4847998921012,0.4943047653297756,44.55063319264165,0.8813300012609468,-0.22062134950596354,39.24485499919683
1513,50.43333333333333,track,1,351.56792381432894,270.6524344096872,353.00487612408995,268.21343214895285,351.6827930018317,270.74073615210426,0.14488660376805,44.145126928917165,0.875610034782082,-0.23757982517652376,38.04737199970987
1514,50.46666666666667,track,1,356.2392151930575,269.9561690353415,353.2045679251383,268.71810638558463,355.78089219765667,269.7557370747572,0.5002328847015481,46.536825582783436,0.8841629558262297,-0.2506268946904004,40.660901000592276
1515,50.5,track,1,353.8319142419602,271.5773353751914,353.11558699137026,269.3657314323567,353.8301399625292,271.11347817373496,0.4638605948024771,45.9622333438204,0.8854871623639026,-0.26679065385715905,45.26794699995662
1516,50.53333333333333,track,1,352.1157299843014,270.16916797488227,352.8374580563946,269.7843369320113,352.35678741776564,270.46320128912754,0.3802160913407191,44.44061571108549,0.8824211994562297,-0.2772886271536287,41.76157900110411
1517,50.56666666666667,track,1,353.46244477172314,268.1967727476468,352.74815381057334,269.91992576708145,353.04998893889996,268.3102531689238,0.4277822109941879,43.5174930729008,0.884015905419251,-0.2812621228746279,43.07780399904004
1518,50.6,track,1,349.8445685909373,267.72551210428304,352.2422959044311,269.9698200662804,349.80638420017976,267.69879570653154,0.046602721018621264,40.68960337335443,0.8758186082553794,-0.2836600346203406,41.21447199941031
1519,50.63333333333333,track,1,351.1646159823857,268.42002331304235,351.9365475813969,270.0797183603206,351.46281133375254,268.40992144721343,0.2983664110954907,42.39141580155286,0.8727657479929086,-0.2878675253098223,38.85071100012283
1520,50.666666666666664,track,1,351.1200223644157,269.6744735043797,351.6561542082489,270.31386041280894,350.7041950013869,269.60710970388016,0.4212484747286918,42.653587606446266,0.8703703425989604,-0.2951875569766595,41.89667500031646
1521,50.7,track,1,351.63028169014086,268.1913145539906,351.46623529746324,270.337757353824,351.5421867617049,268.0609823446965,0.1573124317897677,42.21762991760245,0.870092401788385,-0.2975952470092693,39.9706080006581
1522,50.733333333333334,track,1,350.49397068826914,270.8880093995424,351.1643836355874,270.6649594245861,350.55437923642035,270.87180154486606,0.06254508168469633,43.43544890004694,0.867083802159406,-0.3073508192116349,40.852825999536435
1523,50.766666666666666,track,1,348.06872252392037,271.3865399534523,350.6034845058431,271.0143494095224,348.3243349164604,271.4599547799051,0.2659462952611244,42.331982037385046,0.8580809271894639,-0.31743130770078315,39.2236640000192
1524,50.8,track,1,350.5871092491138,269.2997744118595,350.39154700678444,271.07522629556723,351.02165342366857,269.44784500274,0.4590790122878585,42.77287173482284,0.8575780688803247,-0.320623024544435,40.84890099875338
1525,50.833333333333336,track,1,349.8823418910457,271.60450845335004,350.1221595257483,271.39093468238724,349.5359715517658,271.9616656478317,0.4975275605460487,43.51921054534999,0.8555277147339658,-0.33002807961284414,39.758343000357854
1526,50.86666666666667,track,1,347.45899873257287,275.23022813688215,349.5933483621522,272.10412296285443,347.2565581802465,274.78463810427945,0.4894207335014326,44.191526471472464,0.8473431713212399,-0.34857861680312585,40.49993899934634
1527,50.9,track,1,346.7976219965321,271.4245107753282,349.032432894437,272.3006836701372,346.6879339063774,271.2942284479856,0.1703084317924249,41.12875575975862,0.8386727301639229,-0.35448544186205055,39.63475799901062
1528,50.93333333333333,track,1,348.8132530120482,273.49499048826885,348.76263875879914,272.7146807936689,348.8887390337758,273.605042297384,0.1334523891347288,44.315438740585286,0.8370080867936402,-0.3657285390181057,39.80129699993995
1529,50.96666666666667,track,1,346.335322877643,273.71071179122487,348.22915263558843,273.1109066231662,346.54072470570856,273.1470640682316,0.5999072149992504,42.46337156005937,0.8289533406014521,-0.3764715048297481,39.49068700057978
1530,51.0,track,1,346.4417376924055,276.61417122503497,347.75777496409006,273.81154651644334,346.64196753167994,276.55346444793304,0.2092302590973893,45.232180989925666,0.8225079335873442,-0.3942949074104719,38.321855001413496
1531,51.03333333333333,track,1,344.7229346092504,275.02902711323765,347.1271941112161,274.2601613934409,344.878980631899,275.4599930303455,0.45834701143684375,43.31714190703906,0.812364745774216,-0.40584581437865597,37.54863499852945
1532,51.06666666666667,track,1,345.6534922897499,275.1119606064533,346.6650088861385,274.6708973307746,345.84716970305,274.9598259917103,0.24628414773508728,43.47718499430396,0.8063523178234027,-0.4165762961256268,41.316372000437696
1533,51.1,track,1,345.05941521929276,276.81544420842187,346.17934890018927,275.2395948349375,345.28917637668593,277.21031019996394,0.45684717436267047,44.990550418823176,0.7997024609277466,-0.4310990638032311,38.68802099896129
1534,51.13333333333333,track,1,348.28956608979183,273.6373839979935,346.12954655477785,275.3722049027711,348.43636293142674,273.61300449616016,0.14880750257841738,44.02795484719571,0.8031810390402621,-0.43532843754240513,39.44136599966441
1535,51.166666666666664,track,1,345.7461280738353,276.43567861432456,345.7979689777165,275.81040337989526,345.7287657696247,276.01427787314117,0.42175826521529014,44.260564826400916,0.7994884394892263,-0.447175785677518,38.81925099994987
1536,51.2,track,1,348.4478390461997,277.53750620963734,345.82875642190237,276.3327278664907,348.3353095346605,277.71750565149466,0.21227974476195116,47.175205341318375,0.8041919368769205,-0.4609458610418055,40.26102699936018
1537,51.233333333333334,track,1,346.0100101368474,277.08153826659907,345.5842559584191,276.74722842166153,345.9126734669216,276.99667271353024,0.12913786977461725,45.16879938713643,0.8019606324244577,-0.4720768000265762,37.7999690008437
1538,51.266666666666666,track,1,346.3083140877598,277.8906209905055,345.40791262615977,277.21146354794166,345.98718833289826,277.5290404756903,0.4835930304806308,45.648251187482785,0.8013110825130292,-0.48443338955949067,39.416767000147956
1539,51.3,track,1,343.9558926636497,275.20294473835173,344.9781812714319,277.3039234382241,344.42397067434746,275.6161110738638,0.6243424099796845,43.186082382258164,0.7946475050367808,-0.4881057911079101,38.95632399871829
1540,51.333333333333336,track,1,344.594017364852,274.97838899803537,344.6683744517463,277.3424741879451,344.96290001214544,275.2705905127753,0.47059125862103557,43.21065762212195,0.7910274743317102,-0.4909959585360753,42.11835800015251
1541,51.36666666666667,track,1,344.256946198535,276.0488759787825,344.35474087393413,277.48643761320363,344.23982230222475,276.0836861032502,0.0387939762115246,43.469545523749446,0.787326212234522,-0.49675052206687376,37.669794999601436
1542,51.4,track,1,342.98617630039223,279.9436764611329,343.9258960191755,278.06802922343263,342.77089182740536,279.9523909031619,0.21546077556973114,45.985944086149324,0.7809372505842372,-0.5128721963774051,40.001573999688844
1543,51.43333333333333,track,1,341.21924428822496,276.59634697464224,343.3298706712807,278.1940305392087,341.6718810520527,276.54107939517314,0.45599840494109567,42.48436078957371,0.7707828171047771,-0.5179188228015476,39.476484000260825
1544,51.46666666666667,track,1,346.5633108782435,278.2745134730539,343.4281682659714,278.4934954016327,346.6384607692697,278.1897008522964,0.11331675410549541,46.56244026405631,0.7771304475144941,-0.5272955280990193,39.672664999670815
1545,51.5,track,1,344.5528357070193,281.4252924720244,343.29814183720555,279.1322898704765,344.3181136803623,281.3022578264185,0.26501312008532735,47.92960624218575,0.7774649064808488,-0.54457564154727,40.55685700041067
1546,51.53333333333333,track,1,342.4623493025311,278.13154074354605,342.9432112721836,279.31823814813725,342.73499858101763,278.043498077701,0.2865120242997478,44.31915958664956,0.7723605934262353,-0.5508542942069243,39.25155300021288
1547,51.56666666666667,track,1,342.8213749060856,280.32068620085147,342.6700036213086,279.73471933561973,342.76012311518565,280.3424992214281,0.06501991814152934,46.31997892539823,0.7693108122134352,-0.562800070843122,38.81256900058361
1548,51.6,track,1,341.0338360157141,277.0009504498796,342.21684523367145,279.7088369703955,341.4955956957126,277.08901915840556,0.47008307722546955,42.86788980631206,0.7620504279515916,-0.5643349810771928,40.58088000056159
1549,51.63333333333333,track,1,342.28751365593473,280.833622517833,341.95880515200724,280.1237930853639,342.2790886425867,281.0908071543749,0.25732259543826597,46.741974961936116,0.7595563011662537,-0.5766690377767051,39.10318999987794
1550,51.666666666666664,track,1,341.28655157036377,281.34000127412884,341.61441958993055,280.55508716166827,341.62455696782894,281.7791728193685,0.5541834487458,47.043817293301565,0.754936709786021,-0.5891857787143016,39.66350100017735
1551,51.7,track,1,341.84490858303707,277.6691848654139,341.3754993104577,280.5017741555314,341.69204059985833,277.28547286543426,0.4130417886963978,43.13642442512982,0.7528034016284834,-0.5902420256151694,37.86573000070348
1552,51.733333333333334,track,1,338.5691841405332,280.0898744355786,340.77697282863915,280.7227676245467,338.89063932321073,279.97046038725904,0.34291857547575627,44.20965909853954,0.7421503892020697,-0.5982189688693891,40.546861999246175
1553,51.766666666666666,track,1,338.1399232245681,276.5616122840691,340.181879752293,280.49055811122616,337.6292438758687,276.82513152003787,0.5746614524340454,40.82744850101389,0.7319349581054828,-0.5956325062688123,39.24305500004266
1554,51.8,track,1,337.44877478143087,277.1489964290112,339.55975219061116,280.32645215475384,337.39545129920236,276.7706995261542,0.38203656954300175,40.67783265546037,0.7213174969084949,-0.5952226236461603,39.93833500135224
1555,51.833333333333336,track,1,336.0319129082426,276.44852255054434,338.8265076060101,280.0740080574071,336.2586913007397,276.44283444039047,0.22684971655415884,39.905202979842855,0.7082837121038276,-0.5930692628625448,37.68383300121059
1556,51.86666666666667,track,1,338.6490418509261,281.1184387617766,338.4726665071815,280.3826396831572,339.18536148284016,281.369807718628,0.5923049046268434,45.60196361894409,0.7043530159197907,-0.6043429385199667,41.095674998359755
1557,51.9,track,1,337.24670989279065,278.932592925467,337.99477624069567,280.3985517461296,336.8890649242757,278.65807836157194,0.45085271352688355,42.18634301081141,0.697201770795056,-0.6083020880374179,39.153353000074276
1558,51.93333333333333,track,1,334.2942268305172,280.42837941628267,337.2152466952555,280.58028481521575,334.172259688037,280.7211301410605,0.31714187787600145,43.116857313936315,0.6829276754099538,-0.6161715831890844,40.53188699981547
1559,51.96666666666667,track,1,335.15459241527026,282.79494771324175,336.6095970218012,281.0221520600037,335.126020332514,282.50616547285136,0.29019225743965804,45.117298171599856,0.6730210611273733,-0.6299333434585545,39.26546199909353
1560,52.0,track,1,336.585103070312,282.4160802142368,336.2363795921727,281.37936289331293,336.6979566092727,282.7299990133447,0.33358796994091605,45.87673234446403,0.6685158571675442,-0.6412710538745463,39.56892700080061
1561,52.03333333333333,track,1,336.4807333547765,282.40077195239627,335.8979695294365,281.69991640053183,336.76813692574956,282.1064892755041,0.41134305211940514,45.32247626805961,0.6644970598668994,-0.6515583257441807,39.87153999878501
1562,52.06666666666667,track,1,335.7296233839236,280.46530510274187,335.5146405127754,281.7560020665531,336.07188260583007,280.9090274643638,0.560384608267747,43.95286041403513,0.6591471727725053,-0.655591720403141,42.2757129999809
1563,52.1,track,1,332.8584081836327,279.0639346307385,334.83541483880305,281.6279593057268,333.1892269517603,279.0080184563239,0.3355110667423941,41.177435707847884,0.6467391006627119,-0.6556119761608706,39.56134300096892
1564,52.13333333333333,track,1,330.98730543505997,279.51441694309773,333.99859671346513,281.54958218323287,331.2058299936253,279.26721749211845,0.3299402237688307,40.83485025587048,0.6309075756186029,-0.657224079253101,38.726411999959964
1565,52.166666666666664,track,1,335.52064988217785,278.8549547314895,333.7810845967805,281.3862161793625,335.6435403803264,279.3211782429137,0.48214773372886793,42.3187359693303,0.6298905896055167,-0.6570889550476725,40.843145001417724
1566,52.2,track,1,332.6930428390029,281.17857381541137,333.264668316538,281.50100350156583,332.83359125321573,281.2838371142916,0.175596750621685,43.23258344505884,0.6213448509152978,-0.6637172478048163,41.85625399986748
1567,52.233333333333334,track,1,335.32786163522013,281.39509433962263,333.1207651129153,281.62550249166986,335.1860257933116,281.32801307360853,0.15689901943591653,44.0297631609288,0.6214784991582529,-0.6704074152047055,39.51507099918672
1568,52.266666666666666,track,1,330.66769911504423,284.5392541087231,332.4535537154524,282.1093771522261,330.3599775932957,284.24989231142075,0.4224012129306622,45.446475169213315,0.6089021523514478,-0.6853624040489825,39.63009300059639
1569,52.3,track,1,333.83735539246175,283.89121781316084,332.23160733697796,282.47638379364565,333.4142870547584,284.34220521997565,0.6183659591800171,46.32682010410271,0.6070275058927019,-0.6970542428657164,39.943871001014486
1570,52.333333333333336,track,1,330.0679311012193,282.1139926456358,331.59763360944936,282.5977277624222,330.2738065614137,282.42668379809976,0.37438010355721324,43.652887640627945,0.5951717480465495,-0.7027973095477352,39.24090199870989
1571,52.36666666666667,track,1,328.7273303741281,280.70348763474954,330.86750554843985,282.53219045585047,328.64118111290026,280.8390594131074,0.16062814914334547,41.74324837351857,0.5813287610230086,-0.7043469433684951,38.65595699971891
1572,52.4,track,1,330.23751129469474,283.26377952755905,330.38900773981595,282.766760348971,329.78489210304195,283.2566199438591,0.4526758136803626,44.34951276435449,0.5736428925553083,-0.7132587408704569,41.040047000933555
1573,52.43333333333333,track,1,328.66940861220166,281.7008163519661,329.77904748605613,282.7901422586206,328.86044252506355,281.6961634439853,0.19109056862126766,42.62719188132725,0.5627497396738907,-0.7171113413437792,38.96605000045383
1574,52.46666666666667,track,1,329.8076323501902,280.97536945812806,329.36970908398456,282.71567571681686,329.53385175787344,280.8850893123611,0.2882816633936686,41.9819587134861,0.5565946245166031,-0.7188611999333232,40.320754998901975
1575,52.5,track,1,328.1272495213784,284.0116145500957,328.81169705189205,282.99997789267405,328.3757957086076,283.9253569467881,0.2630885427276089,44.71678584888537,0.5467380629368401,-0.7292366310424965,40.16174600110389
1576,52.53333333333333,track,1,328.04938192531864,280.55774034458466,328.3058956649772,282.84492312388187,327.90187705453667,280.55829579918424,0.1475059166074994,41.32087873120729,0.5381139597504271,-0.7290784215886732,40.98391099978471
1577,52.56666666666667,track,1,327.913165091994,281.17926404773743,327.8423409290752,282.7653275755728,328.13193890764086,281.20297881061754,0.22005538482649692,41.99778438520062,0.5304043344136784,-0.7310474701529801,40.59453899935761
1578,52.6,track,1,327.732094488189,284.0247559055118,327.41310852263894,283.0234757738676,327.3025065193627,283.9463703106111,0.43668080384675273,44.548962557423195,0.5233784207491102,-0.7410575975289472,38.828986000225996
1579,52.63333333333333,track,1,328.15491847990785,282.64852415297895,327.0882046774697,283.09378725751236,328.0580787161241,282.6611997017092,0.09766580458535973,43.41555703413659,0.5186495218888818,-0.7463661936496521,41.05244499987748
1580,52.666666666666664,track,1,328.3175654564769,286.0590514278573,326.82973013353603,283.560174657983,328.48380513865203,286.2249374153178,0.23484844637644228,46.99701893397779,0.5152313135794313,-0.7609422146812604,39.392995999151026
1581,52.7,track,1,324.15242891750603,282.91195970929493,326.1153746222475,283.6134414937805,323.719094350231,283.207557372087,0.5245539299667789,43.36732268480626,0.5009105312930116,-0.7653939290804954,39.70792700056336
1582,52.733333333333334,track,1,327.8331461375265,281.7676276051416,325.91169315494307,283.51814311163497,327.6463068407434,281.22984769080404,0.5693120050441118,41.93287909158753,0.4988938052378409,-0.7665733076128309,40.9700399995927
1583,52.766666666666666,track,1,327.9171270718232,283.72941025311576,325.7570435269218,283.655528994165,327.79909108010514,283.53454562256,0.2278260730963166,44.2276212817119,0.4976281469763229,-0.7735095560411066,39.73825499997474
1584,52.8,track,1,322.9900958669291,284.85581867817916,325.0480973602818,283.911757448127,323.1250256848753,284.7750327206422,0.15726546571376368,44.883954155864075,0.48308034065882793,-0.7831526484864431,40.77353499997116
1585,52.833333333333336,track,1,320.95074590062876,286.229811367279,324.1643752572773,284.308850396772,321.1301644916386,286.3761195002733,0.23151047617815076,46.38988824821409,0.4649046423198581,-0.7958914433952602,39.53755499969702
1586,52.86666666666667,track,1,325.74996945632256,286.2458766035431,323.93582524261194,284.67500085956135,325.92209762192863,286.64179642402195,0.4317182062907792,47.01625691081287,0.4625391641972996,-0.8076033478947108,42.96085799978755
1587,52.9,track,1,321.96511027989163,285.6248548948794,323.295778400659,284.93505281117115,322.09535787068774,285.27576082625995,0.37260046115571405,45.32422137227454,0.450081125138095,-0.8166753512822306,40.28194700003951
1588,52.93333333333333,track,1,324.5299290245588,286.6694303121663,323.02887930158096,285.2941801672149,324.71571114601517,286.6856816377195,0.1864915607609907,46.923243724098505,0.44650359130948786,-0.8280895155843325,40.54873399945791
1589,52.96666666666667,track,1,319.911122365006,284.0885611191998,322.2529516451318,285.31217566881145,319.94277554531834,284.3421015349412,0.2555086421986518,44.34213845963283,0.4306755402508364,-0.8314437922531304,39.43519099993864
1590,53.0,track,1,321.61522816829796,284.0026058217872,321.75578823872496,285.30842309900345,321.5338272707188,283.58418849015584,0.42626185559606483,43.611169583511895,0.42172933545140506,-0.8346614210948792,41.58681999979308
1591,53.03333333333333,track,1,320.46102631744236,286.07512090949064,321.1789775207256,285.54303519922405,320.2405797828037,285.9486901357171,0.25412873743670417,45.94931994948388,0.4108139534756404,-0.8437309259411532,40.812279999954626
1592,53.06666666666667,track,1,317.7758761206194,282.63419221365433,320.3445581033288,285.3421299439267,317.3543637965179,282.9041227816884,0.5005348648482415,42.985615531097935,0.3858508772406772,-0.8425355568787887,39.48591900007159
1593,53.1,track,1,321.30665735863425,285.33439106428887,320.0126283174786,285.46755853321866,321.6748648304487,285.07387140004573,0.45105125845889155,45.10497816414652,0.38915620267899076,-0.8494429746957057,40.65946300033829
1594,53.13333333333333,track,1,319.1031615033012,284.26218892839006,319.46672496213984,285.4487451065401,319.1521543991739,284.2394245307464,0.054023343529212224,44.24754823687351,0.37902129132076184,-0.852907087435996,40.26299199904315
1595,53.166666666666664,track,1,317.9137480063796,284.7901116427432,318.841094291857,285.486283289235,317.457458511934,285.2040950173207,0.6161025378684492,45.27554222263378,0.36670626159243275,-0.857818080907814,40.382782000961015
1596,53.2,track,1,320.3489364412177,285.4584129410266,318.5744552220526,285.5939557748548,320.5579518843425,285.37304306608786,0.2257774811882825,45.37647350094876,0.3628555313375494,-0.8643869471717864,40.24030499931541
1597,53.233333333333334,track,1,316.8501688866229,280.3115798865592,317.93478704284917,285.0721948008487,316.6744126605528,280.66088672379436,0.3910313510981733,40.79665721989399,0.3498871862592728,-0.8561898982667306,36.97682799975155
1598,53.266666666666666,track,1,314.5232934017874,283.3190720669329,317.0850828646861,284.9362612561565,314.7956452961646,283.1839893841233,0.30401132473295894,43.496462465485735,0.3321901303395265,-0.8577424579949144,40.06442600075388
1599,53.3,track,1,316.12971786833856,280.1967398119122,316.509609368904,284.4308628030092,315.8747746531595,280.59135229580045,0.46980320923371,40.800433396766756,0.321262535874234,-0.8506910157370143,38.641129998723045
1600,53.333333333333336,track,1,318.8741306935656,282.26934402606355,316.3282782530439,284.20153756824584,319.01464005812755,282.029697268983,0.2778010973859446,42.041246255759404,0.31942482463932925,-0.8505589609605351,40.37245899962727
1601,53.36666666666667,track,1,315.03552664498375,282.64729797348014,315.72894680506425,284.030127363074,314.51690625258425,282.9125477990263,0.5825157348646298,43.26142711061052,0.3072404770290228,-0.8517501911468286,39.83003899884352
1602,53.4,track,1,316.64169709177895,285.301271559864,315.3880981609322,284.18608443569235,316.4233679808485,285.1703119893536,0.25459381333398945,45.31169144730707,0.30119784156488427,-0.86048412738941,39.656771999943885
1603,53.43333333333333,track,1,315.39410291000195,281.56940964861565,314.94835379227527,283.88557678068514,315.487156496535,281.98773548152695,0.4285504316269058,42.229559402786144,0.29258046174775565,-0.858076897407497,39.93097999955353
1604,53.46666666666667,track,1,315.64012021036814,280.7819308790383,314.5940154616535,283.50919612769616,315.9492275601924,280.66702648370085,0.32977321568504736,40.868273763215534,0.2858851274183,-0.8541364298184065,39.91477599993232
1605,53.5,track,1,313.7796456743825,280.8614379930169,314.06751873916704,283.1665716909726,314.2772578381902,281.26297595905083,0.6394142661342986,41.657927971128885,0.27500115528420543,-0.8512373684612988,38.82816900113539
1606,53.53333333333333,track,1,314.91998237219843,284.8419793502896,313.7381716385657,283.3234164063183,314.4840368102544,284.90315492218133,0.44021697329269854,45.240680497490814,0.26880683210903916,-0.8601221848612359,40.522413999497076
1607,53.56666666666667,track,1,311.35749608763695,282.0555868544601,313.03116211108056,283.1398328549422,311.0443455484534,281.67131714193187,0.4957080513341246,42.62279224779825,0.25359518095462585,-0.8605101107922166,39.64644499865244
1608,53.6,track,1,312.51742543171116,280.0436420722135,312.53468231197263,282.72933513313217,312.24950862803036,280.31589338405433,0.381968834453265,41.054127391303936,0.24362236919240982,-0.8556480706424486,39.47831400000723
1609,53.63333333333333,track,1,311.42070355679823,283.5318291176279,311.9662864424808,282.76464416934874,311.12866362243483,283.34474876155895,0.34682327328176016,44.243280329633976,0.23191340427970997,-0.8615056727493126,40.563285001553595
1610,53.666666666666664,track,1,313.574458847609,280.73212181355825,311.71928654848494,282.4667465804765,313.15492716243864,281.2297723091924,0.6508938858729529,41.79412813804554,0.22774325407134302,-0.8592323812378272,39.8062200001732
1611,53.7,track,1,311.52188087774294,282.5617554858934,311.27047718407044,282.4100795907005,312.04994647648454,282.66151936962217,0.5374068375736977,43.39595126220196,0.21846773339078834,-0.8627630793886528,40.519742000469705
1612,53.733333333333334,track,1,312.2934445306439,285.0162270493923,310.9695298730108,282.65488172444924,312.574716889695,284.8466678129144,0.328427274508591,45.45721552394156,0.2126143773404587,-0.8731407070872185,40.70929299996351
1613,53.766666666666666,track,1,312.7441028439755,284.06361045418714,310.768549201585,282.7744597928716,312.8500297941467,284.4399011906006,0.3909158951528533,45.01140846246577,0.2088755999417371,-0.8800814779521273,37.59881599944492
1614,53.8,track,1,309.99578298086607,279.8699018126888,310.2779662623119,282.38801473628126,309.89420351575507,279.9520770543104,0.1306566418817094,41.21038198724361,0.19808906005414922,-0.8750144089935131,40.79877999902237
1615,53.833333333333336,track,1,313.5680015231326,281.6282921875992,310.27111699538494,282.23890445126665,313.1032501526261,281.3450430647998,0.5442645514400538,41.91631835559277,0.19875168666382756,-0.8759899245435367,41.169300999172265
1616,53.86666666666667,track,1,309.7430328656544,280.30283810622075,309.8327494753423,281.9444627700623,309.96346543361307,280.6052764127526,0.37424516867246943,41.827269796848086,0.1888294769896905,-0.8736154503940122,41.37447500033886
1617,53.9,track,1,309.62356640769514,281.5775064742878,309.4318371730933,281.82517656441644,309.41928537492663,281.5469604220286,0.20655217659853323,42.87308529003774,0.17996540728191396,-0.8755379537729354,39.98440599934838
1618,53.93333333333333,track,1,305.75207081884287,285.8055643376541,308.61732758573186,282.2239160745279,305.9885696837837,285.57388779649034,0.33106756537586884,47.6791299039032,0.161515700054134,-0.8894705340427279,40.67061300156638
1619,53.96666666666667,track,1,309.8872647427854,280.16662484316186,308.37295196569016,281.92786191653335,309.70640981928466,280.6255401341639,0.49326640638699765,41.90933678789346,0.156931855429934,-0.88647208975478,39.901047999592265
1620,54.0,track,1,304.76435337328434,284.11611572910624,307.5566677860622,282.1261351143284,304.8818104974355,284.20348364439184,0.14638759727247597,46.71731606305598,0.13864813995207292,-0.8953987943653003,41.125525000097696
1621,54.03333333333333,track,1,310.97963178176036,284.0681998899015,307.56004846922457,282.3101170706344,310.6486388482086,283.9197011434493,0.3627784444521145,44.90421031396872,0.13996549688756868,-0.9036325488241359,38.938501000302495
1622,54.06666666666667,track,1,309.38507198787573,283.19834554180346,307.39836269593263,282.38145330777303,309.4010019760907,282.6626652187423,0.5359171326235523,43.95954688889908,0.13670383629459176,-0.9090087222937436,42.80121900046652
1623,54.1,track,1,306.90451908980816,279.83784817387976,306.9744832244661,282.0485862809019,307.21650100888974,280.01511920957364,0.35882828474049,42.00747090473439,0.1270210281725545,-0.9049363562586582,40.65770200031693
1624,54.13333333333333,track,1,303.24040491864366,279.5591851943858,306.16256205171317,281.70536966455825,302.74966632427686,279.4617332107752,0.5003211539708728,43.06741691722626,0.10839431063596291,-0.9011231349840813,40.78657900026883
1625,54.166666666666664,track,1,306.13268792710704,284.9874082510757,305.77138876448015,282.03603564969376,305.8469623218116,284.5514738294616,0.5212273414446589,46.74550562243843,0.10014508966397796,-0.9133950205672564,38.833881000755355
1626,54.2,track,1,305.10433233666265,282.6381449201603,305.30676384970576,282.06867217349,304.9447896238734,282.8781442588528,0.2881901451767174,45.44441235787321,0.09001879662580693,-0.9181014748424823,39.49008100062201
1627,54.233333333333334,track,1,301.82965259760806,282.9062836170347,304.50453511195246,282.1338089045656,301.87178912397053,282.93568030977633,0.05137754760632227,46.60584376694738,0.07197913125833001,-0.9235244910741578,39.75501100103429
1628,54.266666666666666,track,1,301.26044817581334,281.837397370208,303.7098085367271,282.06920598698247,301.16895428269237,281.65508507799296,0.20398260801140652,45.71383155744181,0.05450293856360495,-0.9258495065692314,39.463945000534295
1629,54.3,track,1,304.8930530164534,279.29648733350746,303.4259104748895,281.7066894270026,304.95249001622193,279.72326845807487,0.4309000872922982,42.47782496437625,0.04919125254971848,-0.9213363443095393,39.93400200124597
1630,54.333333333333336,track,1,305.19875,279.1445,303.2236942416773,281.3509999875481,305.1479838080976,279.3457528306483,0.20755699960305302,42.055566228205734,0.045290144217944445,-0.9174363603852705,40.43665300014254
1631,54.36666666666667,track,1,301.8056221935166,283.9437780648336,302.6549052728221,281.5950082378613,301.6516181264016,283.8456874691784,0.18258975229721483,47.53006866210339,0.032373928404900165,-0.927834462476565,39.85278399886738
1632,54.4,track,1,300.7956008925725,281.2837743066624,302.0268818277027,281.50960026442027,300.50551841195534,280.914586403999,0.46951842672466093,45.32149813275057,0.01820922982563579,-0.9299886057553768,39.16463300083706
1633,54.43333333333333,track,1,302.45609877775007,283.5347967074083,301.6631745825249,281.7018933547217,302.99355937903437,283.85095436065023,0.6235539749182265,47.033235280323424,0.01036706908716438,-0.9386581209166036,39.53269200064824
1634,54.46666666666667,track,1,302.6595758272646,279.71981602146417,301.3733356695681,281.42890028640915,302.7797694234952,279.7550231353856,0.12524392777909005,43.324337335994365,0.004006246427291846,-0.9361377996250818,39.96515200014983
1635,54.5,track,1,300.3315908804635,282.50755762690517,300.84954210619264,281.5089367634494,300.31096807959017,282.2095225660386,0.2987477153412516,46.57576379637629,-0.008089099523095354,-0.9422186168814879,38.76175000004878
1636,54.53333333333333,track,1,304.76364099949006,279.9857215706272,300.91448862905145,281.2854110508666,304.3919053076595,280.4184889708807,0.5705042044567963,43.32743784963831,-0.006346491369151563,-0.9410140565465053,41.14119599944388
1637,54.56666666666667,track,1,298.35813896839414,278.74228122526034,300.2349220348515,280.93001529504437,298.510034022856,278.9374314402844,0.24729681355389846,44.47406215835983,-0.022671760817440795,-0.9369753875071194,37.93936600050074
1638,54.6,track,1,302.6809436699678,278.50198700561407,300.13931409207976,280.57172800304386,302.4557528167892,278.37929143974674,0.2564471139217953,42.19917796169278,-0.02490982894031605,-0.9331995570834523,40.580777000286616
1639,54.63333333333333,track,1,299.69379028259794,278.5146876549331,299.7172492238562,280.24204973775846,300.0366529633583,279.0291178811753,0.6182178220738832,43.838422274165715,-0.03520254519373155,-0.9303164421532237,39.101369000491104
1640,54.666666666666664,track,1,302.65817396276765,276.6281847639621,299.70000089276465,279.71303462247187,302.3466825416336,276.7607430902001,0.33852417239413635,40.77979707930826,-0.03594164636317886,-0.9228914521791215,44.91760399832856
1641,54.7,track,1,298.28475250064116,281.78885611695307,299.1843080456625,279.8409782433167,298.3955113587566,281.64981728055085,0.17776198322228853,46.919731552438435,-0.04876415772073597,-0.9311214636020314,43.41715600094176
1642,54.733333333333334,track,1,302.4629593747982,277.77743331395726,299.223123211114,279.48871375218397,302.964449636131,277.3155074462402,0.6818122831673259,41.02020321951519,-0.04833017905855703,-0.92752481857889,43.610831000478356
1643,54.766666666666666,track,1,302.5812786519638,278.40478255482594,299.29611380595173,279.2405748303842,302.4015310201471,278.6202010995602,0.28056079654708693,42.440853471688264,-0.04759098674755876,-0.9265339558374233,40.712312000323436
1644,54.8,track,1,301.67125496031747,277.6910342261905,299.27655531213946,278.93038882326385,301.7111436415854,277.5365596726233,0.15954151369808406,41.75494676029574,-0.04939887675301295,-0.9240765369785053,41.16910899938375
1645,54.833333333333336,track,1,296.67177546515296,276.3948912015137,298.6796663498528,278.4928532367667,296.93673164166665,276.8156879133167,0.4972641633347186,43.44317235077607,-0.06483615489861443,-0.9187045679911212,38.19172400108073
1646,54.86666666666667,track,1,298.83469400670845,277.9495601544206,298.39754314588833,278.27759777723685,299.2072900793183,278.08650652213686,0.3969661710460296,43.392611870068265,-0.07230752956668995,-0.9187134962758489,41.23468900070293
1647,54.9,track,1,298.94018983227147,278.46846963983876,298.16510477694544,278.1476456241065,298.5138434677651,278.21959973984013,0.49366734716112365,43.84509923356643,-0.07859862263850129,-0.9205566104122188,40.76557499865885
1648,54.93333333333333,track,1,298.9244297183637,275.26863769593473,297.96448088940525,277.6530003678898,298.48514709357374,275.57085009036354,0.5331993583911475,41.57131549201052,-0.08420308183906526,-0.9136632243399702,39.69942900039314
1649,54.96666666666667,track,1,295.9959607258265,278.06922694506585,297.4449349499063,277.5342877669917,295.6841566052262,277.9764353456771,0.3253184448205338,45.09401159315456,-0.09733810676172772,-0.9158437700883493,38.245785999606596
1650,55.0,track,1,295.48439544010466,275.558275711705,296.9153113119492,277.13355334266356,295.1797670181514,275.142956624574,0.5150615687440164,43.024078904608025,-0.11037339002701836,-0.9111634693285778,41.0755569992034
1651,55.03333333333333,track,1,296.8873619477912,277.8523468875502,296.6059170665872,277.04310472081494,296.46444306519976,278.1245159758929,0.5029278217614193,44.804030606936884,-0.11803515047824825,-0.9138831741970057,37.816015999851516
1652,55.06666666666667,track,1,296.75504856850716,277.4092535787321,296.3198432836946,276.91664367165197,297.2082310844508,277.14212301970434,0.5260543016870817,43.57754046192426,-0.1252813026715061,-0.9154708867688626,40.77336799855402
1653,55.1,track,1,294.6964274734059,272.0277931500953,295.8250990004557,276.1654727012736,294.94089590365047,272.31504928038606,0.3772014021393211,40.892800198879286,-0.13752675005280812,-0.9023142948241538,38.825030000225524
1654,55.13333333333333,track,1,297.03699035856073,277.37872581763185,295.66084385474886,276.1125666433277,297.0477307535597,277.23646485777545,0.1426658220597979,43.74198187857331,-0.14189294537583946,-0.9061261969453257,40.88054600106261
1655,55.166666666666664,track,1,297.07676495149997,275.57801760133617,295.5314668496468,275.86027610472695,296.8162096337779,275.96907150452705,0.4699066170996992,42.793249942516795,-0.14575896838831537,-0.9048532563778249,39.191943000332685
1656,55.2,track,1,294.8120135576199,271.27742907356264,295.1584797772614,275.12168888947764,295.17284764534503,271.16256039190637,0.3786767128962298,39.843351568617585,-0.15558000924797508,-0.8921759936828828,39.99109100004716
1657,55.233333333333334,track,1,292.41567490904606,276.1612505395573,294.54087634772696,275.02623250804317,292.53536703046007,276.5614299150144,0.41769574629129513,45.72793699241252,-0.17099668851340294,-0.8950789970610971,39.2540930006362
1658,55.266666666666666,track,1,291.5034165655534,272.7025352832237,293.8718535343337,274.53719604270265,291.18659185844706,272.75916609725175,0.3218461497835329,43.62769134528021,-0.1872366427065276,-0.8883626859501252,39.93578500012518
1659,55.3,track,1,290.8615168367659,273.85387765079753,293.18804176128697,274.2303685636585,291.0385486783999,274.2829526190401,0.4641611803292915,44.878575099180246,-0.2035106687520648,-0.8860893905488357,39.21390600044106
1660,55.333333333333336,track,1,291.882585667794,272.8562950673218,292.69040799644955,273.8380651819131,291.6157491761579,272.8154730109151,0.2699410186650352,43.3880278851307,-0.2152210290073794,-0.881710815134322,40.8850949988846
1661,55.36666666666667,track,1,293.6176918199112,274.56702599873176,292.4536434795412,273.6897947858986,293.67035739095815,274.89075094819844,0.3279809526190563,43.71057745728238,-0.22094254004751931,-0.8830506679737001,38.02511100002448
1662,55.4,track,1,290.7965465010603,273.0230839139655,291.9166681831006,273.3812910071899,290.3736698753866,272.8101455834296,0.47346316979524883,44.20661816807997,-0.23408438151853034,-0.8803477210851433,40.13520199987397
1663,55.43333333333333,track,1,293.38278423157493,271.4642925157113,291.7446786124572,272.92053442716895,293.2500257454225,271.58083641697453,0.1766558704576433,41.38732114327122,-0.23862420619552985,-0.8740760997576078,39.77868499896431
1664,55.46666666666667,track,1,292.30976721271094,275.0057888902574,291.47740469798595,272.92733135736,292.55047915558254,274.6211959942103,0.4537112905041057,44.18261430311287,-0.2458046236418035,-0.8788913554211144,40.67772499911371
1665,55.5,track,1,289.49696780243823,273.54423257267894,290.9120414490566,272.7743485448091,290.0369837837801,273.5147143481089,0.5408221386799793,44.9557384391447,-0.2601201094467026,-0.8794971271548909,42.23045800063119
1666,55.53333333333333,track,1,292.7672269428766,269.3968864355269,290.79461732540886,272.1495300081393,292.44784574776327,269.7601660807724,0.48371112085805773,40.55599449026252,-0.26373564046839837,-0.868953660277183,40.539436999097234
1667,55.56666666666667,track,1,288.9914373858843,270.56292891771074,290.25469768665533,271.7179277644677,288.8500374637265,270.18105612333534,0.4072109638385327,43.37299061318185,-0.2776220624591702,-0.8634146508273612,40.434398000797955
1668,55.6,track,1,287.75061432801965,271.5298342889547,289.6213368383357,271.4447832066868,287.8389313388965,271.5503340054918,0.09066494795851071,45.05283468642462,-0.2934480781502036,-0.8616601822048766,39.61884599993937
1669,55.63333333333333,track,1,288.14427984563673,269.7199053902652,289.0965578208528,270.98849773553786,288.20042830248656,270.12728611378753,0.4112319334684639,43.80486421309069,-0.30646801427308173,-0.8554791975605803,39.547405000121216
1670,55.666666666666664,track,1,288.0647044056734,273.20547257436925,288.6177715764017,270.9939710455563,288.1327261025576,272.8057947226296,0.4054248838172244,45.735580383744185,-0.3183785650811542,-0.8601938588181275,39.9225920009485
1671,55.7,track,1,288.0512771022325,270.2489866821077,288.1904280343873,270.6620529332688,288.1779570466577,270.1226390948411,0.17891763783280248,43.81798493498315,-0.32913576907166664,-0.8565211466112818,39.26711300118768
1672,55.733333333333334,track,1,292.1105916090019,267.38152234898075,288.29859740648703,270.02375655321873,292.18564277364385,267.5319795078837,0.16813695007124094,39.1362793778085,-0.32750344736860154,-0.8457624439125102,42.160026998317335
1673,55.766666666666666,track,1,286.583224033477,272.2759977515458,287.76182023521454,270.02702299458286,286.51396361494744,272.579366384298,0.3111744412911097,46.719693350699444,-0.3416893013995481,-0.8504019948654061,38.857269999425625
1674,55.8,track,1,291.73810439912785,265.66801333846354,287.8967512651089,269.25675401302925,291.4883707980864,266.16267232576394,0.554124882320024,38.69623267157549,-0.33991560415432165,-0.8364556529869706,41.56459500154597
1675,55.833333333333336,track,1,292.0611167002012,268.26226106639837,288.08342257998373,268.86153351206565,291.6636325929791,267.86189739686023,0.56416724770245,39.7395903901744,-0.3375974708486106,-0.8318661221091965,39.200942001116346
1676,55.86666666666667,track,1,287.36885141177976,270.29762361057874,287.7168929663179,268.7524307359893,287.79086655485946,270.1331212419477,0.4529434956744598,44.10706602199688,-0.3487186888682311,-0.8338840745252324,40.5255860005127
1677,55.9,track,1,287.75368407445706,267.1736039296794,287.4375710325662,268.29453006556065,288.0079607611715,267.09727342927715,0.2654863060463389,41.92556263140368,-0.35747184081744393,-0.8273391209839333,42.22570199999609
1678,55.93333333333333,track,1,288.85505867427844,268.05156993339676,287.32577738463124,267.98785509138463,288.72552037424583,268.11751750727836,0.14535905089194465,42.055770907615255,-0.36220149938321017,-0.8244649925510014,44.99588100043184
1679,55.96666666666667,track,1,288.6370418006431,268.26469453376205,287.2129237606092,267.7438295562062,289.1232807015824,268.3891746368149,0.5019198789077151,41.94421332189755,-0.36709528663121427,-0.8229489364054262,40.58175099999062
1680,56.0,track,1,284.6243002544529,267.7662213740458,286.6445141726634,267.4733396316921,284.7139385131351,267.9913230286849,0.24229274099904835,45.040207594448304,-0.3827228404192724,-0.820654693191935,40.892499000619864
1681,56.03333333333333,track,1,287.44115389535625,269.1288857618012,286.4655765723662,267.40039326946743,287.0456425634688,269.3410842809501,0.4488400886511587,44.12356400877514,-0.38875910672919817,-0.8228859538960109,39.37635100010084
1682,56.06666666666667,track,1,284.4342591412919,265.00949165498787,285.9558632229478,266.8566808625719,284.5856046975771,265.25682330862355,0.28996279812665704,43.49812085917396,-0.4026724946002971,-0.8138118655853119,41.47497800113342
1683,56.1,track,1,285.88133086876155,265.17948243992606,285.66858233034486,266.3842582412587,285.44272708484266,265.3579021215013,0.4735048701348058,42.862901340626806,-0.4110918730101215,-0.8067701635223339,40.10075199948915
1684,56.13333333333333,track,1,286.0938669372741,266.1863385552102,285.4426958037175,266.0795739679034,286.22119231188435,266.3699811573374,0.22346444087525297,42.85304837545435,-0.4181607218927874,-0.803797004535793,39.47295999932976
1685,56.166666666666664,track,1,283.9782348870856,267.63861105869034,284.99576701470966,265.9858221010578,284.4061657098605,267.71147175231835,0.4340892416966284,45.10927516767975,-0.4305325841777698,-0.8056308214392718,39.94856700046512
1686,56.2,track,1,282.9264797897635,266.4940558127894,284.4687580678196,265.7789855501683,282.7231916776978,266.5198597295051,0.2049192490351003,45.74782397852693,-0.4446026270276703,-0.8044693804366259,39.43215300023439
1687,56.233333333333334,track,1,281.56765759537427,265.40550562503927,283.83052765427846,265.4721466891738,281.6868827464212,265.2729645469518,0.1782744345741864,45.897905079403806,-0.46106113172910623,-0.8008641302514604,39.976491998459096
1688,56.266666666666666,track,1,282.88996952603253,261.7300784542566,283.4095352259675,264.76194124954856,283.207371631551,261.39262997291246,0.4632662022520353,42.559865124513166,-0.47217808238955666,-0.7878860359412523,39.283240999793634
1689,56.3,track,1,286.6795799006352,263.7042324382114,283.48814508580375,264.3496822483636,286.34825543968407,264.18459421267215,0.5835437710982918,41.44073490159614,-0.4717340142091078,-0.782391499336234,38.43988900007389
1690,56.333333333333336,track,1,283.67668700081754,264.0379850323879,283.2225279318706,264.021726631544,283.4809850605823,264.3604065732446,0.37716693839760396,43.89838106991178,-0.4800360616189966,-0.7788405094917105,41.290806999313645
1691,56.36666666666667,track,1,283.26604528962844,260.5556737145002,282.94302472664117,263.3166563073908,283.2179640197933,260.5433738261363,0.04962958555862172,42.130136232981734,-0.4887250118168381,-0.7663516600290488,40.59570900062681
1692,56.4,track,1,281.0479154876438,263.038357542602,282.4341349740379,262.9717972631646,281.09815571169105,262.8888183457436,0.15775313470539734,45.13592243763589,-0.5028026555550544,-0.7626418075133756,39.8129240002163
1693,56.43333333333333,track,1,281.05750287834206,258.72393501343225,281.9766970692143,262.15271344779734,281.17952743645395,259.21447035161214,0.5054848274534586,43.31541251044498,-0.5154226803267529,-0.7476486453899384,40.21203699994658
1694,56.46666666666667,track,1,282.43103119639113,262.7904568269903,281.7312311800767,261.89180743591686,282.5529621592641,262.8352199980707,0.12988803329138815,43.86032279185592,-0.5229938543389118,-0.7461223045002653,40.62108499965689
1695,56.5,track,1,283.5289006422365,257.9129202871175,281.65174674007187,261.08562735790264,283.69157160771283,257.6127432877569,0.3414206700745002,40.35481010286471,-0.5268991138707947,-0.7314487752248776,39.11774699918169
1696,56.53333333333333,track,1,283.90907982194034,257.5435697298616,281.6415269789016,260.30753278274636,283.9291141981843,257.9157614312543,0.3727305176894882,40.275095408816185,-0.529548994460782,-0.7178156166377436,39.91280199988978
1697,56.56666666666667,track,1,284.12483704761314,257.86045067974425,281.67559703827516,259.6393453639113,284.1459694354141,257.72900190235544,0.1331366173942503,39.99786264514622,-0.5315072966883644,-0.7069594718149632,40.20395699990331
1698,56.6,track,1,279.35737238907427,260.6446669138549,281.1540856159249,259.3704967940385,279.23925593554543,261.1832839213472,0.5514161562324614,45.93658426984287,-0.5467304991429184,-0.7054133964813769,41.23650800102041
1699,56.63333333333333,track,1,282.04863030912287,257.5084192008042,281.0031188183538,258.76842890476996,281.8987373018229,257.56757921154906,0.16114533970536646,41.95623980470071,-0.5528117745650342,-0.695559872724094,39.888376000817516
1700,56.666666666666664,track,1,279.8784077501087,257.35030739613734,280.6186236645682,258.2098616047316,279.4679220060222,257.7574383516976,0.5781471794220298,44.25128205288791,-0.564480223582742,-0.6867626592950302,39.78968699993857
1701,56.7,track,1,279.3576656033027,258.6706073684869,280.21219852087955,257.8694490289563,279.6863264500648,258.4812497436901,0.379307609023464,44.34804242781623,-0.576466498967082,-0.6830150048497406,39.83607900045172
1702,56.733333333333334,track,1,280.91249294803487,255.3408136400677,280.0338190178755,257.1776275599454,280.94323413415805,255.54756169506953,0.20902100079012,42.03757408035329,-0.5829767270184588,-0.6707442892227929,40.60535499957041
1703,56.766666666666666,track,1,281.1954487061846,261.0967149935768,279.91730193299264,257.24292281461203,280.9628827576984,260.68785007531375,0.4703801035136913,44.18012747070631,-0.5882339424543321,-0.6763554985514948,40.51609500129416
1704,56.8,track,1,281.63786764705884,260.71361561866127,279.8773611095861,257.2839350736166,282.00722366266587,260.6008207522142,0.3861949613367712,43.218570886640336,-0.5919200741179141,-0.6805748533433853,39.837594998971326
1705,56.833333333333336,track,1,277.48470748805755,254.15602704882437,279.3589125813303,256.56191436173197,277.6009613512113,254.4204320810791,0.2888338307397472,44.784230927263806,-0.6070273913201462,-0.6664370003136427,40.78807299993059
1706,56.86666666666667,track,1,276.6469634617783,255.21966579373986,278.7880088541965,256.0351279885978,276.30039508544587,255.8281916668405,0.7002952075421993,46.47781321372987,-0.622934922515129,-0.6574347526833622,40.16052900078648
1707,56.9,track,1,281.45611987962906,257.25670945157526,278.84422064978725,255.80874871688337,281.67777724833314,256.9407388404842,0.3859655634562318,41.89965857963359,-0.6238549093085384,-0.6555842360192502,40.756341000815155
1708,56.93333333333333,track,1,281.4118715171248,255.36422265355958,278.9083044737759,255.3941392528251,281.140920138819,255.2094934529345,0.31201886951251556,41.72956720063724,-0.6251511824892011,-0.6490448903993913,41.04413499953807
1709,56.96666666666667,track,1,279.28004755052245,258.00112619658387,278.7288348867847,255.34424125164009,279.5327642067893,258.09328856273413,0.2689974165100992,44.327917430866066,-0.6325332482214671,-0.65104299397084,40.41764300018258
1710,57.0,track,1,276.90508563210875,256.5260818407635,278.290996836132,255.14413474651377,276.6493195498958,256.75012885567764,0.34001963723073386,46.474168224604654,-0.6459190762770647,-0.6490814392978999,41.50876700077788
1711,57.03333333333333,track,1,275.01180615650884,253.56768450982815,277.6685463665337,254.6246780872753,275.1457741259176,253.8029709889081,0.2707529206958833,46.929986009840654,-0.6632756541369,-0.6395350905803406,39.58362699995632
1712,57.06666666666667,track,1,276.1855761892648,254.66592470109387,277.2406833302716,254.290638774347,275.6851016955887,254.97773865191354,0.5896631739782706,46.77758936558554,-0.6756330689982982,-0.6346216589571625,40.45405900069454
1713,57.1,track,1,278.85288854805725,255.63720603271983,277.17494792303154,254.1155638548675,278.7606626408189,255.98720043140244,0.36194156582953846,44.22978095647981,-0.6794792900812544,-0.6333847187752275,39.530985999590484
1714,57.13333333333333,track,1,278.65782561342814,253.52386443718368,277.10652128468956,253.7202714375858,278.91850874164976,253.80206364374922,0.38124859589657006,43.338042005102295,-0.6838148472151776,-0.6267739489711976,42.8977430001396
1715,57.166666666666664,track,1,278.54420170201956,253.5953257970278,277.0445006178404,253.3793040566746,278.15310355366404,253.84399180376218,0.46345716582262125,44.077418836100186,-0.6882978917387741,-0.621539864299003,40.73580200019933
1716,57.2,track,1,277.1046791196597,253.53005363417793,276.82915887401373,253.07295259751294,276.96376727594617,253.61389171675822,0.16396637395967403,45.13818089771164,-0.6965779159046536,-0.6171104561688157,39.867367000624654
1717,57.233333333333334,track,1,279.74465550334236,256.0326957442584,276.95739060148435,253.10601703292858,279.8606107504872,255.94293032438458,0.1466405467308991,43.18967002249596,-0.6967993051043494,-0.6205488396514476,40.28011899936246
1718,57.266666666666666,track,1,276.3438876998615,252.37234042553192,276.68480063705186,252.71965774972554,276.72160428554594,252.11954163976353,0.4545074753918492,44.94332903974557,-0.7067882071123602,-0.6137224796268694,43.44558999946457
1719,57.3,track,1,275.0353987806395,251.68781883787483,276.28572890335846,252.2949959893372,274.5667847732059,251.22781952689732,0.6566570292495173,46.800010439878896,-0.7195101111603336,-0.6061981523812638,38.98108700013836
1720,57.333333333333336,track,1,279.8981313667896,254.00462471095557,276.5064118208434,252.19357135381873,279.5975217326469,254.26759704750722,0.3994003028677345,42.84769043547128,-0.717459701707123,-0.6063939522630007,39.97849699953804
1721,57.36666666666667,track,1,276.521879061707,254.4443275360525,276.3227505878501,252.1706506197511,276.24497072396343,254.38454667359892,0.2832878024688056,46.05885115753282,-0.7254245505857734,-0.608126509689664,40.12065800088749
1722,57.4,track,1,276.97439164224744,253.43470505796915,276.2166873302655,252.04703858687782,276.836928365721,252.97694618577725,0.47795327958262324,45.071630603013006,-0.73146725237828,-0.6072000089825655,42.30022000047029
1723,57.43333333333333,track,1,274.57352565739086,250.49540464641308,275.841950968229,251.59725560692954,274.50827710980866,250.66443813212808,0.18118965824392802,46.72501570028571,-0.7438069363382303,-0.5985693220890761,39.915004001159105
1724,57.46666666666667,track,1,276.7402036607373,250.2478731631864,275.7614922054864,251.16327124869775,276.8254284035295,249.95380684768833,0.3061670372437387,44.30713151739622,-0.7489601411010951,-0.5906506167366943,40.47012899900437
1725,57.5,track,1,274.28299404948325,247.1407453805199,275.404242619345,250.40262834719803,274.32524329610794,247.42877707721786,0.29111382162835514,46.2749406139298,-0.7607330517999701,-0.5753142065758471,40.56031800064375
1726,57.53333333333333,track,1,278.0020200783546,251.00808031341822,275.52594968248053,250.17062349870608,278.0578949931736,250.7783775433055,0.23640086443049288,43.30489111947616,-0.7610907217547008,-0.5728617613424676,40.00940200057812
1727,57.56666666666667,track,1,274.71629955947134,248.768281938326,275.25900483642465,249.70487701937745,274.6900958348102,249.01799542986225,0.251084573483404,46.198610985956044,-0.7709685041260743,-0.5646479145428467,41.123445000266656
1728,57.6,track,1,274.3444933920705,246.5904971680302,274.9753873001159,249.02725194267143,274.33876186434765,246.18714291108137,0.4033949764297776,46.07851349037746,-0.7810570862264824,-0.551561642763092,41.26164700028312
1729,57.63333333333333,track,1,278.0386012715713,246.3354742441936,275.16267394849297,248.38161423384622,277.9540355103517,246.31405475417355,0.0872362454680976,42.51741310690797,-0.7800146791534598,-0.539526680689707,38.08859299897449
1730,57.666666666666664,track,1,276.3279849576935,243.3387026010655,275.1448815008614,247.4392188388272,276.0072096913097,243.63404703117214,0.43603337477607845,44.14263128733001,-0.784262313624587,-0.5207182622542331,40.67883399875427
1731,57.7,track,1,279.29464341521344,246.95999749984375,275.49301599769416,247.0113880201691,278.84265888750565,246.51022855867834,0.6376379174141833,41.6690509051556,-0.7800568514122193,-0.5143841405434044,39.337109999905806
1732,57.733333333333334,track,1,277.5761585328328,248.20918210351405,275.62294216499794,246.78372503741255,278.1025318241209,247.88537851213312,0.6179948281115869,42.63305095613512,-0.7814676933273056,-0.5123734610590168,38.66524700060836
1733,57.766666666666666,track,1,273.86191732629726,243.51225028269883,275.3080045719624,246.0324223800454,274.0312424296244,243.43800715262532,0.1848865408293932,46.097142706956,-0.7933451605556283,-0.4976311163497923,39.258119999431074
1734,57.8,track,1,277.5661206301387,246.18295361827654,275.4627174819499,245.67117932673264,277.67472171714206,246.12598214018598,0.12263745518452156,42.76630494797561,-0.7937539954170953,-0.4922900787431004,39.620486000785604
1735,57.833333333333336,track,1,277.563930519847,242.97021383332287,275.6146806935105,244.97281407785215,277.35489294109647,243.2217152841738,0.3270316331947318,42.766629577716586,-0.794472214709605,-0.4787752993730644,41.099095999015844
1736,57.86666666666667,track,1,278.178367650707,243.22754899528653,275.8367935960986,244.37349649901952,277.8535868234024,243.45000868082414,0.3936634317207528,42.28738232085597,-0.7937167088538211,-0.46777318199062273,41.687826000270434
1737,57.9,track,1,275.7763638736622,244.54189506656226,275.76290897765085,243.99431451658458,276.2355939587484,244.73667437404035,0.49882988049023225,44.019987735905055,-0.800069428904886,-0.4619061473364079,40.33589299979212
1738,57.93333333333333,track,1,276.8842548908599,239.44159275334968,275.8304587576607,243.0546892806999,276.9207917900353,239.60779584686446,0.17017171708376702,43.08099353653797,-0.8028814195483884,-0.4426602690144692,40.22149500087835
1739,57.96666666666667,track,1,272.12643896268185,241.35648323845666,275.32895247793857,242.42893459708347,271.89360555421786,241.40030618648518,0.23692160490522848,48.12677055432961,-0.8189896834362194,-0.43122750121192877,41.30795299897727
1740,58.0,track,1,274.14243472790184,238.38005662157912,275.1041383896051,241.5138909013661,274.5529306337169,238.31400148039214,0.41577658708515186,45.47833225825091,-0.82793079706369,-0.41296125256253,40.83564300162834
1741,58.03333333333333,track,1,274.6299499317251,243.541842772612,274.9571916440241,241.30173257969585,274.792178215522,243.39664956997916,0.21771330265847608,45.335244333723026,-0.8349202124959918,-0.4113925310050809,39.3819529999746
1742,58.06666666666667,track,1,274.29499742135124,239.75605982465189,274.7852692101973,240.67924982298135,274.0723093680248,239.32786509081882,0.48263930546185446,45.93260859261713,-0.8425030102073928,-0.3995392457110548,40.298625999639626
1743,58.1,track,1,276.57682571826354,239.46842171876978,274.90306509536634,240.08978316559734,276.8113390186573,239.77503262416747,0.3860139056696846,43.18924689875413,-0.8433027023182256,-0.3863760704383796,37.64086399860389
1744,58.13333333333333,track,1,277.79549134387844,242.15325694357952,275.1652607628115,239.88716882177903,277.74314569530503,242.114568743744,0.0650910418650964,42.30972862947997,-0.8410863604541823,-0.3891336258775534,40.09745700022904
1745,58.166666666666664,track,1,275.8765858560482,239.71982163044845,275.186638172035,239.4350175940581,275.435531791341,239.35220712137732,0.5741681942378507,44.56917614601117,-0.8449180679325583,-0.37787510664626894,39.60900899983244
1746,58.2,track,1,276.34715058107014,240.5665278727239,275.26698827705934,239.140368903587,276.5129565583184,240.821202666161,0.3038928635284103,43.49479648323016,-0.8473617430422352,-0.3730578625907436,39.65584799880162
1747,58.233333333333334,track,1,273.10288831835686,235.43973042362003,274.9579624876079,238.2786880264549,272.74802773457355,235.27827122722053,0.3898654973513342,47.487299413383404,-0.8589604229472769,-0.35473993482128985,39.20863999883295
1748,58.266666666666666,track,1,274.9484089625306,239.46927759994978,274.89248104796087,237.98034810327616,275.0634859527844,239.71622135906992,0.272440697866997,44.937410083722604,-0.8644283090035215,-0.35009172636116626,40.17581900006917
1749,58.3,track,1,276.0315579313454,234.6976878984994,274.9647934524248,237.1583756766006,275.6841404729706,234.4587468661264,0.4216535394551456,44.6609548925352,-0.8666823251479354,-0.3328515000403018,38.23387699958403
1750,58.333333333333336,track,1,278.90479443547383,235.3324431747609,275.3801985255133,236.49188245461087,279.03824219138176,235.4773327692202,0.19698045116061955,41.21067970383729,-0.8611041455869424,-0.31963223380093575,39.76634699938586
1751,58.36666666666667,track,1,276.1462582845377,237.34566630203977,275.4428582076775,236.13703655741998,275.8582486323229,236.82205941807405,0.5975899335708205,44.25599982090649,-0.8643131542683818,-0.3137435907524338,40.254993000417016
1752,58.4,track,1,277.87180470347647,236.06205265848672,275.7097428225903,235.68031885210388,278.0463693791493,235.83160461201126,0.2891005501847485,42.16020211504429,-0.8626869191270716,-0.3051055497761769,40.44595500090509
1753,58.43333333333333,track,1,279.23922564265314,236.06391621707394,276.1247051494006,235.28135062844535,278.8588161038477,236.07261327218035,0.3805089433662508,41.32821528794676,-0.8578112825326285,-0.2976736651456799,39.79269799856411
1754,58.46666666666667,track,1,274.24386171068096,234.54511719957944,275.916344137947,234.7544168697583,274.2368282404947,234.82473964243275,0.2797108868995157,46.054871721226114,-0.8678099679553433,-0.2870698389033881,39.924922999489354
1755,58.5,track,1,278.211189258312,232.87615089514065,276.1946318995178,234.08931059014634,277.66116436492206,233.32109289521836,0.7074607881584444,42.8623938091242,-0.8658802578113267,-0.2732607612904129,39.79665600127191
1756,58.53333333333333,track,1,275.74612427136304,237.01525486791516,276.1601877587765,233.98951697394136,275.5783940196942,236.66452020344732,0.3887778828383363,44.54665535528735,-0.8714703638964554,-0.2728211097715541,39.86918400005379
1757,58.56666666666667,track,1,276.4018960989046,237.57465889436935,276.2051359601285,233.99159591743881,276.75098898434794,237.23529640224234,0.4868600864003965,43.33728809945827,-0.8749600953194552,-0.2741517016961264,38.882319000549614
1758,58.6,track,1,280.33593500095964,235.7872816838334,276.7166898161884,233.80694918571882,280.08512935130324,235.5131537503996,0.3715502628020387,40.16626305955967,-0.8674852645881047,-0.2705671411557738,42.91497799931676
1759,58.63333333333333,track,1,274.1305748578648,233.91465571699305,276.45250458595586,233.43550990657005,274.3363578696522,233.55718748066033,0.4124684083988918,46.1159196565333,-0.8786534368563772,-0.2624673821973109,40.93652200026554
1760,58.666666666666664,track,1,275.2357228120877,236.5223974367029,276.3344032670557,233.42400757088996,274.8212207236986,236.17003727443267,0.5440309414307495,45.34082830491735,-0.8857965937329151,-0.26289103428897437,40.76997299853247
1761,58.7,track,1,277.9719556275707,235.30855041754955,276.5492949199523,233.2923037338329,277.818874419983,235.7491775515646,0.46646128172317447,42.39477381335213,-0.8849269856866857,-0.2601309081861312,39.090885999030434
1762,58.733333333333334,track,1,278.0860525024534,233.90664867517174,276.76296401799226,233.024044465004,278.3147925235145,234.18137467089718,0.35748618149847095,42.08934453134333,-0.8843399385096326,-0.2540692687780608,42.774260000442155
1763,58.766666666666666,track,1,280.2251700263464,231.16340910483427,277.21697671111315,232.46651509265988,279.8747027628482,231.27409016299265,0.36752904568072825,41.06313408464294,-0.8783126061706029,-0.2413431657704407,40.10867199940549
1764,58.8,track,1,280.7027987561084,231.46810941169005,277.69671734675893,232.00218073058818,280.6753526486115,231.30630742647602,0.16411328781037154,40.27416268371089,-0.8720997743161815,-0.23121016432504188,47.411662999365944
1765,58.833333333333336,track,1,278.6266137040715,229.9515268123138,277.89367501178054,231.4079386817352,278.9097541836096,229.506201132012,0.5277153519553422,42.409057003583264,-0.8727982700531188,-0.21820417994991292,48.82651699881535
1766,58.86666666666667,track,1,275.6980116514691,233.17388551165146,277.7224183889163,231.25904616633744,275.3258930572886,233.27524342052794,0.3856756069894059,45.17740787364814,-0.8819406080952605,-0.2158561456174633,40.49561099964194
1767,58.9,track,1,280.5888716154942,228.46223604093794,278.1411415593751,230.57905949723747,280.5476861759218,228.25255712975277,0.21368548436561952,41.164152852491384,-0.8767363347191913,-0.2007174740352597,41.912181999578024
1768,58.93333333333333,track,1,279.6641115858256,231.51149786378488,278.4178301049515,230.32894744448097,279.95484627031976,231.82851627322609,0.4301480311387631,40.870374154522416,-0.8751916713931229,-0.19600165178742976,40.9625779993803
1769,58.96666666666667,track,1,277.1888579025877,230.08995395291524,278.3748948193408,229.94774412121706,276.7270836228992,229.91692178423625,0.49312839786365126,44.43212529335916,-0.8811588117824334,-0.18793808771321618,41.680964999613934
1770,59.0,track,1,277.001386001386,230.43306243306245,278.3056437941917,229.65424608541545,276.88116029440306,230.6692093383564,0.26498977621685654,44.11686743104477,-0.8873663603475909,-0.1818782369639585,43.06304099918634
1771,59.03333333333333,track,1,281.0009896091044,229.36089807026224,278.71306853514784,229.273554811231,281.19972936811337,228.98102573470044,0.42871958566890234,40.33458559309837,-0.8821529274965426,-0.17363150805989064,40.89936899981694
1772,59.06666666666667,track,1,275.1622385528547,226.0648828591169,278.39091475960595,228.54487655005244,275.61571306674557,226.04191642994047,0.45405571422201185,46.527336303749706,-0.8943658577054158,-0.1572567171042229,42.01024599933589
1773,59.1,track,1,278.5479984941649,224.1624419626051,278.4876187439749,227.65694257786996,278.29656399712877,224.41189308346932,0.35418239369036303,44.52151897326469,-0.896149770444974,-0.13758743377836274,41.92435299955832
1774,59.13333333333333,track,1,275.6466194462331,224.50167417900838,278.2262330490575,226.88916269412354,275.79085442258145,223.95941049473151,0.561118197608777,47.029236272364834,-0.9063721751257219,-0.1211987615587741,41.98563899990404
1775,59.166666666666664,track,1,276.24948644887684,224.963488171758,278.0485652928421,226.2502557466632,276.6807734420475,224.65729883481816,0.5289237946376067,45.95599926694326,-0.9142432544089739,-0.1079755851020879,40.114564000759856
1776,59.2,track,1,276.8176204723407,227.6372779935069,277.94639238518744,225.99772663195617,276.5180285004923,227.43819471008203,0.35970752471314327,45.260145797664116,-0.9201865986181575,-0.10369840845282821,41.70102299940481
1777,59.233333333333334,track,1,278.9221138722869,222.61994337842088,278.09952687735256,225.18784382142607,278.83722466033015,222.55563951734467,0.10649490530512104,44.70659667557976,-0.9201541664798587,-0.08585569464826971,38.82239899940032
1778,59.266666666666666,track,1,277.3094910591472,222.37757909215955,278.04775233326933,224.42628083517337,277.52828549578237,222.280175463386,0.23949628890810448,46.01998168769907,-0.9252175222274772,-0.06944565166781308,41.727281999556
1779,59.3,track,1,283.4725153771447,223.17727419876982,278.73360257021375,223.83583490315655,283.0271824645411,223.15199788671106,0.44604965530677015,40.6305846834589,-0.9130189354082987,-0.05715993613716879,40.245726000648574
1780,59.333333333333336,track,1,279.64916927522273,221.11232843727427,278.9162659120524,223.0640351676829,279.49358282776325,221.14250998425658,0.15848680831951892,44.68080977136761,-0.9134646051026871,-0.04049522759920303,43.27222400024766
1781,59.36666666666667,track,1,280.2279151943463,221.12992175668853,279.1518780546839,222.37178141647135,280.32652877049713,220.94763583288034,0.20725056192895383,44.011099733530145,-0.9126514243553333,-0.025796779444595894,42.29814400059695
1782,59.4,track,1,277.3298503771485,224.00055644862124,279.0209174109147,222.09616855944503,277.70107693713356,223.66191600910392,0.5024803539590742,45.344590424568494,-0.9204408278037652,-0.020779206822604836,44.04565099866886
1783,59.43333333333333,track,1,283.688202247191,224.68098825331973,279.6531570023301,221.94939137429373,283.3806213737655,225.21092097776005,0.6127272526417689,39.49298354515112,-0.9099789226069505,-0.018194707417158583,41.55064899896388
1784,59.46666666666667,track,1,280.4800924736707,224.06479578731054,279.8568399652298,221.76727315843226,280.4546219993177,224.34045458683846,0.2768330161323626,42.533025800708295,-0.910178842561996,-0.014213510252523792,41.25388600004953
1785,59.5,track,1,281.0542325522322,221.51082745919857,280.1095722518465,221.31899131125436,281.33393385799536,221.43796578675065,0.2890357136368042,42.89071910135941,-0.9091380058119051,-0.0036591309793596464,41.376204000698635
1786,59.53333333333333,track,1,281.3728293510902,223.912586499543,280.37737387301667,221.21301466520575,280.9478591365619,223.43018077517482,0.642895766154566,42.42202983310912,-0.9077342508246854,-0.0011727373440868997,42.19359000126133
1787,59.56666666666667,track,1,281.4017974985859,219.6094525799761,280.6241918597216,220.62564174289037,281.2675505469988,219.80522225692727,0.23737735870126828,43.68102206589722,-0.9068243548894357,0.012939770431837787,41.30511699986528
1788,59.6,track,1,284.14321513594786,220.75660944743765,281.17526670763385,220.23796922963393,284.3840708840269,220.52407743412098,0.3347874379361228,40.593176354975405,-0.8987808858734273,0.02206071217648785,41.031538999959594
1789,59.63333333333333,track,1,282.5573393028462,219.18835944995203,281.4933746792045,219.7130568476077,282.05499340768415,219.4625426763589,0.5723004805423618,43.146386622882716,-0.8965292644191701,0.034421873884939495,42.21450399927562
1790,59.666666666666664,track,1,284.2573970096524,219.51706516938995,281.98485476575866,219.28623620103508,284.0639529224549,219.29805049512777,0.292212324199083,41.47252334813757,-0.8901697929667723,0.04435727109223406,41.55356499904883
1791,59.7,track,1,284.4068022886205,223.8389701207883,282.45272770868036,219.42908681708636,284.5914327197416,223.95404262758424,0.21755476992302944,38.874662504489606,-0.8845277664239963,0.04103724077989693,41.49392699946475
1792,59.733333333333334,track,1,285.75854540918164,220.15749750499003,283.0411830708445,219.14815133945694,286.1551507367291,220.71378749649708,0.6831942187181903,38.954227169638465,-0.8761438706357209,0.04836760615834551,42.25243700057035
1793,59.766666666666666,track,1,286.6730944033242,217.158940397351,283.6893262290143,218.54989256370837,286.5054387332786,216.94584665224946,0.2711408635743543,40.66177100215572,-0.8665560442196781,0.06309943566999973,39.41834200122685
1794,59.8,track,1,282.268385982231,217.17232230997038,283.755901961219,218.01419129931327,282.2416109899305,217.20412313949967,0.041571540402564854,44.10609869932764,-0.870735199342345,0.0759759660679578,42.77992700008326
1795,59.833333333333336,track,1,281.15496245819924,216.80768502744652,283.6700326043665,217.49253828959345,280.6104970299084,217.154404333733,0.6454896435696668,45.53519721684987,-0.877857883264688,0.08834349087691831,43.17247799917823
1796,59.86666666666667,track,1,284.6924002533249,215.78834705509817,283.998335882666,216.90615139828796,284.5854366468211,216.2386248236305,0.462808040067084,42.647324039950156,-0.8746882652759993,0.10212811530139707,41.72524900059216
1797,59.9,track,1,282.7982282245075,218.22153388675505,284.06613136264696,216.67237335318217,283.1004046485613,217.68028748096572,0.61988568545646,43.12481540867451,-0.8776858240314415,0.10754905417163411,41.207657999621006
1798,59.93333333333333,track,1,281.52702288203176,220.99153426170173,283.9641383750632,216.8096207529427,281.21304275335444,220.62051302618164,0.4860455517861232,43.35888107206534,-0.8843705493542484,0.1046755938470925,42.52849699878425
1799,59.96666666666667,track,1,282.43939870432104,217.51745392792,283.96490108997244,216.54681909981292,282.53731116100033,217.11999577833137,0.4093407258597569,43.89701183715452,-0.8882479346560896,0.11187016254726427,42.28741000042646
