frame_index,timestamp_s,state,detection_count,selected_x_px,selected_y_px,estimate_x_px,estimate_y_px,truth_x_px,truth_y_px,centroid_error_px,tracking_error_px,pointing_offset_px,pan_rate_deg_s,tilt_rate_deg_s,processing_time_ms
0,0.0,search,0,,,,,,,,,,6.0,0.0,38.22890700030257
1,0.03333333333333333,search,0,,,,,,,,,,6.0,0.0,38.97116900043329
2,0.06666666666666667,search,0,,,,,,,,,,6.0,0.0,38.816910000605276
3,0.1,search,0,,,,,,,,,,6.0,0.0,39.294877999054734
4,0.13333333333333333,search,0,,,,,,,,,,6.0,0.0,38.76187900095829
5,0.16666666666666666,search,0,,,,,,,,,,6.0,0.0,37.93452700119815
6,0.2,search,0,,,,,,,,,,6.0,0.0,39.105583000491606
7,0.23333333333333334,search,0,,,,,,,,,,6.0,0.0,39.27627399934863
8,0.26666666666666666,search,0,,,,,,,,,,6.0,0.0,40.58324899961008
9,0.3,search,0,,,,,,,,,,6.0,0.0,39.476021000155015
10,0.3333333333333333,search,0,,,,,,,,,,6.0,0.0,40.44849400088424
11,0.36666666666666664,search,0,,,,,,,,,,6.0,0.0,38.52463300063391
12,0.4,search,0,,,,,,,,,,6.0,0.0,40.25833400010015
13,0.43333333333333335,search,0,,,,,,,,,,6.0,0.0,40.13190799923905
14,0.4666666666666667,search,0,,,,,,,,,,6.0,0.0,38.529659001142136
15,0.5,search,0,,,,,,,,,,6.0,0.0,40.45035600029223
16,0.5333333333333333,search,0,,,,,,,,,,6.0,0.0,38.41154600013397
17,0.5666666666666667,search,0,,,,,,,,,,6.0,0.0,39.68070399969292
18,0.6,search,0,,,,,,,,,,6.0,0.0,40.39128299882577
19,0.6333333333333333,search,0,,,,,,,,,,5.0,0.0,39.92116699919279
20,0.6666666666666666,search,0,,,,,,,,,,3.333333333333326,0.0,38.17920599976787
21,0.7,search,0,,,,,,,,,,1.9999999999999973,0.0,39.620821000426076
22,0.7333333333333333,search,0,,,,,,,,,,-6.0,-6.0,40.36545599956298
23,0.7666666666666667,search,0,,,,,,,,,,-6.0,-6.0,40.53698700045061
24,0.8,search,0,,,,,,,,,,-6.0,-6.0,39.394584000547184
25,0.8333333333333334,search,0,,,,,,,,,,-6.0,-6.0,38.64276300009806
26,0.8666666666666667,search,0,,,,,,,,,,-6.0,-6.0,38.643406000119285
27,0.9,search,0,,,,,,,,,,-6.0,-5.0,38.9512530000502
28,0.9333333333333333,search,0,,,,,,,,,,-6.0,-3.333333333333328,37.786376999065396
29,0.9666666666666667,search,0,,,,,,,,,,-6.0,-1.9999999999999996,39.84377899905667
30,1.0,search,0,,,,,,,,,,-6.0,-0.9999999999999998,39.81132700027956
31,1.0333333333333334,search,0,,,,,,,,,,-6.0,-0.3333333333333288,39.62657599913655
32,1.0666666666666667,search,0,,,,,,,,,,-6.0,0.0,38.73543600093399
33,1.1,search,0,,,,,,,,,,-6.0,0.0,37.691767000069376
34,1.1333333333333333,search,0,,,,,,,,,,-6.0,0.0,37.99065299972426
35,1.1666666666666667,search,0,,,,,,,,,,-6.0,0.0,38.92684099992039
36,1.2,search,0,,,,,,,,,,-6.0,0.0,40.28511700016679
37,1.2333333333333334,search,0,,,,,,,,,,-6.0,0.0,39.37699100060854
38,1.2666666666666666,search,0,,,,,,,,,,-6.0,0.0,37.98949800147966
39,1.3,search,0,,,,,,,,,,-6.0,0.0,39.529378000224824
40,1.3333333333333333,search,0,,,,,,,,,,-6.0,0.0,38.928119000047445
41,1.3666666666666667,search,0,,,,,,,,,,-6.0,0.0,39.84912300074939
42,1.4,search,0,,,,,,,,,,-6.0,0.0,40.611293999972986
43,1.4333333333333333,search,0,,,,,,,,,,-6.0,0.0,40.492311998605146
44,1.4666666666666666,search,0,,,,,,,,,,-6.0,0.0,39.33829000015976
45,1.5,search,0,,,,,,,,,,-6.0,0.0,38.107718999526696
46,1.5333333333333334,acquire,1,13.267366822725547,419.8901682905226,13.267366822725547,419.8901682905226,12.92461154662235,420.064523469455,0.3845528672590335,355.9754581513657,355.9754581513657,-6.0,-6.0,39.162862000011955
47,1.5666666666666667,acquire,1,41.714088830420344,410.2747603833866,39.40760093521906,411.05438701099,41.801680747995356,410.3204292549736,0.09878253821651485,326.1952689053579,326.1952689053579,-6.0,-6.0,39.49117199954344
48,1.6,track,1,68.27536865783554,398.54080229942514,64.57328160655896,400.8290786906094,67.79316155534832,398.51761401497373,0.4827643174727421,297.8860911678268,297.8860911678268,-6.0,-6.0,40.55801499998779
49,1.6333333333333333,track,1,97.81028026093259,379.643996134332,94.82159451605166,384.0844297821878,97.87375393025653,379.38913425201014,0.2626470745279304,262.23920366825615,262.23920366825615,-6.0,-6.0,40.78007700081798
50,1.6666666666666667,track,1,127.1072662225512,357.59955588453,125.17881342371238,363.2360361370129,126.66216263434072,357.16964081965983,0.6188248275886824,226.0713252206883,226.0713252206883,-6.0,-6.0,39.16450200085819
51,1.7,track,1,150.4527479469362,324.4510423246999,152.00589998549063,335.0298893816958,150.65108064595626,324.81728745099144,0.4164989220068518,189.40176540076527,189.40176540076527,-6.0,-4.825535218993441,39.62363599930541
52,1.7333333333333334,track,1,179.54220938805602,295.16140329319245,179.26349826284175,303.46291991621797,179.38348073974737,295.2416759756887,0.1778721095310686,151.07828518179565,151.07828518179565,-6.0,-3.2003190063031712,39.39405599885504
53,1.7666666666666666,track,1,207.22147094469605,270.88664923135804,206.76117125647286,274.4107214743437,207.65002288136318,270.7063308711544,0.4649424410049823,116.47058046617191,116.47058046617191,-6.0,-1.6223173905696957,39.05885899985151
54,1.8,track,1,238.72953342361197,251.9742705896836,236.1358534637053,249.6718983863213,238.7790979074991,252.4141873427174,0.4427001103035767,82.16414658535498,82.16414658535498,-4.658478180358982,-0.21230768010234158,39.5164460005617
55,1.8333333333333333,track,1,262.63976264914186,244.19287947425508,263.35346406709766,232.2844040054688,262.3917298550784,244.23143784126253,0.2510119809834114,57.76346470992487,57.76346470992487,-3.231008931580204,0.7662250728195106,41.08984199956467
56,1.8666666666666667,track,1,280.7204166143807,234.87125109800476,286.2214113435806,222.84224802295924,280.25218715419436,234.4814751624253,0.6092323919025074,40.12907602235716,40.12907602235716,-2.0058461741994287,1.3282355776105126,40.387334000115516
57,1.9,track,1,289.45000950992204,232.3997971216636,300.34426744358973,220.03706181244328,289.6952136327344,232.6643817099562,0.3607354518288206,31.179983522491344,31.179983522491344,-1.253414744607805,1.5446025619843744,40.67683600078453
58,1.9333333333333333,track,1,300.10230016520524,235.56976744186048,309.3251980138322,223.18354082588672,300.19982628037224,235.3321524853843,0.2568505609897252,20.342951598702236,20.342951598702236,-0.7442628833683402,1.4514983451236618,39.681724998445134
59,1.9666666666666666,track,1,303.3822883323919,238.41310487667107,313.49177730848635,228.9363291128376,303.3063063559679,238.69349518580103,0.29050298827257254,16.744741333037176,16.744741333037176,-0.47430562551089395,1.1969171590895982,40.05620800126053
60,2.0,track,1,301.96388364677557,243.45695321142708,312.58157678162615,235.9734621090262,301.8630545631266,243.21304913306375,0.26392366993462274,18.419350545326107,18.419350545326107,-0.480745777547793,0.8202263325160828,39.177219001430785
61,2.033333333333333,track,1,302.9514319734286,239.25224039606442,311.0728718946567,238.61894360406083,302.7476321206357,239.50811437551616,0.3271175222437158,17.259378578398874,17.259378578398874,-0.5501234289421683,0.6477160044616608,41.20572299871128
62,2.066666666666667,track,1,303.97411003236243,241.88349514563106,309.94895019645713,241.31819875013775,303.63646580776174,241.4196862581559,0.5736918218932039,16.425004119699558,16.425004119699558,-0.6198479419750317,0.4622968513093389,39.692748001471045
63,2.1,track,1,299.8761668889312,237.02927541753985,307.19524512759887,240.84982466468855,299.5306336526565,236.99106219654118,0.3476398533390177,20.689336996792395,20.689336996792395,-0.8148165075139076,0.477088941487959,45.18792199996824
64,2.1333333333333333,track,1,305.3125794155019,236.3630876747141,306.3894601245406,238.57979006264114,305.1524371169743,236.6675029125962,0.3439683020752312,15.216953059103446,15.216953059103446,-0.9191136187346933,0.5961716984136427,40.79762899891648
65,2.1666666666666665,track,1,304.07634217540294,239.56136565554004,305.18699134154605,238.42942724860254,303.9344821978935,239.06080057552913,0.5202784375171788,16.092947455600783,16.092947455600783,-1.0495042188756396,0.6075590920475199,40.51401000106125
66,2.2,track,1,309.33509318745627,235.7397748234845,306.7879664875853,236.7572699747165,309.2507741318124,235.59084203387957,0.17114519848415205,11.618370399307999,11.618370399307999,-1.0267418776185142,0.7027322882662009,41.07847699924605
67,2.2333333333333334,track,1,310.27212361128846,237.94898480398416,308.3323485183474,236.68298296834948,310.3942408484994,238.05429478773783,0.16125387530919136,9.80083555875016,9.80083555875016,-0.994495569955776,0.7167312861262987,41.0703529996681
68,2.2666666666666666,track,1,312.0633484162896,240.07252565164745,310.08949194071573,237.57466351737128,312.2914463655355,240.3759909441546,0.3796312134251111,7.717717818468259,7.717717818468259,-0.9401290468754046,0.6752360145695911,37.53383900038898
69,2.3,track,1,314.19223876907864,238.5028115924118,312.063133414365,237.6377776964874,314.77388372706105,237.9395890100388,0.8096484017407074,5.617613794648959,5.617613794648959,-0.863487803345963,0.6725938927286941,40.04588399948261
70,2.3333333333333335,track,1,317.6604131135115,237.9435285199924,314.6161541548093,237.50831972987032,317.44224896803945,237.63427190920817,0.37846432550941955,3.4840722927426215,3.4840722927426215,-0.7444736472516016,0.6792560677790117,40.0587269996322
71,2.3666666666666667,track,1,317.51986962517236,235.6733734486649,316.3637989540098,236.6969245867242,317.5281473112743,235.54216222140735,0.1314720740143531,5.097290787762474,5.097290787762474,-0.6563678209877715,0.7231571022233977,39.18752600111475
72,2.4,track,1,318.30524017467246,236.09120399251404,317.84169727913564,236.23771538088855,318.770244877004,236.0419333859237,0.4676077050950276,4.144706139643715,4.144706139643715,-0.5749137059860301,0.7516591433088384,39.33214900098392
73,2.433333333333333,track,1,321.09104938271605,237.22035751028807,319.6931937212757,236.22238554515368,320.9231604694162,237.14960621586263,0.18218790539408242,2.9961592042048864,2.9961592042048864,-0.4509159482196642,0.7579014621962263,41.104735999397235
74,2.466666666666667,track,1,318.03916144104267,238.011619328661,320.270135842959,236.43117555679316,318.31219298802125,238.02802632986138,0.2735240671931983,2.5956449420913916,2.5956449420913916,-0.43297900097435105,0.7515548052813832,39.55017100088298
75,2.5,track,1,317.665275142315,241.3235294117647,320.5885396807153,237.42528391966476,317.4925053178485,241.27276054577177,0.18007467895403034,2.812018667770776,2.812018667770776,-0.40034119607595653,0.682693125653874,41.84045900001365
76,2.533333333333333,track,1,319.0296529968454,238.39905362776025,320.2135210296585,238.47993891160894,319.25051300791824,238.35597475991545,0.2250220730192487,1.8068065035677743,1.8068065035677743,-0.4300616744601987,0.6077754254366804,38.46707100092317
77,2.566666666666667,track,1,316.78968383844995,235.09144465536428,318.74701397135124,237.68190232384248,316.63712433289504,235.04511545270768,0.15943900951133025,5.988306407441328,5.988306407441328,-0.5041648321293909,0.6369067010362325,40.69290300139983
78,2.6,track,1,315.8122153596606,237.2113045105746,317.09329568662025,237.66917947999198,316.1205233017527,237.16387646565968,0.3119346191135368,4.805615065138144,4.805615065138144,-0.6081621997943142,0.6296119331181989,41.47458399893367
79,2.6333333333333333,track,1,318.96919671094247,238.15154965211892,317.4171041156454,238.02336926992825,318.9796676324969,238.00375269220112,0.14816741058391433,2.241892382356648,2.241892382356648,-0.6095611087033282,0.6029156898738262,39.644753000175115
80,2.6666666666666665,track,1,321.6232113460808,235.65550208940104,318.80969982702845,237.2046077695559,321.39830487935524,235.3638891035793,0.36826763674647195,4.842394116502632,4.842394116502632,-0.5473692500415865,0.6399732872937866,39.423360000000685
81,2.7,track,1,317.69493861187675,233.64814582811326,318.27771132147075,235.87142296778063,318.15811055729046,233.35384216834524,0.5487648815031503,6.896663732735618,6.896663732735618,-0.5817825702063126,0.7107286260716654,40.70883200074604
82,2.7333333333333334,track,1,322.0340161623755,234.99887239240743,319.4442139328552,235.4259967352383,322.31033191588216,235.52929679611734,0.5980806330980402,5.032377241299627,5.032377241299627,-0.525567617213149,0.7404167670428726,40.299075000802986
83,2.7666666666666666,track,1,321.0166348345758,236.09870001848316,319.949210466877,235.4741455769239,321.07785639532386,236.40029309029006,0.3077441477304664,3.757614169224139,3.757614169224139,-0.49592064983564155,0.7453259225577439,39.365685001030215
84,2.8,track,1,322.19849276771606,233.78868360277136,320.67260149244464,234.82244265952988,322.1067144906949,233.88113765705802,0.13027280716639156,6.471377157698147,6.471377157698147,-0.45673265755212494,0.7876338395221508,40.088773999741534
85,2.8333333333333335,track,1,323.8402049280312,231.9462063918029,321.67030188232815,233.82590278698257,323.69869895038624,231.73306545457862,0.2558378408877256,9.056631863108365,9.056631863108365,-0.3965061792434759,0.8516208417795985,38.231515000006766
86,2.8666666666666667,track,1,326.3099293464547,230.70981579611404,323.0739836654173,232.74828379922184,326.11466362429974,230.32503498463774,0.431491570171486,11.44526361805695,11.44526361805695,-0.30950660124646684,0.9245766418295029,39.30316500009212
87,2.9,track,1,321.6894377975042,234.81062652772417,323.02710707259894,232.9239567607623,321.53563907418,235.2266052075406,0.44350006691991034,5.0143279919473756,5.0143279919473756,-0.2940389608808457,0.93481028573062,38.73689399915747
88,2.933333333333333,track,1,321.0160125588697,235.22009419152278,322.82496108892644,233.16827264234675,320.8823548317129,235.2711831350379,0.14308902186474165,4.8104323081608,4.8104323081608,-0.28761669033704707,0.9398884002227605,38.77400000055786
89,2.966666666666667,track,1,324.2710989291178,235.31514533401327,323.3669177530081,233.39441482538405,324.1934166311601,235.0509705860946,0.27535946842968384,6.486727617388538,6.486727617388538,-0.24270938430604044,0.9441769175868429,39.092375000109314
90,3.0,track,1,323.8189564027614,236.72181105790162,323.7081369647863,233.87865595981086,323.9014912494699,237.276376272233,0.5606733254468302,4.758125700330526,4.758125700330526,-0.2064980054808946,0.9329962463082938,39.058822998413234
91,3.033333333333333,track,1,321.94996265870054,234.26026885735624,323.61216372115217,233.79697128973834,322.12862241444844,234.274085301922,0.17919319871116457,6.108775041934171,6.108775041934171,-0.19262407982352672,0.9493358863677726,40.05364600016037
92,3.066666666666667,track,1,322.26481990995495,239.47111055527765,323.58409966631575,234.72028349262138,322.66473860976186,239.19623316939544,0.48527573988885897,2.7833204947213037,2.7833204947213037,-0.17610004940469798,0.9118250419337607,39.905571000417694
93,3.1,track,1,318.7163160530929,234.29226145755072,322.9093430916197,234.56313767259874,318.43112747079226,234.57364714722982,0.40063753422617215,5.648598613432339,5.648598613432339,-0.19480672820347678,0.9274020438033777,40.36665400053607
94,3.1333333333333333,track,1,322.1821062441752,240.38682820751785,322.9336528068215,235.49553321447658,322.1749708773071,240.33828127078326,0.049068508502453916,2.201120745278801,2.201120745278801,-0.17977633555047298,0.8851461863153,40.04703400096332
95,3.1666666666666665,track,1,320.76104116380714,236.96849109530953,322.7106629605206,235.72308925409618,321.1005832897477,236.52907693382184,0.555314019815969,3.6412347506030796,3.6412347506030796,-0.1783235547291444,0.8759838028795388,38.119607999760774
96,3.2,track,1,321.0505011811275,239.18668198940176,322.5602853963847,236.28107573081724,320.8247060015205,239.35002245478356,0.2786818450579562,1.0500527597361573,1.0500527597361573,-0.1744508010009917,0.8479262691776908,41.645253000751836
97,3.2333333333333334,track,1,316.7998237441773,237.6654916278484,321.75595217415446,236.52754718179816,317.0437241130819,237.2934350008736,0.4448747280164383,4.008124401022194,4.008124401022194,-0.20653462995741925,0.833798692962104,40.03046099933272
98,3.2666666666666666,track,1,321.6180785914774,241.24489665731053,321.78412466963744,237.28988569635493,321.3714028011855,241.4366860703877,0.31246139679104,1.986155207415971,1.986155207415971,-0.19821417221934998,0.7909564713900737,39.99330399892642
99,3.3,track,1,320.8773025686787,236.88667219070686,321.6969585319024,237.3121591756318,321.1354933804995,236.6394632407315,0.35745595568769206,3.547189384224233,3.547189384224233,-0.19624352385530364,0.7840928565749465,40.78154999842809
100,3.3333333333333335,track,1,315.9607135956721,239.96258130997617,320.9043575887254,237.77519934426823,315.75176592619323,240.1074406719977,0.2542505916333785,4.249592479738755,4.249592479738755,-0.23251257969805414,0.7536478158021891,38.45314699901792
101,3.3666666666666667,track,1,316.29049273923295,236.96288941293287,320.2429064457294,237.75953623827888,316.785245289992,236.69952372281412,0.5604833389266212,4.607362749099018,4.607362749099018,-0.27824579089327717,0.7466994497364117,38.878474000739516
102,3.4,track,1,317.1145014351679,238.70285785598404,319.76499037315045,237.9831111084681,317.37987699453566,238.90156765553456,0.3315264272228908,2.841055821192414,2.841055821192414,-0.28049993428235553,0.7271794215666816,40.81545599910896
103,3.433333333333333,track,1,318.2958023750556,235.78776909887597,319.4976230069967,237.78323049919393,318.2385614327516,235.35652834888867,0.43502311424273915,4.966336154638,4.966336154638,-0.30939395129870506,0.7293555522587928,39.991535999433836
104,3.466666666666667,track,1,318.14704018253263,234.71796171884904,319.2389658604163,237.45492891346777,317.8470356905853,234.78169862184632,0.3067003227782167,5.644991106357399,5.644991106357399,-0.3275983946368825,0.7394164023688531,39.72728400003689
105,3.5,track,1,320.3742180094787,235.9450868878357,319.301462276322,237.3150858124722,319.9051416628924,235.44928825849422,0.6825312445475636,4.551700282136048,4.551700282136048,-0.32986612483531336,0.7410820617272258,40.03030899912119
106,3.533333333333333,track,1,320.7264441591784,237.9076379974326,319.4082863241094,237.440155192069,321.1752716118663,237.89303752067863,0.4490648685966868,2.4125824858286,2.4125824858286,-0.3294651494884553,0.7294570210368079,40.592357001514756
107,3.566666666666667,track,1,321.9812166226751,233.53262537597448,319.6708839864448,236.9901641533499,322.2853933687988,233.81909754965486,0.41783944186200994,6.5898845172606855,6.5898845172606855,-0.30301764956979615,0.7480709327168942,39.78203199949348
108,3.6,track,1,323.93723903128415,236.24282135286182,320.16348576150125,236.9194233007901,324.2695970317437,235.96142973941556,0.43548028725459065,5.8770322921651035,5.8770322921651035,-0.3048694587030447,0.748650696193419,42.30125899994164
109,3.6333333333333333,track,1,319.6287286598712,231.68294665749485,320.07667096027376,236.27938782335443,320.04033120422037,231.82754408926428,0.4362626179138476,8.172555427707609,8.172555427707609,-0.30670655884407383,0.7800022388961408,38.88749699945038
110,3.6666666666666665,track,1,322.4106854086329,232.90116929966413,320.3448297263651,235.84062031308784,322.80615411850226,232.45426163882732,0.5967595477245177,8.050631549888505,8.050631549888505,-0.3082044957136799,0.803597753000389,39.55113399933907
111,3.7,track,1,323.1649965336863,231.6317514337934,320.68718059135284,235.27907902824197,322.7044741932353,231.5612315464442,0.46589041690747196,8.861545783586763,8.861545783586763,-0.2733945285241865,0.8357756560063958,41.403881999940495
112,3.7333333333333334,track,1,327.4418017790676,235.3040186739007,321.5308594790284,235.21367328218378,327.1032686962469,235.53761192451176,0.41130336115221217,8.388643126712504,8.388643126712504,-0.22715110354117624,0.8440955073753262,39.86764600085735
113,3.7666666666666666,track,1,324.337792,236.327296,321.932311150835,235.28219523249797,324.13667255683,235.98412281920992,0.39776483307928107,5.765355962438121,5.765355962438121,-0.20066206055614932,0.8456047062074624,43.809005999719375
114,3.8,track,1,323.9758064516129,230.61740435108777,322.25765860763937,234.6537641364777,324.1505109312853,230.57676484233073,0.17936896300531618,10.296800562672503,10.296800562672503,-0.17642347103325381,0.8838894975107235,41.31441399840696
115,3.8333333333333335,track,1,323.4558160799425,230.17438442949515,322.4926054882331,234.0190799012536,323.9539910593094,230.46694831916946,0.5777299884968238,10.320519349649242,10.320519349649242,-0.15558610385510147,0.9252234599710508,40.97708100016462
116,3.8666666666666667,track,1,325.54746654829097,233.43281121187138,322.959229261257,233.82794617731648,325.2825651577696,233.03616261595454,0.4769725939117947,8.740739428532963,8.740739428532963,-0.12145527088662408,0.9456676120026277,42.415477999384166
117,3.9,track,1,325.2160549281314,231.67710472279262,323.3483152497589,233.445050830946,325.50368133336355,231.61668597468233,0.29390368168834746,10.02848255053088,10.02848255053088,-0.0895144405336614,0.9770454027315559,41.13164800037339
118,3.933333333333333,track,1,327.22398753894083,233.52735202492212,323.9461158028803,233.31824122908912,326.87458936420074,233.8056219948821,0.44666907290882885,9.253664020087955,9.253664020087955,-0.044906637918949915,0.9963156686995551,36.53496200058726
119,3.966666666666667,track,1,326.7852141042325,233.51137138253702,324.4434330466802,233.20630416565965,326.99952137427255,233.21937723344672,0.3621991014552301,9.745262673278688,9.745262673278688,-0.0032127069664506513,1.0151510969299509,39.78978800114419
120,4.0,track,1,324.1318018480493,236.256545174538,324.5797029160312,233.43980008006153,323.9066241761859,236.1806796092367,0.2376143259660381,5.4634165776792605,5.4634165776792605,0.021209773289600276,1.0158515523256881,42.08383300101559
121,4.033333333333333,track,1,323.90331594634876,232.87704918032787,324.6688643701165,233.2608182825533,324.28151983800547,233.07278432953805,0.4258525945683692,8.143569798824586,8.143569798824586,0.043431276847573974,1.0372146028042937,39.50515799988352
122,4.066666666666666,track,1,323.99603859178325,238.09833237492813,324.75271231958857,233.72638849150016,323.98901015090837,238.56926307796567,0.47098314836580074,4.237830827690304,4.237830827690304,0.06542265627409098,1.0247704770068577,40.524451000237605
123,4.1,track,1,325.5566286215979,236.00438981562775,325.00780274946646,233.91819524151057,325.22775184843846,235.81599166984677,0.3790168772726018,6.695917793375555,6.695917793375555,0.09652834436475904,1.0245608196657887,38.404269000238855
124,4.133333333333334,track,1,323.954465629704,241.36245609633718,325.0446054034395,234.74448681322087,324.48522026336883,241.46621871082158,0.5408023310982973,4.71879201903386,4.71879201903386,0.11674575007945377,0.9894390622419309,40.00818599888589
125,4.166666666666667,track,1,320.3873657612129,238.4902716361339,324.6416712315068,235.1780748218914,320.68388223504974,238.7960213529261,0.4259165511871239,1.3846513980155968,1.3846513980155968,0.11330618828421068,0.9713091111750453,40.350218001549365
126,4.2,track,1,323.64302030456855,240.3026649746193,324.6444001536244,235.80183629805816,323.72848867611987,239.97358271832604,0.3399999616804218,3.728582261493652,3.728582261493652,0.1292635559184352,0.9409009309246599,38.52175999963947
127,4.233333333333333,track,1,319.1037592075184,239.70726441452882,324.0959092910177,236.3138841253443,319.14654693027836,239.645640054094,0.07502233679367275,0.9240958356576384,0.9240958356576384,0.11546192827648612,0.9134979280100517,40.75036399990495
128,4.266666666666667,track,1,319.10360276274037,241.8613651919607,323.57505682997197,237.04826588808174,319.05389670645144,242.0350847158628,0.1806907994796021,2.2442551643700948,2.2442551643700948,0.10030052009042961,0.8718627509669764,39.72842999974091
129,4.3,track,1,318.1747895870033,242.20930384289164,322.97132857377886,237.77305789163245,318.15286555765067,241.78831296381216,0.4215613636603471,2.570985979085028,2.570985979085028,0.07803631079272279,0.8274221624261803,39.343292999546975
130,4.333333333333333,track,1,322.2408909488863,238.8919788850264,322.8898846339901,238.04793823165738,322.27276103836357,238.75067101047088,0.1448572332149255,2.5935045135070225,2.5935045135070225,0.08056167664860492,0.8037259166256713,39.251666001291596
131,4.366666666666666,track,1,317.243216576221,236.1690305870745,322.21516269445215,237.97050123968947,317.36612336025496,236.2713726344583,0.1599374009550975,4.565081399543841,4.565081399543841,0.05083995593051565,0.7976378277011863,39.50067699952342
132,4.4,track,1,321.04340731070494,239.01533942558746,322.0380457892214,238.22921735748906,321.3699741352244,239.37225099992708,0.4837682945112551,1.5069498791520792,1.5069498791520792,0.04438721066218708,0.7741309608600455,40.11505599919474
133,4.433333333333334,track,1,317.4722115507748,240.93936483544627,321.4471563945803,238.69322533294908,316.96910838183544,240.67200951791432,0.5697294659831187,3.1044968663581574,3.1044968663581574,0.014926500464162785,0.7387411633331157,40.499692999219405
134,4.466666666666667,track,1,322.1580548962327,239.4461079666484,321.4574488888255,238.9401274837897,321.8794511675896,239.4196522401295,0.27985700469972286,1.9670130181929655,1.9670130181929655,0.014724779167069364,0.7130839152645312,38.86300399972242
135,4.5,track,1,320.2688261706222,238.33072482360487,321.24575377582494,239.02785300585936,320.2966913362802,238.61361254069246,0.2842567992787086,1.4177785216136418,1.4177785216136418,0.002660695464368975,0.6950656308137229,39.99605999888445
136,4.533333333333333,track,1,321.85017934921854,236.19280040994107,321.24119848640834,238.84389813583414,322.2191792970464,235.8150478769836,0.5280700120748761,4.736937937568828,4.736937937568828,0.0006532752605238109,0.6914142139363282,40.990125000462285
137,4.566666666666666,track,1,319.7629638964148,235.67834414970702,320.99203602480924,238.6001737992262,319.5635711064919,235.56937726753466,0.2272251440391348,4.452065585380264,4.452065585380264,-0.014398059291566607,0.6920757629449529,41.94979600106308
138,4.6,track,1,320.4330431442837,231.78946357700679,320.84351646890923,237.89792806736276,320.7042249962635,232.02500191407623,0.35919062497876375,8.006030684168666,8.006030684168666,-0.025162021716273235,0.7185615820885011,43.18479799985653
139,4.633333333333334,track,1,320.19829722345764,235.64705508609188,320.68154886127553,237.69482673298089,319.90201677782363,235.2591760301547,0.4880904265602988,4.741836419035129,4.741836419035129,-0.03724681949935074,0.7219089835735409,40.937473999292706
140,4.666666666666667,track,1,321.1231677136874,233.37032806650168,320.6459647790726,237.2279604107436,321.3794681820492,233.19398040739935,0.3111083845757911,6.9444103536693484,6.9444103536693484,-0.043244583737359156,0.7405136933019448,40.06766900056391
141,4.7,track,1,321.9493003579564,231.21919947933614,320.71713914210403,236.53014399000176,321.78050783890154,231.36336832205802,0.2219810120272841,8.818254640506856,8.818254640506856,-0.04362203606110981,0.7737552829627306,41.3937729990721
142,4.733333333333333,track,1,325.8686511627907,227.49351937984497,321.25820082527366,235.42953250917603,325.4239765431374,227.90667991832024,0.6069902370853593,13.25397721962974,13.25397721962974,-0.018556275382020586,0.8317649305180669,40.57931500028644
143,4.766666666666667,track,1,324.4302937027062,227.65422598435296,321.59751582923013,234.41940742089906,324.6547129083252,227.49154534809887,0.27718039119445825,13.34645233901491,13.34645233901491,-0.0017194249906309893,0.8900107648611912,40.0748920001206
144,4.8,track,1,322.7048363705152,230.48105176871178,321.71133642188965,233.81688539945827,322.55719965480444,230.59219213698128,0.18479388865689347,9.749159905448712,9.749159905448712,0.004731377167805093,0.9311438359695734,39.61481000078493
145,4.833333333333333,track,1,325.0422368748445,229.00746454341876,322.0987823897184,233.0847356404054,324.826424891599,228.55395345411773,0.5022420932492202,12.422011059596986,12.422011059596986,0.026351600727483625,0.9818788009966986,40.06664699954854
146,4.866666666666666,track,1,328.45373209034597,232.36545079146595,322.8704644371204,232.8109235983887,328.05043935613827,232.2612224080406,0.4165436176154681,11.166837172837837,11.166837172837837,0.0702119635075468,1.0113886168351565,40.10756299976492
147,4.9,track,1,324.4949678064637,231.9919984997187,323.1186815074695,232.5217987015612,324.91750347137554,232.27723790263593,0.5098018292425617,9.155484411186201,9.155484411186201,0.08965647349505292,1.0427782579402736,39.151029001004645
148,4.933333333333334,track,1,325.9370916079436,233.33440102498398,323.5202142765525,232.42383598064038,326.3061503326509,232.96224567325228,0.5241220736670871,9.449736397468921,9.449736397468921,0.11836861245479774,1.0650401590011551,39.68728600011673
149,4.966666666666667,track,1,328.9013995313786,232.1483756570198,324.24674240149204,232.20263426332562,329.3851350923435,232.214143609131,0.48818594456098646,12.194274084207418,12.194274084207418,0.16611568780381333,1.094006024902092,40.37506400163693
150,5.0,track,1,329.15112057092773,232.3200200325529,324.9516604715487,232.02801594057445,329.5263986684935,232.69515419103612,0.5306216046991759,12.004709237787159,12.004709237787159,0.21583560403181784,1.121130520007818,39.49895799996739
151,5.033333333333333,track,1,329.1261192608116,239.23833111068774,325.6012257831422,232.7041216285926,329.5989768450669,239.12829675594966,0.4854913533837281,9.63847617716712,9.63847617716712,0.2655894412217023,1.1033605119668324,39.550043000417645
152,5.066666666666666,track,1,323.63444896920333,235.4138457622805,325.5429914576762,232.89159104111081,323.2088021571687,235.75351156226728,0.544562268501886,5.322506489958292,5.322506489958292,0.28033649079234774,1.1082205055071828,39.56581099919276
153,5.1,track,1,327.850175967823,242.40874811463047,325.98147624037006,233.91255516274813,327.63391229032015,242.0916342251153,0.383837461864386,7.915273247840206,7.915273247840206,0.32101547548437287,1.0674635421862662,38.63894200003415
154,5.133333333333334,track,1,322.25197482103187,238.2898049864231,325.7121040924849,234.38337588491135,322.23778324846296,238.44284888800442,0.15370047671758683,2.72624163505191,2.72624163505191,0.32562700052451177,1.0510924853197963,40.79442799957178
155,5.166666666666667,track,1,326.60243122200893,242.46602687140114,325.9689834355034,235.32714210564126,326.9123392515581,242.13852678997435,0.4508872254939045,7.2355877964453255,7.2355877964453255,0.35671092360835055,1.007097835549069,40.14035900036106
156,5.2,track,1,324.5703452041497,243.1039252563247,325.9569022546973,236.2886621091104,324.13239926669314,243.14901507990317,0.4402609866034517,5.195480696992681,5.195480696992681,0.37422073758201346,0.9576852331709902,40.67404200031888
157,5.233333333333333,track,1,320.21475081392435,245.94327573253193,325.41475213224777,237.5266599160269,320.09089446284486,245.55930621737647,0.4034513406489607,5.560049228373484,5.560049228373484,0.36305429921684984,0.8890668279003069,38.96774100030598
158,5.266666666666667,track,1,322.10020983022827,245.86767978635467,325.12337403967086,238.67161183348585,322.44691608631535,245.96144404375244,0.35916147340058663,6.4440835981743945,6.4440835981743945,0.36243113037909624,0.819778408480877,40.24755699902016
159,5.3,track,1,320.68039808516,242.65035273368608,324.67401955698654,239.34959920805335,320.47661352012926,242.30404376959808,0.40181842609873514,2.3528234399958157,2.3528234399958157,0.3516981684001558,0.7702365976395136,41.24121700078831
160,5.333333333333333,track,1,323.80559029514757,241.34811155577788,324.62178499595876,239.81587481225813,324.05821296803623,241.40644122511247,0.2592692908581649,4.29501681179868,4.29501681179868,0.35973662028168607,0.7194009702995308,41.93221599962271
161,5.366666666666666,track,1,322.81914762957507,244.40131417342175,324.4516062046092,240.6032101981127,322.6796880112425,244.0728674361527,0.3568280319259565,4.875343781731689,4.875343781731689,0.3609120478712058,0.6681872451989043,41.366646999449586
162,5.4,track,1,318.36375015646513,242.88277631743648,323.756494552751,241.14367972524332,318.87679682463346,243.13493916531107,0.571666848406347,3.3300794199770567,3.3300794199770567,0.33307509697904447,0.6179253452242932,42.33310000017809
163,5.433333333333334,track,1,319.5702693930542,238.73437195715678,323.24775989852105,241.1366111222016,319.6776626087422,238.51721244791725,0.2422634005147307,1.5174189660125033,1.5174189660125033,0.31181079384357885,0.5947940407693678,40.00974399968982
164,5.466666666666667,track,1,320.51710339486254,238.86840067122756,322.88511016411184,241.12812946886532,320.3124036451573,239.3275837156256,0.5027435288415287,0.7414443316928476,0.7414443316928476,0.29583328739090403,0.5722152025602649,39.948394000020926
165,5.5,track,1,320.34314343332494,235.5071842702294,322.5269994169515,240.70147165692475,319.9365049181223,235.5442752177924,0.40832661000396775,4.456177168852422,4.456177168852422,0.2783041984855878,0.572449025441891,39.69349900035013
166,5.533333333333333,track,1,323.1829996021748,237.72609733457102,322.53472421552704,240.55166685865257,323.5141027160889,237.343425871317,0.5060303556434208,4.405258675765973,4.405258675765973,0.2785354612324568,0.5603756099634367,43.40370499994606
167,5.566666666666666,track,1,320.48223350253807,236.94236721555032,322.2234633887207,240.30453639049236,320.55145358178555,237.234449544324,0.30017246068366943,2.819994747469187,2.819994747469187,0.2617351476490181,0.5706314613752298,42.15081300026213
168,5.6,track,1,320.8471712441463,235.6518162257942,321.9798155501903,239.90702166620895,320.84241534255483,235.72443450257103,0.07277384641466277,4.357765933615161,4.357765933615161,0.24712375740036516,0.5549077891107576,40.56674200000998
169,5.633333333333334,track,1,322.74814677538916,233.1736471460341,321.9840284182496,239.22827683120028,322.63547001828397,232.87702920831845,0.31729836521236165,7.5948940161415175,7.5948940161415175,0.24463027280013547,0.5807016280938258,41.337786000440246
170,5.666666666666667,track,1,321.67355217174236,231.30448077883176,321.8650403050356,238.36106848002325,321.5568629841698,231.73640513751613,0.44740922891827467,8.408972731716279,8.408972731716279,0.23562761602786286,0.6154771346306744,41.75496899915743
171,5.7,track,1,323.5145045836996,229.72698731633807,321.9789904159144,237.355189208432,323.46410245079227,229.98120250733004,0.2591635358855325,10.60076926400697,10.60076926400697,0.23856229273480378,0.6619184791973872,40.71983500034548
172,5.733333333333333,track,1,323.2080777096115,231.10832055214723,322.054356988291,236.57672678195155,323.15727745733284,231.07086858535354,0.06311351240652849,9.470891656154054,9.470891656154054,0.24002664385103284,0.7010863811735183,40.41338299975905
173,5.766666666666667,track,1,326.87611893583727,226.37571205007825,322.56816712205597,235.28374088208784,326.8581187285205,226.06851621408475,0.30772274715267756,15.528040216708057,15.528040216708057,0.26526266752126915,0.7713983315679281,40.26269699897966
174,5.8,track,1,323.01287172658675,227.53408154207088,322.59131044310715,234.21609760743323,323.2056377060425,226.97456870358596,0.5917882554300951,13.414096076888816,13.414096076888816,0.2667443207398208,0.835641857147249,41.55379499934497
175,5.833333333333333,track,1,324.9745422063421,228.92745485867414,322.84949787336734,233.39190013046186,325.3669967657915,229.31900978234557,0.5543787870075468,11.953585500327755,11.953585500327755,0.28093639220031574,0.8917575812363302,39.94167299970286
176,5.866666666666666,track,1,324.60500766479305,231.22585590189064,323.0487935935154,232.90715276167688,324.1665307496528,231.41980283208676,0.47945533352275294,9.538331191988915,9.538331191988915,0.2932064829305563,0.9334413365893838,39.24012099923857
177,5.9,track,1,324.55385286239334,230.49386407525074,323.229985776103,232.3800357255776,324.42706968765316,230.57448545846833,0.15024573481173178,10.413417805502782,10.413417805502782,0.3054477905506088,0.9794039599080895,40.15570400042634
178,5.933333333333334,track,1,329.2457929627741,229.30265170831208,323.9607115758869,231.7591366743081,329.3945533914685,229.2612049262752,0.15442636072430826,14.2681236699367,14.2681236699367,0.34777987013167333,1.0324632401875389,40.34875099932833
179,5.966666666666667,track,1,330.06827964001565,233.2422068605713,324.7426506854631,231.66493306267805,329.50872252617967,233.09515405999542,0.5785574213521552,11.751285101429303,11.751285101429303,0.39607654599710984,1.0599104130724384,39.91717699864239
180,6.0,track,1,331.73375697056156,231.99092205939567,325.6708029146089,231.44435960492987,331.70108952210404,231.86497308071074,0.13011651478771563,14.251110798174782,14.251110798174782,0.4555953392247482,1.0941123373893815,40.35939700042945
181,6.033333333333333,track,1,328.2040854456001,234.14996574702622,326.11199244489063,231.51253317865635,328.5292001034406,233.92563515453986,0.3949984246399394,10.471158612125636,10.471158612125636,0.49322386683633157,1.1134594477123345,40.38179599956493
182,6.066666666666666,track,1,329.8475555555556,236.82419047619047,326.7128950867325,231.91245314167747,329.67434254787304,236.61833988876137,0.26903012912187746,10.248342736341767,10.248342736341767,0.5411777647920748,1.1143428081647704,40.29590800018923
183,6.1,track,1,329.3302752293578,237.05161330587282,327.2039374336439,232.32914051961893,329.6357851883444,236.84846761370463,0.36688486925257907,10.138072429105357,10.138072429105357,0.5857368735003021,1.1120368831112493,40.669006999451085
184,6.133333333333334,track,1,324.6930056710775,240.5080025204789,327.09785881629466,233.1453109397928,324.64785043674993,240.390308766778,0.12605877536842916,4.664209966952636,4.664209966952636,0.6004073488619773,1.0860826490415754,39.56156700041902
185,6.166666666666667,track,1,329.15431174341694,243.12236365905403,327.5196976297218,234.2325903376864,328.73489938822183,243.04488969640036,0.4265078411700874,9.250395698866251,9.250395698866251,0.6423859703670622,1.041565969923239,40.8496540003398
186,6.2,track,1,328.37144863691503,244.25193130307093,327.8099080522664,235.39261182801897,328.52835987083165,244.30234553072458,0.1648111940347165,9.552125373557312,9.552125373557312,0.6788366413473473,0.987886458732187,40.511297000193736
187,6.233333333333333,track,1,326.01361049245236,247.46374659737688,327.7877057270285,236.8654664060201,325.8817428266531,247.63614123324425,0.21704605907313582,9.638752596313406,9.638752596313406,0.6995209967710528,0.912003448188468,40.42848999961279
188,6.266666666666667,track,1,323.8431193259748,250.11978316243224,327.4950754575116,238.56051415503202,323.39199486427464,250.39852796225688,0.5302942045445375,10.93777915945937,10.93777915945937,0.7052617022667513,0.8174506449353133,38.41045800072607
189,6.3,track,1,324.8163561730344,250.5732870224187,327.32602894732224,240.1950914509817,325.20122865978266,250.0964859112753,0.6127529115747667,11.35745602359635,11.35745602359635,0.7158160861739924,0.7286082970177612,40.42580599889334
190,6.333333333333333,track,1,324.48877221835664,251.01802770573724,327.1189144131282,241.76638968693786,324.67539474263845,250.76002056864417,0.31842683517611375,11.731894929513166,11.731894929513166,0.7231147325476889,0.6161187355691397,40.27130900067277
191,6.366666666666666,track,1,321.17766240344434,246.68032164112955,326.5205584245028,242.70145196601626,321.2078563143142,246.61225550402222,0.07446254947509878,6.721669415145374,6.721669415145374,0.7081955539897825,0.5401574729328282,40.5753930008359
192,6.4,track,1,319.9033145636038,250.09431789096493,325.8006790204948,243.96327158449998,319.8489530452921,250.3153549847178,0.22762374983262595,10.31646080995168,10.31646080995168,0.6837083263910412,0.4429021863765031,40.763507000519894
193,6.433333333333334,track,1,321.5983044508166,248.2583842413664,325.32470001754893,244.90130184824451,321.4625622776389,247.757812358912,0.5186503129112756,7.894475347485725,7.894475347485725,0.668600189937413,0.35771395391293836,44.94061100012914
194,6.466666666666667,track,1,320.69508945565286,245.53235629996195,324.769254726504,245.42669639066673,320.6148559723215,245.46646315900585,0.10382349383711063,5.500933314944627,5.500933314944627,0.6467801928541272,0.2909010579916442,47.98000499977206
195,6.5,track,1,317.3856505022944,239.43718219025178,323.85343141413665,245.16112178802118,317.1583948729073,239.7569730852117,0.3923153547688537,2.8519785727860905,2.8519785727860905,0.6030030615880285,0.26456932400910366,41.50276600012148
196,6.533333333333333,track,1,317.5827544452234,242.05774010579313,323.0214623280734,245.19712773985972,317.4324562466604,241.77616422306457,0.3191778911917869,3.1220250275434456,3.1220250275434456,0.5593918844866912,0.22416324886590472,41.1481899991486
197,6.566666666666666,track,1,316.6323356423997,239.58972683309372,322.13391853453095,244.90976807804924,316.7139272352746,239.6968041846652,0.13462075340534785,3.300030593419806,3.300030593419806,0.5089632367441228,0.20170777108589039,41.878583000652725
198,6.6,track,1,322.5759546654646,234.9817116362934,322.02144609512766,244.0651829579165,322.60087616893003,234.55854129131532,0.42390355295024307,6.031088601938166,6.031088601938166,0.49578032820544193,0.21112095950951226,41.25308699985908
199,6.633333333333334,track,1,320.44457302960166,231.3820806431965,321.6717482232204,242.82195450396773,320.71150864503727,231.5615407574763,0.3216528492106215,8.468402384139306,8.468402384139306,0.46946136653373416,0.2464358410118381,40.65700999854016
200,6.666666666666667,track,1,321.56210672036246,227.96004278882458,321.48817749975615,241.2310555099851,321.99862816885684,227.53730142386348,0.6076686898671014,12.621940039351449,12.621940039351449,0.45052184637256537,0.30668334689727494,43.636763000904466
201,6.7,track,1,323.7457842825326,227.17753738466433,321.58827583986215,239.6357925611171,323.4092312779937,227.45339290020067,0.4351599594585845,13.001546355091206,13.001546355091206,0.44601812348801234,0.3560202376829508,41.75092600053176
202,6.733333333333333,track,1,322.80279232111695,226.15083520319124,321.58005467138935,238.01367147215288,322.66259363881073,225.9814983039195,0.21984234345404943,14.269120319362628,14.269120319362628,0.43638664454413106,0.45140276728615736,40.47877700031677
203,6.766666666666667,track,1,325.9581621217781,226.83426721454364,321.95948622310004,236.57695760666178,326.13040877711495,227.2197759608367,0.4222391546779738,14.174485467407116,14.174485467407116,0.4475931270394893,0.526937721617901,41.06503999901179
204,6.8,track,1,322.8011986738077,225.00165774037237,321.94643486677774,235.01871905804157,322.3669214112689,225.1388507308851,0.4554323851067367,15.048457547736815,15.048457547736815,0.43983360549142264,0.6157776765673866,40.963108998766984
205,6.833333333333333,track,1,324.8176136725974,222.77284611950768,322.18260126550047,233.30401735737965,324.6936400527649,222.47803638808483,0.31981594105982675,18.1397206638415,18.1397206638415,0.4455455543078345,0.7201398703213722,41.59619999882125
206,6.866666666666666,track,1,324.68336015448983,224.29855165754748,322.3945303840936,231.8966637261807,325.13858567348893,223.8694778095742,0.62556745452637,16.929229423089673,16.929229423089673,0.45125994716292606,0.8158409889372924,38.81064199958928
207,6.9,track,1,330.6870730596578,223.82219764491575,323.3165423348369,230.5428009457052,330.4703913229904,223.98351952931208,0.2701401958065141,19.135222526129144,19.135222526129144,0.4959545386365814,0.9148548756398329,41.6070609990129
208,6.933333333333334,track,1,329.7757642203018,228.25615890622984,324.07541948483737,229.8299518751903,330.0295578232355,228.40284394103153,0.2931342564846929,15.332516387915376,15.332516387915376,0.5362556578591711,0.9854776279583237,40.47991300103604
209,6.966666666666667,track,1,330.1417622133599,231.5003115653041,324.83071206101704,229.57834965620927,329.9448344695357,231.47372110087852,0.19871484364805278,13.099510085956247,13.099510085956247,0.5799074792723412,1.0342712480490077,42.51029599981848
210,7.0,track,1,331.052407842142,231.47433538481062,325.64502075396297,229.36836404168548,331.3040390799648,231.2817939984661,0.316844544380553,14.27544799319984,14.27544799319984,0.6301699839584121,1.0813785482290452,41.255289999753586
211,7.033333333333333,track,1,329.66361769647193,235.28983884014684,326.2370249606636,229.6558326535419,329.533091432324,234.94004601833623,0.37335254629189896,10.792727484450085,10.792727484450085,0.6722561787086399,1.1022211885757578,41.93296400080726
212,7.066666666666666,track,1,329.90297369424326,236.26674291523702,326.81294416194993,230.06864875101493,330.3243332362705,236.11939897456577,0.44637887551936384,11.029547637693973,11.029547637693973,0.716085548055574,1.1143282822872047,43.0068810001103
213,7.1,track,1,328.8327488363196,241.61149014856852,327.2155229434666,231.1184794813784,329.0239681141749,241.30736107322383,0.3592482521788151,9.118179286536684,9.118179286536684,0.7531322054047282,1.0898524005714894,39.757608999934746
214,7.133333333333334,track,1,330.7735282850211,245.73802834886988,327.8143727390838,232.61615369462427,330.5365950818563,245.4509191993939,0.37224858156175433,11.863066890029733,11.863066890029733,0.8022319827707189,1.0360380704644778,41.176967999490444
215,7.166666666666667,track,1,328.93846346659984,245.43439027447047,328.14467392322206,233.9983104273407,329.355912714548,245.2808486757017,0.44479084653911033,10.743391711089274,10.743391711089274,0.8394335228823268,0.9809235698817393,47.739136000018334
216,7.2,track,1,328.9677699268625,249.77215817528202,328.445021993687,235.8210086765785,329.0490967978685,249.76893842783355,0.0813905812810093,13.316092176911257,13.316092176911257,0.8761915108304703,0.8954833403996696,47.33302599925082
217,7.233333333333333,track,1,328.0127474216898,251.2639805265518,328.59921674501936,237.71035707709868,327.88389696278733,251.42827758090425,0.20879646268142968,13.88385248358848,13.88385248358848,0.9061275063796008,0.7977904957043827,44.88297799980501
218,7.266666666666667,track,1,328.3947079624436,252.3624557980734,328.7761854339088,239.60831657139008,327.9876677421916,252.56189763127577,0.4532756178462588,14.886373233877354,14.886373233877354,0.9375414556493782,0.6703011559316089,40.98135399908642
219,7.3,track,1,324.35107913669066,251.0965279949953,328.44549621393116,241.22500447768536,324.8106112111529,251.61871375264943,0.6955916136328577,12.575233178389766,12.575233178389766,0.9422544325740435,0.5886348729587113,43.39802299909934
220,7.333333333333333,track,1,322.1301905843746,255.0200681560015,327.8575787354665,243.19273481035137,322.47429862278864,254.82491311271156,0.3955955422178947,15.02997679553035,15.02997679553035,0.9313293856473105,0.4618721738664347,41.971341999669676
221,7.366666666666666,track,1,320.2948418869881,252.0249481596682,327.0768704581843,244.65699391371584,320.4722305700109,252.09478441875302,0.19064062512361651,12.103999828460164,12.103999828460164,0.9070443448193442,0.3532947541059287,42.57726600008027
222,7.4,track,1,323.8917777055574,254.05219369515763,326.7680605956628,246.24467994990357,323.93522879791914,254.46245508048654,0.4125559376853331,14.988283178772107,14.988283178772107,0.9039465486190688,0.23194564691268904,42.38269699999364
223,7.433333333333334,track,1,321.0642650369894,251.58237375361853,326.1361325008106,247.40656160129595,321.1061547848921,251.39718893692586,0.18986354919480758,11.450742075172458,11.450742075172458,0.8818297205107886,0.12672207490832504,41.50122300052317
224,7.466666666666667,track,1,320.32251001001003,249.98867617617617,325.4524539548721,248.27068917533242,320.30140647837754,250.22696988094847,0.2392263546967039,10.231410401847596,10.231410401847596,0.8537705073207759,0.03287473278559633,41.297559000668116
225,7.5,track,1,320.2458822798185,245.221766424265,324.8023162552168,248.47446507873968,320.242615125723,244.9080529427728,0.3137304938412109,4.914045765791188,4.914045765791188,0.8241377632550622,-0.02879904534158395,40.90246999840019
226,7.533333333333333,track,1,322.7132840387557,245.76370474247832,324.4903225405171,248.69391756555711,322.73449339351805,246.12672184837243,0.3636361586822245,6.709260371048206,6.709260371048206,0.8093640203544339,-0.09122297098842852,42.05203600031382
227,7.566666666666666,track,1,318.11128939092487,239.30736153006868,323.65174531429733,248.0926824827429,318.13057407151365,239.04867034246547,0.25940900032375097,2.0975655935874373,2.0975655935874373,0.7649775694117464,-0.10981814422613256,42.06427899953269
228,7.6,track,1,322.6886583591625,237.40748940476942,323.4186930655635,247.2692504109739,322.7453585400169,237.78901926806194,0.3857200371939835,3.5249722424786882,3.5249722424786882,0.7490012209532824,-0.11274803279743761,41.45240999969246
229,7.633333333333334,track,1,323.1966577710001,233.96251111958318,323.2687070201935,246.0572150812763,323.3281253443473,234.0041383130822,0.13790049340161095,6.857607139253149,6.857607139253149,0.7363611379492162,-0.09013218591372946,41.95911200076807
230,7.666666666666667,track,1,320.30568690095845,232.2311821086262,322.79037012951716,244.69098986678335,320.4762210203487,231.96411912453416,0.31686672805511196,8.049979372948698,8.049979372948698,0.705592981109201,-0.05274728653909708,40.577895000751596
231,7.7,track,1,320.93772218564845,230.15483870967742,322.4259080920028,243.14497370559735,321.3321999644673,230.55608953454285,0.5626854738102198,9.53741063522473,9.53741063522473,0.6788473365937506,0.001393172686850408,42.06709799836972
232,7.733333333333333,track,1,322.34774304450247,225.94874896542942,322.26233090589767,241.18192802860716,321.8504227936279,226.19616063911198,0.555463741574865,13.927312935967908,13.927312935967908,0.6613049134903931,0.08561447033273031,40.731473000050755
233,7.766666666666667,track,1,321.1523069079786,229.59304104002038,321.97600103865534,239.77349842365985,320.80430273044226,229.50226107939008,0.35964970295382237,10.528505370064888,10.528505370064888,0.6366683638563677,0.1380501433229737,46.47939599999518
234,7.8,track,1,324.6682045616999,226.56910780427577,322.1381191251176,238.09435461986934,324.57515798173523,226.4146618040135,0.18030871592947928,14.335043929376901,14.335043929376901,0.6348483209595484,0.23475452321706156,45.39931500039529
235,7.833333333333333,track,1,326.46538316819266,224.9599272544839,322.51504225353676,236.33582757210687,326.59185951370256,224.7782357042512,0.22137769851432887,16.587788283063063,16.587788283063063,0.645419250784762,0.33260813119333266,46.41015600100218
236,7.866666666666666,track,1,325.24129024129024,226.71763371763373,322.7305721637221,234.91120376668914,325.58285175653646,226.52399560149192,0.39263212899639105,14.586669540510998,14.586669540510998,0.649327202949757,0.4208323692361266,42.1165360003215
237,7.9,track,1,324.2706907280647,225.35942750466708,322.8233654157514,233.4321392364387,323.866250891827,225.10659627407492,0.4769645818074304,15.38705204065913,15.38705204065913,0.6479231404416553,0.518427799749382,42.240924998623086
238,7.933333333333334,track,1,328.88846788486217,222.89525148200207,323.46833411678637,231.77379877050984,328.8837808167345,222.80172687124636,0.09364198537322965,19.357225013182784,19.357225013182784,0.6765854102074621,0.6320802586230518,41.03928199947404
239,7.966666666666667,track,1,326.27008381689234,228.5150225660864,323.7642965934375,230.9182696134861,326.5227957160732,228.49829193160576,0.2532651142927322,13.222562249586412,13.222562249586412,0.689754050398721,0.7101040190679728,40.49002900137566
240,8.0,track,1,328.776074200265,229.13798977853492,324.34364111940505,230.22126037848656,328.31026234078394,229.209826002363,0.47131850323011154,13.61940949791632,13.61940949791632,0.7195325457034991,0.7830716672096103,39.78974100027699
241,8.033333333333333,track,1,331.84590079339483,231.6961233309682,325.25457701693244,229.9052953055463,331.7240785226811,231.88558985051054,0.2252514765086767,14.25824916601369,14.25824916601369,0.7696989163165786,0.8382590650616961,39.23714899974584
242,8.066666666666666,track,1,326.6766715626796,232.67584136918066,325.4885531245936,229.75791962997496,326.87199466705613,233.15291526118247,0.5155100518254185,9.70087007049346,9.70087007049346,0.7879777946746664,0.8851512642506236,42.06438999972306
243,8.1,track,1,330.0905449227443,233.81115279455713,326.1118683525438,229.7861605314532,329.7047518128617,233.5073558529967,0.4910487810130217,11.676328008790177,11.676328008790177,0.828093438941915,0.9225184797500574,41.48129900022468
244,8.133333333333333,track,1,332.51714141668765,241.88467355684395,326.98113583745413,230.8072049397681,332.4106800770177,241.87687401127747,0.10674666156545544,12.551798119325062,12.551798119325062,0.8840633929834376,0.906000940544484,41.007406000062474
245,8.166666666666666,track,1,327.24715283458124,240.64223242937143,327.15834174776467,231.64189366447076,327.6980227742461,241.0567523824141,0.61246264699481,7.770217515008809,7.770217515008809,0.906974510700111,0.893948338249331,39.98610000053304
246,8.2,track,1,330.52630260521045,244.27010270541084,327.70719425560713,232.87915335776347,330.4117788763799,244.0773869340092,0.22417638816827332,11.181691445405743,11.181691445405743,0.9503375863215118,0.8558194166726014,39.964223999049864
247,8.233333333333333,track,1,328.2471639520882,248.25495912288486,327.93930313166203,234.5317339105475,328.5147481663706,248.49132119405257,0.35702708639517444,12.025118376019353,12.025118376019353,0.9790728561546793,0.7892001383306748,38.056069999584
248,8.266666666666667,track,1,328.5137515842839,255.29670468948035,328.17787939699366,236.93330545850765,328.35833611294044,254.90809153243853,0.41853811601683577,17.091312872814942,17.091312872814942,1.008933963336061,0.6745653326451762,39.29168399918126
249,8.3,track,1,328.9837035248672,254.89992757122164,328.44668379353976,239.14002875463945,329.20411125359635,255.06658462094174,0.27632252732077633,17.65552706969059,17.65552706969059,1.0411615008461257,0.5589686025696626,41.7151460005698
250,8.333333333333334,track,1,328.2315389487017,257.8718809373021,328.5974763003905,241.5582600550756,327.9085427154561,257.71255872656855,0.36015293074451077,19.397932480662305,19.397932480662305,1.0679553055298519,0.4217891844582597,40.01643499941565
251,8.366666666666667,track,1,326.6116573033708,255.302157814096,328.53372262338553,243.50417533627606,326.8515339139682,255.85020244364256,0.5982421786254327,17.267670209924347,17.267670209924347,1.083620923407046,0.2987024034219319,41.711482999744476
252,8.4,track,1,325.50662251655626,259.002186679995,328.33080501025876,245.74969701160865,325.36339027639895,259.27243894552305,0.30586232465525365,20.004820873126665,20.004820873126665,1.0911960018021505,0.15092400546730111,41.05104199879861
253,8.433333333333334,track,1,321.8500227139983,254.25173599844246,327.69334896406474,247.2594513238553,322.20453536078514,254.15382273794455,0.3677855670266631,14.32447814945132,14.32447814945132,1.0743206940126715,0.032500001015489555,40.93799699876399
254,8.466666666666667,track,1,323.2150415003485,256.31027054425647,327.25088503126625,248.88807335594845,323.1636544186485,256.0613405340764,0.25417864216705477,16.36995323854653,16.36995323854653,1.0645879182550115,-0.09857986795768175,40.66205900016939
255,8.5,track,1,315.7664531158998,251.02957354558984,325.93981056618134,249.7469007554929,316.28917705641,250.578814638102,0.6902346779625846,11.210777228452761,11.210777228452761,1.0062438385975125,-0.19528745670289638,43.111968001539935
256,8.533333333333333,track,1,317.8234547531413,249.8682573930702,324.9540766323585,250.3738993121808,317.88524779021697,250.29781301508442,0.4339774324029546,10.512712770851499,10.512712770851499,0.9590545567784732,-0.282650089268503,41.930055998818716
257,8.566666666666666,track,1,318.1404416403785,246.44523659305995,324.0698480642732,250.5126945432211,317.80535189107934,246.8434420127894,0.5204351029545474,7.186736317995826,7.186736317995826,0.9125926444006311,-0.3458021890705141,42.07610400044359
258,8.6,track,1,315.04523334165214,246.61049413526328,322.87605703456813,250.6236858694126,315.29135445976783,246.92654041374567,0.40057565443382603,8.375458490542492,8.375458490542492,0.845507831420353,-0.4069508664555912,39.887349999844446
259,8.633333333333333,track,1,316.94272991527,243.32809697569422,321.9923400682083,250.29829664119708,316.7853054223855,243.54785744412655,0.27032782773058756,4.7876459425471705,4.7876459425471705,0.7895213163951047,-0.44411340061583415,43.40159099956509
260,8.666666666666666,track,1,319.0954002352504,242.15576053983781,321.4333069432117,249.8185491945983,319.66043026974313,242.6115139419603,0.7259270648109853,2.6334981812714067,2.6334981812714067,0.7468854819271543,-0.4703150105912921,39.817783999751555
261,8.7,track,1,319.9488144523899,234.43796261447747,321.0253922312968,248.41483985922815,320.0598725632953,234.04696132488206,0.40646760321475334,5.953339751037688,5.953339751037688,0.7099085512799684,-0.4438709200149946,39.85120499964978
262,8.733333333333333,track,1,318.6791741242649,235.1191511122475,320.50622447357824,247.15405301558894,318.3831676144395,234.8078760498654,0.4295486216017555,5.438041750166924,5.438041750166924,0.6653964762776731,-0.41751184102474126,40.749165000306675
263,8.766666666666667,track,1,317.87425377873745,231.01606757271688,319.9389720347902,245.46171697620244,318.3580999865378,230.86185579815788,0.5078271597851185,9.284477104709127,9.284477104709127,0.6195015778093823,-0.3613314326435396,39.08855599911476
264,8.8,track,1,324.14632268001543,229.2986137851367,320.1739335090474,243.65639146618602,324.15961678122443,229.48172975231915,0.1835979045744331,11.310898318431297,11.310898318431297,0.598905141851936,-0.29048381638899023,45.03116500018223
265,8.833333333333334,track,1,325.12770714878934,224.808662876126,320.5284066407654,241.4206873294865,324.8324441037821,225.28897698881332,0.5638101742550895,15.484402282679257,15.484402282679257,0.6066808286554721,-0.1877040400804842,42.8942399994412
266,8.866666666666667,track,1,322.8963425840838,227.1570789683269,320.60864991075886,239.60673154528033,323.3495284894737,227.0249657659159,0.4720501701041352,13.400405011694613,13.400405011694613,0.5934046235089203,-0.11718960655582497,40.45160999885411
267,8.9,track,1,329.2565827041431,220.2121058308483,321.457354034821,237.0843540537079,329.2721261305592,220.49758965191577,0.2859066459459178,21.594358808866286,21.594358808866286,0.6218981978286777,0.03946773371541601,40.4135970002244
268,8.933333333333334,track,1,327.97810716943684,224.6802902505582,322.1110439883855,235.26953693625444,327.71680208534315,224.3368448506021,0.43154963761335047,17.460912452058928,17.460912452058928,0.6442547715258482,0.15085986223629372,40.16361899994081
269,8.966666666666667,track,1,328.30776636713733,220.30115532734274,322.770652523168,233.06742177792395,328.68553652364807,220.58969502642216,0.4753582323837346,21.26495906111566,21.26495906111566,0.6702920423851086,0.2911350567298775,40.24202000073274
270,9.0,track,1,329.60118863369036,224.40939763511423,323.5482188718075,231.5227813022724,329.84658285192495,224.18289306987225,0.33395005677260575,18.631587841590896,18.631587841590896,0.7059514272466302,0.40612555565505715,41.85254900039581
271,9.033333333333333,track,1,331.6337074424729,223.65872468493322,324.52195440417745,230.0189341659597,331.35530010000224,223.9652161420877,0.4140623885965142,19.648336665760674,19.648336665760674,0.7558543187155031,0.525516719340504,40.51646800144226
272,9.066666666666666,track,1,329.3709399606299,229.96967273622047,325.1627743191892,229.40125587572697,328.88093025210816,229.95373036936192,0.4902689807714137,13.408894646252197,13.408894646252197,0.7926242499805856,0.6038790339145714,41.56020800110127
273,9.1,track,1,330.51618163572505,231.92279227295535,325.8959594093225,229.09535449523375,330.7652160530929,231.58352572262135,0.4208561906510109,13.664805740717487,13.664805740717487,0.8373480371492612,0.6676640105468041,41.254812000261154
274,9.133333333333333,track,1,328.72062581811383,233.12771925450352,326.3619023001026,228.99166484052512,328.71703350755763,233.5959644184067,0.46825894354924863,10.816577319198315,10.816577319198315,0.8711928803950459,0.7211409770237702,41.697893999298685
275,9.166666666666666,track,1,330.5601108747502,237.28556694385355,327.0100697912522,229.42911561142168,330.16118372971744,237.58013138886315,0.4958942218939435,10.445353937719858,10.445353937719858,0.9168179284687871,0.7452358446966532,40.451737000694266
276,9.2,track,1,329.3752375114925,241.00962304627643,327.4660477667278,230.31943805002157,329.6382826621242,241.21222813177795,0.33202646271332337,9.714215857107446,9.714215857107446,0.9550066908931454,0.7421685426234699,42.52499699941836
277,9.233333333333333,track,1,329.9908611146866,245.8353713476638,327.9556543170967,231.76180181509574,330.06054087756667,245.89277614787358,0.09028056514083083,11.659300728523029,11.659300728523029,0.996855874206819,0.7046122007659696,40.754958001343766
278,9.266666666666667,track,1,331.75761350189947,247.1030080338793,328.61349397735313,233.29042210845452,331.4000796174278,246.97920587318865,0.3783615381312682,13.366792057335378,13.366792057335378,1.0496073050974501,0.6549306409127876,39.51103399958811
279,9.3,track,1,328.27794561933536,253.24355595551842,328.80045571973807,235.4757617061503,328.72308006356724,253.32097016187544,0.45181592799226805,15.922951103642186,15.922951103642186,1.0799124241445872,0.562425619817684,40.730217999225715
280,9.333333333333334,track,1,325.9369091259888,256.9867515595858,328.68110860153047,237.98268934402526,326.0880479510099,257.0458319556204,0.16227580726764904,18.100406484746266,18.100406484746266,1.0943920062980537,0.44214515426121703,40.15986000013072
281,9.366666666666667,track,1,327.70898011545864,260.9711353431687,328.7670679798043,240.81100240642192,327.5592760702914,261.07987100687086,0.18502633785540665,22.394276419951478,22.394276419951478,1.118873379241436,0.2928267833034141,42.04698499961523
282,9.4,track,1,323.8932555780933,262.7378930020284,328.37835771029364,243.66585521397147,323.55294296624413,263.02374596430377,0.4444373857195488,23.296271846589054,23.296271846589054,1.1180211694624926,0.12894504093945316,42.24497900031565
283,9.433333333333334,track,1,320.45354777672657,259.53207190160833,327.59062140009024,245.94110428369385,320.7306469117847,258.9738603071646,0.6232047134139399,18.987923000304622,18.987923000304622,1.0937468726653834,-0.017105325695290163,40.99697899982857
284,9.466666666666667,track,1,319.38074730074004,263.71818512677424,326.7144535481703,248.54835734133735,319.4547793638655,263.5112128807259,0.21981414195839483,23.517533813409916,23.517533813409916,1.0608169057505972,-0.19102278146236773,39.279739999983576
285,9.5,track,1,322.6583958453549,261.77104571391936,326.2792155700184,250.72643674966017,322.3071290126656,261.76595749156104,0.3513036830924832,21.88789048322212,21.88789048322212,1.0470438991576416,-0.35345460243686544,41.238190000512986
286,9.533333333333333,track,1,316.9969998124883,258.2850803175198,325.19139826196914,252.3112276002033,317.48508798975996,258.73058146733786,0.6608338242565676,18.89866303535332,18.89866303535332,0.9962052664375414,-0.493480599168273,39.722916999380686
287,9.566666666666666,track,1,319.96604552276136,259.16995997999,324.5263627981291,253.8577974759872,320.15324365453324,258.99499110871,0.2562367000565578,18.995609251551436,18.995609251551436,0.9627401141899068,-0.637747233346064,42.65413600114698
288,9.6,track,1,319.1861084681256,251.32166190929274,323.81286480490945,254.32125347996038,318.9187418798941,251.54462215060306,0.3481323910636558,11.595146386419179,11.595146386419179,0.9234984386974707,-0.730190818684853,40.22283199992671
289,9.633333333333333,track,1,318.9047679512412,248.39375277760143,323.1158228033226,254.35628820636487,319.3579022429376,248.07716398192565,0.5527740513615442,8.102645711157658,8.102645711157658,0.8818126800912532,-0.8006560873855663,41.36687200116285
290,9.666666666666666,track,1,319.75177625629766,245.82812298152695,322.5713763106746,254.03490470719893,319.881056845373,246.05484117599627,0.26098775912884825,6.056009341189341,6.056009341189341,0.845092438498098,-0.8508940727046304,40.372299001319334
291,9.7,track,1,316.71472819216183,243.5465233881163,321.7073646773805,253.416608926104,316.5452792792059,243.43952457973882,0.2004037901242191,4.8749794454245325,4.8749794454245325,0.7889608918592335,-0.8823729504551996,40.71597199981625
292,9.733333333333333,track,1,318.5643105446118,237.54242307197117,321.129866886955,252.07906088300925,318.04230905058193,237.06090063288798,0.7101756255392524,3.5314103334491858,3.5314103334491858,0.7443589555404507,-0.8712299118630538,40.02641300030518
293,9.766666666666667,track,1,320.820725841714,235.88912486726215,320.87175142979305,250.59307303779704,320.95015753617406,236.03665279681434,0.19625762030746868,4.075649690116654,4.075649690116654,0.7143816257471488,-0.8446677807341124,38.83360700092453
294,9.8,track,1,321.71029090186204,229.60797826519118,320.75050189926304,248.42166613967095,321.50472001691537,229.46181334791248,0.25223713402440145,10.645072110772258,10.645072110772258,0.6908050875867869,-0.7734821051484055,41.058249000343494
295,9.833333333333334,track,1,323.7429409607627,230.23799046571324,320.8941510257481,246.44204630949153,324.17024081931464,229.98323267390606,0.49748035298387433,10.850185996386477,10.850185996386477,0.6811230896961178,-0.7014471364717761,39.96651099987503
296,9.866666666666667,track,1,322.3152406081166,222.80814172634754,320.87156791168195,243.68724425263883,322.40049258435215,222.39559586018564,0.4212623780250796,17.767312958504522,17.767312958504522,0.663605307204148,-0.5780730683604308,40.67938099979074
297,9.9,track,1,324.42822685788786,224.2664928292047,321.11537545968577,241.27733705989905,324.2335428885291,224.71248241605778,0.48662979718330523,15.86288369964168,15.86288369964168,0.6605845646964443,-0.45976527872848116,42.148948999965796
298,9.933333333333334,track,1,325.0831712977482,222.96449852599886,321.4335752773668,238.8704120451095,325.45733377846614,223.32773245893378,0.5214752650053137,17.54271920001223,17.54271920001223,0.6630289090764913,-0.33007061024679774,39.7867759984365
299,9.966666666666667,track,1,324.0143549707234,220.22766479884152,321.61368494706716,236.30292864302635,324.03214870680813,220.56341824687925,0.33622461973074136,19.850413936227145,19.850413936227145,0.6599565920889391,-0.18056152052916502,39.6639899990987
300,10.0,track,1,325.3875157629256,222.29300126103405,321.9547531429844,234.1671044844354,324.9254807643546,222.64613998675802,0.5815352951545382,18.039313127700456,18.039313127700456,0.6666656565904975,-0.04233827656855377,40.332620999834035
301,10.033333333333333,track,1,329.0854997476022,218.21598939929328,322.72342077591225,231.70872163411838,329.2041721227457,218.6764301850302,0.47548801224871107,23.225232272660282,23.225232272660282,0.6980385786896879,0.12256269450640239,40.723996000451734
302,10.066666666666666,track,1,331.1194788687639,225.8302510327296,323.69184993893754,230.3522250914389,330.8790367854651,225.33606705211204,0.5495727450666457,18.258816250777492,18.258816250777492,0.7438049692827304,0.23943892942747752,41.20682600114378
303,10.1,track,1,330.34586035864174,225.7488236042223,324.5084947086665,229.11378856002295,330.64956990682293,225.54108402388232,0.36796089859692543,17.957549677078433,17.957549677078433,0.786090247729061,0.3555269233983499,41.81381499984127
304,10.133333333333333,track,1,329.3870905587669,229.16281310211946,325.15725677428816,228.40612907122804,329.2799886892448,229.0422244230719,0.16128372506101488,14.359353595020693,14.359353595020693,0.8233041844859954,0.44806598969304157,40.77954100102943
305,10.166666666666666,track,1,328.76033523047096,234.67821627368815,325.6856809344935,228.44846479511563,329.0972298439422,234.96151390244248,0.4401766997965394,10.399323679393452,10.399323679393452,0.8571547015431367,0.5028191215822233,40.66892300033942
306,10.2,track,1,328.80040642662095,237.7785609957452,326.17911120533654,228.9039484055634,328.6989609037998,237.34128271438396,0.4488914005087461,9.096191423374439,9.096191423374439,0.8915666028130669,0.5342270799626909,41.95319900100003
307,10.233333333333333,track,1,328.884556281214,240.76219746446407,326.64355233806924,229.72935019076013,329.2833592633185,240.6734460411953,0.40855921684341984,9.30775422871937,9.30775422871937,0.9266211649462881,0.542638095943035,38.779907999924035
308,10.266666666666667,track,1,330.92074709742553,243.71680969207472,327.3130259923466,230.89339173659073,330.8782855249452,244.0854784263586,0.37110594279259834,11.620164798077282,11.620164798077282,0.974573844795702,0.5280179968173013,41.365233999385964
309,10.3,track,1,329.97530392718477,250.8783018267456,327.8168353739842,232.8723199952661,330.4040163497741,250.7416120611296,0.44997603636925265,14.95412270506604,14.95412270506604,1.0165251590606006,0.46350749713517986,41.07677499996498
310,10.333333333333334,track,1,327.5082569990969,254.01586892013933,327.9817855227479,235.12690626207075,327.30566365703953,254.31427307634365,0.3606786695744359,16.070816257238615,16.070816257238615,1.0424576962738918,0.374261763301739,41.56322200105933
311,10.366666666666667,track,1,326.6655165804102,257.00670883649605,328.02261772268474,237.61335907013492,327.01858894295094,256.9132142739888,0.3652414631562468,18.311674085893163,18.311674085893163,1.0622418444617345,0.2614926557724818,40.32698900118703
312,10.4,track,1,327.24645161290323,258.769708141321,328.11770974874264,240.16094810906276,326.9959251154152,259.1571675077081,0.4613981865424758,20.394607991792444,20.394607991792444,1.0847687086660038,0.14184094041703577,41.841027999907965
313,10.433333333333334,track,1,324.0053585098239,261.5289614697627,327.807184232558,242.8755331420747,324.1642579198725,261.71231146690127,0.24262366736266905,22.10804182325864,22.10804182325864,1.0857531582876803,-0.015066526285936022,39.96162200019171
314,10.466666666666667,track,1,324.8253717178108,262.55558367605187,327.6029169510752,245.53027237749163,324.3573125404325,262.4542440950995,0.47890406575397115,22.873111953936686,22.873111953936686,1.0906315144611276,-0.17352627028104622,39.328368999122176
315,10.5,track,1,323.4682400048535,262.3153552144634,327.23962775192444,247.96842054571403,323.3403503848238,261.8279441774526,0.5039099859213919,22.08205352106953,22.08205352106953,1.0857369608298764,-0.3325175108095845,41.649924000012106
316,10.533333333333333,track,1,319.5375628140703,265.6121231155779,326.4209899309222,250.61848750124884,319.81502452193035,265.9465589612391,0.4345484256003108,25.94721830671918,25.94721830671918,1.0545974369500315,-0.5136035601385961,40.47999599970353
317,10.566666666666666,track,1,320.8562656641604,261.996992481203,325.80555414946394,252.63343920647353,320.54569026106554,262.0356884448736,0.3129767700835334,22.042444127195992,22.042444127195992,1.0302821191325664,-0.6723239401691183,40.51575499943283
318,10.6,track,1,315.84653782157943,260.69320363496735,324.6269096618423,254.3227849147211,315.8662021505727,260.7546131490779,0.06448111551492448,21.16228370539926,21.16228370539926,0.9729182396931951,-0.8220569842699933,39.08739600046829
319,10.633333333333333,track,1,316.58759729488327,261.62945004465996,323.61099654862284,255.97056808319763,316.80348374263554,261.61461147974313,0.21639579786096555,21.849694405273475,21.849694405273475,0.9187247214108849,-0.9761982392281141,38.95919200112985
320,10.666666666666666,track,1,318.9305259072385,259.50443107574876,322.943302595693,257.21023627809546,318.5171413108113,259.3689466846068,0.43502051078815107,19.425626516620834,19.425626516620834,0.8783664841079338,-1.114789010532206,40.39053599990439
321,10.7,track,1,314.0043681555309,250.54282022886673,321.735774397117,257.24737152042127,313.81903094773253,250.55613288617445,0.18581471265510513,12.23259252716537,12.23259252716537,0.8061947335819228,-1.1935032473855796,39.19300800043857
322,10.733333333333333,track,1,314.9558565337346,247.285741158766,320.7275842208834,256.8394953942987,315.08820537801944,247.3210229785127,0.13697088518428369,8.816070772199378,8.816070772199378,0.7392800135722435,-1.2471613908448194,40.53364300125395
323,10.766666666666667,track,1,318.1682555716901,242.17330639560578,320.18020198688765,255.7962476352132,318.45930624697866,242.1340658976837,0.29368403474327626,2.632104575478638,2.632104575478638,0.6831001320466876,-1.2635079406073826,39.840637999077444
324,10.8,track,1,314.7502308686819,237.85341377824292,319.27419288422334,254.25741479618503,315.32301854558284,238.00205430715337,0.5917598580880101,5.08585710736415,5.08585710736415,0.6238014081647877,-1.2470961027724472,41.830965999906766
325,10.833333333333334,track,1,315.76640133521636,230.9233534471691,318.5636184624519,251.94893354748825,315.3750318157165,231.2209314470322,0.4916530959895087,9.922820937784913,9.922820937784913,0.5652737865862782,-1.1234888913789076,41.30242300016107
326,10.866666666666667,track,1,315.8753793856987,228.6283841204322,317.81525073309643,243.8750116754122,315.66545297189356,228.23976618359382,0.4416933325799802,12.533610707031313,12.533610707031313,0.49723527793560773,-0.6503409681433412,41.51234399978421
327,10.9,track,1,317.07920981971614,231.92948472062398,317.22188567304033,235.466362869179,317.07889608783114,231.80093834173888,0.12854676173348317,8.703876156153402,8.703876156153402,0.43427381821254274,-0.11700418953006889,41.501420999338734
328,10.933333333333334,track,1,319.762415599167,229.2529816369029,318.07435551189957,228.7587474494755,319.8328151411026,229.4891343054029,0.2464227634461165,10.512195223972142,10.512195223972142,0.45181188382316895,0.3547241624886922,40.95100699851173
329,10.966666666666667,track,1,324.27912019826516,236.39368029739776,320.78262809800475,228.2771400388107,324.38757747377645,235.93885520832836,0.467577632333199,5.97860628468811,5.97860628468811,0.6021729071383799,0.4249877349814497,40.787817000818904
330,11.0,track,1,327.05637690939204,236.24796024783757,324.77272952716027,231.7154175643395,327.31271278673864,236.15353062556665,0.27317583271087625,8.262632446731766,8.262632446731766,0.838446930138968,0.27449691370245977,40.3943410001375
331,11.033333333333333,track,1,323.6651092309635,242.6622048238414,325.6943573238864,237.3359588299216,323.8414079802839,243.034449948125,0.41188309210851304,4.89533469322219,4.89533469322219,0.9197490050204383,-0.02318693851881476,41.49219999999332
332,11.066666666666666,track,1,322.1555374592834,244.40008769731898,325.2395109598401,241.86438988603413,322.41217933165836,244.21143603742067,0.3185192293073158,4.853329025047168,4.853329025047168,0.9217839112000445,-0.29160558722459634,40.88141699867265
333,11.1,track,1,320.0089075523319,245.47089139148693,323.79538639522764,245.107844987056,320.27893488331074,245.88468301628563,0.4941034995110973,5.891290085481122,5.891290085481122,0.8604139963735858,-0.5094651883125983,43.99602100056654
334,11.133333333333333,track,1,319.444197421076,245.2675474814203,322.5007957550284,246.98373613995645,319.60605462332427,245.12889050868682,0.21312791935184777,5.143997551506217,5.143997551506217,0.7955064098617677,-0.6635652447092268,40.83994000029634
335,11.166666666666666,track,1,320.56413637219816,248.42167388710993,321.9927502107796,249.272400228361,320.68701453835826,248.04921718650286,0.3922028015529401,8.078482920165678,8.078482920165678,0.7648515146075174,-0.8443989701455912,40.3299559984589
336,11.2,track,1,319.67319305829255,241.26114042336786,321.3143137105436,248.27986273333622,319.67187378377247,241.49223762211312,0.2311009644141835,1.5278874090146906,1.5278874090146906,0.7167932820723929,-0.8111648547610228,38.50097999929858
337,11.233333333333333,track,1,321.6161825726141,243.83528228341507,321.2709241213058,246.16809904560392,321.52993821010904,243.74389975176422,0.12565371922399368,4.0444401686774665,4.0444401686774665,0.7007954705846015,-0.7087154944210905,41.87338799965801
338,11.266666666666667,track,1,324.04703854991067,239.6510084248149,322.39916147394507,242.62648029690672,323.79455884116135,239.28728682810217,0.4427633716167176,3.860911403338908,3.860911403338908,0.7527451541742199,-0.5122253790065772,38.80325700083631
339,11.3,track,1,319.27014277627524,240.38587332536636,321.1146230305704,240.52209366837775,319.69204708574483,240.79917896714034,0.5906139177764211,0.8564590001382109,0.8564590001382109,0.6757067373202101,-0.37816769542090206,41.25056799966842
340,11.333333333333334,track,1,321.50619601952684,239.14751533358367,321.1825726506267,238.78443141686867,321.795748210328,239.3822534944276,0.37274988310411983,1.8990319586681719,1.8990319586681719,0.6660387068383641,-0.25696787788661585,40.43797199847177
341,11.366666666666667,track,1,322.22287257991894,239.85952273750564,321.53811748915996,238.0780586660745,322.1945696346646,239.81221743299972,0.055125752098884574,2.2025889707027066,2.2025889707027066,0.6733169404769528,-0.18756604814147915,39.980085000934196
342,11.4,track,1,320.98036483405116,244.09887256143907,321.3128403253972,239.32621387710594,320.6853131259478,244.00857670749477,0.3085593163303276,4.066735951652866,4.066735951652866,0.6486818644542908,-0.25470998954962,42.1721950006031
343,11.433333333333334,track,1,324.68427704752276,248.12563195146612,322.56069511002073,243.3747562317823,325.1905221280329,248.04551309541063,0.5125457176061212,9.57453920196806,9.57453920196806,0.7081054807748907,-0.4890806010540679,41.86834099891712
344,11.466666666666667,track,1,324.8735327527452,246.65303546636375,323.7629338964751,245.8977201042908,324.91030683120374,246.46091498772486,0.19560831055686392,8.115080754692087,8.115080754692087,0.774215866017741,-0.6604762468997376,40.75064700009534
345,11.5,track,1,322.38029268292684,246.1959024390244,323.4512125962915,247.17734800238838,322.1163038337319,245.985749145399,0.33742335325355716,6.348853026201917,6.348853026201917,0.7616184425567917,-0.7718600638725036,41.34166100084258
346,11.533333333333333,track,1,321.8480080558877,245.435899049657,322.935040352087,247.46384320559912,322.1911591074318,245.34271097728436,0.355579331525833,5.774576938692231,5.774576938692231,0.7342996830190418,-0.8297722733665966,41.37521899974672
347,11.566666666666666,track,1,318.84926423544465,244.06615483045425,321.3352054056001,246.94710999818565,318.72168606891523,244.0873260327916,0.12932288422168942,4.282560052671914,4.282560052671914,0.6292391440658723,-0.8227770179044285,40.616637999846716
348,11.6,track,1,324.01705475141597,245.70289490245437,321.81654811324324,246.357431319105,324.4808643803007,245.7781323123089,0.46987236531618437,7.311973646916136,7.311973646916136,0.6558523123039521,-0.8136325525910094,41.922422000425286
349,11.633333333333333,track,1,320.7761941448382,242.52882639958912,321.69980617407816,244.62775332709882,320.754880889799,242.7867990889807,0.2588516241252715,2.8872295232847986,2.8872295232847986,0.6483620330499918,-0.7328242793773276,40.50415199890267
350,11.666666666666666,track,1,319.3953183520599,242.7087390761548,320.8140802750622,243.43615146051312,319.8248952409289,243.11065227679433,0.5882775911920093,3.115576874958322,3.115576874958322,0.5942412985671602,-0.6708868277873399,41.739498999959324
351,11.7,track,1,320.59648225135913,241.34697793412215,320.72255228473216,242.083746478091,320.3452294632196,241.10686215118582,0.34753928233081494,1.1594512512402568,1.1594512512402568,0.5781857857269516,-0.5937232524140659,42.18730700085871
352,11.733333333333333,track,1,320.50677215189876,240.20082278481013,320.62307948830875,240.7684367934377,320.7570638832134,240.11803388319353,0.26362843737988245,0.7662099717752853,0.7662099717752853,0.5611606210818167,-0.5121442322470742,41.03188599947316
353,11.766666666666667,track,1,323.7072097554843,239.1022062983217,321.8193625681268,239.5133923661718,323.2697999394144,239.3066672324623,0.4828370540710154,3.342499359810827,3.342499359810827,0.6152657611084479,-0.4535960158169487,40.43397500026913
354,11.8,track,1,324.97522101051817,245.15060979544427,323.0996577297419,240.90069451574396,324.9361318879719,244.65459227123844,0.4975553675931094,6.784587476547534,6.784587476547534,0.6808718694974133,-0.4858698740475038,39.99056900102005
355,11.833333333333334,track,1,321.3290342679128,241.97607476635514,322.7675202778799,240.85214050899222,321.5974994544599,241.92804700568414,0.2727273770321892,2.5038709557657532,2.5038709557657532,0.6651225763978804,-0.4729215671685473,43.52210200158879
356,11.866666666666667,track,1,324.117613850207,243.2998369087944,323.382285536065,241.25132066253548,324.58672164304073,243.65484154233624,0.5882944935434132,5.864800263463799,5.864800263463799,0.6986300781992576,-0.485231047557168,45.33649899894954
357,11.9,track,1,321.1032547699214,244.06808829031053,322.9542669393104,241.7874911609899,320.83920261480944,243.8651555985254,0.33302435048272105,3.9552103394782026,3.9552103394782026,0.6784194632157601,-0.5079884914659559,44.82931600068696
358,11.933333333333334,track,1,320.91149669204844,244.64236674572462,322.5676490016853,242.36203923552213,320.8421158464181,244.87063590087985,0.23858019392997729,4.942899268418092,4.942899268418092,0.6578810649013701,-0.536261267991797,42.884758999207406
359,11.966666666666667,track,1,324.97149614139903,245.3940129449838,323.2973023856924,243.00599785070088,325.00131443554267,245.08403444015354,0.3114093834849004,7.13165845170917,7.13165845170917,0.6953745109182479,-0.5716600177465704,41.853558001093916
360,12.0,track,1,319.17038364119355,248.0810526966084,322.47275648228805,244.16353773993245,319.44730101447476,248.39038788288937,0.4151764553734346,8.408572113857227,8.408572113857227,0.6525653310285411,-0.6382235606910884,41.41162199994142
361,12.033333333333333,track,1,323.4753346080306,249.39968132568515,322.78687803331576,245.39084728657423,323.71561531211887,249.27084434852048,0.27264222608040856,9.987710051966188,9.987710051966188,0.6667665507069814,-0.7143339289800581,38.64596700077527
362,12.066666666666666,track,1,321.5098515864893,246.93903531218015,322.61418301641646,245.85297020801156,321.82975966531205,247.34757856343936,0.5188918645011898,7.571983305496416,7.571983305496416,0.6562094117296069,-0.7552517459421546,40.20755199962878
363,12.1,track,1,321.6839102320274,245.25307467985292,322.5048531280363,245.88128155631676,321.98357011663853,245.27403112308022,0.30039177578270543,5.634709814608043,5.634709814608043,0.6481218299496162,-0.7749511009319259,41.34479300046223
364,12.133333333333333,track,1,322.9351793182106,244.36947154986694,322.65713622139873,245.7263122330715,323.1577544829913,244.03964434459076,0.39790160758341564,5.127391130549323,5.127391130549323,0.6534518361613382,-0.7847176328179626,41.10051699899486
365,12.166666666666666,track,1,316.90644609241303,243.0313114026748,321.64886279551826,245.34015511021317,317.1010565425877,243.45765949375146,0.4686639756604999,4.512126144513615,4.512126144513615,0.5973426932910291,-0.7810847698774666,41.41162799896847
366,12.2,track,1,317.7066971739534,242.9829942489642,320.9380118801481,245.00080377660814,317.85198146004274,243.11428300235048,0.19581690568032456,3.7832185063420836,3.7832185063420836,0.552458456933138,-0.7778357905575053,41.51947399986966
367,12.233333333333333,track,1,319.7413480192753,243.6838976156205,320.6852299298954,244.83027763081037,319.69048806042196,243.58356653742612,0.11248582429004039,3.596907945569585,3.596907945569585,0.5288067531941353,-0.7817110165112429,40.143514999726904
368,12.266666666666667,track,1,316.5190737433019,243.3362464914519,319.9286455910139,244.6233381385467,316.28126099905865,243.00727414165357,0.40592820579054756,4.782542997211892,4.782542997211892,0.4809166216037265,-0.7825401539015404,42.02653299944359
369,12.3,track,1,317.63418158969523,243.40640904806787,319.45628888197956,244.4539778363943,317.07834369082116,243.8171942628388,0.6911586377230199,4.8069790543764555,4.8069790543764555,0.4376969305688261,-0.7841348541610074,42.599477999829105
370,12.333333333333334,track,1,320.0887248235218,242.33326857068843,319.43423154354025,244.13638203769267,320.3613087226409,242.56360912843206,0.3568735835007029,2.5889449118196004,2.5889449118196004,0.420038843422748,-0.7767840359053293,41.30378600166296
371,12.366666666666667,track,1,320.3047042502207,240.4914238869971,319.4523096620291,243.57538033492705,320.23003267790034,240.68179833697818,0.20449517089260144,0.7195582014043114,0.7195582014043114,0.40466590477514397,-0.7547848123221492,41.02945200065733
372,12.4,track,1,321.2683628460014,241.549191331586,319.61609265731755,243.2378779551858,320.8343994855385,241.63704148792272,0.4427661326170651,1.8374241030984393,1.8374241030984393,0.4175058515940146,-0.7419712874262478,41.499393999401946
373,12.433333333333334,track,1,323.2020781538854,241.054822464461,320.0466063835854,242.867873631702,323.3794388010418,241.07344408827333,0.1783355377739849,3.5458269586424573,3.5458269586424573,0.4043859151820929,-0.7257395186522542,40.507798999897204
374,12.466666666666667,track,1,323.3758046194623,241.72018174933737,320.45893929442985,242.63447198607443,323.1631823177835,241.7943466715351,0.22518587623516656,3.63667462844659,3.63667462844659,0.3919976339428565,-0.7150009187963762,42.71022600005381
375,12.5,track,1,324.0327380952381,242.46358915906788,320.9224492725834,242.5316652286431,324.29317033470704,242.46261739775525,0.2604340524487362,4.949322778980517,4.949322778980517,0.4285736050936185,-0.710086203337063,42.183367999314214
376,12.533333333333333,track,1,323.6719355241784,241.21635636636262,321.2918866583489,242.27212951982295,323.4178582180963,241.1711099811329,0.258074626498446,3.61292864403899,3.61292864403899,0.4400969971275374,-0.6963179470054494,41.724231999978656
377,12.566666666666666,track,1,322.8454258675079,242.80763406940062,321.5151272221023,242.2547359093136,323.07873193457687,242.81032884316758,0.23332162938064147,4.16851754604956,4.16851754604956,0.44576537577408554,-0.6942770164430803,40.64282800027286
378,12.6,track,1,321.36607197975184,245.97351688375826,321.52142367658655,242.6616432193293,321.02924771799934,246.04872588923337,0.3451187879696911,6.135669136132492,6.135669136132492,0.4411210710486988,-0.7147572943660799,42.33425900019938
379,12.633333333333333,track,1,319.82630534540493,245.71462234900162,321.3251402972798,243.00243138906202,319.8431853369296,245.83614787504695,0.12269224749130343,5.838254264587051,5.838254264587051,0.4259259818631529,-0.7335505400412311,41.436904000875074
380,12.666666666666666,track,1,320.9801770352824,245.82907368158584,321.29322236687034,243.3313096864374,321.10852907680004,246.07698687852394,0.2791687657633214,6.177265271611968,6.177265271611968,0.4187790237514089,-0.7532657554205316,42.62438300065696
381,12.7,track,1,322.43972541220245,245.62667607621736,321.44927163409284,243.60865579261707,321.93819195485247,246.0169252349546,0.635476368354129,6.321390459138596,6.321390459138596,0.42163321697000006,-0.7717351242036417,42.90136500094377
382,12.733333333333333,track,1,323.82141498668693,241.75808292126283,321.7664458311851,243.3762353329747,323.57705980799904,241.45898898292108,0.38622096952957824,3.8631600694622006,3.8631600694622006,0.4338754322915186,-0.7643235213760526,40.434835998894414
383,12.766666666666667,track,1,321.9671077990492,245.50918668893743,321.8257176622059,243.6312867344175,321.8796184733608,245.16869538490772,0.3515518599428342,5.499852505964635,5.499852505964635,0.4339039281271258,-0.781837793039515,41.334326000651345
384,12.8,track,1,319.33699040019945,245.35095374641566,321.55204020770805,243.84774381475057,319.4012348068443,245.3227715834346,0.07015395994124643,5.356343630309163,5.356343630309163,0.41657454775417263,-0.7983995481838209,41.46976800075208
385,12.833333333333334,track,1,320.76263314342333,245.50910329452563,321.4727822254121,244.0673316239618,320.9580203254008,245.6405593522471,0.23549277269752922,5.721338370530382,5.721338370530382,0.4084693154394279,-0.8160486979867274,40.66085200065572
386,12.866666666666667,track,1,319.69821889357416,245.05821637610927,321.2677204476237,244.21469473707637,319.852347186551,245.3569268621549,0.3361301610530793,5.358961350839924,5.358961350839924,0.3933855590775922,-0.8307710301622621,41.300654998849495
387,12.9,track,1,321.08643892339546,241.82751035196688,321.2461596183764,243.95550631164048,321.18142338559596,241.40583996000726,0.43223600904471177,1.8363407116290351,1.8363407116290351,0.3872319796256149,-0.8244324018776947,40.71872100030305
388,12.933333333333334,track,1,318.2040714374922,245.646371924566,320.87551586228716,244.17715905529423,318.29188657983724,245.47619330634097,0.1915000295719676,5.736405197033576,5.736405197033576,0.36247139603410206,-0.842454699150449,42.34961300062423
389,12.966666666666667,track,1,322.65010351966873,241.79421544638936,321.0695439414191,243.91554514029406,322.7240925617713,242.02000292769904,0.2376012732866149,3.3913260110184424,3.3913260110184424,0.36621330465676505,-0.8356209781392683,41.260510000938666
390,13.0,track,1,317.0813734121494,244.1186643189536,320.5783959502525,243.9511601393454,316.9873012388329,243.68894836261765,0.43989246063350157,4.762845142097016,4.762845142097016,0.33442457231686273,-0.8433435344231572,42.7153710006678
391,13.033333333333333,track,1,317.91432091161073,246.5782568524792,320.22137133986524,244.2803661478368,317.70563964372013,246.50896964775512,0.21988312419761394,6.901505293764986,6.901505293764986,0.29613689118719566,-0.8667335805153744,41.4894160003314
392,13.066666666666666,track,1,323.5871219266805,244.600264101113,320.5732947933984,244.34873204378553,323.1362613810567,244.8849906223416,0.5332395554449179,5.805107133436321,5.805107133436321,0.3164901784126515,-0.8775767188849264,41.066845999012
393,13.1,track,1,317.8944666286366,245.0951384927426,320.2209133833279,244.47023500977753,318.1322430113442,244.72012047342236,0.4440451812466552,5.07622433037523,5.07622433037523,0.2786790451023303,-0.8914373139672593,39.61334199993871
394,13.133333333333333,track,1,321.6832508302525,242.43223259602732,320.3484390559837,244.2620606593288,321.754522984544,242.4753918470794,0.08332131137185392,3.03412519515599,3.03412519515599,0.26912617385722826,-0.8881600945097441,40.200686000389396
395,13.166666666666666,track,1,318.51707045046163,241.84806989280625,320.09083229887807,243.99508104008888,318.2148172893849,242.23013146988788,0.48716323964661834,2.8566350280117017,2.8566350280117017,0.2594706811867655,-0.8807009366473669,40.58943900054146
396,13.2,track,1,322.36415118350726,239.33971748536524,320.31346574152957,243.44326814204885,322.56092315703694,239.2331325975012,0.2237846015429915,2.6732775817829513,2.6732775817829513,0.2502117037016741,-0.8567588464807356,40.30492299898469
397,13.233333333333333,track,1,321.5881555432304,239.8399580945338,320.4319113957993,242.9865633455425,321.4426137356565,240.24631395988916,0.43163353329019805,1.4634906754540886,1.4634906754540886,0.24124408122691962,-0.835307995330416,41.77864099983708
398,13.266666666666667,track,1,322.8772990517406,240.54152612486476,320.6993141591835,242.64479145737826,323.18430363004217,240.37583250997983,0.3488641356054972,3.2064060385199897,3.2064060385199897,0.26927316528259804,-0.8178407040287731,40.80980899925635
399,13.3,track,1,319.883260911862,241.8478500551268,320.5927094554228,242.48441739206743,319.6743365212117,242.1143087400684,0.3385995153413493,2.139242424258196,2.139242424258196,0.2576993275718593,-0.8084366727209311,41.73350600103731
400,13.333333333333334,track,1,322.1036292362165,240.31487101669197,320.75928793938454,242.15489203114925,322.30736145564515,240.1062015216266,0.2916329463626724,2.309804244994088,2.309804244994088,0.2604081127052395,-0.7892735535383772,40.63818699978583
401,13.366666666666667,track,1,322.0222986748216,240.13634046890928,320.90641214427563,241.82945232196082,321.42303604874354,240.4435018500099,0.6733972149137903,1.490545365624891,1.490545365624891,0.26299860399406744,-0.7688660317106674,38.46786199937924
402,13.4,track,1,320.0071668675081,245.292763366525,320.8032322665599,242.14724111324014,319.8600545677791,245.07116562601323,0.26598418624323295,5.073096246914463,5.073096246914463,0.25307575086143086,-0.7812949654674355,42.11178700097662
403,13.433333333333334,track,1,322.111937904933,243.6328821604978,320.9582425871514,242.25229413349584,322.24340934675087,243.97401223473244,0.3655878383658534,4.563513858737835,4.563513858737835,0.25658678560804055,-0.7838643415450869,40.60862899859785
404,13.466666666666667,track,1,318.3599117554365,244.86416640403405,320.65445113085894,242.50265489109728,318.69111240744326,244.7974411940399,0.33785518427053207,4.972788829240578,4.972788829240578,0.23647972902715544,-0.7947272141176644,39.6121329995367
405,13.5,track,1,318.75263124724273,245.25398626079283,320.4165256273928,242.78770815071996,319.1753555704261,245.7354890623078,0.6407345794302237,5.794469192176252,5.794469192176252,0.19687083596672433,-0.8086442912404619,43.09144399849174
406,13.533333333333333,track,1,322.4592771697633,245.21621277678798,320.63799480920954,243.05293078370846,322.0584920966222,245.30678880765137,0.41089255556614507,5.692046834036945,5.692046834036945,0.22285316861144425,-0.8228645344159415,42.346780999650946
407,13.566666666666666,track,1,320.4831561996779,244.00747181964573,320.61034658539273,243.1582469271782,320.10154874497283,243.72756310735528,0.47325800225943904,3.728946079916108,3.728946079916108,0.21632552065652913,-0.8298296783591337,41.52979799982859
408,13.6,track,1,318.8975967873502,243.85982305327227,320.3952786373987,243.23976420110742,318.55472088164265,244.12957038513213,0.4362654120604707,4.375178087314858,4.375178087314858,0.17915884289019363,-0.8360588289593835,42.85536399947887
409,13.633333333333333,track,1,321.14755784061697,245.86863753213368,320.4638036279179,243.55666697077896,320.8446343571588,245.6191802592059,0.39241759370217183,5.682305340505944,5.682305340505944,0.1719463101223635,-0.8552223251927594,41.13524000058533
410,13.666666666666666,track,1,319.3178198108512,242.76468392234943,320.31036019066795,243.48179328159043,318.90270575764504,243.13481563865085,0.5561628939271844,3.3213135568078007,3.3213135568078007,0.16467259516001947,-0.8549478151665079,42.37833499973931
411,13.7,track,1,317.0444262913158,245.16985044614805,319.8956404881342,243.69825766689618,317.5209413920407,245.26530703092726,0.48598209925528024,5.819724195494935,5.819724195494935,0.1571204213042885,-0.8698550780188015,41.167000999848824
412,13.733333333333333,track,1,315.7265701071081,243.96360759493672,319.35110597464677,243.75567519245922,315.9351440546316,243.7478508492427,0.30009009463495917,5.52896372250405,5.52896372250405,0.11528195118025997,-0.877229372899517,41.32187399955001
413,13.766666666666667,track,1,318.95005109862035,242.56099897802758,319.2298798704791,243.63995169694164,319.0830761798807,242.91927917637994,0.3821784567132681,3.0598921878961196,3.0598921878961196,0.09882887188835592,-0.8756028421177,40.47321399957582
414,13.8,track,1,318.0392033278709,241.8119248707929,319.01202780408914,243.44021443098927,317.87560382586946,241.89094693051695,0.18168457000567886,2.844070920123465,2.844070920123465,0.07686120291808657,-0.868938718082632,68.0081059999793
415,13.833333333333334,track,1,318.89801842736335,244.43853338381925,318.9156054245635,243.56629092079675,318.45624312283326,244.1247576298454,0.5418677361446449,4.404181059035537,4.404181059035537,0.06058621596647455,-0.8786741304459772,106.6035660005582
416,13.866666666666667,track,1,319.5940179331108,245.96603180836442,318.91387205125994,243.86670842542412,319.7379035602248,246.37250447070366,0.43118800878403357,6.377892110476702,6.377892110476702,0.04913690261729639,-0.898182341460613,109.045649998734
417,13.9,track,1,321.10742546053046,246.67785022472623,319.0986171678216,244.23234136829322,320.84566316472234,246.7695250286995,0.2773513461122494,6.822141548103281,6.822141548103281,0.04783788943512876,-0.9224286557567632,110.96634900059144
418,13.933333333333334,track,1,317.68540898104567,246.13306195140567,318.8670977137154,244.50766155602705,317.99740409101236,245.87650418343898,0.40393419878387615,6.2083566096568505,6.2083566096568505,0.02543533810397061,-0.9434182944645118,108.7165589997312
419,13.966666666666667,track,1,319.37416243972694,243.69922975765544,318.8563391853927,244.4712107720923,319.19078319791083,244.0225377156889,0.371693397919337,4.103125821483323,4.103125821483323,0.014011322058674919,-0.9489478759285864,111.72771099882084
420,14.0,track,1,319.04529855868225,245.13215199351094,318.81146360036814,244.6046845290098,319.3202312380151,245.26398898815364,0.3049081358730036,5.307698713865861,5.307698713865861,0.000967944327530737,-0.9632641938504549,107.99613599920121
421,14.033333333333333,track,1,323.22392264839596,242.84619325094448,319.2736660055983,244.45271387176132,322.78983994814814,242.706315241182,0.4560632064413251,3.886817351116113,3.886817351116113,0.014971744411997168,-0.9628512265308506,120.13173500054108
422,14.066666666666666,track,1,320.99431001062965,241.89989370349528,319.4439038099928,244.1934840539498,320.948809732139,241.44107780379883,0.4610664866990282,1.7253826081201156,1.7253826081201156,0.015721216309247735,-0.9559208962609844,101.25171599975147
423,14.1,track,1,318.3165485991448,242.83534367221904,319.2852349845334,244.05971572019487,318.5742172558396,243.06208255610184,0.34322537509237555,3.3777516211125995,3.3777516211125995,-4.533425235651867e-05,-0.9543789191219163,89.12760100065498
424,14.133333333333333,track,1,319.70569660224834,243.98989516230895,319.30435288814704,244.07074509716168,319.27046385754,243.88849820323935,0.4468880009296752,3.9563419037983922,3.9563419037983922,-0.006825591376236631,-0.9598104078979,36.733437000293634
425,14.166666666666666,track,1,323.86052499372016,242.10669429791508,319.82125116966574,243.85456585265607,323.58557930063074,241.76735299912798,0.4367466670862425,3.997488654722899,3.997488654722899,0.02252898044619831,-0.9530604126868572,39.8789549999492
426,14.2,track,1,320.21818530106634,243.58016729455335,319.8713700341263,243.8271973685203,320.12359500283156,243.98049860430282,0.41135444823883277,3.982416962546948,3.982416962546948,0.01817286187375681,-0.9552878061871243,39.451582999390666
427,14.233333333333333,track,1,322.3275839454355,243.7897429171039,320.17045136377715,243.82629087227573,322.2115646348617,243.78601642707994,0.11607914176938172,4.384625242856013,4.384625242856013,0.014287295106610962,-0.9586946423473274,41.40538100000413
428,14.266666666666667,track,1,323.8055314399107,244.560151308446,320.626959601247,243.917365375782,323.78771483827916,244.27143090085693,0.2892696061671428,5.708932092512183,5.708932092512183,0.0437464668027182,-0.9669021009743076,38.522650000231806
429,14.3,track,1,324.32438003220614,242.28850241545894,321.1151187766204,243.73072697405055,324.2683678703762,242.73556718784525,0.4505599549246328,5.069742805712682,5.069742805712682,0.06870455620447574,-0.9606457605573826,38.120499999422464
430,14.333333333333334,track,1,319.37923920051577,241.417859445519,320.9778421352163,243.4512984510744,319.2202212619797,241.5951149186858,0.23813065225594085,1.775513019969867,1.775513019969867,0.06261738505453446,-0.9485521750449142,41.770971000005375
431,14.366666666666667,track,1,318.506421446384,243.2824812967581,320.7404223169577,243.41283154351117,318.42534751553603,243.1196752098646,0.1818757933115962,3.4945534567197933,3.4945534567197933,0.05064982410753212,-0.9479854865390748,46.153458000844694
432,14.4,track,1,322.25009449414136,240.45130401915083,320.962149579814,243.0393545798782,321.94905457633956,240.12210814334318,0.4460885077637352,1.9528758640069555,1.9528758640069555,0.062096439374736,-0.929356272023988,42.606482000337564
433,14.433333333333334,track,1,322.1703282828283,242.76445707070707,321.157621826726,242.96750241616186,322.6383635949496,243.15709690562832,0.610919874745874,4.114392218868229,4.114392218868229,0.07312195121614243,-0.9250970608769808,41.56217200034007
434,14.466666666666667,track,1,319.85812971728285,237.08040168862735,321.0608851290154,242.22288370804858,320.16913339089183,237.09143143583694,0.311199197174074,2.9134819711733493,2.9134819711733493,0.06944299059151907,-0.8846778692940434,47.96372499913559
435,14.5,track,1,318.43832462036346,242.34914115011202,320.79675482665255,242.15830909262448,318.4357673322493,242.0909832372069,0.2581705787227232,2.611328155774113,2.611328155774113,0.05640056886055464,-0.8771747218509192,41.41053599960287
436,14.533333333333333,track,1,315.5672440944882,240.73770078740156,320.2028849269362,241.91018539638443,315.11217548927505,241.1514464341794,0.6150389383431544,5.021618995745108,5.021618995745108,0.013989183149312488,-0.8596364426415193,42.70256999916455
437,14.566666666666666,track,1,318.37805662805664,240.94350064350064,319.9809143111062,241.70742365871308,318.4775091271416,241.06094662671498,0.15389723372247371,1.8556902227136347,1.8556902227136347,0.010208541766226438,-0.8434785307044542,41.117075001238845
438,14.6,track,1,320.2016194331984,239.30669573341638,319.99137912284675,241.32734021007778,320.0479187359012,239.08964919404409,0.26595696005770586,0.9116110986352413,0.9116110986352413,0.006412889620538237,-0.8170742425127063,41.881316999933915
439,14.633333333333333,track,1,319.0496827411167,241.39847715736042,319.8644265459216,241.22749733515252,319.2982358510491,241.90835030152493,0.5672294699654433,2.033291369696691,2.033291369696691,0.002504934126476066,-0.8040289134218013,41.143401998851914
440,14.666666666666666,track,1,315.6616273352999,242.52704031465095,319.34125980872676,241.27586729749646,315.41093349058906,242.72504487464124,0.3194576803785632,5.337171628925344,5.337171628925344,-0.036303832139412406,-0.7985777238508396,41.64011099965137
441,14.7,track,1,315.9937987469633,242.48772535481396,318.8923727922801,241.32327613621334,316.1067273606738,242.33137342051407,0.19286990214621777,4.537937182245415,4.537937182245415,-0.06680460775072798,-0.7934618331086386,41.16052900099021
442,14.733333333333333,track,1,318.0944633623408,239.44545339891536,318.7263293473602,241.01004261895068,318.5751396895044,239.01234160365416,0.6470205241643315,1.7336943249310286,1.7336943249310286,-0.0841688098152903,-0.7695463517883859,37.80525799993484
443,14.766666666666667,track,1,318.1266827533655,240.59093218186436,318.5791862533225,240.85935024457405,317.89905899296656,240.84551073398382,0.3415008279600491,2.2646945746207234,2.2646945746207234,-0.10116534051509621,-0.7531014408628698,41.645270999651984
444,14.8,track,1,313.0901577761082,243.9360130227899,317.843859069077,241.12468649980715,313.130290825237,243.76513447787784,0.17552817079784838,7.833845912597924,7.833845912597924,-0.1499958943507668,-0.7583458114645729,40.81584199957433
445,14.833333333333334,track,1,313.115584332329,244.2312327713315,317.16332050583827,241.41500080783734,313.3738880629151,244.69911015675402,0.534443696776876,8.123238003905067,8.123238003905067,-0.19899700935133752,-0.7663092361015028,41.214789998775814
446,14.866666666666667,track,1,315.6869900977767,243.26953976458864,316.8408749621486,241.5770250521292,316.13615900857315,243.39604390574675,0.4666433414892232,5.144159933049332,5.144159933049332,-0.23174969554531166,-0.7689497147487842,39.391162999891094
447,14.9,track,1,315.36101952827795,244.77802434694394,316.5092225835011,241.912963049517,314.84295156245855,244.54703524236052,0.5672304502091692,6.875367487081494,6.875367487081494,-0.2661817781339547,-0.7817822765017572,42.96411100040132
448,14.933333333333334,track,1,315.12818636419075,244.84132211245273,316.1806462632847,242.23810878239738,314.7929393067373,245.16374890248696,0.46513398549554397,7.333333743343241,7.333333743343241,-0.30162810667517426,-0.7957231028969025,40.74280700115196
449,14.966666666666667,track,1,315.93973599802615,246.25943745373797,315.98040804786416,242.7137862506771,315.60671678702994,246.24046518813321,0.3335592027732372,7.631798159914022,7.631798159914022,-0.3313616048533228,-0.8192916003461266,40.9883490010543
450,15.0,track,1,319.2913939992592,243.70070379059143,316.2046424014555,242.85356472886522,318.92132126632805,243.24331751398884,0.5883502644543479,3.4179900975606823,3.4179900975606823,-0.3390091767809912,-0.8272244750883679,41.20888800025568
451,15.033333333333333,track,1,320.0748387096774,247.96812903225808,316.5192561582591,243.49343103643153,319.63299915304725,248.1305714481513,0.47075442885262475,8.138850145761204,8.138850145761204,-0.3404485136755212,-0.8625114234899622,41.258624998590676
452,15.066666666666666,track,1,316.5905716642345,247.05259818539432,316.40662148059266,243.98135188714633,317.03126583968225,246.76208511143025,0.5278344460317134,7.385064493209537,7.385064493209537,-0.3628167166083863,-0.8926059415872766,39.00571699887223
453,15.1,track,1,323.3228172219764,245.87405955617373,317.11398744232497,244.29335950378072,323.5275880967898,246.19639885340166,0.38188183212776544,7.13016385022467,7.13016385022467,-0.34159447555988015,-0.9155230907235049,41.470742000456084
454,15.133333333333333,track,1,320.9639356622267,247.03543603920582,317.50192410681547,244.71898081029292,320.96871775773275,246.98866261923794,0.04701724420806293,7.055481507287826,7.055481507287826,-0.3338362818437648,-0.9458512563405508,39.765782001268235
455,15.166666666666666,track,1,320.15475524040556,243.9873110654973,317.7730528547916,244.74680318176158,319.93527576048064,244.39261600224555,0.46091575570880744,4.393092825147791,4.393092825147791,-0.33018063326375513,-0.9568133806218567,40.1194559999567
456,15.2,track,1,320.6984930907272,244.77640217595197,318.09491749425024,244.85988539981017,321.08986295190124,244.6753106801503,0.4042151144611123,4.800659455726291,4.800659455726291,-0.3222630085635988,-0.9723244566428353,41.175848000420956
457,15.233333333333333,track,1,325.26278670817715,241.19391320922549,318.94397016688947,244.53036738331875,325.3244114975403,241.6587088270739,0.46886307279966166,5.57679771626625,5.57679771626625,-0.2845363681091415,-0.9646136857802903,40.5237520008086
458,15.266666666666667,track,1,322.59980175938546,244.88700284970884,319.4211175917749,244.65652226640853,322.25346355540654,244.812182998712,0.35432776018614737,5.313680759006717,5.313680759006717,-0.26258434075305526,-0.9795222716213131,41.501350000544335
459,15.3,track,1,325.349561154259,244.13790490623225,320.19425537250595,244.67975782544463,325.7181666373317,244.59466223048847,0.5869388855860261,7.3354175548887905,7.3354175548887905,-0.23269601889233005,-0.989305459985551,41.25790799844253
460,15.333333333333334,track,1,325.62097024659914,239.4407727188024,320.94664119715253,244.13434470094933,325.3476346002767,239.2467472223741,0.33519884966204216,5.400424572668129,5.400424572668129,-0.18070961925661547,-0.9687118708066961,40.907304999564076
461,15.366666666666667,track,1,324.06551035687545,241.6714499625655,321.4586139866869,243.88519690171506,324.13678242597763,242.01562720880187,0.35147928055712857,4.601708583204697,4.601708583204697,-0.14758481435751802,-0.9612762860103179,44.192256000314956
462,15.4,track,1,324.006291730868,239.78845659989727,321.9221245543421,243.4237976066026,323.50664832522574,239.45021800938636,0.6033646301471359,3.549484851920287,3.549484851920287,-0.11474917704520227,-0.9412379432187044,41.889529000400216
463,15.433333333333334,track,1,321.37564799595395,236.37830319888735,322.03146418651244,242.58206925586413,321.2394081306307,236.58725880387107,0.2494468796305348,3.6308311701357057,3.6308311701357057,-0.09877340333932748,-0.8987343159259339,46.39154699907522
464,15.466666666666667,track,1,317.64096175407997,238.5916282546406,321.6760919171427,242.05846999835956,317.76039204260843,238.1513714546723,0.456168437900208,2.9040095215773736,2.9040095215773736,-0.10718046838389436,-0.8693014733461162,40.59577800035186
465,15.5,track,1,319.957765320423,240.4767486303988,321.60957071540344,241.7965410964694,320.3871700037067,240.4942838215448,0.42976256811695834,0.627867110152422,0.627867110152422,-0.1019649214041685,-0.8513818487076487,42.50266700000793
466,15.533333333333333,track,1,316.68310750918073,234.83816639230088,321.1468023653715,240.88155347305226,316.43389050630026,235.06580754772816,0.3375346058835907,6.087971096934664,6.087971096934664,-0.118365994761783,-0.7974898903023826,41.30823000014061
467,15.566666666666666,track,1,319.233739444337,237.8674659962612,321.01043012507716,240.3922621349123,319.17210359696014,237.3845029849036,0.4868801166832025,2.743398820832379,2.743398820832379,-0.11967147514663684,-0.7417233066177513,41.8952990003163
468,15.6,track,1,314.53244772135,237.96752049831565,320.3145982285437,239.95422925866538,314.5346998199144,237.93474779457208,0.032849993281701496,5.8424971314043885,5.8424971314043885,-0.16805232080224025,-0.7286156608281897,40.69810100008908
469,15.633333333333333,track,1,312.0416848130405,235.75997013625334,319.36008133061523,239.2894482049537,312.0366363040759,235.98076605185352,0.22085362525547636,8.920168321477746,8.920168321477746,-0.2017146383839033,-0.6778661924248367,40.450938999128994
470,15.666666666666666,track,1,314.7598362228904,237.31878958479945,318.78906932421745,238.86372158823374,314.8294058230286,236.93709871799157,0.38797918380750185,6.009692871208933,6.009692871208933,-0.23472412038224916,-0.6393565721470638,40.75426900089951
471,15.7,track,1,315.24356120826707,241.57240063593005,318.31351887688004,238.98584811636283,315.36772536413736,241.43636294267588,0.18418195239734092,4.849856369538062,4.849856369538062,-0.26530451734428356,-0.6284016908176914,40.49319200021273
472,15.733333333333333,track,1,311.4950289453813,241.10552479234835,317.42316897324014,239.0572274663919,311.536770904711,241.16881923016444,0.07581937105473512,8.543558106090744,8.543558106090744,-0.3201363097185289,-0.6156094490819116,41.03180799938855
473,15.766666666666667,track,1,313.95407555917546,239.9879080258129,316.88824792049707,239.0020064812834,313.89180955720593,240.31222570072157,0.33024083523911224,6.116165087179374,6.116165087179374,-0.3599780302328406,-0.596764112051723,40.54090499994345
474,15.8,track,1,312.36383731211316,244.72937981558673,316.20477833509926,239.52794250168256,312.1516229468692,245.202616822342,0.5186407247590452,9.416169293732233,9.416169293732233,-0.41002561115346825,-0.6336941390281942,41.873944999679225
475,15.833333333333334,track,1,314.08934989595815,243.7727473358976,315.78016204744137,239.91617622784102,313.8306152982397,243.42286126362444,0.43515957490013646,7.055302036648371,7.055302036648371,-0.44916876203516154,-0.6227116836605452,40.29095499936375
476,15.866666666666667,track,1,311.96790915823254,248.51703283139966,315.1397441395034,240.8547258968015,312.45089899742925,248.40247420332415,0.49638983071151127,11.295596428898408,11.295596428898408,-0.5014638799943854,-0.6577201348950796,41.22787999949651
477,15.9,track,1,312.43106032221806,245.09916323217186,314.6071557356749,241.33061751309734,312.5341210755632,245.03775946996038,0.11996641569117522,9.006573632160311,9.006573632160311,-0.550563840372299,-0.6766933117525233,41.1327709989564
478,15.933333333333334,track,1,315.3717516995997,243.18755956541077,314.4733787558054,241.54967435421116,315.2152885861364,243.29070563403678,0.18740282107704143,5.807082476066441,5.807082476066441,-0.5804376591324696,-0.6844158272054067,40.848202999768546
479,15.966666666666667,track,1,314.6194025176927,244.14204296361245,314.27246490846085,241.86915344233105,315.07919394724826,244.3330557232012,0.497889579142235,6.556653422986825,6.556653422986825,-0.6140689839227864,-0.6987147485016452,40.29683100088732
480,16.0,track,1,316.59975614451645,248.69556568054932,314.33505667761415,242.71229932791564,316.6443587838859,248.87923151692797,0.18900406051561133,9.49215888523211,9.49215888523211,-0.6340956852497325,-0.742509377876663,39.75005900065298
481,16.033333333333335,track,1,317.02251465635527,243.62797804665087,314.45796468255355,242.89411849972623,316.6617432918626,243.8419857728911,0.4194702424826102,5.089677055425223,5.089677055425223,-0.6501342827474124,-0.754971606380217,40.16392099947552
482,16.066666666666666,track,1,316.6003514497301,249.21877745701016,314.53521187534756,243.72840073253474,316.6357741411001,249.41419137743495,0.1985985079492747,9.997250368009254,9.997250368009254,-0.6675355499287661,-0.8030757557396168,40.492579000783735
483,16.1,track,1,317.0537027310924,247.65027573529412,314.67316189764153,244.3171294105759,316.72294578039657,247.85487844462205,0.3889247087778577,8.511063372928712,8.511063372928712,-0.6808303476173488,-0.8418294534078139,39.72867000084079
484,16.133333333333333,track,1,319.3415661869571,244.46894852845844,315.0863511309858,244.48036392353396,319.3289281807894,244.55685844773154,0.08881369886734032,4.606006545718425,4.606006545718425,-0.6783331607422156,-0.8605123507661008,40.256831998704
485,16.166666666666668,track,1,317.11451363870304,242.34862326299537,315.2161843453648,244.370414000748,317.5730223269078,242.36878556224278,0.45895177902496226,3.3913663419893036,3.3913663419893036,-0.6885811780650655,-0.8652860697038355,39.05115499946987
486,16.2,track,1,322.7759892259347,245.1235169627397,316.02201606934995,244.59007746327856,322.55525408789737,245.11618722522883,0.2208568002492759,5.718801900512979,5.718801900512979,-0.661770216738527,-0.8869738684203488,41.04227199968591
487,16.233333333333334,track,1,319.18274207802045,243.6892437823507,316.3531722904771,244.6160033366095,319.2598328494189,243.5744852806485,0.13824796833133146,3.650314018323924,3.650314018323924,-0.656210889604615,-0.8991233055351594,39.69123200113245
488,16.266666666666666,track,1,321.1860192497532,243.89603899308983,316.9058459206169,244.6565037820103,321.6249905385659,243.56172984621523,0.5517774896513115,3.914909162145278,3.914909162145278,-0.6369719378692319,-0.9119435981213024,40.75620899857313
489,16.3,track,1,326.5398637567806,239.82887599344014,318.0652936070551,244.19996690537184,326.1616013580054,240.3405698423855,0.6363277751094221,6.171006328996615,6.171006328996615,-0.5826200087624585,-0.8982383114932604,39.56761900008132
490,16.333333333333332,track,1,325.7901660280971,237.25185185185185,319.0609443339382,243.45655444451938,325.5079309688544,237.5453097914054,0.40715376819173976,6.030158171875388,6.030158171875388,-0.5315568505664984,-0.8669875026351086,40.62403900024947
491,16.366666666666667,track,1,322.74555236290274,239.40630922540808,319.624642788682,243.01246555036457,322.7136406238542,239.44027109905736,0.046602231179121496,2.7707655761507892,2.7707655761507892,-0.47922405060602696,-0.8481304315047562,40.929042999778176
492,16.4,track,1,325.4056531703591,238.8403361344538,320.4628178745058,242.52634380210105,325.4496373289373,238.65844223558835,0.1871363050033425,5.612336790696001,5.612336790696001,-0.47175839099507616,-0.8248363901110496,40.36682300102257
493,16.433333333333334,track,1,321.6164736164736,235.492277992278,320.78522777857916,241.6698904830479,321.80040177523125,235.94746661183672,0.49094424017371674,4.434464275922631,4.434464275922631,-0.42291794448094344,-0.779484050357556,40.904805000536726
494,16.466666666666665,track,1,319.6060174700744,237.51193788417987,320.83497239934076,241.11036504418902,319.7657439748904,237.62796298229517,0.19741929929318514,2.3835761994662863,2.3835761994662863,-0.40981405379387337,-0.7460122935962611,39.01156299980357
495,16.5,track,1,325.0921276194072,235.9200176200365,321.5255107003532,240.39997500545803,325.23315375454905,235.59451241612143,0.35474217196272756,6.840630019995165,6.840630019995165,-0.36249099006553215,-0.6810347237059905,40.606012000353076
496,16.533333333333335,track,1,319.22786217117454,236.51105347659626,321.45929644338617,239.81111696784953,319.4609892986332,236.86312991267286,0.4222630393457689,3.1828425158897997,3.1828425158897997,-0.3525950385408832,-0.6696569014074661,40.624905999720795
497,16.566666666666666,track,1,320.54183114733223,235.74430154081242,321.54115269730335,239.17585822715242,320.580470115545,235.6895868331147,0.06698260298758289,4.349322616718487,4.349322616718487,-0.3353467026871557,-0.6146539894683911,40.95636599959107
498,16.6,track,1,315.78914094458906,233.377835626627,321.0372230118785,238.30743241215012,315.64722390656556,233.80658762486001,0.45162896460499263,7.570007699342948,7.570007699342948,-0.3492158514465599,-0.5537916920313166,41.26926600110892
499,16.633333333333333,track,1,314.79261774507955,238.37062189523988,320.43442506156833,238.10243313652546,314.58194739544183,238.32706054306914,0.2151269104956979,5.670451521026848,5.670451521026848,-0.3936115086755319,-0.5246143912377034,41.915832000086084
500,16.666666666666668,track,1,314.2790117134993,237.73295781860077,319.7993385183701,237.84773215170827,313.7806139399686,238.14128569498385,0.6443073764065483,6.491192635516581,6.491192635516581,-0.3883435435972273,-0.4921561899685226,39.61146300025575
501,16.7,track,1,311.71652804702643,240.79838659245826,318.8917186048407,237.98922119720243,311.9966414640992,240.61153414860485,0.3367155508707124,8.0266881008973,8.0266881008973,-0.44218960370347293,-0.4800108958253061,38.20311199888238
502,16.733333333333334,track,1,314.750454232191,238.22667752647078,318.4008494480051,237.82761933922302,314.8253357153993,238.4955599428607,0.2791146545259863,5.3889229298485235,5.3889229298485235,-0.4683277723639976,-0.45275160860920494,40.5235559992434
503,16.766666666666666,track,1,315.50490910242604,242.48128206752392,318.03111898559615,238.19720267055948,315.2730552097317,242.04915174140643,0.4904006997424938,5.151992809540178,5.151992809540178,-0.4904073473390882,-0.4534955510392498,39.56058499898063
504,16.8,track,1,313.1710037174721,240.60315985130111,317.40725324816117,238.33059432363797,313.6583890215797,240.58457711691833,0.4877394311281278,6.368497484277237,6.368497484277237,-0.5278015991021129,-0.4437506501060716,39.577239000209374
505,16.833333333333332,track,1,312.0687937448767,239.9004981398575,316.69392719797946,238.38130269005384,312.1215587155383,240.14075398798946,0.2459817364979149,7.879698519476838,7.879698519476838,-0.5727977998356081,-0.43065466790731277,40.406251999229426
506,16.866666666666667,track,1,309.99235502517246,241.53135682764622,315.7823679611629,238.63255256547075,309.61510533233843,242.03391596681058,0.6283971826010936,10.582195018920826,10.582195018920826,-0.6315196263314359,-0.4289092198230311,39.78358600033971
507,16.9,track,1,307.6224553908017,245.621889922091,314.65231787757523,239.36502416562317,307.88814596355206,245.37397707715533,0.36338995463896806,13.2505334921282,13.2505334921282,-0.7058543621825939,-0.45432667705033153,42.44544799985306
508,16.933333333333334,track,1,308.64362931950257,243.489720677373,313.7260152603853,239.80254331874505,308.4216925542685,243.36585710302126,0.25416158799818395,12.057619887267997,12.057619887267997,-0.7742129123039622,-0.4780129228312001,40.09162500005914
509,16.966666666666665,track,1,310.1286838161838,247.18287962037962,313.04939777757374,240.65748707149638,310.38635482257706,247.20279655829847,0.25843960987390235,12.012595550405567,12.012595550405567,-0.8331636088240137,-0.5062879787509079,40.05625499848975
510,17.0,track,1,312.05556247664134,245.98324405132678,312.6619023204532,241.3164004669498,311.65088661439745,246.1511011920735,0.438107946952005,10.370329801928946,10.370329801928946,-0.8794056156755625,-0.5378701418800867,41.528068999468815
511,17.033333333333335,track,1,314.9656993723979,244.62406015037595,312.66416370682725,241.76949596803675,315.20503609481784,244.8337087439176,0.3181738510196991,6.80855484468072,6.80855484468072,-0.9062066765714785,-0.5616674864551293,41.61376500087499
512,17.066666666666666,track,1,316.01377014944853,244.57201592377473,312.8090197721936,242.18391429105574,315.4914625269569,244.87220041299867,0.6024250825484231,6.638165937234322,6.638165937234322,-0.9249192191460596,-0.5855978726578772,42.70033200009493
513,17.1,track,1,315.6147656150211,243.6825265040235,312.91323414895203,242.46057693603794,315.48242852561265,243.9243261170325,0.2756449855963273,5.984044409847052,5.984044409847052,-0.9446056592531158,-0.6041411921191273,42.09042999900703
514,17.133333333333333,track,1,315.1324600638978,247.60127795527157,312.9678737019029,243.18211110407833,315.3684510509536,247.94790108649647,0.4193320177040223,9.198933489711989,9.198933489711989,-0.9658864302572515,-0.6476410993376467,41.249267998864525
515,17.166666666666668,track,1,319.67879636109166,247.9290667345251,313.5761688425686,243.89020255825884,319.33027881232556,248.1799644334207,0.42943467152646464,8.207334804992898,8.207334804992898,-0.9568520798853635,-0.6936015582819348,41.8874520000827
516,17.2,track,1,316.2341254631404,242.3497508623994,313.74622196776085,243.87711574058227,316.1821899503004,242.3355312454294,0.053846959066642025,4.475531228129689,4.475531228129689,-0.9678694011476632,-0.7042277154589709,41.001551999215735
517,17.233333333333334,track,1,321.7651647528707,245.98477284073888,314.57635316520447,244.28868780016663,321.81698696467424,245.88525605684436,0.11220130085217976,6.159357148633231,6.159357148633231,-0.9424131456991233,-0.7372758937369928,40.89326400026039
518,17.266666666666666,track,1,319.43997263000745,243.57103757153521,315.0838639629468,244.37528677611812,319.7346722408928,243.356572033269,0.3644767863112678,3.3670424164652966,3.3670424164652966,-0.9299239707280642,-0.7546481257180153,40.86042000017187
519,17.3,track,1,321.0989857491334,240.14315059699575,315.76225256761023,244.0354548890807,320.60723964594973,239.69724775722128,0.6638098918480221,0.6785270135526689,0.6785270135526689,-0.905595020000665,-0.7494642861763565,40.02383899933193
520,17.333333333333332,track,1,323.46642340439155,236.6534792906984,316.68327197289915,243.2892895892205,323.2039525633959,236.91914961916865,0.37345905505483823,4.4448791994338555,4.4448791994338555,-0.8649145360754393,-0.7208707380403123,41.695755999171524
521,17.366666666666667,track,1,326.19193404064936,239.04966125527292,317.8717409093584,242.8684032587058,325.9529967323648,238.9797088698154,0.24896661125835784,6.039798348113893,6.039798348113893,-0.8055569790444265,-0.7060013330875855,40.716080999118276
522,17.4,track,1,326.76842238541406,239.2995062041023,319.050369194431,242.49865666835808,326.6098584848789,238.87120725999605,0.45670832713609716,6.705550107188149,6.705550107188149,-0.7411814059727775,-0.6917027195097463,42.275506999430945
523,17.433333333333334,track,1,324.46328904710447,236.6037759837264,319.87112770953416,241.82638145520394,324.45078236989394,236.6713278488796,0.06869986506919178,5.557834289883359,5.557834289883359,-0.6837154324356962,-0.6594046160216973,41.236371000195504
524,17.466666666666665,track,1,322.2255359394704,237.45718789407314,320.36107356880336,241.29680395137214,322.24674877649494,237.21031991904243,0.2477776857394429,3.581926160430017,3.581926160430017,-0.6720484262488519,-0.6315167021779723,41.84171199995035
525,17.5,track,1,324.3992153331618,232.15577566246463,321.06657752793075,240.16731509345766,324.4835103243373,232.4758212404824,0.3309604471020644,8.758717419440776,8.758717419440776,-0.604001459680318,-0.5604303536461204,40.70877199956158
526,17.533333333333335,track,1,319.1929835854522,232.66295461860315,321.09045383721104,239.17256219906034,319.27439867967666,232.46756681632948,0.21167146913296983,7.567301166368084,7.567301166368084,-0.5868962646570407,-0.508319500864402,41.314788000818226
527,17.566666666666666,track,1,319.00187120918827,233.15698799845143,321.07417216500824,238.30629502233836,319.0521392518482,233.37310681870778,0.22188785586836096,6.6943374006800855,6.6943374006800855,-0.572042106535467,-0.45044227424164307,40.54383999937272
528,17.6,track,1,319.612806372549,231.30539215686275,321.1171231810556,237.28298401147055,319.55491204850756,230.84362806503552,0.46537923165655726,9.1671833349164,9.1671833349164,-0.554408265884699,-0.3804257431123964,42.62022300099488
529,17.633333333333333,track,1,318.90587241782515,234.19903858646225,321.05893979845,236.68260134528995,318.67411870290033,234.1925105450225,0.2318456376697532,5.956919924228773,5.956919924228773,-0.5423236252934726,-0.32854890822723826,40.303130001120735
530,17.666666666666668,track,1,318.4454660748256,236.8256182625238,320.93626049478473,236.44923118502308,318.1201661714642,237.08050453737238,0.4132638869211196,3.4723520816891433,3.4723520816891433,-0.5343145331511677,-0.2938003652263516,39.53505999925255
531,17.7,track,1,314.7833587980647,237.74497071555896,320.3713265061682,236.3565841635141,314.4085197611228,237.2168227497725,0.6476454102206658,6.245856776130717,6.245856776130717,-0.5702105867999676,-0.2658529245570992,40.559562999987975
532,17.733333333333334,track,1,316.0978589339677,236.51121970037934,319.98861407392485,236.1380400531316,316.5672756511221,236.17910208947652,0.5750253575415649,5.136424563645612,5.136424563645612,-0.5611948443834633,-0.23121612053591079,39.20333299902268
533,17.766666666666666,track,1,312.885322846632,234.06691614867435,319.2378516322379,235.65615224915254,313.25818680552754,234.0329652262575,0.37440645958131985,9.003196606773356,9.003196606773356,-0.5931334234432741,-0.18207411585408173,41.06004700042831
534,17.8,track,1,311.0256169946892,240.08653545766947,318.3061008825649,235.93969838306683,311.1531252445113,240.17985144086467,0.15800704570485966,8.848702700401049,8.848702700401049,-0.6378143396930708,-0.17207545093459706,40.62641999917105
535,17.833333333333332,track,1,312.7838253185631,238.48395978741115,317.6406183097924,236.02925075303222,312.6457449848912,238.59678337896884,0.17831248234186237,7.486927521539841,7.486927521539841,-0.6727413825777988,-0.15355104848771686,41.93094599941105
536,17.866666666666667,track,1,309.4893180214281,242.99371270930905,316.6237446798621,236.6661171954281,309.0698030981013,243.22059723513667,0.47693747908285977,11.394799290257177,11.394799290257177,-0.7295622792704506,-0.16513948347837906,41.123105998849496
537,17.9,track,1,308.44541732283466,238.81996850393702,315.5493190621298,236.77584556959272,308.8027745259675,239.08036780478125,0.44216735124959755,11.234926866286463,11.234926866286463,-0.7941071997980529,-0.1520553369581107,43.256952998490306
538,17.933333333333334,track,1,309.99956178790535,241.85645423813696,314.7351643872091,237.25115673806624,310.07191035251213,242.06249234702645,0.2183712827168861,10.140061081181829,10.140061081181829,-0.8496259766560741,-0.15948629044931595,40.53986299913959
539,17.966666666666665,track,1,311.74501966755486,243.00501205430783,314.19106546359285,237.84204699960713,311.4871877902188,243.13659844675684,0.28946892000417124,9.072277637682685,9.072277637682685,-0.8943504904631703,-0.1757012247695039,41.78138799943554
540,18.0,track,1,311.0840517241379,242.91360294117646,313.6143662550921,238.39064863778796,311.52613273791826,242.9054196094612,0.44215674784291875,8.958118635205853,8.958118635205853,-0.9430963535144465,-0.1927687307319134,39.971252999748685
541,18.033333333333335,track,1,310.6783762205982,244.79985260701346,313.0388550817777,239.13366010551806,310.80581086982244,244.57963541130982,0.25443113627558306,10.271619846061192,10.271619846061192,-0.9941100159124512,-0.22305464535229505,42.088538999450975
542,18.066666666666666,track,1,313.0453942799419,248.7574973167498,312.79727736848076,240.30425980750005,312.78626208441904,248.27844078972177,0.5446509440409119,10.980464317305511,10.980464317305511,-1.0295851467339114,-0.2638635104794318,39.49676500087662
543,18.1,track,1,311.868303148861,247.60819082476178,312.4457080079362,241.26177607683138,312.2132686829067,247.9807949321561,0.5077745961807707,11.150169162561179,11.150169162561179,-1.0716055539672265,-0.32955524971452804,40.518257999792695
544,18.133333333333333,track,1,315.5968751937504,249.3767747535495,312.57769830788897,242.36461028335037,315.52481665175236,249.35306914227624,0.07585769229764186,10.368566360911858,10.368566360911858,-1.0889889556131962,-0.39259974752235116,41.298349999124184
545,18.166666666666668,track,1,314.26649762694234,244.29055328002082,312.55778707627826,242.78066634222102,313.7388083061802,243.91897559275026,0.6453882528553966,7.3865344460938,7.3865344460938,-1.1133819925731872,-0.42409992841086125,39.14910900130053
546,18.2,track,1,317.58478970616477,246.4378080788682,312.9501109006133,243.41525735283847,317.70055278963196,246.73515663503971,0.31908816234878257,7.1168667524261595,7.1168667524261595,-1.1153825052416309,-0.4691105567677897,39.667029999691295
547,18.233333333333334,track,1,318.5420783871609,243.93965117050203,313.44528778829135,243.69820695202637,318.2004246840605,243.76730578612344,0.3826619714040358,4.175052598937869,4.175052598937869,-1.1096256877957318,-0.4981278481741841,40.45374899942544
548,18.266666666666666,track,1,322.49317019485983,246.0855182236033,314.39257319801726,244.20578651773883,322.6744544075991,246.42919218923484,0.3885559939589402,6.96327642596821,6.96327642596821,-1.077060145879949,-0.5401881495744254,41.59507100121118
549,18.3,track,1,322.06702565726954,245.27722521381057,315.2372820820748,244.57030889520917,321.76240871296153,245.0179526312616,0.4000171931569387,5.318452132068879,5.318452132068879,-1.0452414696527526,-0.5766269293248601,39.950297001269064
550,18.333333333333332,track,1,324.6105309511827,238.43394564670356,316.3371548895704,244.07821173675302,324.7540931131686,238.61607499119728,0.2319077240623613,4.951429062267458,4.951429062267458,-0.9956188143885718,-0.5687568297787249,38.35851900112175
551,18.366666666666667,track,1,325.36817325800376,238.51989956057753,317.4590907836155,243.61227134066274,324.9809413772351,238.06086431243332,0.6005513204734695,5.345093471422894,5.345093471422894,-0.9395454529261321,-0.559735455363788,39.88982900045812
552,18.4,track,1,325.83040232793525,240.32338056680163,318.56234821477034,243.37896554766965,325.90081136365086,240.16879251167538,0.16986729849538523,5.903225022086555,5.903225022086555,-0.8791794147617131,-0.5606301364269872,40.01742599939462
553,18.433333333333334,track,1,324.57909033480735,235.25281111813013,319.43935304723635,242.54389298361417,324.24690105473354,235.2128575721393,0.3345833283850126,6.399445381696822,6.399445381696822,-0.8257594490829974,-0.5280401750000276,40.124646000549546
554,18.466666666666665,track,1,323.16547378723925,231.7466813482596,320.0815485392782,241.333868509229,323.192082557137,231.9777072777945,0.23255323423451346,8.634035648080763,8.634035648080763,-0.7851210700541367,-0.47140129826430793,40.048457000011695
555,18.5,track,1,323.0186400147158,236.11134956159177,320.6528619828103,240.7175431608958,322.51067401701334,236.658124484058,0.746319147992198,4.1799062171008785,4.1799062171008785,-0.7371914930939784,-0.4406607186683163,40.83835199890018
556,18.533333333333335,track,1,322.70320721623654,231.02994237033326,321.13613932916195,239.5321553910222,322.59499421172495,230.63043608772512,0.41390255397714315,9.72227971543145,9.72227971543145,-0.6955288535180889,-0.4010577471859568,41.69016299965733
557,18.566666666666666,track,1,321.0668301269961,232.49660505469635,321.3778523524711,238.59920025638937,321.3520087060797,232.1734794299397,0.4309721468291366,7.942439913206282,7.942439913206282,-0.664810520363412,-0.32217447697176993,40.395288000581786
558,18.6,track,1,320.8185547491322,233.0092142631745,321.55859820432204,237.7926606944993,320.5125118181149,232.78964205800506,0.37666195574897293,7.228549648124233,7.228549648124233,-0.636573951354644,-0.2686081974995848,40.83479799919587
559,18.633333333333333,track,1,320.32523422860714,230.6571517801374,321.6530960088051,236.76486762307806,320.39771990052856,230.30908734517948,0.3555320288194642,9.699070532924122,9.699070532924122,-0.6125047334476237,-0.19965798620938352,40.36316600104328
560,18.666666666666668,track,1,320.946110861327,228.34909114265528,321.8004349673562,235.53746103841576,320.44095335824596,228.00264223837948,0.6125446483261103,12.005458472064468,12.005458472064468,-0.5856296662511199,-0.11561087174057957,40.096412998536834
561,18.7,track,1,319.43832462036346,231.8020288772716,321.7433281199166,234.8150598748735,319.35871260563897,232.3005540021532,0.504841928752671,7.726106276509881,7.726106276509881,-0.5694488470635295,-0.05320779986468571,40.31401199972606
562,18.733333333333334,track,1,317.32323294786966,231.05540782882937,321.42255121152004,234.0668217199462,317.5625443301857,231.41940655287777,0.43562025758092743,8.920077020245218,8.920077020245218,-0.5680409205591436,0.013470802092348522,40.578930000265245
563,18.766666666666666,track,1,317.11596273291923,231.98267080745342,321.0841377104739,233.4960334240862,316.67269960142806,232.14856297591328,0.47328893426285473,8.527367195420677,8.527367195420677,-0.5694848132771914,0.07360003037146151,41.17971999949077
564,18.8,track,1,311.9221280837279,233.55893346623475,320.13483769916627,233.17049477850298,311.91311641131625,233.43106118621733,0.12818943106397918,10.41866802024822,10.41866802024822,-0.6124933001003663,0.12268474008124042,40.57199899943953
565,18.833333333333332,track,1,314.7795493063838,232.5477371163141,319.57826493807966,232.76591382593156,315.1378021683268,232.06743542079522,0.5991951533587928,9.30411460363542,9.30411460363542,-0.6035877845553885,0.17681740253858652,41.47713299971656
566,18.866666666666667,track,1,312.66908863138116,237.29727528969622,318.7993220179763,232.9760676999685,312.281622759085,237.4795090279059,0.42818096353772833,8.119496411322725,8.119496411322725,-0.6586083340131006,0.19933558978783533,40.5848779992084
567,18.9,track,1,311.1657296351824,237.4136056971514,317.88707002431363,233.20790155042903,311.09287679281795,237.18890366517294,0.23621714547388803,9.340187708584834,9.340187708584834,-0.7039525068232846,0.2190431056465864,42.567581998810056
568,18.933333333333334,track,1,307.5935792769014,239.96912405622737,316.60553850762756,233.74965271324456,307.9002355922133,240.25736561536854,0.42085780512757826,12.102501220157608,12.102501220157608,-0.7733069230581363,0.22045805473884372,41.256855000028736
569,18.966666666666665,track,1,311.66955445544556,241.94280875455968,315.8961118596326,234.51000643842417,311.3292747870814,241.7344159563791,0.3990210659045084,8.842492546091583,8.842492546091583,-0.8180960552005245,0.2070630681607798,40.176198999688495
570,19.0,track,1,307.19162713168356,240.29798692140017,314.7038193958364,235.03930978307784,307.15328304375004,240.46413127586362,0.1705116289275662,12.855098381390752,12.855098381390752,-0.8918616223179866,0.20184640164749307,41.02959500050929
571,19.033333333333335,track,1,310.81267353612634,242.0016659468131,314.029972052158,235.74909835639258,311.0590494710494,241.61596395312324,0.45767579053902935,9.085809587424563,9.085809587424563,-0.9433123059116317,0.1839589852833476,42.13616000015463
572,19.066666666666666,track,1,308.1324404761905,245.9188988095238,313.09167954733647,236.89007992986046,308.70783511553265,245.8297584929197,0.5822585225035172,12.708228510054694,12.708228510054694,-1.011732329684332,0.1393183139970657,40.04842100039241
573,19.1,track,1,312.35745937961593,243.31770064007878,312.7331239359397,237.65226660825857,312.1370382341111,243.55666492969166,0.3250990819670883,8.629949777022404,8.629949777022404,-1.053230926276296,0.10921586509844491,41.12221399918781
574,19.133333333333333,track,1,310.12108040981065,248.52474386836386,312.14713379778516,238.98916169918093,310.24521046680366,247.98808514821695,0.5508274257503888,12.608149077962285,12.608149077962285,-1.108119785510326,0.044644361664975665,38.97128600146971
575,19.166666666666668,track,1,309.0295658682635,245.85978043912175,311.48526067392606,239.92006453032863,309.4317533799685,245.56805425479098,0.4968490326000901,11.945336529629607,11.945336529629607,-1.1692385499546298,-0.008797076154913624,40.81121199851623
576,19.2,track,1,313.1815692862921,244.78458092215791,311.38039588090464,240.6562753099944,312.8475646046689,244.56423882233926,0.4001371868480829,8.484669004253155,8.484669004253155,-1.2031507043532685,-0.048200938520989486,41.45474600045418
577,19.233333333333334,track,1,315.1246540729154,244.9436289255204,311.534164968397,241.35489341671362,315.1216590765097,244.88281932776178,0.06088330791796563,6.902183332349588,6.902183332349588,-1.2232122817610847,-0.09292424527978196,39.35753799851227
578,19.266666666666666,track,1,318.4520732019452,247.53864857947275,312.09481710375377,242.30763138912843,318.6528934851768,247.51306274365493,0.20244362462597423,7.63287676779698,7.63287676779698,-1.2203259024536481,-0.15430794153489755,42.16369499954453
579,19.3,track,1,322.5906988531965,248.52106697079137,313.1317719701344,243.30374658686148,322.096273612117,248.42952348540106,0.5028285281623726,8.68626670369878,8.68626670369878,-1.1889610075089219,-0.22214779649878644,40.61460699995223
580,19.333333333333332,track,1,317.9258399511301,241.4491142333537,313.5588483921095,243.37470164811555,317.71642533152044,241.36296610582914,0.22644200754774096,2.6593965240558983,2.6593965240558983,-1.1848354369829486,-0.2449691759396398,41.70801600048435
581,19.366666666666667,track,1,319.70957486597683,243.85999251963597,314.1814206986078,243.71083393400224,319.8736968835214,243.70079649477006,0.2286469133314656,3.7029511437412417,3.7029511437412417,-1.1677927650826752,-0.2819578138598864,42.70535700015898
582,19.4,track,1,324.20985906825035,243.1392701089298,315.30982973832596,243.9217095752124,324.6293222851095,242.8343978213859,0.5185523136676369,5.428115310979342,5.428115310979342,-1.1205077958683016,-0.31340183087238827,41.01132699906884
583,19.433333333333334,track,1,324.5366865439461,241.13002333419757,316.41013792774055,243.86111707569006,324.17852287854873,241.71193512952232,0.6833026772587126,4.515614613122757,4.515614613122757,-1.0692388091255682,-0.3308988352724351,44.43688399987877
584,19.466666666666665,track,1,324.6484510294401,236.1409787698031,317.4540968364089,243.19032291554015,324.6127553923705,236.38775484670003,0.24934436154532436,5.858824741992394,5.858824741992394,-1.0156916635878332,-0.31516442560043095,40.74129999935394
585,19.5,track,1,327.1332699619772,234.4882762991128,318.72514836646616,242.3484275631945,327.4240529391397,234.46554713267898,0.29166994156797893,9.259953055158903,9.259953055158903,-0.945124784967891,-0.28684681036958876,42.20607699971879
586,19.533333333333335,track,1,329.2889623008162,234.3697370125664,320.1660139798316,241.5331952201169,328.88421426352966,234.03652036699583,0.5242654924488167,10.700109925302606,10.700109925302606,-0.8683776368157415,-0.25570993871042613,42.98331199970562
587,19.566666666666666,track,1,324.6228026117529,230.99679809141136,320.94598267604437,240.35753858981752,324.5238595884045,231.19581255709025,0.22225318764592297,9.898435336228093,9.898435336228093,-0.8035959173534022,-0.1825952782123841,41.499880999253946
588,19.6,track,1,328.91031671370337,232.33778613985575,322.1734232309919,239.411584413791,329.10651555313757,232.18508317958523,0.24862055158555824,12.000064601056867,12.000064601056867,-0.7196959087709972,-0.15220372684202388,41.75479999867093
589,19.633333333333333,track,1,324.18972877126157,228.55729953372298,322.74081492959573,238.0727821969374,323.68644916536573,228.8922824457427,0.604569196251247,11.703473702879055,11.703473702879055,-0.6656954803869732,-0.07890953143508522,41.24668099939299
590,19.666666666666668,track,1,324.6092522728678,229.15004020038344,323.3015543122236,236.89253025516854,324.34458324049615,228.88467206226693,0.3747932035456114,11.934233058598668,11.934233058598668,-0.6098497507729846,-0.007901537637500955,41.11668999939866
591,19.7,track,1,323.6146661618074,230.42742647986873,323.6862443195273,235.94724496997645,323.75082398488695,230.5935196826507,0.21476942239559144,10.126724669224638,10.126724669224638,-0.5613308072784003,0.055944884391257915,42.61922000114282
592,19.733333333333334,track,1,320.23480348793123,226.67092126879817,323.62017563735657,234.62373126753027,320.8202836191816,227.12041966217282,0.738129927408022,12.90567529788512,12.90567529788512,-0.5356422730770999,0.14411528447771388,41.71704699911061
593,19.766666666666666,track,1,322.24029840978994,228.16307833256985,323.7760758424692,233.57640104267236,321.97126299317694,228.00224706241224,0.3134433806170526,12.158616423741012,12.158616423741012,-0.4990394104913775,0.22331161173730468,40.81467700052599
594,19.8,track,1,321.5604938271605,229.20525482747706,323.82033867622386,232.73774526496834,321.79211828895075,229.25107102175977,0.23611229311109358,10.897300681400155,10.897300681400155,-0.46836111243017975,0.295783969947779,41.97249500066391
595,19.833333333333332,track,1,320.50265486725664,226.32787610619468,323.71559208398344,231.628377231283,320.0779875429723,226.66208718416303,0.5404066810759877,13.338140812711755,13.338140812711755,-0.44612009560213695,0.38600413545752127,41.23926499960362
596,19.866666666666667,track,1,313.80214033807613,230.63620333211722,322.79757608193523,231.12657030534314,313.66568220435704,231.0891175847069,0.47302446285258526,10.93285906592501,10.93285906592501,-0.46835831543363815,0.4482856628613654,40.20702900015749
597,19.9,track,1,314.0736750866766,230.78442298167408,321.95333288342647,230.6987684004322,314.33684471770107,230.33103058309533,0.5242355594411353,11.205369129862174,11.205369129862174,-0.4914455514468604,0.508240561210437,41.27003499888815
598,19.933333333333334,track,1,313.5663329161452,231.53917396745933,321.089386903896,230.41304355852304,313.1507888077074,231.16751102402242,0.5575035870571332,11.17696539617941,11.17696539617941,-0.5200163984764982,0.5618116253630304,42.51254100017832
599,19.966666666666665,track,1,312.2126917712692,234.73475339165716,320.1095982132076,230.5522320087698,312.1932669338437,234.36049314048702,0.37476400562880247,9.63063439160226,9.63063439160226,-0.5649527276787454,0.5932304707451801,41.21036200012895
