frame_index,timestamp_s,state,detection_count,selected_x_px,selected_y_px,estimate_x_px,estimate_y_px,truth_x_px,truth_y_px,tracking_error_px,pointing_offset_px,pan_rate_deg_s,tilt_rate_deg_s,processing_time_ms
0,0.0,search,0,,,,,,,,,10.0,0.0,36.076784001124906
1,0.03333333333333333,search,0,,,,,,,,,10.0,0.0,19.579138001063257
2,0.06666666666666667,search,0,,,,,,,,,10.0,0.0,23.67634599977464
3,0.1,search,0,,,,,,,,,10.0,0.0,19.998009000119055
4,0.13333333333333333,search,0,,,,,,,,,10.0,0.0,20.812388000194915
5,0.16666666666666666,search,0,,,,,,,,,10.0,0.0,19.9326439997094
6,0.2,search,0,,,,,,,,,10.0,0.0,22.359958000379265
7,0.23333333333333334,search,0,,,,,,,,,10.0,0.0,21.119598000950646
8,0.26666666666666666,search,0,,,,,,,,,10.0,0.0,14.297052000983967
9,0.3,search,0,,,,,,,,,10.0,0.0,12.846806999732507
10,0.3333333333333333,search,0,,,,,,,,,10.0,0.0,12.755694000588846
11,0.36666666666666664,search,0,,,,,,,,,10.0,0.0,11.80935199954547
12,0.4,search,0,,,,,,,,,10.0,0.0,12.446609000107856
13,0.43333333333333335,search,0,,,,,,,,,9.666666666666686,0.0,12.248471000930294
14,0.4666666666666667,search,0,,,,,,,,,6.444444444444457,0.0,12.897660000817268
15,0.5,search,0,,,,,,,,,3.5555555555555562,0.0,11.841268998978194
16,0.5333333333333333,search,0,,,,,,,,,-10.0,-10.0,15.568157999950927
17,0.5666666666666667,search,0,,,,,,,,,-10.0,-9.666666666666664,17.441858000893262
18,0.6,search,0,,,,,,,,,-10.0,-9.0,13.095537999106455
19,0.6333333333333333,search,0,,,,,,,,,-10.0,-8.0,12.986342000658624
20,0.6666666666666666,search,0,,,,,,,,,-10.0,-6.666666666666671,12.584371999764699
21,0.7,search,0,,,,,,,,,-10.0,-5.0,11.505193000630243
22,0.7333333333333333,search,0,,,,,,,,,-10.0,-3.333333333333328,12.41351300086535
23,0.7666666666666667,search,0,,,,,,,,,-10.0,-1.9999999999999996,12.419822000083514
24,0.8,search,0,,,,,,,,,-10.0,-0.9999999999999998,12.568358999487828
25,0.8333333333333334,search,0,,,,,,,,,-10.0,-0.3333333333333288,11.533797000083723
26,0.8666666666666667,search,0,,,,,,,,,-10.0,0.0,12.741518001348595
27,0.9,search,0,,,,,,,,,-10.0,0.0,12.005010999928345
28,0.9333333333333333,search,0,,,,,,,,,-10.0,0.0,12.18314499965345
29,0.9666666666666667,search,0,,,,,,,,,-10.0,0.0,12.697194000793388
30,1.0,search,0,,,,,,,,,-10.0,0.0,12.741901000481448
31,1.0333333333333334,search,0,,,,,,,,,-10.0,0.0,11.981289000686957
32,1.0666666666666667,search,0,,,,,,,,,-10.0,0.0,12.517815999672166
33,1.1,search,0,,,,,,,,,-10.0,0.0,11.574803000257816
34,1.1333333333333333,search,0,,,,,,,,,-10.0,0.0,12.083779000022332
35,1.1666666666666667,search,0,,,,,,,,,-9.1666666666667,0.0,12.288748999708332
36,1.2,search,0,,,,,,,,,-6.111111111111136,0.0,11.542821999682928
37,1.2333333333333334,search,0,,,,,,,,,-3.3888888888889,0.0,12.32768199952261
38,1.2666666666666666,search,0,,,,,,,,,-10.0,10.0,12.04127499840979
39,1.3,search,0,,,,,,,,,-10.0,10.0,11.738358000002336
40,1.3333333333333333,search,0,,,,,,,,,-10.0,10.0,11.847878000480705
41,1.3666666666666667,search,0,,,,,,,,,-10.0,10.0,12.7612450014567
42,1.4,search,0,,,,,,,,,-10.0,10.0,12.22300900008122
43,1.4333333333333333,search,0,,,,,,,,,-10.0,10.0,12.650990000111051
44,1.4666666666666666,search,0,,,,,,,,,-10.0,10.0,12.824900000850903
45,1.5,search,0,,,,,,,,,-10.0,8.166666666666664,13.38618400041014
46,1.5333333333333334,acquire,1,14.63404255319149,153.8622823984526,14.63404255319149,153.8622823984526,14.999877493033061,153.85154049141036,0.3659926116409869,316.93316614858713,-5.754239760638298,1.623157616054159,13.032988001214107
47,1.5666666666666667,acquire,1,47.38202247191011,209.8689138576779,44.72678440074016,205.32784169207795,47.56265656093815,209.53687160111207,0.3779956802191343,274.1352007531694,-5.080390376645223,0.4298338773187361,13.190854999265866
48,1.6,track,1,91.74391988555078,218.9523128278493,74.7193578516819,214.96511573578238,91.89822060626486,219.21386517076786,0.30367472812050955,229.0469060339546,-4.446683305606422,0.2775927812487733,11.89620399964042
49,1.6333333333333333,track,1,118.63901760889712,237.61492122335497,106.88170451075918,231.10147138314792,118.9230180055563,237.22894440627604,0.4792017619176199,201.09607514095683,-3.7878162011896963,-0.03509797700316891,13.019804000578006
50,1.6666666666666667,track,1,172.68809167912306,265.1484803188839,154.52168674128745,255.38491453066155,172.9996983982777,265.3611129391766,0.3772418039333148,149.17196358736783,-2.787368704830966,-0.5361945943521322,12.736502001644112
51,1.7,track,1,177.89680365296803,283.91689497716897,181.63841471425923,277.95707680413807,178.1791486785883,283.6130766400445,0.4147581168170077,148.37538314538688,-2.298358103134257,-0.9863181548141222,12.548460999823874
52,1.7333333333333334,track,1,221.71026785714287,296.6138392857143,216.62564852755114,296.15494518089037,222.0285448669092,296.64492230922934,0.31979119640263387,113.16825192744587,-1.621141192727317,-1.3294443197724186,11.720653001248138
53,1.7666666666666666,track,1,197.18722659667543,312.19772528433947,225.5581650898741,313.2196860527092,197.35505398588106,311.8977441491493,0.3437364019675169,142.16563718614523,-1.5581283215351645,-1.6488296076627016,12.885317999462131
54,1.8,track,1,183.5058365758755,311.7418936446174,224.44405881477945,323.2100625112824,183.71079446010074,311.90343057924525,0.26096343719965354,154.0936432036093,-1.700118511077688,-1.8069054054451412,12.745550000545336
55,1.8333333333333333,track,1,217.54108216432866,313.18316633266534,235.20115258835932,329.766560783959,218.1672345377235,312.7246432368982,0.7760864797558686,125.13507044641457,-1.53145212372774,-1.896871618371422,12.539686000309302
56,1.8666666666666667,track,1,211.574650428507,274.60036084799276,239.94859328279207,320.7291291305054,211.84992313823778,274.70877749991297,0.2958534014273233,113.58317815919547,-1.4945413292149101,-1.6358468247256344,11.96444300148869
57,1.9,track,1,203.94956441999082,283.54974782209996,240.35713850362393,316.5555002533633,204.12549811351153,283.2251024452852,0.36925233269817304,123.67420777529655,-1.5450918836104341,-1.5172565597217118,12.773718000971712
58,1.9333333333333333,track,1,211.5021216407355,262.21357850070723,242.33770702826888,306.9292874761581,211.53551352600184,262.3534005525925,0.14375404062165373,110.74393591674794,-1.5436839401868676,-1.2852448021053384,12.591335998877184
59,1.9666666666666666,track,1,177.0364282541093,258.06530430919594,234.03789955555942,298.2572816902201,177.4439841458028,257.7410596657667,0.5208036037189298,143.65570943852674,-1.7735387827181297,-1.0919438231168952,12.647994999497314
60,2.0,track,1,170.4923572003218,244.53580048270314,225.58764611733432,287.92307761636175,170.99295941553902,244.54089543208684,0.5006281418274485,149.07621498771812,-1.9878313535570755,-0.8698766495005488,11.846866998894257
61,2.033333333333333,track,1,184.789644012945,268.9644012944984,222.09508629679726,285.54742585640145,185.34175729952455,268.7249109046347,0.6018178528879976,137.68791825595792,-2.073085227059232,-0.8424611905572462,12.784721000571153
62,2.066666666666667,track,1,194.7270306258322,250.8450954283178,221.34355755790273,279.4472035755405,195.32884237396303,250.94114416809018,0.6094282079130646,125.15033431646553,-2.0915036463702488,-0.7240201890495995,12.555754999993951
63,2.1,track,1,191.58576874205846,259.03811944091484,219.8685369246469,276.2132827929627,191.42473921359823,258.6630185855399,0.40820480244499446,129.92269220199924,-2.1283580712161934,-0.6742455200266803,12.691861998973764
64,2.1333333333333333,track,1,171.0292504570384,225.7850091407678,214.2620824927061,266.67728767168023,171.10059886819744,225.49764806440925,0.29608610906436267,149.60397678228068,-2.261850797991833,-0.4748137179696867,11.46439200056193
65,2.1666666666666665,track,1,183.76523221133363,250.7954835960801,211.96719199869412,263.65398901330644,183.04793066097858,250.40091673135333,0.8186602011103594,137.34645377690927,-2.3130271762713095,-0.4334585412017471,12.772670001140796
66,2.2,track,1,166.3960186361711,242.18339686573486,206.65170545008988,259.4952717781685,166.0310890329509,242.1687036702447,0.3652252802041208,153.98418366828597,-2.435525007953998,-0.36138076930127566,13.651369999934104
67,2.2333333333333334,track,1,190.4064299424184,238.6521113243762,206.3891112297674,255.34248843824648,190.24589222083486,238.20268179262482,0.47724130590457103,129.76655516081857,-2.4369058943275994,-0.2878304886677078,13.42974600083835
68,2.2666666666666666,track,1,183.77870480731028,215.57171235597934,204.92206084436788,247.7937524748365,183.5969621670955,215.62076443756894,0.18824583389946642,138.56455483511385,-2.47068605533677,-0.13375380093181016,12.372981000225991
69,2.3,track,1,175.56479217603913,224.2559087204564,202.19676667487855,242.78327448303946,175.20019985225136,223.735609127374,0.635326080943227,145.71037208546792,-2.535330557808291,-0.042202444539125,12.59704500080261
70,2.3333333333333335,track,1,165.12311212814646,233.46453089244852,198.06258031005106,239.97711918137048,164.6629430254565,233.48181816730724,0.46049370564917697,155.4737532959072,-2.6323690286923176,-0.0015323855510515627,13.314339999851654
71,2.3666666666666667,track,1,175.17773195876288,223.92123711340207,195.97586906409512,236.0714884695744,175.04034802641337,223.3332809454832,0.6037936735853119,145.91463334547893,-2.679572079207615,0.06958763401540198,12.750234998748056
72,2.4,track,1,163.60057840616966,241.46561696658097,192.3162028922038,235.38213747590925,163.54855706512163,241.42749337336366,0.06449518031786863,156.4579551628376,-2.764754439741011,0.06633415863333256,13.031365999268019
73,2.433333333333333,track,1,160.2390756302521,225.8126050420168,188.53624993198133,232.49552209425522,160.05039870151725,225.3558978603877,0.4941461658137302,160.61856892345602,-2.8517098595436523,0.11942121980151177,11.99976499992772
74,2.466666666666667,track,1,149.06117414898864,248.9077454366058,183.51617996489438,233.35219462768498,148.9054448694304,248.72604782763403,0.23930238113689858,171.3169305877784,-2.9668416587464304,0.08591868050643318,13.086742999803391
75,2.5,track,1,147.13320177602367,221.93339911198817,178.7355424083015,230.3388304831547,146.88970290319014,221.62270668189697,0.39474230478524813,174.0830257970184,-3.0743918004186694,0.14809594517655256,12.571602999742026
76,2.533333333333333,track,1,163.73858075040783,255.04404567699837,176.74988574289736,232.31146059631428,163.4792489868687,255.0072613223154,0.26192757077054935,157.23855567293572,-3.1157438983070818,0.09273262358688258,12.319444000240765
77,2.566666666666667,track,1,158.41463414634146,243.4732645403377,174.22992880532706,232.56721556376064,158.21440197255333,242.95708743133784,0.5536530784483911,161.81262032108353,-3.17254732232611,0.08299186436795365,13.381090999246226
78,2.6,track,1,157.64260717410323,235.69772528433947,171.84918633045703,231.80914734818,157.45220476848283,235.8589635814339,0.24950123149184616,162.60053480000343,-3.2275707185148512,0.0985862161856753,13.490506000380265
79,2.6333333333333333,track,1,152.44382284382286,222.65268065268066,169.00792056223978,229.44831330777498,152.45120606398652,222.03277835601696,0.6199462632752214,168.50940449427955,-3.294619049138663,0.15148239752000894,12.798589999874821
80,2.6666666666666665,track,1,141.1508712282193,243.44793880152997,164.959589468745,230.0682016695092,141.10389898581093,243.5730247579231,0.1336146999534588,178.9317787985121,-3.3902254526084574,0.1327262717358897,12.78755800012732
81,2.7,track,1,149.02802021129995,259.6504363803399,162.29752474106613,232.78241956042044,149.10737719567237,259.22870304832907,0.4291346342322453,171.97101950579645,-3.4523011845474136,0.06744182399965762,13.00415600053384
82,2.7333333333333334,track,1,143.2155943757989,232.71708564124415,159.14794612875045,231.88968920015867,143.28702172812834,232.87428692103273,0.17266762588267967,176.85658731469053,-3.526793663927244,0.09062346970882945,12.35400000041409
83,2.7666666666666666,track,1,136.51542912246865,257.7010607521697,155.44535799997456,234.27000093211825,136.15092901500634,257.1723579408993,0.6421736455081898,184.6493183829705,-3.614383332097303,0.03577894960395014,13.325043999429909
84,2.8,track,1,125.98299480396788,243.6589513462447,150.7614343544798,234.75062559699913,126.20686688280112,243.8857989326016,0.3187138765681092,193.8320868089826,-3.7244064259524374,0.028282354009293468,12.67246499992325
85,2.8333333333333335,track,1,148.16753078418665,251.97602073882047,149.24839322951811,236.26529842191465,148.06976450776392,251.77904903766685,0.21990019522709597,172.33325817336453,-3.758948325818792,-0.0037047582899779677,12.653391000640113
86,2.8666666666666667,track,1,110.54480135249366,254.00676246830093,143.2700859155289,237.95152352021552,110.611971008768,254.08404993092086,0.10239684859524457,209.86116159806627,-3.9008188061991462,-0.038657407016909215,11.926560000574682
87,2.9,track,1,136.02766439909297,260.8816326530612,140.9265374052268,240.38637566867456,136.10720436680407,260.4666881317858,0.42249918603466563,185.02822922158703,-3.954438215427323,-0.08116605319218341,13.366715998927248
88,2.933333333333333,track,1,112.90530149736949,256.1987049777418,136.0097448496456,242.09581168862334,113.44847367692816,256.1507277055122,0.5452869293290477,207.181994950836,-4.0704795767478,-0.12374181166497498,13.380047001191997
89,2.966666666666667,track,1,106.70356394129979,235.58909853249475,130.7721912107081,241.18962907984414,106.9177427281257,234.87246112496595,0.7479583722345844,213.14394201804615,-4.192488929565068,-0.09551140601399566,12.752059001286398
90,3.0,track,1,113.0009178522258,249.0665442863699,126.76057590724575,241.98759658194953,113.03010500548817,249.14908690871889,0.08755098183235863,207.17201361502123,-4.284551770513278,-0.11038260273318698,12.091816000975086
91,3.033333333333333,track,1,114.3721136767318,244.24866785079928,123.30015169430479,242.15774353154515,114.48382060706207,244.16900823053115,0.13720092341188886,205.55846035105557,-4.364505175976951,-0.11075603222050338,12.73288399897865
92,3.066666666666667,track,1,95.98937426210153,245.71900826446281,117.97400021907156,242.50005141522183,95.9695927222275,245.30455941088923,0.4149206689817344,224.09319877137787,-4.48934711478201,-0.11607002907140432,12.492320998717332
93,3.1,track,1,123.85360602798708,222.96232508073197,116.48303242698107,240.0842979293686,123.42120938664758,222.78639199974748,0.46681827773383455,197.33101433731753,-4.523349812835018,-0.05546638913920189,12.581201999637415
94,3.1333333333333333,track,1,96.95748855461086,225.1739699149771,111.99183517180508,238.09811640675807,96.5797544298461,225.14933234773676,0.37853676007928166,223.9132610194087,-4.631438694775034,-0.0127101522502036,12.046682999425684
95,3.1666666666666665,track,1,92.84439270469538,245.09701202949165,107.43406158770136,238.64694840740557,93.31963408135573,244.65346435793126,0.6500683833541459,226.72812578844514,-4.740189317250283,-0.029059791297849264,12.929519998579053
96,3.2,track,1,87.12490869247625,232.46018991964937,102.62771974714562,237.66196388410987,87.2546863861825,232.816372284923,0.37908854785608626,232.85614768853125,-4.854160452921447,-0.0078000875780630426,12.836568001148407
97,3.2333333333333334,track,1,86.62147117296223,215.49145129224652,98.2208122916586,234.72148745130528,86.75473024637078,215.5000766229716,0.13353792336195308,234.5284675853307,-4.958215814247604,0.05842885679674205,12.912819998746272
98,3.2666666666666666,track,1,107.82877633348275,212.3868220528911,96.7958413863335,231.6163846552459,107.7684307640724,212.62098293060475,0.2418117127003811,213.990302481282,-4.992884527498434,0.12559642229186807,12.255824000021676
99,3.3,track,1,108.68968735417639,213.54363042463837,95.7280719935107,228.87642775705223,108.40517720962607,213.80873648495952,0.38887947435040143,213.20964170553836,-5.02324087329238,0.18208293938168923,12.279725000553299
100,3.3333333333333335,track,1,82.02402795980778,221.97335080821318,91.69326222923799,227.3578325785645,81.59688922460008,221.84438694771057,0.4461828957171876,239.09343260050466,-5.126166118209562,0.20909431768105613,13.175526000850368
101,3.3666666666666667,track,1,90.30359355638166,207.96034696406443,89.05935046619169,224.30253556315262,89.64443963830415,207.9753301975121,0.6593241880907121,232.5709862934525,-5.195006772274696,0.27291469313201633,12.650209999264916
102,3.4,track,1,88.69793459552496,192.41695352839932,86.55798074556587,219.62816459651174,89.02869579104443,192.20669637452022,0.3919324421616676,235.864247480247,-5.261659090480598,0.3732981844908632,12.728572000924032
103,3.433333333333333,track,1,102.80761421319797,201.70710659898478,86.06111089861099,216.418201598441,103.18281347401391,201.3298505045009,0.5320682720685895,220.23867243299594,-5.282393434180083,0.4366863717619477,11.874363000970334
104,3.466666666666667,track,1,96.84790365744871,203.1565566458519,85.03793853431144,213.65388153201917,97.00912597307493,202.75269576325698,0.4348519834912029,226.0802768314752,-5.318614354852238,0.48967533964128784,13.56445400051598
105,3.5,track,1,97.90539383561644,202.34118150684932,84.3537684745413,211.04283321832645,97.58592887521016,202.77871443530518,0.5417498725523975,225.50708000723975,-5.348514989213447,0.5397391196408179,12.173409999377327
106,3.533333333333333,track,1,105.25295857988166,174.83678500986193,84.73413605227228,205.38620692334177,104.9081987724216,175.052579154362,0.4067264899664423,224.68344493937357,-5.355135280581839,0.661625329500938,12.678655000854633
107,3.566666666666667,track,1,104.06124807395994,193.31548536209553,85.08279515890192,202.38518544540932,103.54724746141852,193.58547164952049,0.5805938555397131,221.37321997822107,-5.364951304500369,0.7182762460096838,12.431147999450332
108,3.6,track,1,78.4787437763309,203.61853695901954,82.47272391663633,200.90723866664723,79.17519314181081,203.80507573825486,0.72099822110458,243.52958781346794,-5.4455035349454795,0.7405976207933216,12.968773000466172
109,3.6333333333333333,track,1,66.94271685761048,193.10270049099836,78.76394024233318,198.36831194983668,67.13652671863808,193.00483335249305,0.21711803018348294,257.1934715503894,-5.549144964148986,0.7905413256242331,13.031278000198654
110,3.6666666666666665,track,1,91.45313139582481,196.38641015145313,78.34228524398489,196.48608705355375,91.59918601703845,196.2768062684456,0.18260603371243986,232.5481659746351,-5.572954425380223,0.8258624142711011,12.845737001043744
111,3.7,track,1,86.49221330816422,196.04672015101463,77.47733355418077,194.78771099667145,86.44492979594344,196.00359168840308,0.06399839697343233,237.66290152723153,-5.609177218132579,0.8582832574063866,11.763632999645779
112,3.7333333333333334,track,1,80.99050632911393,167.45886075949366,76.12618678943328,189.88086667577502,80.86741439276605,167.20215485650635,0.2846920185435447,249.96783744461436,-5.657650181809793,0.9668597123426805,12.998772999708308
113,3.7666666666666666,track,1,82.52210088403537,180.08008320332814,75.1571083891994,186.90080722696743,81.98110794442805,179.42164777719543,0.8521798936207875,245.60686011060884,-5.697248169557176,1.027355463025133,13.096290998873883
114,3.8,track,1,88.84263593806266,175.5631976953547,75.11652481464556,183.6848537081218,88.13406121379029,174.89570650399875,0.9734591056718445,240.8326859062611,-5.715720333321265,1.09374477046991,13.281728000947624
115,3.8333333333333335,track,1,80.14923954372624,206.4272813688213,74.1450432457747,184.48537258348338,80.61181111898202,206.97220215731417,0.7147804753673038,241.655830482261,-5.757500933067535,1.066432855904337,11.879211000632495
116,3.8666666666666667,track,1,96.56078904991948,185.835346215781,75.29946479748213,182.8930905012257,96.87140976029579,186.10847792377825,0.4136256225479613,229.54447049330054,-5.749591132799617,1.1001548446404756,12.691211000856129
117,3.9,track,1,83.72419928825623,181.77268683274022,74.9416351031478,181.02760823924964,83.86135371355536,181.71125273650267,0.15028467839290507,243.22631092779105,-5.779636241940604,1.1408497484386382,12.794350001058774
118,3.933333333333333,track,1,58.20303712035995,206.7103487064117,71.63969671721043,182.37501270561995,58.169993859258064,207.046491641272,0.33776312670382924,263.8955964558896,-5.878332960686105,1.106662181736463,12.861244000305305
119,3.966666666666667,track,1,83.7225832656377,176.30666125101544,71.68403311054465,180.10859725231506,83.35769364700877,176.02614590420302,0.46025351012290333,245.13717621758897,-5.89517415560374,1.161006227270457,12.010459000521223
120,4.0,track,1,73.31662404092071,179.3089514066496,70.5696652672541,178.44362873038716,72.70053412469753,179.20081396502076,0.6255081863204746,254.6636347119979,-5.940741831889179,1.199652541415788,12.7353560001211
121,4.033333333333333,track,1,70.72074010327023,209.39629948364887,69.29895622165769,180.58423555117423,71.27899431672446,209.15168167861128,0.6094962160512684,250.6267292436258,-5.989676814498493,1.1491213735877495,12.75838700166787
122,4.066666666666666,track,1,59.91185971389017,196.94323950161512,66.89792577271479,181.19820248226648,60.1852483801309,196.56601771903496,0.465872982777324,263.42022696838876,-6.06463507679515,1.1388165291519337,13.212773001214373
123,4.1,track,1,53.127627627627625,179.04579579579578,63.91932796938785,179.71740856957766,53.30151967445258,178.5531368154103,0.5224474278847813,273.6855794578554,-6.151437837049249,1.178645388661879,12.796158000128344
124,4.133333333333334,track,1,66.45178282009725,190.5628038897893,62.80889811931209,179.78644338859678,66.25136422142704,191.2445797314213,0.7106236084777634,258.39013364494514,-6.192825848657047,1.1805105139352037,12.573046999023063
125,4.166666666666667,track,1,75.16147082334133,193.01358912869705,62.900948691086306,180.22242854240758,74.88033216132108,193.5993178630459,0.6497053928700751,249.47279383555824,-6.18764138056959,1.1745488181571675,13.234424999609473
126,4.2,track,1,83.33034987794956,204.15907241659886,64.05249880124217,182.03688048934956,83.52205575437245,204.64629701864928,0.5235828071071998,239.10604849968078,-6.155757589950229,1.137385001009276,12.579439999171882
127,4.233333333333333,track,1,80.88541666666667,198.93560606060606,64.92057595652176,183.17784687507154,80.4184700538779,199.2438859816495,0.5595316335234826,243.0233945964902,-6.1335522133479214,1.118345823240143,12.48223400034476
128,4.266666666666667,track,1,51.60017889087656,195.7974060822898,62.30334734718699,183.92689818657666,51.956817419509605,195.93030857873106,0.38059704894528573,271.6418329894053,-6.194158874755143,1.109240387853791,12.136749999626772
129,4.3,track,1,57.48436951176677,212.45486476993327,60.62153111752768,186.66915831626775,57.721176899665764,212.2012024694529,0.34701916611122596,263.74789893199295,-6.229557110840251,1.0536310335346488,13.127349999194848
130,4.333333333333333,track,1,68.42882483370288,210.81951219512194,60.426068516818184,189.08408460313433,68.39493269383706,210.691477137116,0.13244490636965595,253.30633510937497,-6.22923837051858,1.008163314710368,12.732723000226542
131,4.366666666666666,track,1,56.757908055672715,223.68578658793757,58.91896699632388,192.91452071385694,56.77630065623214,223.3785446547115,0.3077919643002871,263.74796430307043,-6.260610334307395,0.9309142545002507,12.914426000861567
132,4.4,track,1,73.66928207140054,212.49313456257354,59.598369052123346,195.18234016343237,73.23245834369337,211.9925085426153,0.6644105515020291,248.35184555954584,-6.240211946863518,0.8927362176335512,11.379298000974813
133,4.433333333333334,track,1,72.03378378378379,226.7742117117117,60.10800951203222,199.01876040836936,71.49251557904063,227.2861912412469,0.745046514070753,248.83249535859963,-6.226058396193388,0.8176859712157838,12.889341998743475
134,4.466666666666667,track,1,69.3874415497662,217.4121576486306,60.330970049363614,201.4878984677699,70.44667996533437,217.67467186045707,1.0912835252244255,250.54995473330766,-6.2199494913372355,0.7762813613297445,12.617432001206907
135,4.5,track,1,68.37297510865271,194.7321216910312,60.47487504160862,201.07040628080034,68.8906182922305,194.79632043809806,0.5216089959246317,255.14563336963735,-6.216257146338697,0.801645678801616,12.439809001079993
136,4.533333333333333,track,1,63.27039930555556,200.59071180555554,60.05143004623204,201.35527762875952,62.964458099959536,200.15443711326094,0.5328561047959358,260.10562985373565,-6.226053926470545,0.806487330531018,11.784365999119473
137,4.566666666666666,track,1,71.20792079207921,230.12541254125412,60.652444753221324,205.13254936642744,71.21144926915993,229.9167104093678,0.20873195731465458,248.99280251388862,-6.211474862581825,0.7278085399398855,13.260218000141322
138,4.6,track,1,68.18962722852513,229.72852512155592,60.900957632185005,208.60086968281334,68.35653708092688,229.7849782376247,0.17619833467615983,251.85070795911756,-6.206084477634502,0.6593248455659256,12.688310000157799
139,4.633333333333334,track,1,39.50242326332795,219.296042003231,57.744355793825626,210.56754954578892,39.64115545366377,218.8708332598799,0.4472684831928157,281.1539140799724,-6.280082240404965,0.6274888225692903,13.156143000742304
140,4.666666666666667,track,1,58.99004791743457,244.24364172502766,57.15702638483952,215.34909600148453,59.39150373757064,244.25923788850514,0.4017586537168009,260.64329922627115,-6.289900975702133,0.5290749016504702,12.091542999769445
141,4.7,track,1,70.43396226415095,249.00998890122088,58.02252884241985,220.3488034078008,70.57604887992582,248.89424117885534,0.1832652220558127,249.58248119308536,-6.266299477438029,0.42844130019769394,12.624931001482764
142,4.733333333333333,track,1,37.58761329305136,225.05941591137966,54.95076853474084,222.10441957496917,37.578319342601,224.44414156401587,0.6153445376688709,282.8497665493649,-6.336451336621545,0.4056876472188939,12.610177000169642
143,4.766666666666667,track,1,37.26227795193312,235.2957157784744,52.075273058406445,224.89677371884144,37.370066992463364,235.2215367335532,0.13084726960794033,282.67032519002316,-6.39827313245194,0.35602212123351196,12.892283000837779
144,4.8,track,1,61.072346501665876,252.13469776297,52.27843089511288,229.44819049626858,60.75417349693573,252.4119863227964,0.42204621352359467,259.54278253061517,-6.386144362059396,0.2646491376705863,12.589280000611325
145,4.833333333333333,track,1,64.64464141821112,229.55278001611603,52.95146859889091,230.92735545762702,64.60526157081831,229.16031727130456,0.39443349052233395,255.6246684867658,-6.365586753043727,0.24667428245427309,12.921556999572203
146,4.866666666666666,track,1,28.704590035307962,228.7642212632405,49.33484535231743,232.124850010191,28.79588409114991,228.95414734158703,0.21072854545164385,291.413534317139,-6.447145206744682,0.23246332091313485,13.126636000379222
147,4.9,track,1,33.631578947368425,243.86410698878345,46.58291101170787,234.95939182156394,33.29245680253938,244.17980429632223,0.4633234497634361,286.738009496961,-6.504475613033663,0.17767414250750527,13.073434000034467
148,4.933333333333334,track,1,54.180816888480955,230.4194584671868,46.51903314649088,235.914849416944,54.15977416689314,230.08127140772103,0.3388410885974644,266.02519964823733,-6.497589215049003,0.16711832091187717,12.594587000421598
149,4.966666666666667,track,1,58.89488188976378,247.70826771653543,47.08489899399587,238.78182451319194,58.960914074869635,247.26030841896105,0.45279993568152227,261.1400322795531,-6.478486508130799,0.10975813087062211,12.141241999415797
150,5.0,track,1,35.57842205323194,245.04277566539923,44.88452027301521,241.05511775584793,35.097528566721486,245.42370527235119,0.6134866834909687,284.95409245643657,-6.526246804113134,0.06710350596542888,13.246878001154982
151,5.033333333333333,track,1,48.81997971602434,252.12981744421907,44.46003656078567,243.93446301231302,48.74940360834286,251.74016456703276,0.3959928682123402,271.5045441735565,-6.53076658265282,0.010067670916115441,12.659959000302479
152,5.066666666666666,track,1,57.98847517730496,269.73448581560285,45.21600218769086,248.63725221389979,58.55078233808077,269.7187049561263,0.5625285580177862,263.13284637288996,-6.508872701377008,-0.08900034566996927,12.488639000366675
153,5.1,track,1,49.883085576536764,237.55765367617516,45.00945762389529,249.09012365959788,49.88205597506543,237.53528971927562,0.022387644972042986,270.12918850251185,-6.511673039766393,-0.08627593813129249,12.371200000416138
154,5.133333333333334,track,1,30.078490566037736,253.12981132075473,42.49622900842293,251.26335125490462,30.199411935248026,253.10719405946224,0.12301836464554239,290.09684482735844,-6.568425494011796,-0.12737393502965763,13.134533999618725
155,5.166666666666667,track,1,53.253479544495995,261.3361450864614,42.96058690622709,254.17230719675626,52.76098729605014,261.37053595213473,0.49369154987807623,268.09212916059914,-6.553060236511931,-0.18606211851287563,12.881459999334766
156,5.2,track,1,45.624399260628465,260.8487985212569,42.535393576222106,256.729632778624,45.364420913227036,261.5578807457281,0.7552392615446757,275.4803868201404,-6.56037460913344,-0.2359696636676272,13.789012000415823
157,5.233333333333333,track,1,47.45477492637779,255.89230122002525,42.4034695957813,258.41971977470996,47.94793066923687,255.63394044664898,0.5567341160145253,272.5009147159688,-6.561067870072407,-0.2657555711323141,12.350647000857862
158,5.266666666666667,track,1,40.11618098159509,252.58972392638037,41.448137483809894,259.49347565043354,39.48873387167152,252.57202914151478,0.6276965677482103,280.7928530815074,-6.58143946417775,-0.2824014663941661,13.035436000791378
159,5.3,track,1,28.803734061930783,252.44353369763206,39.24402525048076,260.3687708696587,28.83685726232649,252.82720078077242,0.38509424442580314,291.4455571264539,-6.630107461002897,-0.29610957254429043,13.280101999043836
160,5.333333333333333,track,1,53.14559099437148,242.3624765478424,40.1351363276648,259.87342161446395,53.31426665978388,242.1997896528142,0.23434697761275564,266.6948058019231,-6.604609248123545,-0.2792877311152905,12.701520998234628
161,5.366666666666666,track,1,31.493137718883105,259.58116422148606,38.429252532319715,261.3632236613263,31.44205643893524,259.4164883186509,0.17241650192392124,289.2104541865991,-6.64212813008514,-0.3115794792521476,12.65987900114851
162,5.4,track,1,51.43195266272189,237.81747837960856,39.25911409429753,260.05850222786864,51.51029499768571,238.30622606420442,0.49498668734159124,268.49504755651515,-6.619030864249315,-0.27806969157519684,12.289158001294709
163,5.433333333333334,track,1,50.547128129602356,235.10861561119293,39.976592257976975,258.4165173709673,50.94866813071293,234.88090576448062,0.4616125505027209,269.10002658199306,-6.600807720888549,-0.23984261683789063,13.240533000498544
164,5.466666666666667,track,1,43.939254294093004,237.3351487222455,39.89849091994311,257.0597194973764,43.60251277159076,237.38423750319126,0.34030069261150614,276.4098644397815,-6.602512929280151,-0.21086886181408313,12.358305000816472
165,5.5,track,1,64.8246541903987,248.74084621643613,42.358243470482854,257.07904890038236,64.86694572675947,249.03334812882758,0.2955434702381598,255.29292344522378,-6.545140792271377,-0.21543182118174112,12.167615999715053
166,5.533333333333333,track,1,39.83906882591093,234.5,41.70677907171016,255.32947584435706,40.03017965491999,234.38067676340594,0.22530287116637493,280.0262078765016,-6.563479982339961,-0.1779239642348547,11.761467998439912
167,5.566666666666666,track,1,58.35632183908046,244.37057471264367,43.333538964129524,254.81100069389865,58.05503496222779,244.4992304911453,0.32760661090016974,261.98360212740823,-6.527013187860854,-0.17083267669908894,12.734882000586367
168,5.6,track,1,59.7439446366782,219.84544405997693,45.04607949251986,251.34200676752803,59.971404752823034,220.57510329004648,0.7642909763057006,260.75313412960645,-6.490341507544294,-0.09444413237668436,12.431789999027387
169,5.633333333333334,track,1,48.75658221559861,229.0407352210631,45.351706527905435,249.1477655794518,48.27006982196094,228.70128228507676,0.5932306506855565,271.9647329647054,-6.487749029562867,-0.051210345509465634,14.465562999248505
170,5.666666666666667,track,1,38.445859872611464,228.21019108280254,44.413616546722345,246.96352308445054,38.104516136553144,228.3636392920865,0.37424844565970855,282.13555024691857,-6.513131563537046,-0.008889065806492367,12.141405000875238
171,5.7,track,1,42.75160697887971,237.64600550964187,44.057215637993906,246.02617459503924,43.143537008938225,237.94886017357092,0.49530808182912867,276.86406100198116,-6.522651822528554,0.003923935724136737,12.829460998545983
172,5.733333333333333,track,1,71.2830746489283,237.19660014781965,47.145660034809474,245.0833761747664,71.08010339605326,236.96092426209083,0.31103127271663744,248.93844802814266,-6.45122810558031,0.018211234132461056,13.043574999755947
173,5.766666666666667,track,1,74.66680832979175,234.38121546961327,50.45319512918603,243.85658170453547,74.7295982862533,234.46571017818073,0.1052707671119794,245.33283172183576,-6.37876514526616,0.040090534320517825,13.743307999902754
174,5.8,track,1,79.0891045434495,237.86369651521835,54.07840411758759,243.1208403446676,79.3905847078929,238.29787624358818,0.528585211749363,240.61543581510267,-6.302050270104303,0.05085028792331249,14.511376000882592
175,5.833333333333333,track,1,54.61268656716418,221.14253731343283,54.53328198160274,240.43332926602338,54.44116471674577,221.315003201536,0.2432369785418621,266.2153716492666,-6.301668255573231,0.1181790171387386,12.97357200019178
176,5.866666666666666,track,1,67.25021645021646,231.2069264069264,56.44572353114533,239.12398016660234,67.32414412504748,231.38736420843992,0.19499513153140316,252.8225971653203,-6.264953801727881,0.13075390450064686,12.830512001528405
177,5.9,track,1,70.1353711790393,238.97260817784834,58.55675736728302,238.83966215328374,70.60513672551114,239.2017774027423,0.5226836541259812,249.39614068187936,-6.223878929656623,0.1307781627715691,12.583538999024313
178,5.933333333333334,track,1,47.074309978768575,249.88145789101202,57.74554339856985,239.89498000770536,46.93969659405846,249.49667848477827,0.40764685060074757,273.2253944976347,-6.2511942153412505,0.09873003646913059,12.697254000158864
179,5.966666666666667,track,1,69.69302325581396,246.11317829457363,59.65513473328567,240.4494642778952,69.92914965624213,246.08195137965853,0.23818227724640242,250.14479871513353,-6.211619270589778,0.09674730260579774,12.269708000530954
180,6.0,track,1,89.8150826446281,225.27944214876032,63.819234118937615,238.48919104344796,89.2847564239168,225.46672721345564,0.562424746816729,231.1725321837772,-6.120758045821704,0.13062733548097646,13.535571000829805
181,6.033333333333333,track,1,89.50247524752476,217.8242574257426,67.64587692688751,235.77118967655363,89.8503446486357,217.37829346473177,0.5655943553022286,231.25874138055747,-6.041577994871332,0.19120618654471436,13.335767000171472
182,6.066666666666666,track,1,88.9702725020644,229.4335260115607,71.11764334339637,234.62998474224537,88.73154777095604,229.83070345871965,0.4633998508571865,231.49192553642575,-5.972877969512361,0.21246554617342378,13.00820200049202
183,6.1,track,1,79.59894332372718,225.75408261287222,73.18939209861202,233.14565998118226,78.89462114710432,225.790661137704,0.7052713782379392,241.52372351945453,-5.937809676293283,0.24203409876652848,14.382793999175192
184,6.133333333333334,track,1,86.60936170212766,235.4276595744681,75.90057137498121,232.9394634263128,86.86370894773874,235.62434065352844,0.32152133398934213,233.17735010142178,-5.886741524675022,0.2415770408087275,14.558293998561567
185,6.166666666666667,track,1,90.32597945987067,221.63636363636363,78.81352798065926,231.12752998983865,89.88884860954042,221.49663272229228,0.4589205907972112,230.85388581277283,-5.8310521122062315,0.2801187847075215,12.780808001480182
186,6.2,track,1,85.592,245.74635294117647,80.89961827833864,232.34341096060993,85.96864882950011,245.85438562252486,0.39183593633449154,234.10456458964455,-5.794908784232109,0.2470289954264138,13.078382000458078
187,6.233333333333333,track,1,101.87869674185464,234.10576441102756,84.71972678363466,232.12379618984377,102.27808980221921,233.90739339245653,0.4459438055139807,217.80713954194616,-5.717558273398689,0.25063801891128756,14.406582000447088
188,6.266666666666667,track,1,90.39877835951134,228.3564572425829,86.84070493299103,231.2579597295655,90.15326839869093,228.63816086505585,0.37367375045140827,230.1273808488085,-5.681429586248602,0.26972701311772734,12.836710000556195
189,6.3,track,1,98.01364200082679,221.9193881769326,89.6458029985767,229.70375215454214,98.75038168414866,221.6556022311338,0.7825397026235716,222.00880733523226,-5.62830321510108,0.30435584441188795,12.254819999725441
190,6.333333333333333,track,1,123.06201947719119,221.70732957457713,95.17474971540224,228.2507878573353,122.82053060667987,221.89132937629225,0.30359973915014304,198.0092601420176,-5.512006597537567,0.33541033509158963,12.764167999193887
191,6.366666666666666,track,1,105.52009803921568,230.48970588235295,98.15691137990763,227.97207724348425,105.47186370810367,229.8130225522188,0.6784002358337379,214.76986699813372,-5.45871139242741,0.3383765803127079,13.336869998965994
192,6.4,track,1,126.24410163339383,225.98411978221415,103.31693258969916,227.20703098326828,126.52638349029353,226.2134944392136,0.36372486855913533,193.96419262565593,-5.353994855059554,0.3537380113628094,12.774824999723933
193,6.433333333333334,track,1,142.39156960621187,239.1198003327787,109.96553598982923,228.09510181806516,142.31799689733572,240.29131938612758,1.1738270042262688,177.68224191955687,-5.2170586236716066,0.3306359714653801,12.930904998938786
194,6.466666666666667,track,1,120.86370967741935,243.3165322580645,113.4913185449375,229.46280427465598,120.49185084209692,243.23856217710457,0.3799451630594243,199.53443278138005,-5.156410452221067,0.2985243130407995,12.329381999734323
195,6.5,track,1,133.83362753751103,229.90732568402473,118.20268402945665,229.16877236770927,134.2765801737911,230.3193288222213,0.6049410085878575,185.97554695818081,-5.066559402224403,0.30731207389856896,12.861200999395805
196,6.533333333333333,track,1,156.70858725761772,237.66149584487533,125.20529624097132,229.84287132331093,156.59965762322372,237.85049097299236,0.2181394592942389,163.41448001295632,-4.923890749973672,0.29284982492140355,13.150545999451424
197,6.566666666666666,track,1,156.1549132947977,233.39537572254335,131.54408857488113,229.98568428169298,155.86726949243607,233.47422551316134,0.29825533778552443,164.26240883574576,-4.8000668118627035,0.29155912397666794,12.861941000664956
198,6.6,track,1,168.1058770749215,209.9448183041723,138.74143734834996,227.33285856292508,168.48732315304787,209.6550281413578,0.47904013295551373,154.5215472431943,-4.6577729110870365,0.35538126470890236,11.9382630000473
199,6.633333333333334,track,1,153.40766550522648,235.07117969138875,143.5438064145638,227.86983775900867,153.5787142114923,235.96365209483892,0.9087159351718972,166.47022697140667,-4.573365371886985,0.34112186517252346,13.671196000359487
200,6.666666666666667,track,1,161.4,219.08389662027832,148.80277360577003,226.48546198979355,160.84859892975697,218.95453914537657,0.5663713415932322,160.5368489948798,-4.4766508620434236,0.3732622265036752,13.304693999089068
201,6.7,track,1,169.37071651090343,230.37205162438806,154.48195885433205,226.56027705525273,169.5959652394522,230.64418377431255,0.35326038093077805,150.69474101474447,-4.369598944868873,0.36999448870028906,12.754575998769724
202,6.733333333333333,track,1,184.79133722928842,212.9405293915435,161.43950974828232,224.57048065251425,184.58339670753924,212.66245219788908,0.3472264192368346,138.14846349887642,-4.2329951845682485,0.41585298975088414,12.13620999988052
203,6.766666666666667,track,1,190.41189725101398,230.1243803515097,168.4149610303316,224.78516849204476,190.00110812440516,230.11568973569172,0.41088104524707875,130.37412119850976,-4.097820144556041,0.40830611486564267,12.345912000455428
204,6.8,track,1,183.3482056256062,239.5494665373424,173.87890990115113,226.1420058591107,183.36592822609782,238.8257391792182,0.7239443206943545,136.63911759811344,-3.999103134147058,0.3755614204664146,13.291862000187393
205,6.833333333333333,track,1,182.58280389665396,241.6573485811097,178.66996962078372,227.69074388263692,182.4477271886904,241.77560084549012,0.17952524910265155,137.5637325530223,-3.914911187227509,0.3407907958300143,12.977947999388562
206,6.866666666666666,track,1,161.58789860997547,218.9403107113655,180.40700275966464,226.44380602321095,161.2663478379275,219.27082669901077,0.4611244052246364,160.08145100058366,-3.9000332314633663,0.37320226973345966,12.85211899994465
207,6.9,track,1,191.79416884247172,237.07832898172325,185.4054701104329,227.4580412354789,191.90659372457458,237.00884118729456,0.13216621236308496,128.12832537063778,-3.804019505595881,0.3506182364127062,12.079662999894936
208,6.933333333333334,track,1,178.47787610619469,241.37926675094818,188.26226443801264,228.9385891542318,178.31968264976368,241.78517647527028,0.4356465011415019,141.69156354388758,-3.7584874164297024,0.31847651081626516,12.90313800018339
209,6.966666666666667,track,1,178.73070803500397,237.9848846459825,190.7331475028427,229.93085034438548,178.187215221923,237.83183270239144,0.5646320353182886,141.8293583005423,-3.719517922779671,0.2992199649891639,12.673735000134911
210,7.0,track,1,209.28458989229495,216.7970173985087,196.47117380977485,228.3318474115269,209.19712322658103,217.29920568925752,0.5097484644178253,113.1043923267532,-3.6023794796061073,0.3408389059346332,12.374314999760827
211,7.033333333333333,track,1,209.04995801847187,225.01175482787573,201.5924708495942,227.81867467684404,208.57971816538236,224.43016196484612,0.747914285035809,112.5028846765564,-3.5024451268684915,0.3540972807216329,12.105488998713554
212,7.066666666666666,track,1,212.2272945699183,231.04372897645362,206.5380634930905,228.0668837477513,211.4045066702184,231.14469818024938,0.828960015928228,108.9559431231611,-3.407768911317688,0.3488819428994699,13.06348199977947
213,7.1,track,1,181.5517774343122,236.32869654817105,207.2669412697045,228.94011825019558,181.7212824317443,236.51027502763023,0.24840025836773552,138.32274546402053,-3.4117152224674725,0.3295569422768567,12.999643000512151
214,7.133333333333334,track,1,189.13654301499605,240.69258089976321,208.6199456059657,230.28706442524566,188.84109208457917,240.9546045618729,0.3949020787354445,131.16238178469996,-3.3958667602670696,0.30028848434699623,12.825085999793373
215,7.166666666666667,track,1,204.8846153846154,209.46576500422654,211.54615588250124,227.81764545450724,205.2638295555565,209.04832522929797,0.5639675107086998,118.83768333053158,-3.3405851492239407,0.36145916554256635,12.174062998383306
216,7.2,track,1,220.74626228107647,210.75352413498504,215.9686330246701,225.65783161416263,220.4680917608849,210.83571310080393,0.2900583810304821,103.71671219267533,-3.2506398840622626,0.41151591607733734,13.133227999787778
217,7.233333333333333,track,1,192.09353673223606,244.60457647531112,216.47192696424867,227.69118344068522,191.6630048312205,244.04227822756303,0.7081927966399063,128.40063996032248,-3.253922773984613,0.36142623930106804,13.106834001519019
218,7.266666666666667,track,1,210.66054243219597,229.31014873140856,218.94990131388064,227.78103048587894,211.01982007473103,229.2962405286345,0.35954674595934794,109.50456649548842,-3.207478448986387,0.3604501100046302,12.821820000681328
219,7.3,track,1,208.6289076866495,246.95255608679662,220.8254453980266,229.9816811639369,208.7392511037242,247.61566246274705,0.6722244681040979,111.52108571793332,-3.175035319443499,0.31032259292033176,12.573963000249933
220,7.333333333333333,track,1,210.59956331877729,224.7943231441048,222.61950275448922,229.39839470316878,210.4069729307993,224.70576009249476,0.2119775262899198,110.65507379482824,-3.1436697597087937,0.3279176576979152,12.066707000485621
221,7.366666666666666,track,1,201.1795631247686,243.4883376527212,222.98092181109791,231.08548200879065,201.69287279695897,243.62917023796712,0.5322787208138413,118.36277803284561,-3.1449311357360012,0.2908690050295479,13.220548000390409
222,7.4,track,1,212.60037037037037,234.6674074074074,224.4989748955814,231.61031743642656,212.59316100659936,234.4297565265479,0.23776020714006807,107.55118165277322,-3.1168893756135345,0.2826689557279034,12.99064400154748
223,7.433333333333334,track,1,230.27245119305857,245.94924078091105,227.8583417408181,233.44488919003754,229.9159328997801,246.11328475273078,0.39244836365129965,90.29125868978066,-3.0459105499900754,0.2435893210775791,13.676702999873669
224,7.466666666666667,track,1,214.22061128526647,212.76253918495297,228.9146468171492,231.18637087630518,214.78108458108503,212.5898044037657,0.5864875275379069,108.73057980419587,-3.030875119676253,0.30147455335746587,12.164443000074243
225,7.5,track,1,228.2532960447463,239.29644426687975,231.41095784546573,232.23094705721113,228.48493519682063,239.74931153302413,0.5086702836993753,91.51540815970606,-2.9809284640185534,0.27805138876993435,12.82930700108409
226,7.533333333333333,track,1,224.8794553464157,228.0196235482579,233.1811988517902,231.85576678077464,225.18187729459802,228.42438745051192,0.5052651297193251,95.5220979631024,-2.9488051835351987,0.2890424479392097,12.78031999936502
227,7.566666666666666,track,1,243.69039145907473,239.55604982206407,236.92617832708993,232.8759224465167,243.27945512810913,239.46390771968862,0.4211399234668148,76.72241784754199,-2.8704486121326007,0.2665384347226337,12.724522001008154
228,7.6,track,1,232.22741806554757,255.69584332533972,238.90389589086053,235.75514002528476,231.84444519897295,255.72971784921015,0.3844680739669143,89.54789704896841,-2.8356223420452733,0.20175449840655954,11.961551001149928
229,7.633333333333334,track,1,217.01773399014778,264.5330049261084,238.77528949238953,239.49870884590408,217.05568030959188,264.20347619730967,0.33170635547582555,105.75131780055833,-2.8490913238100513,0.1198824048415516,12.77562999894144
230,7.666666666666667,track,1,227.82556701030927,247.9740206185567,239.78894682928737,241.00484166678652,228.07960446443226,247.514308901225,0.5252331778832523,92.22702398797355,-2.83268539018947,0.09340765058569553,12.748295001074439
231,7.7,track,1,220.39218958611482,242.2456608811749,239.7013127334298,241.69884224761608,221.12272718459295,241.60231843896003,0.9734344768628136,98.89025484744322,-2.8411044399465757,0.08519207634403075,13.096508000671747
232,7.733333333333333,track,1,248.30087306917395,245.1655473472129,242.81482415181407,242.66320628099027,248.10603748428474,245.72210472350014,0.5896753498653682,72.12131674253995,-2.7730640833596265,0.06911328176969381,13.387830998908612
233,7.766666666666667,track,1,216.62104857363147,272.3793369313801,241.80906959740923,246.78586701405087,216.56375248276248,272.31065191549857,0.08944536564583384,108.36528746629031,-2.8036952658876966,-0.021458222508158376,15.776334999827668
234,7.8,track,1,239.38749074759437,261.9541080680977,243.45452530275966,249.3635659649233,239.8633900479982,262.24882566383786,0.5597665632776881,83.16782128936121,-2.769153824486563,-0.07256039247666068,16.632720000416157
235,7.833333333333333,track,1,227.01771217712178,275.32952029520294,243.39289333868763,253.32845582788306,227.4450077530164,275.4134447839066,0.4354593310325105,99.09863097592213,-2.775408915477246,-0.1557187154767156,13.407039999947301
236,7.866666666666666,track,1,220.36070780399274,265.5712341197822,242.41782522897958,255.81966210362157,219.93958673144223,265.51381317122986,0.4250177914849461,103.26200155919405,-2.8013715493546663,-0.2025773170615184,14.41593500021554
237,7.9,track,1,242.68565965583173,284.8699808795411,244.06133631556534,260.3951766490296,242.77161563109414,284.2850857103709,0.5911774594840311,89.02467168491192,-2.7641481848721376,-0.2987254232270223,13.887425999200786
238,7.933333333333334,track,1,214.4498425551057,267.4480431848853,242.1210183201964,262.5262974918593,214.57787670148628,266.8896926555127,0.5728420866958608,108.79742484027351,-2.812171106027769,-0.3357076201981174,13.851548999809893
239,7.966666666666667,track,1,226.83535528596187,280.2469670710572,241.68328631266877,265.9706846067379,227.3183592188572,279.89196948599846,0.5994297995511374,100.90220893199823,-2.821766315343351,-0.4050726170529176,14.329094999993686
240,8.0,track,1,243.16608695652175,259.04304347826087,243.1378947944571,266.5760052129042,242.73630230798528,259.4893079812984,0.6195698917708523,79.68382587848642,-2.786948288030005,-0.4077816703563008,14.761512000404764
241,8.033333333333333,track,1,241.22835279903342,291.05316149818765,244.18701788533028,270.8797620170009,241.11378735848476,291.31821837225937,0.2887566218474978,94.10947923469377,-2.7638210315393814,-0.5002225050272344,13.259089999337448
242,8.066666666666666,track,1,222.73551438707133,287.4986204178163,242.87653490838227,274.39731754078747,222.97197983929163,287.74109462589263,0.33868813335572956,108.13717590350352,-2.7965914756866255,-0.5720588056898032,15.06498299931991
243,8.1,track,1,222.25174825174824,282.7925407925408,241.51157268262426,277.03113486998666,222.4521724171052,282.9377273737109,0.24748533170855969,106.57967488297801,-2.828168895869861,-0.6227978978811917,15.723279999292572
244,8.133333333333333,track,1,244.19396001701404,284.1378136962995,242.7873431140955,279.55471736124076,243.6962505406903,284.0948713889713,0.4995585697204231,88.12842824173721,-2.796553968237435,-0.6718456114364592,13.104048999593942
245,8.166666666666666,track,1,238.39389963922596,262.35749426041326,243.22760416377477,279.2066206848941,238.39179752151009,261.91853410305094,0.4389651907047315,84.50041922379329,-2.7866729033443742,-0.6546874641541108,13.065287001154502
246,8.2,track,1,243.42387387387387,286.4468468468468,244.17995962992345,281.65278399749815,243.49022114626433,286.3084290219494,0.1534974097598705,89.43275048173606,-2.765373494331872,-0.7070172760124395,12.839884000641177
247,8.233333333333333,track,1,221.16754850088182,276.1067019400353,242.35096537780717,282.60629663452,221.7347831118421,275.6815254972887,0.7088935825198964,104.54292951649279,-2.8097732894756944,-0.723964561099032,12.627842001165845
248,8.266666666666667,track,1,251.17304347826087,283.7117391304348,244.1678642506305,284.30579798366006,250.79622446201222,283.9905720695176,0.4687647372874288,82.0020303389838,-2.766374223589679,-0.7598930371439708,13.139537999450113
249,8.3,track,1,249.20372723422278,281.4578568403219,245.5852944241197,285.5279797669758,248.88719498353763,281.785771597952,0.45576392353437123,82.48079622157881,-2.735062468569355,-0.7848656656694021,13.347695999982534
250,8.333333333333334,track,1,250.46738039478086,261.35898293743725,247.01188380487906,284.16932611623326,250.25148404932926,261.3293446227832,0.21792122814193163,72.93693453496945,-2.70495824376022,-0.7503699549776884,13.101366999762831
251,8.366666666666667,track,1,230.87462939432444,267.75900042354937,245.951018942443,283.56488206496755,231.1485167475519,267.72652845218823,0.2758055677139546,93.07709952598475,-2.7336940322813477,-0.7373014995631115,12.545419000161928
252,8.4,track,1,225.40702402957487,267.2173752310536,244.24835141063235,282.8476086669112,224.88278622858257,267.2006757555814,0.5245037125419462,98.93008196295905,-2.774698361160299,-0.7232883185986647,12.738695999360061
253,8.433333333333334,track,1,225.51558935361217,271.4212927756654,242.61884127821864,282.5998699915916,225.53575377143767,271.18271500949743,0.2394283906639665,99.47791478963553,-2.8112779867060214,-0.7215429748560613,12.632381998628261
254,8.466666666666667,track,1,232.99351175993513,255.0506893755069,241.94829537830495,280.33884053408434,233.12429182999622,254.82022176717226,0.26498819825922637,88.13074176056745,-2.823753800677228,-0.6731048433335741,13.342432001081761
255,8.5,track,1,237.57514075357298,238.82200086617584,241.83769273400003,276.21484078384555,237.76516507003467,238.38887793989517,0.4729743228936073,82.25061574390311,-2.823240010451184,-0.5839137061767832,12.67568100047356
256,8.533333333333333,track,1,229.721044045677,237.10494834148994,240.76856929794712,272.09399504920486,230.51821493563608,237.34228793108778,0.831752071586623,89.5212449184341,-2.8457881055753087,-0.4989879555440154,12.173330000223359
257,8.566666666666666,track,1,238.53480328577604,243.36532641591006,240.79725520300352,268.94827194394196,238.2881927888392,243.62664011529208,0.3593070924489824,81.79224875402164,-2.8420615243092024,-0.4396395060463981,13.327910000953125
258,8.6,track,1,233.2062222222222,261.78933333333333,240.16802435829206,268.18735289645457,233.2543172112167,261.5862550364191,0.20869576575473814,89.391162253265,-2.8545881236390884,-0.4365904272619643,12.846835999880568
259,8.633333333333333,track,1,242.73603351955308,245.7800279329609,240.70073723698644,265.5541224290939,242.55521461509562,245.6287211889933,0.23577363503851162,77.64906493665794,-2.8398809751023246,-0.3871905659025884,12.786576000507921
260,8.666666666666666,track,1,218.56971803785245,240.53341058323676,238.2951183252279,262.45779447118105,218.95641538281808,240.46659352971128,0.3924275159125458,101.04466191645935,-2.894905675311965,-0.32746015386404626,12.388981998810777
261,8.7,track,1,253.90012484394506,255.69288389513108,240.252275279897,261.37780364946065,253.67477719281254,255.66828787338835,0.2266859681509068,68.150791817164,-2.845520032942912,-0.3156422354202477,12.77886000025319
262,8.733333333333333,track,1,243.75310500564547,245.8185923974407,240.86577014419086,259.2027934899386,243.69612974239783,245.72062034305532,0.11333447870190323,76.51801169266203,-2.831181219015785,-0.27623288805870866,12.903240000014193
263,8.766666666666667,track,1,255.24204322200393,262.7347740667976,242.80187408779295,259.20905005152196,255.51363292631768,261.8905989466477,0.8867877992898868,68.10058634552769,-2.786942479561228,-0.28766702914357417,13.245276000816375
264,8.8,track,1,230.16649104320337,248.73393045310854,241.60229252104457,257.56700109193343,230.80209995697277,249.52626417039428,1.0157713378565885,89.70515637983145,-2.817989465375924,-0.25776933013737746,11.92927400006738
265,8.833333333333334,track,1,249.11244979919678,237.03965863453814,242.72490488033355,254.65552501853736,248.74637490754623,237.30917973351495,0.4545904190484367,71.30441502826095,-2.7924789929788023,-0.19831135606315847,12.878916000772733
266,8.866666666666667,track,1,224.59649122807016,241.09927257167308,240.8299597779296,252.44361889549708,224.2748495228101,241.49541183553544,0.5102741448829412,95.73683037597658,-2.8384651787641775,-0.15678354308623588,12.628250999114243
267,8.9,track,1,250.5920078934386,242.63443512580167,242.1469178529139,250.5934625016213,250.75449578551843,242.96437319200925,0.36777906765522034,69.30892700323162,-2.806637826140685,-0.1238593078828731,12.711287001366145
268,8.933333333333334,track,1,234.19650900900902,236.36317567567568,241.40989092779688,248.15397559713244,234.5648753308435,236.4153378041841,0.37204117341014553,85.51029370954367,-2.8247059413848095,-0.07677251838877602,12.360835999061237
269,8.966666666666667,track,1,252.04660278745644,261.0579268292683,242.84083048029308,248.8697782651815,251.5616456702826,260.95446438269266,0.49587083333161075,71.57442225352214,-2.7910941779049727,-0.10374657153046403,12.681394999162876
270,9.0,track,1,230.79533574587856,274.4837153196622,241.62922998704389,251.19840230959664,230.71678432090042,274.1387296918348,0.35381550244949794,95.5873708550077,-2.820955964549876,-0.16462066675580486,12.845960000049672
271,9.033333333333333,track,1,249.89791183294665,250.09899458623357,242.76457388755347,250.50958897449814,249.13308228687174,250.54402355336586,0.884881357095955,71.64702686680883,-2.7941080108209437,-0.15042600340447843,13.166868999178405
272,9.066666666666666,track,1,225.43130118289355,257.3343949044586,240.8924176666751,250.765329038712,224.7889371604242,256.9331778721125,0.7573682356737677,96.7051136181032,-2.838852511592594,-0.15889558840356097,12.72601799973927
273,9.1,track,1,229.50402576489532,234.94605475040257,239.61350980524077,248.3630134760905,229.9280151114052,234.67035610257852,0.5057437200459071,90.2295271285657,-2.866911516518117,-0.10454060023541738,12.480073999540764
274,9.133333333333333,track,1,223.65792198826372,262.263030721436,237.7114267269314,249.4127603188566,224.1154558376841,262.6426532508723,0.5945170209683069,98.52175168689575,-2.9082355004788956,-0.13357315792375787,12.938215000758646
275,9.166666666666666,track,1,212.8605476673428,235.71653144016227,234.63853024172593,247.2600312557929,213.18248571774518,236.0455648657985,0.4603336871040446,106.89068675366586,-2.975082918277265,-0.08540612501991773,12.637518000701675
276,9.2,track,1,215.72582905184493,230.4871555347968,232.10998545209281,244.65146779992304,215.81114505409042,230.58788051024845,0.1320012913531014,104.61312292551614,-3.026504976543347,-0.028941586929834274,12.547827998787398
277,9.233333333333333,track,1,240.58512396694215,238.900826446281,232.7320865182154,243.25324160165016,240.22669959926895,238.37223344972497,0.6386537272654179,79.78990588268337,-3.003470965624971,-0.0028833208924226097,12.283902000490343
278,9.266666666666667,track,1,223.410998552822,231.579835986493,231.28567660510515,241.11355674346493,223.31924646269294,231.96146703299905,0.39250567091489263,97.01436036383001,-3.031940719752331,0.04057049957742068,13.461663000271074
279,9.3,track,1,233.64213094753964,231.03456689711265,231.17586181999968,239.09196529622764,233.2166159586934,230.9609892883181,0.43182944578702864,87.25284786359015,-3.0289297666766175,0.08043643484383214,12.836074000006192
280,9.333333333333334,track,1,215.24181748170966,218.58721601848288,228.89741110919644,235.76218019400486,214.73949494568058,218.14372953644542,0.6700807339064823,107.50567651462156,-3.0778605929623093,0.1504672497288198,12.798018999092164
281,9.366666666666667,track,1,220.4913061059442,246.0376061463809,227.41527809297364,235.9827191228489,220.86567301324186,246.28789381283212,0.45032710029178347,99.33354114154461,-3.106414070211567,0.1357723407834752,11.980558001596364
282,9.4,track,1,223.33672638436482,241.42956026058633,226.39797226150677,235.7023490677349,223.87975065426187,241.47851207415823,0.5452262262118343,96.13161983572472,-3.123931270456725,0.13603077764134716,12.927810999826761
283,9.433333333333334,track,1,235.28740623766285,235.81721279115672,226.90823767325492,234.82791801306865,235.22606907440417,235.32801670586989,0.4930264267324694,84.90257235489585,-3.1063996245255874,0.15180353258530863,12.803116000213777
284,9.466666666666667,track,1,201.99706005879884,223.30995380092398,223.43998736831767,232.56981576251218,202.00959380578746,223.80044965304123,0.49065596476329615,119.09727698532373,-3.1837577198456435,0.20029065292489928,12.98189299996011
285,9.5,track,1,229.28104026845637,250.11661073825502,223.48622389996044,233.71714960310354,229.1068681990574,250.1919231090998,0.1897573792003349,91.46276130341421,-3.1757054755844694,0.1678584845869296,12.29778499873646
286,9.533333333333333,track,1,226.1593966571545,211.40521810028537,223.1977247944229,230.2225248018797,226.25474687936935,211.46700324646613,0.11361808467404981,97.99134852826695,-3.1775914276755985,0.24713207856175523,12.743203000354697
287,9.566666666666666,track,1,230.42727684639783,246.3914816492977,223.4766856581919,231.18667013505083,230.06052542702736,246.7697565693813,0.5268761892271262,90.19389497339093,-3.167340957321661,0.21879905609129646,12.83488499939267
288,9.6,track,1,207.6626317844592,246.62592737212026,221.05271530215472,232.17931422496858,207.96617913437606,246.72476104567465,0.3192320295174198,112.23546422086085,-3.2214396240756975,0.19303484128755088,12.903472999823862
289,9.633333333333333,track,1,234.3236477425123,248.50558784085828,222.00515358222097,233.38803206601443,234.81016546307595,248.11755563090938,0.6223089975087005,85.57571278025914,-3.194442023266828,0.16449919269523783,12.409898999976576
290,9.666666666666666,track,1,196.82205289108023,245.37023756163157,218.4525530853483,234.19233156727856,196.92026154982563,245.18792475200337,0.2070818707832662,123.18902784012779,-3.2749283889390757,0.1472384857445608,12.380950998704066
291,9.7,track,1,220.6312640239342,221.12565445026178,218.00754132031656,232.0860687461374,220.7202468551882,221.27908679510745,0.1773680599849384,101.02941143904525,-3.279000784689257,0.198663182994551,13.295523998749559
292,9.733333333333333,track,1,234.42466922748613,248.1186513017499,219.28531927030812,233.37642044784832,234.773090154467,248.2343595118631,0.3671314917652957,85.62377495993282,-3.2442997920183956,0.1676385206266324,12.58246900033555
293,9.766666666666667,track,1,207.05034423407918,220.13855421686748,217.25177683262228,231.278478433654,206.8593062480549,219.80501846039962,0.38437171194924347,114.92890786071287,-3.289809795193589,0.21782382778049683,12.698403999820584
294,9.8,track,1,215.12592332043616,221.94336967991558,216.3495422304339,229.56246184006292,214.9523147643139,221.90403654147244,0.1780085013100176,106.59493452724733,-3.3068025664528915,0.2562808699387222,12.122594000175013
295,9.833333333333334,track,1,221.8721997796548,223.5515975027543,216.352698793871,228.18599135777626,221.48134107331444,223.597917575108,0.3935937974929444,99.87469381472742,-3.302722231370921,0.28538154556906503,13.302646000738605
296,9.866666666666667,track,1,201.64597039473685,214.88527960526315,213.97858885678247,225.90242188347605,202.0259975202416,214.212310539015,0.7728570244529783,120.75955526926323,-3.355119687281429,0.3351310701687605,12.79004900061409
297,9.9,track,1,225.91777301927195,225.83597430406851,214.69724296683364,225.11769445650145,226.17743695857692,226.2724102469101,0.5078402244598299,94.82151684133167,-3.333245510718909,0.3484228006619717,12.838365999414236
298,9.933333333333334,track,1,219.70047355958957,227.6069455406472,214.6718367012322,224.64407920612396,219.57214777861552,227.79402397249896,0.22686085102264564,101.16688861769038,-3.331190561490031,0.3553707119512028,12.150685000960948
299,9.966666666666667,track,1,216.86535662299855,228.66157205240174,214.3486958190459,224.37578931947155,217.1503190568937,227.9951848005746,0.7247589655390009,103.54792348507584,-3.3368173371094216,0.3585815583796311,13.72808099949907
300,10.0,track,1,217.1916702082448,249.7305567360816,214.12238629631932,226.69191650989094,217.18282564910683,250.27442163740778,0.5439368135370816,103.32925569017323,-3.340322418397855,0.3024728784513193,12.724059000902344
301,10.033333333333333,track,1,236.68825561312607,229.19775474956822,216.27816341548635,226.45088482164593,236.55344267706104,229.37678622433478,0.2241133567808129,84.12003685195353,-3.288665451941069,0.3100194175532719,13.32237299902772
302,10.066666666666666,track,1,225.69512740277156,252.18283415288332,217.01682237236548,229.0084447192718,225.26108367751243,252.00428046791245,0.46933503369501195,95.49641362643733,-3.2733273263991975,0.2517318414235073,12.743449000481633
303,10.1,track,1,213.10970636215333,219.24673735725938,216.2280906257962,227.49765987059234,212.63290857208798,219.68692529398785,0.648923379338789,109.27174074618583,-3.2939475157426186,0.2915840526319599,12.583271000039531
304,10.133333333333333,track,1,213.27038813781073,217.72001744439598,215.52915938128277,225.92214883830243,213.48378935087942,217.8820000854397,0.2679150121562594,108.78836818000497,-3.3107304026846665,0.3299829814960584,13.488310998582165
305,10.166666666666666,track,1,205.58027079303676,230.57369439071567,213.97693430992913,226.00981702694588,205.92632484300938,230.17349901181274,0.5290649740794777,114.49612869216786,-3.346248993268523,0.3274432850420949,12.581058999785455
306,10.2,track,1,217.6334548400162,249.16646415552856,213.98788925101738,228.34531190000916,217.81629404957513,248.70537739408164,0.4960153003020584,102.55385588721802,-3.343499337414313,0.27308491480220737,12.655691998588736
307,10.233333333333333,track,1,228.9609634551495,241.01453488372093,215.37997990626587,229.5851125293826,228.80980253716885,241.3203588099868,0.3411420481286796,91.19975581489923,-3.3094015514185187,0.2475833449329026,12.382920000163722
308,10.266666666666667,track,1,222.02337164750958,239.38544061302682,215.87930203172513,230.5688345116989,221.94245887518113,239.27013863209396,0.14085958800491905,98.06025733732247,-3.29845945960329,0.22891289080251137,13.1089049991715
309,10.3,track,1,217.07695406929895,223.3440773569702,215.7741318533049,229.58360489076378,217.21303699199814,223.17744709292936,0.21513764604241406,104.15449126523318,-3.3020457544421196,0.2564458783426246,13.698196000405005
310,10.333333333333334,track,1,233.60163132137032,236.42936378466558,217.66769244877534,230.23360265595392,233.62932509301095,237.33148276689528,0.9025439618582706,86.41188846514214,-3.2586772525899557,0.24347387333301246,13.74262900026224
311,10.366666666666667,track,1,214.86822289156626,237.29969879518072,217.21573136605483,230.95712416554497,215.44649855792693,237.42544241139154,0.5917889854691871,104.58519498750594,-3.2722014019618597,0.22923465512354524,12.549397000839235
312,10.4,track,1,196.35577315381477,231.68013055895554,214.58599101949653,230.97034805956068,196.79875069289565,231.33031103621053,0.5644491107475527,123.5059162046909,-3.3348439554967237,0.23196490459037536,12.127443000281346
313,10.433333333333334,track,1,212.4672097759674,238.02566191446027,214.05876174613525,231.7462749705151,212.82409572097419,238.19580595756383,0.39536890766347516,107.19108906140318,-3.3446026499686887,0.2162500654824161,13.352433999898494
314,10.466666666666667,track,1,204.32083333333333,247.58833333333334,212.60821901170084,233.62084368005108,204.38834219475194,247.5395446524265,0.08329334760150957,115.85724040405808,-3.3758664387316712,0.17539806261563953,12.684671999522834
315,10.5,track,1,202.36141038197846,222.59108716944172,211.03371973986634,232.38807953446536,202.66450399114828,222.20395818893755,0.4916651131265958,118.67736822066935,-3.408792383241505,0.2087976859094831,12.545788000352331
316,10.533333333333333,track,1,200.44841628959276,211.59909502262443,209.35271009877602,229.91358931576406,200.73377823582416,211.35067015688935,0.37834687030880115,122.65894078444066,-3.4431734688876556,0.268427920455127,12.208821999593056
317,10.566666666666666,track,1,229.84848484848484,213.45741195741195,211.3209811612042,227.81783001391634,230.10925149440538,213.45475272922044,0.26078020461534845,93.7283138627965,-3.3918501317142877,0.3157627560354691,13.204642000346212
318,10.6,track,1,217.40042735042735,250.7363247863248,211.70622570345483,230.32166466327186,217.85296271146103,250.8753676966202,0.47341438918700407,102.72434399577766,-3.3816576375609015,0.25385311668160804,12.905724999654922
319,10.633333333333333,track,1,230.41103117505995,237.85851318944844,213.64472760015954,231.14139600443494,230.1762576867582,238.19565355811125,0.4108311319647818,89.84186301072582,-3.3362426576123125,0.23578305451486628,13.046231999396696
320,10.666666666666666,track,1,238.62451361867704,233.67821011673152,216.46132696409057,231.41430126370975,238.28967850202187,234.13491548098722,0.5662988125410566,81.92054599255373,-3.273132332366325,0.23146029197732534,12.151812999945832
321,10.7,track,1,250.69354838709677,244.81517000871838,220.553196727856,233.00370698257106,250.3561619162346,244.12910550997069,0.7645352360504716,69.76613573468292,-3.1834616964758715,0.1963830964230544,12.680813999395468
322,10.733333333333333,track,1,267.32522796352583,244.12201476335215,226.37421961900367,234.4100641828761,267.88429727193505,243.93022989749556,0.5910498510081825,52.26368890431677,-3.0574726737197366,0.1672094551764896,12.79861799957871
323,10.766666666666667,track,1,236.02759325498212,225.19110884006133,228.06790595595115,233.45817380431632,235.9203547858158,224.90025649971255,0.30999221466917487,85.42475632460162,-3.032497678912892,0.19395285992863245,12.773480000760173
324,10.8,track,1,249.07794508414526,233.433569530558,231.18037174030664,233.54291901660676,249.3660604542529,233.31577168048554,0.31126644530684805,70.9495054526785,-2.9725015747505337,0.19410189314536483,12.521367998488131
325,10.833333333333334,track,1,256.26852267624605,223.7629097440503,234.91681832958403,232.46015465303904,256.52546501206143,223.67630345092442,0.27114574299307737,65.53990891785965,-2.8984891280854495,0.22115723677838844,13.022617000387982
326,10.866666666666667,track,1,266.3474945533769,243.64233841684822,239.5743523527035,233.81810075431835,265.7995462630275,243.83925496569722,0.5822572078621909,54.33625920124911,-2.804247620518377,0.18952475926226825,12.99111600019387
327,10.9,track,1,285.3164902697166,227.62034824172073,246.14727936879314,233.17232944844682,285.3263283377929,228.11319169386246,0.4929416353915026,36.65460023305946,-2.6675470492548223,0.2065644148737554,12.95733499864582
328,10.933333333333334,track,1,280.80421254188605,225.64241263762565,251.69271937154957,232.32496937420177,280.8572253364857,226.0535745900936,0.4145654442286821,41.55309362818535,-2.558773007964827,0.22708304450323089,12.719836000542273
329,10.966666666666667,track,1,267.5332355816227,233.7126099706745,255.20949744576325,232.49320638849798,267.657509754795,233.17464539994708,0.5521321847851157,52.78562067917591,-2.4986044688849445,0.22279994136916814,12.1879930011346
330,11.0,track,1,298.2596418732782,256.35468319559226,262.07418328918453,235.35843851899486,298.1778926856097,256.17635720996833,0.19617106522931435,27.163926450814508,-2.358865759227498,0.15609281257633192,13.308277000760427
331,11.033333333333333,track,1,298.05384957721407,259.86782376502003,268.36879730651583,238.46101605123667,298.32550242200585,259.9294403876137,0.2785531839044731,29.444293834662115,-2.2356889745546327,0.08760228836973756,12.798621000911226
332,11.066666666666666,track,1,298.6264755480607,256.0699831365936,274.20511684653843,240.90133876394165,298.1804025821909,256.039605474476,0.44710613195930626,27.080690080795627,-2.1247133680335657,0.03741885102973541,12.82514200102014
333,11.1,track,1,313.09832841691247,227.87266470009834,281.2601228461439,239.79310788945887,312.8205147635492,228.12426614553686,0.37481157044811825,13.877249829935918,-1.9858666858708909,0.06631640932118639,12.531895999927656
334,11.133333333333333,track,1,311.09310496267017,250.0395256916996,287.47399802327527,241.3776530940384,310.96406598831817,250.53266192486478,0.509739542670732,13.87750232163428,-1.8685458912317592,0.03849901499677133,13.066895000520162
335,11.166666666666666,track,1,314.0184077312471,244.00828347906122,293.47441332388655,242.11735365382737,313.9827114873327,244.40499005875407,0.39830934234736864,7.457325154665025,-1.7564312292420958,0.026001843316264442,12.821006001104251
336,11.2,track,1,305.99461123941495,245.11431870669745,297.9540495361063,242.91526230039597,305.4469003654796,245.0278835437652,0.554489169252319,15.397153045350366,-1.6795567435884957,0.011605314966340317,13.246436999907019
337,11.233333333333333,track,1,298.7771787960467,244.51392632524707,301.0960184047735,243.5626871608995,299.0403323486783,244.19545408798686,0.41312753257093837,21.375441587444847,-1.6316474156748375,0.00039556917758734426,12.367184999675374
338,11.266666666666667,track,1,313.044964028777,242.97886690647482,305.5509006711041,243.9563449300782,313.48310306239915,242.8442901952486,0.45834125276680554,7.110550781064612,-1.5499120747533492,-0.005330038833830772,12.80533600038325
339,11.3,track,1,307.1601748807631,259.8755961844197,308.82628974247353,246.3162103385608,306.66423444085433,259.7519819661677,0.511113876637073,23.832403039565904,-1.4950618401430447,-0.05759912659047353,12.752734999594395
340,11.333333333333334,track,1,312.19101123595505,241.2541650523053,312.2989324343856,246.2700997657988,311.9478791535382,241.55907964475966,0.38998220240409986,8.20166930964229,-1.4336564657117616,-0.0516961099284759,12.705275999906007
341,11.366666666666667,track,1,334.092364990689,254.1415270018622,317.9746961414721,247.73255039501367,334.0381981229635,254.33196561170823,0.19799220610743448,20.06181060709034,-1.3199165248650528,-0.08269212554165624,12.680863999776193
342,11.4,track,1,328.7285771223595,237.01355121562375,322.4529239452887,247.02051466586067,328.78428714748253,237.1352902659832,0.1338805560252383,9.239602943286977,-1.2359851435511495,-0.0622095380584144,11.891930998899625
343,11.433333333333334,track,1,312.2496301775148,245.50184911242604,324.4726040411071,247.33258284626078,312.28988818929855,246.07581659566617,0.5753775971740501,9.816382808228823,-1.208946045950963,-0.06790365010765913,12.745275998895522
344,11.466666666666667,track,1,353.6044839255499,253.5363790186125,331.1034283174288,248.55426374485583,353.80566518994124,252.91010608328662,0.6577930454662722,36.18692910452777,-1.0707014431305915,-0.09511416923170793,12.607909999132971
345,11.5,track,1,321.3001745200698,222.66884816753927,333.2492050943644,245.97623585370042,321.66943991785985,222.43675671122222,0.4361460513410845,17.64240755849784,-1.0403957384684817,-0.03268915686446906,12.598130000696983
346,11.533333333333333,track,1,351.8565789473684,249.59298245614036,338.7017138273156,246.74899998639205,351.3209947516108,249.05379370995533,0.7599835095302572,32.60331107070043,-0.9293464262703877,-0.05263668414492179,12.251485000888351
347,11.566666666666666,track,1,336.4768097095795,253.67100130039012,341.7629882197507,247.938702433878,336.45337407074777,253.55365802346518,0.11966066106676859,21.317015835454008,-0.8757247643501858,-0.08094191753566621,13.097441998979775
348,11.6,track,1,360.921490593343,245.41244573082489,347.3413182164356,248.04210475038784,360.80942691219934,245.6607491264064,0.2724203459522926,41.20016268868669,-0.76131333726892,-0.08242414910422641,12.985401999685564
349,11.633333333333333,track,1,367.2480957562568,255.860718171926,353.11253263890734,249.36265835034445,367.48971401301077,256.43670314137574,0.624610332150238,50.25373764403263,-0.6440526432541928,-0.11269210266882465,12.884368999948492
350,11.666666666666666,track,1,363.5044980208708,247.13673983447282,357.8534678840502,249.531432014332,363.56289578474025,247.54471924840797,0.4121377209378202,44.21140890866788,-0.5520853145306759,-0.11480804794962134,12.716145000013057
351,11.7,track,1,363.8258404212232,218.52126366950182,362.10887680788653,246.23958164584843,364.040077551746,218.08245084105323,0.4883177720559602,49.192554232308865,-0.4708653372698131,-0.03673851330451261,13.222230998508167
352,11.733333333333333,track,1,379.44506199230443,256.6344591705857,367.73638938900183,247.6884397653027,378.9719191446148,256.39510356218716,0.5302407581388991,61.20855061520266,-0.3564613764941929,-0.07410597175725947,12.787552001100266
353,11.766666666666667,track,1,375.1614793116075,223.80446722812158,372.26775241534284,245.10590411088845,374.68958177927766,223.35708641074987,0.6502590843434265,57.16587205607508,-0.26844192159570274,-0.014657239004468239,13.16664199839579
354,11.8,track,1,399.7995893223819,255.92813141683777,379.22577141072384,246.51179916017512,399.3591409740226,255.8912300141257,0.44199147174416764,80.93456892760126,-0.1227972900459126,-0.05152278309646926,12.373035000564414
355,11.833333333333334,track,1,399.0420856610801,237.9906890130354,385.41771271300064,245.67606230370276,399.02143696215836,238.3367227434833,0.34664926276404995,79.03893971199521,0.0027277218413012394,-0.03322367582529586,14.2161270014185
356,11.866666666666667,track,1,392.1942103334555,245.07988274093074,390.15391731354543,245.72957623671996,392.1672156943269,245.39883831024363,0.320095869603769,72.3688778147876,0.09386291402374258,-0.03655301795696158,14.03095800014853
357,11.9,track,1,399.2136222910217,240.8642193719593,395.1787115476548,245.26758034083866,399.3798222867679,241.04485477338136,0.24546198653342846,79.38669855697684,0.1934525617937844,-0.02731680201687803,13.040324000030523
358,11.933333333333334,track,1,386.0,238.98690878378378,398.0530417567399,244.60279678879078,386.4681700828796,239.20612219042303,0.5169504271725689,66.47291084451736,0.2438153639372435,-0.0136237381776959,12.68426500064379
359,11.966666666666667,track,1,424.1813587871982,241.87815833801235,405.0580724812801,244.3205315220249,423.5495334450677,241.55680794502297,0.7088507163237672,103.56123564186014,0.394128183277933,-0.009295727433731098,11.814761001005536
360,12.0,track,1,409.1068393363011,259.0586806960745,409.56814605377804,246.10809576659562,409.0173706608447,258.59318150351226,0.4740191369174948,90.93843344699073,0.4835577785429306,-0.053091013022959,13.147425999704865
361,12.033333333333333,track,1,424.1234676007005,233.55210157618214,415.33121652626664,244.73007721530917,423.73336462569006,233.35063172483316,0.4390562972041076,103.94626032246259,0.603719228963071,-0.020245562761701797,13.025273001403548
362,12.066666666666666,track,1,390.9967845659164,223.94763435920993,416.51029123138994,242.2831276300874,390.726196670032,223.80631736602953,0.3052675907473844,72.55639360289209,0.6164633427920798,0.03544662141309465,12.904313000035472
363,12.1,track,1,397.6296475132786,234.29357798165137,418.14734673219084,241.22651516893526,397.86508859126815,233.93731289507681,0.4270331522456473,78.10075669453042,0.6455323970822922,0.05590474807134213,12.737364999338752
364,12.133333333333333,track,1,393.57905892327256,228.31920305214075,418.94798383678153,239.52898766025197,393.42518190990097,228.35784681910877,0.15865521097536484,74.34243114930655,0.658477898420957,0.08019960984001541,12.52443999874231
365,12.166666666666666,track,1,373.59638242894056,225.4940568475452,417.06993187536443,237.61125647958863,373.3576088744915,225.49568317960916,0.23877909301320907,55.29384804143666,0.6123706569606904,0.13135091478020552,13.453951998599223
366,12.2,track,1,364.9061619009263,227.581957309706,414.0461962824424,236.08031300672098,364.9217087216029,227.62703002584743,0.047678646934612726,46.594530799760335,0.5453410178452004,0.160860368797354,12.970027999472222
367,12.233333333333333,track,1,367.8353658536585,192.30400696864112,411.36024994775664,230.44876330597685,367.72578191663393,192.4070442439579,0.15041715114478546,67.40059122256038,0.491658599809732,0.2861058374234975,12.827870001274277
368,12.266666666666667,track,1,363.85784047748234,205.62018448182312,408.18845235381525,226.79280229567286,363.3424013092909,205.72119331940257,0.5252431069276834,55.25939140726571,0.4299485682799531,0.360134070352485,12.168295999799739
369,12.3,track,1,353.00251783466217,218.65169953839697,403.7602376345701,224.9713416469732,352.96261735190234,218.68049828293806,0.04920788769710429,39.256277156038884,0.34176364167239554,0.390408695049686,13.525028000003658
370,12.333333333333334,track,1,368.8143843080276,210.27787867780603,401.3661359912414,222.3181491683417,368.5753526526936,210.39991956331926,0.26838425808638666,56.883474289036855,0.30454992392081853,0.44185583134362816,13.195883999287616
371,12.366666666666667,track,1,349.1149521032903,180.16701374427322,396.65459905397665,216.28954284669638,348.9387849592798,180.22693928290724,0.18608044714421423,66.40987925308023,0.21299984515386367,0.572333890189056,13.226835000750725
372,12.4,track,1,331.49898000815995,184.62137902896777,390.037828503961,211.23959741505595,331.62863232537075,184.91552559361782,0.3214528345707265,56.29852938031358,0.07965130160775144,0.6759658652391495,12.982453001313843
373,12.433333333333334,track,1,345.2277475971584,182.63267864605098,385.4085393596585,206.35309063989203,345.1119562400893,183.02310004372086,0.4072302863619163,62.26537942413907,-0.0031672524661390533,0.7743812383969867,12.759347999235615
374,12.466666666666667,track,1,354.5837390457644,206.5827653359299,382.145863738595,204.73463394270834,354.88774157896404,206.85526106066771,0.40825416126744873,48.12201400437295,-0.05387248800924195,0.7958744855458434,13.357290001295041
375,12.5,track,1,337.4685193226227,172.80243161094225,377.016671287055,199.28391683506428,337.6176286328321,173.26120263567748,0.4823944853828097,69.0249803497291,-0.14984822894115865,0.9106264751641082,13.047272999756387
376,12.533333333333333,track,1,349.58559782608694,205.9134963768116,373.648900361533,198.24329101041542,349.8609224548596,205.26331150567626,0.7060764957581196,45.80733803013247,-0.2036420392978132,0.9203212278078274,13.179943998693489
377,12.566666666666666,track,1,334.8010534846029,202.61021069692057,368.73255260416556,196.99046619669045,335.0241242982105,201.90642973407404,0.7382873638013531,40.94929067191662,-0.2951978616235239,0.9391865611847189,13.288538999404409
378,12.6,track,1,327.9215904868079,203.66518023039762,363.32308427418184,196.05642449518479,328.0926696126293,203.11378964857988,0.5773210900436079,37.76352493542395,-0.3975429813139862,0.9533249363143813,12.621242000022903
379,12.633333333333333,track,1,320.2843220338983,189.25169491525423,357.37764877092616,193.5682684261316,320.6066935800285,189.26242355894496,0.3225500233294045,50.74120357472762,-0.5114129840652598,1.0060781202141411,13.042382001003716
380,12.666666666666666,track,1,333.88235294117646,202.2469690166143,353.48705344898974,192.89895510922022,333.9065430689393,201.75214630861225,0.4954136399370203,40.69754602093432,-0.576103523421041,1.0160817734190752,12.807610999516328
381,12.7,track,1,331.456419868791,208.1776007497657,349.6223560158788,193.0901216967956,331.7897299297472,207.7400489822413,0.5500428583286561,34.34679273941845,-0.6420898657468898,1.008149855310807,12.860430000728229
382,12.733333333333333,track,1,330.9387550200803,190.41014056224898,346.0196289607751,191.24843661711162,331.0954854926514,189.8938216112738,0.5395828946218236,51.31996600778774,-0.7034330440460331,1.0502780001471854,12.472641999920597
383,12.766666666666667,track,1,326.6892627412172,176.95497278574962,342.22473137973265,188.01147907426986,327.0718931048969,176.37182987747855,0.6974680255585267,64.01996333353854,-0.7707305428521678,1.1242418673640762,13.340311999854748
384,12.8,track,1,335.2526165556613,184.59514747859183,339.7895095432722,185.99116766518034,335.3811230550823,184.24520797326346,0.37278891853554624,57.837494589411705,-0.8071758613254093,1.1675890193302834,12.952420000146958
385,12.833333333333334,track,1,329.60499040307104,183.0840690978887,336.93556424069106,184.02112795342637,329.23334476796293,182.82994210940365,0.45022328279575446,57.910881316193134,-0.8558320050902856,1.2098311500520995,13.30784399942786
386,12.866666666666667,track,1,353.1809191390343,192.4520069808028,337.1866306337679,183.39989514628084,353.6314470848337,192.12155633549924,0.5587244928654769,58.50999573367566,-0.8332533759100503,1.22075500075582,13.6743179991754
387,12.9,track,1,328.8540505083634,213.53164972122008,334.62012741823725,185.44285314499587,329.175033889953,213.55734770828576,0.3220104311911684,27.989196256811063,-0.8813018161128336,1.1713540451889917,15.876037999987602
388,12.933333333333334,track,1,343.66605672461117,178.89341262580055,334.0880687918303,183.31286232405296,344.27368369602806,179.17863289928513,0.6712385126018057,65.4862612780325,-0.8817101575576028,1.2240369040012473,14.830056999926455
389,12.966666666666667,track,1,315.77695972282373,189.79255088783023,330.35722746261587,182.70741403696002,316.49592915730284,189.82010792203198,0.7194973508284811,50.302088241216765,-0.959314063622599,1.2391015761496689,13.977193999380688
390,13.0,track,1,324.39825360668186,200.418754745634,327.9926030871702,183.49913588186757,324.68742348800316,200.81259477774873,0.4885992132203055,39.46675394567952,-1.0027886226826153,1.2221054177567012,13.606997999886516
391,13.033333333333333,track,1,312.0098752598753,186.74428274428274,324.40184258880834,182.68962563979812,312.379786026686,186.7742239311821,0.37112053308251,53.76849355456259,-1.075141332829205,1.2446482959147502,13.605295000161277
392,13.066666666666666,track,1,342.4868804664723,202.54907677356658,324.79099509048865,183.89793910395957,342.83603344300434,202.533910040913,0.34948223245332194,43.87701357467724,-1.0532929956142798,1.2195659794587725,13.354693999644951
393,13.1,track,1,334.71981602146417,208.46186278267535,324.33945413850364,185.81087911045935,334.98987737640476,208.96724830484385,0.5730162837562931,34.46343136620131,-1.0552638847669278,1.1802275599314052,12.805387999833329
394,13.133333333333333,track,1,336.1953888237593,189.9370847987495,324.19741576061205,185.45207241729136,335.8195249050891,190.4447088304659,0.631629513982776,52.0190758387732,-1.051878759131307,1.196306196645466,13.231961000201409
395,13.166666666666666,track,1,311.38293550025395,209.94108684611479,321.1963208858777,187.56266050725694,310.82686665364224,210.33580339489097,0.6819191418708384,31.05013583893994,-1.116944500939846,1.1535023941163518,13.310635000379989
396,13.2,track,1,323.6434977578475,189.9390134529148,319.94569493334313,187.1991153916364,322.9697769027607,190.04012254415665,0.6812656155352631,50.04806619895574,-1.1374891921934225,1.1707001538976156,13.048617000094964
397,13.233333333333333,track,1,303.71862011637575,217.2011637572735,316.4899155161942,190.1602677570743,303.3194616858111,217.67246662810965,0.6176195015939963,27.870398363209677,-1.2127238551261739,1.1086917274306076,12.810960000933846
398,13.266666666666667,track,1,291.4651731160896,188.63014256619144,311.884760208783,189.5562791838773,291.51323975561365,188.1863290929476,0.4464087822477197,59.12826736921587,-1.3111231954855076,1.132977240069445,12.053643000399461
399,13.3,track,1,309.43868281604847,190.39629068887206,309.82438292506225,189.22869072017448,308.9657138411413,189.78426878909028,0.7734794483612716,51.41376403339785,-1.3471620447799049,1.14839767316155,13.406222999037709
400,13.333333333333334,track,1,309.4306502955889,186.52341973624374,308.0065148457761,188.48600151438163,309.18473976766126,185.87667728759712,0.6919160228142486,55.193332163623836,-1.3787971368664733,1.1721833238744837,12.741987999106641
401,13.366666666666667,track,1,290.98293963254594,202.67629046369203,304.2106789468384,189.7489584364679,290.645940429087,202.35887955787445,0.4629450791010854,47.73379056215118,-1.4578481374654417,1.1477100626788947,12.766842000928591
402,13.4,track,1,290.31618398637136,186.44190800681432,300.68834607540254,189.01778356129316,290.1184684409503,186.3513751993578,0.2174571822844606,61.4091269382212,-1.528950762788145,1.1713200696300874,11.941687000216916
403,13.433333333333334,track,1,296.6533203125,210.42333984375,298.2661645060993,191.22244851523078,295.98674854244143,210.24052124047054,0.6911877938332414,38.23954525883936,-1.5737274249300308,1.1249288446398247,13.47575600084383
404,13.466666666666667,track,1,304.9423922603342,193.75197889182058,297.11269284085733,191.3158658880215,304.77246830835276,193.69342823980435,0.1797284849669608,48.74603891191848,-1.58991775657914,1.1305033637992172,13.717247000386124
405,13.5,track,1,284.7631689844079,206.30088495575222,293.7434900504376,192.9174190281768,284.56939970109744,206.1307979185712,0.25782966348283526,49.014796614627045,-1.6602145837863391,1.100034993562628,12.997506999454345
406,13.533333333333333,track,1,311.733225545675,213.62085691188358,293.93427285568566,195.30475273218187,311.409242073745,214.0466245548114,0.5350171734141861,27.338229985615968,-1.6463250418825512,1.052529384929216,12.640476001251955
407,13.566666666666666,track,1,304.78897208985705,224.12729748127978,293.407272879103,198.80252808262122,304.9561140886353,224.17410228541033,0.17357170692620738,21.835236242981495,-1.6530001637716827,0.9809580759115062,12.469130999306799
408,13.6,track,1,310.51181102362204,232.66484080794248,293.7143665761145,203.0958402881729,310.14301790860577,232.91606668033305,0.4462317790586034,12.138459837539285,-1.6419635764674676,0.8934431222499324,13.112184000419802
409,13.633333333333333,track,1,284.72603773584905,246.01811320754717,291.0288306113324,208.69779024524033,284.5510908480707,245.52245752477756,0.5256243615027103,35.87649226408162,-1.7030802553822744,0.7781196924912809,12.508272000559373
410,13.666666666666666,track,1,303.1458333333333,250.44132653061226,290.81935422025265,214.44291930724572,302.71057103015363,250.9951242213269,0.7043757199181112,20.48943900515025,-1.7042341378866788,0.6628951777617029,12.827217999074492
411,13.7,track,1,317.85,257.9329365079365,292.48729414341614,220.67099794029122,318.0123905390503,257.92118261688165,0.16281535900510258,18.031067016593276,-1.6632345673281892,0.538827999473171,12.482412001190824
412,13.733333333333333,track,1,322.94419441944194,253.81458145814582,294.7580950303344,225.94541982644634,323.1143393901269,254.0021532661071,0.2532439420622585,14.344316153949242,-1.6116970957312204,0.43916970285662127,13.364071999603766
413,13.766666666666667,track,1,341.0037878787879,264.4109848484849,299.13172507349816,232.0685016643577,341.0483996665217,264.1951241965782,0.22042239597277016,32.06928691769547,-1.5142567335024464,0.31983017438215966,13.325027999599115
414,13.8,track,1,311.64141856392297,264.3817863397548,299.78957309503033,237.70206214319512,311.24475081540527,264.80780887552555,0.5821000804832842,26.30744703480273,-1.5083639899327306,0.21292646780605207,12.929758999234764
415,13.833333333333334,track,1,322.57745884339386,297.53018151118613,301.766856760042,246.82933380617888,322.6498063270514,297.630168769859,0.12341641012641724,57.691054991335626,-1.4702448435150202,0.024385258261731588,13.814449001074536
416,13.866666666666667,track,1,347.20008389261744,288.39513422818794,306.6108088319918,254.1585856738116,347.6204999705868,288.38172819880407,0.4206297662303458,55.71071388995244,-1.3658478665924996,-0.11800972365755369,12.333066999417497
417,13.9,track,1,357.3741963137591,269.68152593227603,312.40124675413136,258.63396532282854,357.1671294569806,269.4549573826679,0.30693646060328367,47.42351765197028,-1.2433506737715048,-0.19337850073784257,13.253102000817307
418,13.933333333333334,track,1,367.245822502785,308.0055699962867,319.0221785561893,267.24151772843476,366.5579528186669,308.7454813076715,1.0102640501591804,83.02761089474167,-1.105315445355268,-0.36871471012319545,12.64294500106189
419,13.966666666666667,track,1,348.2502266545784,290.6319129646419,322.9467187253514,273.0522696865863,348.59408877475585,290.59984763423796,0.3453539388900095,58.120276095926414,-1.0337987251294036,-0.4761528542533458,13.18254100078775
420,14.0,track,1,354.4723858615611,281.0780559646539,327.3386923708284,277.1593707647536,354.5625693104873,281.47280017082215,0.40491485865995464,53.98670532039516,-0.9502990302020252,-0.5457497877604319,13.020073998632142
421,14.033333333333333,track,1,356.8926724137931,299.9883620689655,331.7014554364685,283.0666657114955,356.80654001333266,299.7003099428829,0.3006539834257853,70.13450217282033,-0.8672081282179277,-0.6610235084284592,12.849298000219278
422,14.066666666666666,track,1,379.2473075388911,319.8970881531711,338.4077180006843,290.77726975475565,378.58221820505435,320.35332027201775,0.8065305749013553,99.4410999967421,-0.7290597756934023,-0.8188047025677426,12.828224998884252
423,14.1,track,1,371.0853941267388,286.9393353941267,343.6467949584113,293.8459387542621,371.6066384522319,286.8574078048994,0.5276436076892884,69.7055363549699,-0.6277363868198298,-0.866414494871861,12.79381299900706
424,14.133333333333333,track,1,378.0802953391786,319.6968158744809,349.30476664337925,300.412593181516,378.15690420845976,319.89101184286204,0.20876061167768442,98.81699894445433,-0.5164054033590912,-1.000460814682116,12.58741700075916
425,14.166666666666666,track,1,395.189586645469,294.96820349761526,356.5513243536118,303.3833816585238,395.0944764076881,294.69301023010433,0.29116540284532155,92.90051536442154,-0.36820943777404846,-1.0496044019623239,13.122832999215461
426,14.2,track,1,402.6240917782027,320.01950286806886,364.1145413172035,308.930771043655,402.14641765369817,320.09940617847786,0.4843109623325446,114.73425296519166,-0.21461098951607832,-1.1629242947195106,13.264192999486113
427,14.233333333333333,track,1,404.25,286.69869706840393,371.26090050588266,309.91422771425476,404.3668723736308,286.64585158965434,0.1282645560643188,96.40334343077822,-0.07233023093352663,-1.1693717263265193,12.990524999622721
428,14.266666666666667,track,1,405.15696420871063,291.8020698576973,377.9122432203602,311.21363978218204,405.36486179878,292.073833537762,0.342165027083392,99.99421867909844,0.05802071369160074,-1.1888509927472453,14.110759999311995
429,14.3,track,1,403.1008249312557,299.45875343721355,383.72966755419935,313.12554143778374,402.3102838334666,299.66053730088476,0.8158872194928064,101.65806675210824,0.16946574072015494,-1.2262181794363616,12.71623199863825
430,14.333333333333334,track,1,386.22016592214425,305.32354818123804,386.9800497992133,315.4061254665492,385.48200242868216,306.1598979911499,1.1155116976615314,93.08611466953218,0.22261366318823433,-1.2739719827131948,13.022748000366846
431,14.366666666666667,track,1,418.9815078236131,313.235182550972,393.7539472463995,318.28337681895715,419.411333955004,313.1256544269383,0.4435616227547713,123.40978346177151,0.36254120428087383,-1.336490985036506,14.058336999369203
432,14.4,track,1,406.0764679107874,284.1570323167956,398.36646017070956,317.3005538531357,406.2481780026005,284.47881044117577,0.36472663319269744,97.04180947936983,0.4508482188822337,-1.308801677941272,12.984378001419827
433,14.433333333333334,track,1,397.48168498168496,313.1824175824176,401.458176570407,319.654152551264,397.2817765890578,313.06085852878823,0.23396574313783405,106.35018590357355,0.5057439002099581,-1.3638573154337645,12.812161001420463
434,14.466666666666667,track,1,418.0549558390579,285.0765456329735,406.6102864667162,318.31574114272075,417.6341797209374,285.2432361443746,0.45259061874028866,107.60754372531673,0.6122399522027093,-1.3319108163463196,11.900768000487005
435,14.5,track,1,398.32458028411537,304.832974601808,408.87376502673715,319.24704759458956,397.8491485518838,304.7121551966225,0.49054323018680307,101.23316136743448,0.6512552436175502,-1.357080583266135,13.742525999987265
436,14.533333333333333,track,1,394.7515473032714,304.77409372236957,410.35891948246086,319.9501895362091,394.96802848164066,305.02861568279667,0.33413399846137515,99.24175609109783,0.6758407869547473,-1.376927936809097,12.835581999752321
437,14.566666666666666,track,1,417.58447991194276,303.17391304347825,414.27828565584684,320.2623234801164,417.87202522194025,303.1455416290122,0.2889415900495345,116.47442959150055,0.7609088687290783,-1.387963183401917,13.05290900018008
438,14.6,track,1,413.95238095238096,284.1327838827839,417.31972287460803,318.12983798972425,413.61465114384595,284.49535926385965,0.4955020994257639,103.65104873952757,0.8250278240247085,-1.3426636649370627,12.447935001546284
439,14.633333333333333,track,1,413.6907109496627,277.88894654904,419.9404938749452,315.2468189970436,413.2440219680528,277.7508777290855,0.46754042107106125,100.59610530281515,0.880221501995954,-1.2834359858628974,12.704753000434721
440,14.666666666666666,track,1,417.58817966903075,275.1881796690307,422.66636455091106,312.10116254947764,417.86600144576295,275.76056041539476,0.6362426097291014,104.19487473098269,0.9391088576771929,-1.2214747193434026,13.237856999694486
441,14.7,track,1,387.27755466309685,267.82373940205264,421.4026414071145,308.1699233463744,387.3721516762446,267.44286802883886,0.3924431141327648,72.74694376491134,0.9056739903551561,-1.1438020077173685,13.297854000484222
442,14.733333333333333,track,1,414.53416902547514,283.8297614233724,423.28992778420786,306.3158529396298,414.41585558111797,284.1854569913313,0.3748565167917643,104.24350528760684,0.9514509942939925,-1.1173555235705126,12.402680000377586
443,14.766666666666667,track,1,413.56872852233676,299.05927835051546,424.76938416665695,306.3336545224789,413.13486712183123,298.8784291210432,0.4700448474872543,110.18517545279342,0.9876725638016342,-1.133801664650148,11.825825000414625
444,14.8,track,1,397.89847473784556,276.8036224976168,424.1125782596782,303.63232381560465,398.2538357774678,277.1420213984927,0.4907089611933392,86.62097071410014,0.9745665697549702,-1.0838066558530255,13.227741001173854
445,14.833333333333334,track,1,378.30411919368976,260.0552147239264,420.9913885428026,299.046795622414,378.5753232250531,259.9166250020699,0.30456319152517125,61.868735581006696,0.907036471843045,-0.991167338751218,12.861077000707155
446,14.866666666666667,track,1,393.9832109129066,294.705666316894,419.7935684910263,298.8567392407831,393.88389623723356,295.0175641787382,0.32732809385543893,92.1181984808424,0.8896551430337427,-1.0043638136531226,12.635046001378214
447,14.9,track,1,396.0533739992375,268.67784979031643,418.7900623504486,295.5450653806746,395.742971443159,268.6635553122511,0.3107315222555528,80.98516608723894,0.8779808889244878,-0.9412995489299396,11.82285000140837
448,14.933333333333334,track,1,373.6165242165242,263.3994301994302,415.05016936823483,291.7936224576113,373.921004881286,263.3812998276407,0.30501997573111655,58.7721017919021,0.8029710504757456,-0.8695122746366966,12.990945999263204
449,14.966666666666667,track,1,400.5879985364069,295.4409074277351,414.66767194024953,292.10657178576787,400.81383615276025,295.13975467457567,0.3764247729569426,97.83286083570064,0.8101241390520929,-0.8941424706611918,12.443875999451848
450,15.0,track,1,389.05437245129133,277.8318985047576,412.8443797619628,290.30156924262934,388.810812639439,278.298203325962,0.5260813323318067,78.75074802245821,0.7819728697102152,-0.8651978451846639,12.118541999370791
451,15.033333333333333,track,1,385.7748776508972,256.0494834148994,410.6658049386801,286.0124693640298,385.74783757369744,255.57585476430089,0.47439989928616727,67.56763572344303,0.7461576479630044,-0.7780408335178021,12.854569999035448
452,15.066666666666666,track,1,363.1103633916554,260.12247644683714,405.8477442376394,282.49528559928154,362.7530630298849,260.75845545841605,0.7294743667122429,47.52618090543732,0.6495627452742968,-0.7118161529038363,13.205049999669427
453,15.1,track,1,348.56875,251.2578125,399.5414240857952,278.16824027740586,348.26822750623046,251.31476516679925,0.3058715016424759,30.448589411068255,0.5220659400101134,-0.6276349560026929,12.793720999979996
454,15.133333333333333,track,1,362.33469945355193,248.30464480874318,395.2475113299745,273.80061166716496,361.79752105785803,247.89754000633886,0.674014056931257,42.53708857848417,0.44596814566016285,-0.5440889433574424,13.392306998866843
455,15.166666666666666,track,1,362.9362166885103,236.87243337702054,391.28846723447634,268.39398930065886,362.4590749442337,237.1201769624058,0.5376254534811848,42.55662610978356,0.3780773025884081,-0.43732599009627515,11.986350000370294
456,15.2,track,1,350.33449883449885,223.75563325563326,386.0799539060627,261.82528728781364,350.66083537116975,223.53279802555858,0.39515955629188343,34.80309708237216,0.28075061975214866,-0.3053440853598536,12.682028000199352
457,15.233333333333333,track,1,322.73072113380573,244.64276781992496,377.9209693610915,258.25025510980714,323.23658242977825,245.06087778817766,0.656286215240942,6.007324680056783,0.11581919241199343,-0.24588930382038615,12.981075999050518
458,15.266666666666667,track,1,343.4620311070448,223.1747483989021,372.7968536844854,252.43174497836418,343.8723012231682,223.13100390430952,0.4125956240570995,29.230973212777222,0.026182247816511156,-0.1319683414242164,13.161734999812325
459,15.3,track,1,323.72100840336134,217.20126050420168,365.70131193199444,246.37194514433185,323.97270880974617,216.77480940668252,0.4951905018773944,23.562510337036617,-0.11040271587498073,-0.013666099265402687,13.317978999111801
460,15.333333333333334,track,1,320.2522522522523,193.20585585585584,358.71988038200016,237.94507630092815,320.4033252577116,193.44020608365776,0.27882446494042123,46.56154079061139,-0.24264071041846327,0.15887700677696784,12.208612999529578
461,15.366666666666667,track,1,317.79332023575637,196.26601178781925,351.9864246798694,230.55134062562843,317.9959039459745,196.28295593287356,0.20329108120464984,43.76295628680535,-0.3682546854411226,0.3037889295409513,13.292989000547095
462,15.4,track,1,313.40418679549117,189.1256038647343,345.27299548008966,222.92686121581633,313.56798687001134,189.45794846174167,0.37051773988946796,50.94967876837212,-0.4933243058951668,0.45316236896628753,12.894982000943855
463,15.433333333333334,track,1,332.3829787234043,213.76020701552616,341.38953194548526,218.9029841857668,332.2287741155681,213.84929404406284,0.17808862886608043,28.868708636921667,-0.5524926494549236,0.5177548884146085,13.35427400044864
464,15.466666666666667,track,1,328.5989193682461,203.59559434746467,337.4493827965323,214.10556305132363,328.508940773047,203.18047382254963,0.4247601650340266,37.78994020915057,-0.616840721259255,0.6046319725507433,13.664385000083712
465,15.5,track,1,294.7376497005988,210.376122754491,329.8634953409021,210.61276201390044,294.81242388366354,210.4842792211581,0.13148764099681,38.801955668636126,-0.769031539173206,0.6631547392080058,12.546709000162082
466,15.533333333333333,track,1,302.9574712643678,219.5367816091954,323.9004187910288,208.63142302246513,302.8681403769167,219.20319751301997,0.3453380324754043,26.944528346725434,-0.8807870027121307,0.6896384557331827,13.648828000441426
467,15.566666666666666,track,1,297.938441670254,216.00645716745586,317.8907891670884,206.54786707074882,297.6475950144197,216.33746686168118,0.4406349905319875,32.55066025691999,-0.9940941952532223,0.7227762080521302,13.021148999541765
468,15.6,track,1,334.7325291181364,181.22337770382694,316.848267313278,200.62569614692768,334.22308174661384,181.0256889856732,0.5464590136840392,60.66519112296116,-0.9918851989896005,0.8484364797679783,13.350201001230744
469,15.633333333333333,track,1,299.3687374749499,203.55951903807616,311.83733213334943,197.93529386975567,299.3236378707824,203.0330458103663,0.5284013945773607,42.356435791471164,-1.0890271145199268,0.8959318878903264,12.535343999843462
470,15.666666666666666,track,1,316.41541666666666,192.59541666666667,309.369397899611,194.29823738460905,315.9372165234738,192.71170265775234,0.49213596563596185,47.462503885761876,-1.126549137647496,0.9678459406258676,13.181639998947503
471,15.7,track,1,330.0681658468025,180.44975404075896,308.883029310867,189.63064730253515,330.96144988976846,180.40385672416693,0.8944623776816628,60.59582227381297,-1.12096986539472,1.0643270750420077,12.960850999661488
472,15.733333333333333,track,1,320.45725847243295,213.15022761760244,307.4667291542029,189.36211068610308,320.696807028042,213.42961652135742,0.3680240074176894,26.579518773605578,-1.1418665500239247,1.057282883621206,12.956140999449417
473,15.766666666666667,track,1,324.226986624705,220.04169944925255,306.7695477241512,190.13097690900258,324.700294939866,219.72823713171428,0.5676965613045745,20.809544500294514,-1.1481592662534692,1.0310949615081728,12.936516999616288
474,15.8,track,1,324.91844155844154,183.61714285714285,306.3713539011149,186.67950721121665,325.1092911246784,183.21336549859157,0.44660912687880516,57.01602155353588,-1.1499437884362516,1.1082874952397777,12.636686999030644
475,15.833333333333334,track,1,322.1070395371263,219.6364513018322,305.8257704437508,187.92514561890093,322.60914837954226,219.67505699954515,0.5035907957143404,20.491729142222397,-1.157294057337559,1.0739118827087286,13.402217999100685
476,15.866666666666667,track,1,351.2105263157895,187.13336306868868,308.94996631370344,185.37611844544145,351.1572799486821,186.4859888208624,0.6495603069452361,61.92354549185159,-1.080291539999494,1.1327717892323428,13.054181001280085
477,15.9,track,1,348.09563123495013,204.62160302717578,311.64977265392156,185.23678505291113,347.5077201450753,205.12667926302524,0.7750751277248175,44.41647404740382,-1.0187409080137244,1.1338359804172509,13.163656998585793
478,15.933333333333334,track,1,356.3787575150301,217.00450901803606,315.29479399158373,186.7426135421965,356.6393360771658,216.8006423370725,0.3308516444750065,43.36647488726674,-0.9383859356630871,1.0985136948269714,12.166844000603305
479,15.966666666666667,track,1,327.0509009009009,209.9081081081081,315.3092968061527,187.45008312493368,327.12509625853664,210.48982905387348,0.5864334658227235,30.358148592478802,-0.9461747399353293,1.085311192959535,12.764578999849618
480,16.0,track,1,331.46279155868194,212.86301369863014,315.93909355504815,188.59731985422138,331.33856384764783,212.80390930143076,0.13757126864674857,29.465070497319203,-0.9373126232029757,1.0632357520608735,13.121588999638334
481,16.033333333333335,track,1,343.66448049706594,207.66448049706594,318.070999821121,189.1704005902415,343.2691211983796,206.9063810030258,0.8549993087258316,40.45540284883799,-0.8925568352847368,1.0560708377331371,13.55145200068364
482,16.066666666666666,track,1,339.3430321592649,201.90352220520674,319.6259931699478,189.12678463846177,339.2222263190609,201.98078838117624,0.14340192807750946,42.602282060684274,-0.8538267868858272,1.0636036880338335,13.152902998626814
483,16.1,track,1,342.4914485165794,223.03385689354275,321.5216691819236,191.71270139342113,342.20453701174563,222.81965711830307,0.35804993411353314,28.075000364000992,-0.8251929161938052,1.0091737670276648,12.543724998977268
484,16.133333333333333,track,1,347.53729401561145,229.2081526452732,323.9537417098392,194.96623419613033,347.1133012890374,229.51470206137364,0.5232039532526698,29.070132088655516,-0.7751521360215194,0.9420580290395707,13.242289000118035
485,16.166666666666668,track,1,336.4840182648402,224.8156911581569,324.9526218256362,197.56606990748793,336.083212689547,224.85056194957335,0.4023196257704991,22.094687227044435,-0.7595600615167087,0.892997187871886,13.062615000308142
486,16.2,track,1,321.8872088271353,223.18716796076828,324.1741656257966,199.86769579387408,322.589775921638,222.91886131769067,0.7520564985408988,17.27634909373448,-0.7842836658304221,0.8519415784657082,13.40606599842431
487,16.233333333333334,track,1,342.13739305485655,221.88173125314543,325.89317285862563,201.91549129968473,342.362752379506,222.27240460504962,0.45101274160992894,28.536999360026748,-0.7476244248282707,0.817094302845971,12.53283799997007
488,16.266666666666666,track,1,319.33226837060704,196.42172523961662,324.8029478690038,200.8255674599332,319.47562585381326,196.27800027905346,0.20299810905548626,43.725144114612576,-0.7775446527202126,0.8553076421434629,12.796643999536172
489,16.3,track,1,326.12504962286624,197.15720524017468,324.61382194126315,199.92041917469808,326.6168963508679,197.33958094136406,0.5245703958766951,43.17053012850962,-0.783553422269366,0.8850784081747336,13.244186999145313
490,16.333333333333332,track,1,345.1858685868587,218.4176417641764,326.73835854573537,201.64507867653973,345.3893652829395,218.45915396910573,0.20768767049077727,33.296064590236874,-0.7347018013745982,0.850831923833949,13.14319599987357
491,16.366666666666667,track,1,318.9530791788856,211.90657729367408,325.6120154904322,202.5125063049358,319.24862015686006,211.7589774996684,0.3303485566074253,28.251016327433483,-0.7640541787652178,0.838086226977211,12.963203000253998
492,16.4,track,1,341.89404594467885,214.49460853258321,327.3132519433037,203.6572299912634,341.8915180578968,214.56560294685468,0.07103940504629533,33.55811550633124,-0.7248779702065455,0.8187848433354388,12.76284800042049
493,16.433333333333334,track,1,340.55454545454546,201.02272727272728,328.76185242030874,203.13642483465938,340.69294078001894,200.8457883549781,0.2246344735946782,44.28600329301052,-0.6934174641013449,0.8386293155386928,13.236317001428688
494,16.466666666666665,track,1,334.07454695222407,217.03706754530478,329.3520355006082,204.57701223820402,333.6574297109958,217.23036608134186,0.45972939536639024,26.551489884759736,-0.6829031798548552,0.8107493310458547,13.524989999496029
495,16.5,track,1,313.88670798898073,222.2124655647383,327.4932710283532,206.55912416283329,313.92003042261894,222.25839673927234,0.056745549408298505,18.754479900091646,-0.7290726648233389,0.7713500411785793,13.400814999840804
496,16.533333333333335,track,1,338.2885122410546,217.25612052730696,328.6714867266501,207.8306266424134,338.0852205465873,217.49904013145988,0.3167608674081893,28.868120777500522,-0.7009158595229935,0.7499641495682993,12.54762000098708
497,16.566666666666666,track,1,330.3475318471338,214.62022292993632,328.83233309698016,208.70659523513842,330.081987224791,214.21221417685538,0.4868111430994754,27.68856016591018,-0.6979735044736537,0.7378606284329592,12.516108999989228
498,16.6,track,1,330.21377672209024,230.22755344418053,328.96948356977424,211.38935476629197,329.443404918177,230.22131384861177,0.7703970721760267,13.594138416832516,-0.6952987574985444,0.6830815692886468,13.570762999734143
499,16.633333333333333,track,1,304.6020905923345,253.49547038327526,326.03673015676173,216.67738197464064,305.1162584235492,253.68869790644752,0.5492771926516874,20.22142956589743,-0.764052907458575,0.5693821538765164,13.049511000644998
500,16.666666666666668,track,1,299.7454780361757,231.18001722652886,322.71069888854885,218.94455309370093,300.0197325475739,230.9645445399832,0.34877502156756524,21.928304604789354,-0.8379632929079354,0.5307257154565717,13.19777500066266
501,16.7,track,1,312.48169386854875,244.31010145566827,321.13074661501383,222.60400908584802,312.25514021558996,244.49617297610195,0.29317088597858365,8.95535730784659,-0.8678850340993289,0.4587918581636026,12.102894999770797
502,16.733333333333334,track,1,310.7417998317914,245.432716568545,319.46581471728643,226.12534172773206,310.61579367277534,245.7721700901602,0.36208596416725897,11.017317093633242,-0.8998175458512759,0.3912242233055985,13.02890499937348
503,16.766666666666666,track,1,300.21923076923076,235.2623076923077,316.67514997710265,228.15624104756805,300.1248715315779,235.3157929808762,0.10846355066879211,20.419660306535224,-0.957985483369936,0.3589717854846868,13.002329998926143
504,16.8,track,1,317.8660027161612,252.818017202354,316.2033659683138,232.09790100476104,317.6939519030341,253.0763421041585,0.31037596103756715,13.278124138992995,-0.9606242929493168,0.28050966061697225,12.835957000788767
505,16.833333333333332,track,1,289.7903225806452,241.88602150537633,312.44301131930536,234.41853537985898,289.188639167631,241.44346457383224,0.7469133598712347,30.84515434097149,-1.0420438256699127,0.24110786779564575,12.95172400023148
506,16.866666666666667,track,1,306.6933813597479,261.3525438991445,310.9813819562618,238.8465515223016,306.92925767296646,261.52312509001035,0.2910937612089866,25.181128223730155,-1.0670936986357469,0.15121827054911632,12.37596700048016
507,16.9,track,1,298.9035040431267,269.66307277628033,308.73029140561334,243.91024356401144,299.0888471706178,270.2469734958685,0.6126109085249191,36.771670050645646,-1.11166993586237,0.048166216626866286,13.530677000744618
508,16.933333333333334,track,1,313.0647532376619,252.83234161708086,308.367181189839,246.55159400637413,313.33721586787357,252.2605245735411,0.6334118850672384,13.953965572901515,-1.1119911456195253,0.003508351127286889,12.963475001015468
509,16.966666666666665,track,1,276.1924219910847,250.90378900445765,303.6735940870222,248.69423660750525,276.5309718819317,251.01421162115867,0.35610277009819663,44.842716946735955,-1.2157092718569287,-0.031399929977361025,13.361248000364867
510,17.0,track,1,274.1027684563758,269.28942953020135,299.08218412791,252.796249151673,273.9665422092658,269.6312675700414,0.36798211353730303,54.745696214211165,-1.3132273939352896,-0.1140725316381796,12.243533999935607
511,17.033333333333335,track,1,302.79266281945587,282.7918384171476,298.28079429615934,258.1480571592809,302.54066410655196,282.9962727325106,0.3244945925638419,46.405903490059075,-1.3198622363171237,-0.22493654439478267,13.083428999379976
512,17.066666666666666,track,1,287.0549507516848,262.72213582166927,295.72747885532544,260.647264999657,286.841164004564,262.99959240192817,0.3502669370258418,40.3545493746003,-1.3705969401821891,-0.2670670343217027,12.729688000035821
513,17.1,track,1,295.14016064257027,284.6152610441767,294.3804248750065,265.4816448956569,294.69369374086085,284.1764591376768,0.6260030411028101,50.91138063757622,-1.3932370042533009,-0.3659430991092794,13.304890000654268
514,17.133333333333333,track,1,264.83852797596694,267.0589560645888,289.576393769546,267.78393679242316,265.177144369542,266.7112323782792,0.4853584490029459,60.98389487925864,-1.498207874368444,-0.404411196521413,12.296527998842066
515,17.166666666666668,track,1,277.3230568823274,277.873643074251,286.6516034803654,271.0987307463613,277.6329882462895,278.10253007455935,0.3852878265369111,56.9804043774853,-1.5561476724535914,-0.4689221146139309,12.429268999767373
516,17.2,track,1,298.271628994544,273.41075604053003,286.51087222215676,273.5349518923334,298.2931045117044,272.6801516315502,0.7309199684357333,39.23240525892975,-1.5493792212273094,-0.5134017030190632,12.68534300106694
517,17.233333333333334,track,1,265.28355155482814,285.5965630114566,282.531375574597,277.13620852650877,265.1894180636205,285.3602028473148,0.2544154896229699,71.14596189914164,-1.6359991735282091,-0.5866090222808984,12.98476600095455
518,17.266666666666666,track,1,259.291553133515,283.1681588166602,278.1798774119087,280.0807756600304,259.4002435811889,283.551052330998,0.3980214274853922,74.62589789849477,-1.7291286020228196,-0.6441636924747971,12.90357700054301
519,17.3,track,1,272.3475291281639,247.179188429088,275.7663782992457,278.3926753301873,272.5767769568545,247.004639875876,0.2881349759882381,47.937741536190885,-1.7751403577106823,-0.5942746456228709,12.434266000127536
520,17.333333333333332,track,1,276.4606796116505,256.9300970873786,274.10738976943946,277.83494737911,276.0443472055444,256.75696398479795,0.45089659965817835,47.041420626662074,-1.8047817489344982,-0.5771654132757084,13.561551000748295
521,17.366666666666667,track,1,283.1417183348096,249.8826395039858,273.4637265106818,276.3419296373042,282.75288758331595,250.25868415873626,0.5409241496489882,38.6340262469472,-1.8126072938126931,-0.5412303807551898,12.957961998836254
522,17.4,track,1,253.40564516129032,247.6092741935484,269.4145038669568,274.55413345260735,253.7755577190554,247.37088394073464,0.44007409947520015,66.63337516207582,-1.9025734840731692,-0.5016785452746857,13.42817600016133
523,17.433333333333334,track,1,280.50251466890194,253.63537300922044,268.96824474993593,273.4956720756414,280.72640043287447,253.8136653999729,0.2862044931684207,41.63211470417196,-1.9060223465015464,-0.4817655454284207,13.000381000892958
524,17.466666666666665,track,1,275.4169002803364,245.14417300760914,268.0549708075982,271.3970966952805,275.488855537035,244.51985161808562,0.6284542595791194,44.74003844491474,-1.9233257399717725,-0.4384352740468872,12.435880000339239
525,17.5,track,1,256.7687954729183,263.998787388844,265.07678919122395,271.6044904985197,256.77838914643274,263.71050588996087,0.2884410878668314,67.52155336244688,-1.9903245432204995,-0.45081586759759523,12.956013000803068
526,17.533333333333335,track,1,264.8265925176946,230.3377148634985,263.35517709896345,267.7035488206113,264.9985306974189,230.42889829120944,0.19462054140306065,55.828018175131234,-2.0264668520887157,-0.3656532363025972,12.962147000507684
527,17.566666666666666,track,1,245.206106870229,262.5763358778626,259.50419009145367,267.8401475358182,245.0604810293394,261.9557198363826,0.6374724750741002,78.08959685571264,-2.1129126687710253,-0.37876138003792403,12.835614001232898
528,17.6,track,1,257.0672757475083,232.47466777408638,257.42340308182884,264.32038737452393,256.5990162498602,232.46258950727886,0.468415244912798,63.84745333544067,-2.155825910850888,-0.3041481311813647,12.33082100043248
529,17.633333333333333,track,1,246.97143959861057,242.76379776148207,254.38136176747477,262.2096068523151,247.70358546108534,243.1036429969919,0.8071755373136992,72.36300266735321,-2.221963927982432,-0.26536510790417894,13.763086999460938
530,17.666666666666668,track,1,253.38305489260142,246.02545743834526,252.41349321236353,260.5932764126256,253.37744417936966,245.55081957366653,0.47467102575336323,66.85339588990529,-2.2624275175926893,-0.23831292980529928,12.92769599967869
531,17.7,track,1,258.46911119968115,237.4396173774412,251.29660587392462,258.0325264835227,258.52235188588793,237.4094361165513,0.0612003200700278,61.53220489204671,-2.284041556346119,-0.18866590887722004,13.78821799880825
532,17.733333333333334,track,1,245.3873473917869,250.06363300036995,248.8034141187157,257.13097718939486,245.4618492836379,250.4572566686579,0.40061218669160986,75.2681216003781,-2.339618972128989,-0.17850783520055605,12.779360000422457
533,17.766666666666666,track,1,240.43153878762186,249.50996184824078,245.98970183402272,256.2172226518988,240.38836973152317,249.2841150196035,0.22993555055704673,80.15114762560722,-2.4022656586151534,-0.16643834118467202,12.68579099996714
534,17.8,track,1,225.75475841874086,246.8367496339678,241.71493256147124,255.0419820883533,225.59395652662846,247.08793332808938,0.29824569854315053,94.67174786154293,-2.498397344979795,-0.14711620657874155,13.388598999881651
535,17.833333333333332,track,1,234.34186046511627,255.00193798449612,238.85683479083374,254.9213177636864,234.22495034846418,254.38133823936766,0.6315156522439599,86.97230612257292,-2.5592672043613542,-0.15191062520437096,12.98402099928353
536,17.866666666666667,track,1,258.9460647223332,257.8921294446664,239.24865702786553,255.16134418717954,258.49077734961213,257.94914678073894,0.45884372979484017,64.07461541992663,-2.544637683896756,-0.16341620585008731,12.553541999295703
537,17.9,track,1,245.39157155399474,244.17910447761193,238.12257033027635,253.75347647437286,245.77580965706247,244.41854815337186,0.4527385489557012,74.35559158428025,-2.569861104367161,-0.13480114747245547,12.02654599910602
538,17.933333333333334,track,1,218.5572201414898,251.9692051602164,233.97730247849503,253.37272344966385,218.88311552450153,251.65479620113607,0.452836387913275,101.78633798561238,-2.6667391197759156,-0.1310828881516222,13.904272998843226
539,17.966666666666665,track,1,238.57763693979177,239.454051607062,232.60467388665427,251.5300964351749,239.0352217260466,239.48142601138946,0.45840287370842847,80.96643897277502,-2.695955071732974,-0.09255316216507972,13.02958700034651
540,18.0,track,1,215.60008410428932,257.21656854499577,228.69372674973928,251.94016113344048,215.68027777590194,257.4969122936467,0.29158813826073826,105.77687074556773,-2.785967824946018,-0.10795538686724494,13.326045998837799
541,18.033333333333335,track,1,232.41429840142095,244.84103019538188,227.1616697104486,250.86133194066886,233.0336654926052,244.54681602521313,0.6856949551878843,87.08511281280643,-2.818378254353128,-0.08666145191494541,15.006698000433971
542,18.066666666666666,track,1,236.16916588566073,214.30834114339268,226.3018834242165,246.21419363517626,235.94918180201915,214.52627129491205,0.30965553119051414,87.82625401262683,-2.8367447637792305,0.017406097887077525,12.77168900014658
543,18.1,track,1,253.57051909892263,217.85259549461313,227.70112649600048,242.30376440729842,253.72486480943945,218.26782585646805,0.44298854585769326,69.74726473154253,-2.8044192661543996,0.09945687820646842,13.207281999711995
544,18.133333333333333,track,1,258.4843110504775,218.19326966803092,229.71764769782277,238.71557180102826,258.9702056260239,217.7025215385377,0.6905992073167528,64.97548266130215,-2.7619758159694694,0.17166818706736053,13.208349000706221
545,18.166666666666668,track,1,240.74554367201426,220.90819964349376,229.59059915879067,235.72493611813002,240.66162583252,220.88471854560657,0.08714106806421584,81.60864905523026,-2.7733115675136673,0.22882298485022395,13.484704999427777
546,18.2,track,1,270.5478079331942,201.8517745302714,233.12781440843912,230.7001354161592,270.78107218934576,201.5564253774311,0.37635533114521996,62.453272809288514,-2.6989782590088414,0.3335393169454572,13.229505000708741
547,18.233333333333334,track,1,253.6600271616116,202.65233137166138,234.50725196782952,226.15236180696115,254.26608144369993,202.6307047843104,0.6064400235126789,75.61357202039625,-2.679530396523262,0.42470228592102055,12.799453999832622
548,18.266666666666666,track,1,246.97021812080536,205.0666946308725,235.06748950330586,222.25828686052662,246.70222368678947,205.1149413504948,0.272302704022217,81.1759282634998,-2.6795559183372393,0.49965363119681133,13.409391000095638
549,18.3,track,1,247.04795597484278,197.83962264150944,235.6606479134218,217.8347166965196,246.99856178003432,197.91255355407617,0.08808350860741306,84.26483923038109,-2.677990155391371,0.5872482036570412,13.097770000968012
550,18.333333333333332,track,1,276.1240341602277,195.23139487596583,239.74686095731857,213.47601091266185,276.57962401890626,195.21453678089443,0.4559016502494423,62.37841586710422,-2.5943330468415247,0.6729709169734198,13.893497998651583
551,18.366666666666667,track,1,261.41382289416845,196.84103671706262,241.86212212485614,209.69216708276014,260.9637752190878,197.11624005037478,0.5275223071223059,72.96775112198178,-2.560671567411185,0.7452297184517397,12.866434000898153
552,18.4,track,1,284.46253469010173,175.7099907493062,246.6297367869472,203.73587602678808,284.75136885490264,175.37719083652274,0.44065968354832746,73.61096020146951,-2.4652936329348445,0.8690152091231931,13.045316998613998
553,18.433333333333334,track,1,274.1956155143339,200.97301854974705,249.88737766559848,201.29981125130874,273.9895018998116,201.062781798481,0.22481161650304868,60.27497736789405,-2.408576271612615,0.9085722383210437,13.654837999638403
554,18.466666666666665,track,1,287.01989819527995,200.92040721888014,254.47419767735903,199.14630242859747,286.9203226941766,201.24802389178967,0.3424149015277971,50.95076744219572,-2.3211883770269015,0.94468593148044,13.465288000588771
555,18.5,track,1,265.3573511037068,176.79341940857975,256.16957501539855,194.3784294780175,265.6301139955095,176.41356878639542,0.467638846032275,83.66193123890795,-2.303126001979647,1.0444589681260263,13.083461999485735
556,18.533333333333335,track,1,295.839608801956,196.6567237163814,261.37761182301966,192.42238217171976,295.505763221533,196.71235283681693,0.33844862329219566,49.7371896299322,-2.2005834865043026,1.0772109190012844,12.735988999338588
557,18.566666666666666,track,1,267.5025203567274,192.56145792943002,262.83627540316246,190.24273877728552,267.59618701732256,193.17541719581084,0.6210631401732982,70.27589323452104,-2.188193451124402,1.1178811218307125,12.655987000471214
558,18.6,track,1,275.1047174701918,194.17314670813894,265.06518949878466,188.53416587929885,275.4989896357201,193.94604100522469,0.45500279208651684,64.04144800466487,-2.154805888293094,1.1492179705436734,13.624721999804024
559,18.633333333333333,track,1,296.2827521206409,207.9090480678605,269.6367220251058,188.7155759878362,295.7979798470892,208.1198330329571,0.5286156058188733,40.02602684914446,-2.065547534380555,1.1382528516792072,13.209834000008414
560,18.666666666666668,track,1,271.6128765992571,181.571605447792,270.91406645566,185.87165432701096,271.34612661600465,181.30132209071732,0.3797481358436667,76.24128923072826,-2.0552384055604844,1.2016047923322821,13.286947001688532
561,18.7,track,1,287.81039076376555,207.73934280639432,273.9810775769872,186.46458113314338,288.115542929487,207.46681296295833,0.4091336698534223,45.552462737688764,-2.0003202119924035,1.1835082561087893,12.734198999169166
562,18.733333333333334,track,1,298.3041543026706,212.55242334322452,278.04156837370675,187.72418901586047,298.1399364722437,212.99835869955808,0.4752113612472583,34.74120047372101,-1.9224407476653673,1.153392727853882,12.501637000241317
563,18.766666666666666,track,1,301.9262354651163,203.9265988372093,282.20390276662994,187.99060550713023,302.055572241244,203.84263318250768,0.15420192225969567,40.36530270868666,-1.8435068603333098,1.1497635442241858,12.912926000353764
564,18.8,track,1,281.1433980123048,225.0752484619025,283.53313303777713,190.87572115161794,281.5776301054171,224.9940351846489,0.4417613689436536,41.248727111945,-1.8316480789687386,1.086032052236131,13.162091998310643
565,18.833333333333332,track,1,288.72553102873803,204.38359017076218,285.59197113454354,191.20160907061356,288.44286666090096,204.72423495190446,0.44264885831119966,47.33109194081745,-1.7997392443544287,1.0860443453121438,12.97112000065681
566,18.866666666666667,track,1,299.565011820331,223.39598108747046,288.72476975498773,193.86263408261144,299.71925375220883,223.0602670400349,0.36945161414585903,26.4246706908946,-1.7415265395957682,1.0310508771587152,12.020201000268571
567,18.9,track,1,312.31069877615477,217.94157125937625,293.0897363085622,195.77797036709006,312.84529300008154,217.90997245919235,0.535527280751347,23.219800796051693,-1.65497814981567,0.9960424973134053,13.342485999601195
568,18.933333333333334,track,1,290.1392405063291,201.3985300122499,294.4274789002292,195.6545641745786,289.8304825989031,201.8033280974107,0.5091099440670525,48.67427990889176,-1.6408557350184478,1.0094189413254895,13.105600999551825
569,18.966666666666665,track,1,301.16885553470917,219.74071294559099,296.8916508896296,197.78324415751945,301.3022681044732,219.32241312396997,0.4390599669056919,27.877729051211627,-1.5977439701168867,0.9681632600217481,14.743691001058323
570,19.0,track,1,280.9509713228492,219.90980573543015,296.67577593594297,199.84475014046149,281.2672358812478,220.2731163680145,0.48168235035954926,43.46696393939648,-1.616686019267829,0.9298663337772293,12.919148999571917
571,19.033333333333335,track,1,296.2196760173844,207.50375345713158,298.192021781381,200.32880943179623,296.0832504238474,207.9914969437019,0.5064638696527993,39.95691652509539,-1.5914017874621191,0.9292221356756234,12.673592998908134
572,19.066666666666666,track,1,302.64553895841743,221.80096891400888,300.2804059454536,202.5194521348295,302.78731172215015,221.4828403872199,0.34828906972991835,25.281650220577053,-1.5522892897812959,0.887280678650071,13.504175998605206
573,19.1,track,1,289.6816047801963,222.25992317541613,300.58664748356324,204.64980187649007,290.1461126528603,222.34160100000207,0.4716342129192144,34.68535202327971,-1.5551240999740368,0.8478555249999659,13.432666999506182
574,19.133333333333333,track,1,318.0172159370389,237.7442203639941,304.16197389313504,208.51126776848903,317.7287065919299,238.26608027526356,0.5963014415590505,2.857490394974725,-1.4795904488842202,0.768658461547531,13.741785000092932
575,19.166666666666668,track,1,285.47879025923015,219.5718774548311,303.52384289925425,209.96021932552202,285.80023304388413,219.23122374823922,0.46836995166310835,40.01207476310542,-1.5050738359627125,0.7483405111618324,13.110494999637012
576,19.2,track,1,285.9098093909809,226.99721059972106,302.87618412807194,212.19708435564087,286.382586480357,227.22767029314085,0.525956126050537,35.961964599996364,-1.5272473245087537,0.7082837678691816,12.59264600048482
577,19.233333333333334,track,1,310.2273693157671,206.77050573735656,305.08501011490785,211.8601507473375,310.179460241204,206.29908102495486,0.4738528662871133,35.10263438713183,-1.4802731063400922,0.7283160446415003,13.244215000668191
578,19.266666666666666,track,1,305.61336302895324,216.6075723830735,306.5170265532776,212.70120388296488,305.9608507226118,216.59833251884658,0.3476105181594199,27.28984707416412,-1.453312561997335,0.7175582826612064,12.824078999983612
579,19.3,track,1,302.79708431836093,219.2738376674547,307.4340968552811,213.79028151709585,302.5570350177406,219.55719329046244,0.37136784435168546,26.87313479175517,-1.4386508194494683,0.7001960334094803,13.602263001303072
580,19.333333333333332,track,1,308.0117064385412,240.9734353894642,308.82981871703225,217.38598111160076,307.869011227151,240.85674181027744,0.18433478992610886,12.161204510099543,-1.4123229975544636,0.6240374881579367,12.236157999723218
581,19.366666666666667,track,1,305.65690190856634,243.50022192632045,309.77077540936637,221.03343529689502,306.0013980713698,243.53652998144554,0.3464042162752625,14.438417512522353,-1.3968418236032343,0.5495914724782804,13.052050000624149
582,19.4,track,1,317.3141256502601,204.90276110444177,311.9619993760301,219.79975477399836,316.86621039999716,205.53159446967106,0.772048879698511,34.61057088607896,-1.3517256760095662,0.5910978058569756,13.273414999275701
583,19.433333333333334,track,1,302.85502471169684,241.8014827018122,312.20271272426487,223.01301619661822,302.8187584095869,241.575952192828,0.22842778979669826,17.253367436596836,-1.353371611651142,0.5239671805687078,13.193242000852479
584,19.466666666666665,track,1,310.9809800128949,234.7511283043198,313.3152739349803,225.14187289688294,310.7344089579567,234.52741904464787,0.33293110097481615,10.761055695017836,-1.3330142873048736,0.4843917357632597,12.914019000163535
585,19.5,track,1,314.577620521893,228.46306943830163,314.7071406215708,226.33728886284143,314.3481539446462,228.90888074596944,0.5014006702407198,12.44814404401499,-1.3060696715568287,0.4667224171110444,12.563399999635294
586,19.533333333333335,track,1,310.72124839675075,238.22359982898675,315.4703691602447,228.5732167250838,311.15961826197855,237.8930313164636,0.5490388694906781,9.087995725535208,-1.2940723363547035,0.4236124231710246,13.548605000323732
587,19.566666666666666,track,1,304.1227106227106,232.53891941391942,315.31702421652614,229.93537180895484,304.19329590639506,232.1413008343418,0.403835136037151,17.652508231951177,-1.302833146604641,0.4013672265255239,12.938616999235819
588,19.6,track,1,304.56799336650084,209.03648424543948,315.15004017636295,228.34372160193143,304.5879151638526,209.16686399511627,0.1318929760658491,34.47048933351922,-1.3102927515280276,0.44724172441497634,13.333276001503691
589,19.633333333333333,track,1,317.8134441087613,234.7904078549849,316.5065188287273,229.875406942854,317.65373968037903,235.00373834423817,0.2664871518290358,5.519743474135714,-1.2810424878454316,0.41587359119158995,13.08215199969709
590,19.666666666666668,track,1,328.2151111111111,225.72622222222222,318.954688242813,230.17732310735838,327.7704949833521,225.9796540921462,0.5117726191939327,16.02968158330578,-1.2274240389134148,0.4141487507835635,12.786706998667796
591,19.7,track,1,331.70839193624005,233.30145335208627,321.59835209131904,231.3151864126929,331.4652300211082,232.91368943491855,0.45769921611014525,13.47840112408388,-1.171356482013871,0.39197690115103695,13.714351000089664
592,19.733333333333334,track,1,334.1744588744589,200.02987012987012,324.2977519315507,228.3530477191607,334.3894610922123,199.64672952538947,0.4393434606781777,42.84207077769893,-1.1156446988411348,0.4659031326740739,13.132887999745435
593,19.766666666666666,track,1,342.79053497942385,231.95349794238683,327.77994292856937,229.34735284433208,343.1212221261571,231.82745730060088,0.3538929674299502,24.523078248470306,-1.0428151024445709,0.4425605605338749,13.1425859999581
594,19.8,track,1,324.4460285132383,198.03340122199592,328.7661031316676,226.18598650546326,324.2536044789779,197.92876264110444,0.21903479534546233,42.28572056820257,-1.0299685131534915,0.5178431390411027,13.334133000171278
595,19.833333333333332,track,1,343.56617647058823,211.00735294117646,331.8880672554071,224.73994263057202,343.81846353405274,211.10753713796404,0.2714509820898002,37.444540528054645,-0.9652320775652182,0.5489664681076266,12.83846299884317
596,19.866666666666667,track,1,334.49810526315787,227.3204210526316,333.6411041075277,225.31320566322646,334.2041685670595,227.78737489749219,0.5517650537532295,18.732501610192,-0.9336843844260888,0.5323133553542231,13.109817000440671
597,19.9,track,1,358.98797250859104,225.19029209621993,338.1198290670074,225.5784446886079,358.47193678230866,225.0305489813587,0.5401950884128418,41.28164705509526,-0.8375643819214443,0.5249813299693483,12.830907999159535
598,19.933333333333334,track,1,361.02534113060426,224.44288499025342,342.46547001407407,225.71962314600316,361.33822106676377,224.3381021029311,0.32995955498633384,44.20569608888478,-0.7472647315284272,0.5216337216505966,12.609520999831147
599,19.966666666666665,track,1,349.83550295857987,208.8741617357002,345.0944884358055,223.97228838842324,350.17381064196786,208.7577303561592,0.35778255237109513,43.43429821184855,-0.6986439078189253,0.5629696474853371,11.96897599947988
600,20.0,track,1,367.58760771440296,189.41280262617974,349.56821726428024,219.99152900982074,367.62590196383945,189.6678680127576,0.2579240217002176,69.29321790947824,-0.6058063910783271,0.6544846516006358,13.144878999810317
601,20.033333333333335,track,1,372.59362054681026,210.26967688483845,354.242798610279,218.74835507841513,372.4751159634619,210.9090655576667,0.6502777954195027,59.99933551387806,-0.5097157355555593,0.677967350141325,12.889913999970304
602,20.066666666666666,track,1,377.71570576540756,218.20675944333996,359.1106168099704,218.5385199562165,377.6902804646345,217.55167051449786,0.655582146348493,61.903925213009344,-0.41024556310288834,0.6779903397260275,12.991423000130453
603,20.1,track,1,391.3681204569055,208.45794392523365,365.1706647375484,217.1853647185282,390.9935647857128,208.09691465082042,0.520225035735451,77.83246813367953,-0.283847508248402,0.7064994101125858,12.566965000587516
604,20.133333333333333,track,1,378.4804469273743,225.58361266294227,369.1641609001179,217.97569692656597,378.874940560469,225.25461103600517,0.5136801505601415,60.693369668343976,-0.2076836135830965,0.6847987424548301,13.298551999469055
605,20.166666666666668,track,1,365.89312977099235,204.86005089058523,371.2456416576193,216.2510452826218,365.8647619938494,205.09636944639826,0.23801510582647156,57.635404211081706,-0.174781948724433,0.7244171505983292,13.461538999763434
606,20.2,track,1,393.7140160453044,216.45351580934403,376.3646194587794,216.0324174184621,393.62223988450177,216.57025506765444,0.1484955154963794,77.26051483912009,-0.06749945995687698,0.7275245846296663,13.760150999587495
607,20.233333333333334,track,1,371.1897412619156,186.8797094870631,378.30975493904515,212.3063252467971,370.8707467618379,186.207126227938,0.7443962194524877,74.0371943334162,-0.03563169027530374,0.8135015247381984,13.576646999354125
608,20.266666666666666,track,1,396.77454682779455,200.63972809667675,383.02781673039635,210.47785558739776,396.35759401296065,200.66239142651182,0.41756828940561347,85.89487535196203,0.06416995246162979,0.8514752315026127,12.656355000217445
609,20.3,track,1,385.35897435897436,195.0557029177719,385.9210748445194,208.12534316762867,385.87580220277965,194.89604902425833,0.5409254901060437,79.83725765256379,0.12018741475201966,0.9015768206013779,13.82475699938368
610,20.333333333333332,track,1,406.421340629275,170.3766529867761,390.9829493059152,203.003226765529,406.5977109794251,170.6685599106969,0.3410515395727878,110.93246653587336,0.22842312628208508,1.0156507810570092,13.10595200084208
611,20.366666666666667,track,1,410.5746140651801,176.14622641509433,396.05370560623965,198.93526837521466,410.60415826769025,176.8574080472595,0.7117950363911416,110.43595616422648,0.3353394498059557,1.101227189710063,13.40887200058205
612,20.4,track,1,391.72358974358974,163.15128205128204,398.374145747379,193.62619591505288,391.78017109756496,163.42307089628846,0.27761596835844354,104.95913030199213,0.37711558149434443,1.2145215149567608,13.063029999102582
613,20.433333333333334,track,1,394.7981972959439,178.16574862293442,400.73414327165074,190.5156457131964,394.6075993403315,177.70302092181683,0.5004443086550187,97.19674625004184,0.42275658124499965,1.2741713100335725,12.852063999162056
614,20.466666666666665,track,1,419.5338827838828,169.39697802197801,405.72491903576184,186.6343835847544,419.21860566350756,169.46639878742945,0.32282952979547713,121.73463192462755,0.5318843942281534,1.3530976795547556,13.292165000166278
615,20.5,track,1,389.3569553805774,162.98537682789652,406.6150257635635,182.3192696096511,390.4002845927434,162.85784900053636,1.0510942829785055,104.43711759505483,0.543500882748903,1.4421707430237891,13.486395999279921
616,20.533333333333335,track,1,390.5920036347115,176.86006360745117,407.41498640557495,180.0323229310963,390.7251353621263,177.04968169918186,0.23168745662215678,94.68256094004539,0.5570544224724784,1.4834761857106589,13.679219999175984
617,20.566666666666666,track,1,406.46380471380473,142.9520202020202,409.8893459199834,173.93956531669176,406.6668293441186,143.47964839141804,0.5653410534901104,129.72015102984912,0.6126619703706583,1.6159969618607601,15.488999999433872
618,20.6,track,1,391.76126674786843,157.17783191230208,410.28338951523335,170.04083257267186,391.83536984006037,156.86998320910843,0.3166418992022722,109.86773890324753,0.6197032604885512,1.6942456444306317,15.355520999946748
619,20.633333333333333,track,1,412.0595703125,127.4111328125,412.91681814278024,162.95053946034926,411.39972289257645,127.06592100642071,0.7446944397780162,145.28597848026413,0.6817004650592098,1.847786189040867,15.149142998780007
620,20.666666666666668,track,1,418.9660886319846,160.97418111753373,416.0547510183274,160.45150851696744,418.7606018084997,160.9311487327941,0.20994432776877803,126.51300213927642,0.7545487347719757,1.8908019238255918,13.984313000037218
621,20.7,track,1,429.14155495978554,137.25951742627345,420.0564890115574,155.41921837083632,429.5199951102463,137.1729484245212,0.3882153262625869,150.22660172104858,0.8463535677912472,1.9965773422195041,14.741803001015796
622,20.733333333333334,track,1,418.7011910926981,139.46038322112895,422.40022581868203,151.11369877489958,418.7785696634718,139.99657062776808,0.541741984946133,140.56276786890732,0.8976120136188231,2.084811828820649,17.04531900031725
623,20.766666666666666,track,1,402.27710843373495,116.1,422.47130144716033,144.4406276539347,402.3610564813517,115.88812790497978,0.2278970367225391,148.95334981011692,0.8967237425259956,2.228965617765046,14.61799899880134
624,20.8,track,1,425.41296625222026,127.86545293072824,425.1470073492794,139.75689433600596,425.1542741509916,127.29605878146063,0.6254049092054436,154.14149259175443,0.96019225981488,2.3242838985067493,14.509401000395883
625,20.833333333333332,track,1,389.8913684210526,127.07957894736842,423.25661249023733,135.44877879149305,389.7117633688371,127.19487980880133,0.21342976228375907,132.60740964721208,0.9162892599831844,2.411842804886471,14.382825000211596
626,20.866666666666667,track,1,388.2918719211823,101.83825944170772,421.1469723695494,128.57348002126562,387.85526439408625,101.97842981910678,0.4585562859858287,153.7995147625329,0.8725325501505956,2.5606392616442206,14.539859999786131
627,20.9,track,1,407.85049019607845,125.18300653594771,421.37855122754706,125.10872839141187,408.24556077745274,125.42901184528316,0.46540238126662264,144.61600991479253,0.8873359379591824,2.627633807283189,13.262612001199159
628,20.933333333333334,track,1,394.3284734133791,97.80102915951973,419.8622986425911,118.78421229791202,394.56789221468546,98.326154476504,0.5771290678494884,160.0994973594744,0.8610729825261954,2.764332981325922,12.651516999540036
629,20.966666666666665,track,1,395.8274582560297,127.1922077922078,418.51223882869357,116.57127841685768,395.8261389228448,127.11312375246368,0.07909504398065562,135.9891546148925,0.8407060339016038,2.8036201763228843,13.497799998731352
630,21.0,track,1,376.5105148658448,107.6203770848441,414.8407513417813,112.36320910888834,376.35365581993017,107.17247314744333,0.4745763346653122,144.2875130218752,0.7673083447787844,2.89382180386961,13.341253999897162
631,21.033333333333335,track,1,377.3731054498549,109.52402450822315,411.4196704791512,108.8499468911268,378.2049606684137,110.09875435916899,1.0110872891159122,142.3451827967884,0.7034464690941056,2.9683982212390414,13.340864001293085
632,21.066666666666666,track,1,382.3676012461059,110.45037828215398,408.74581065483767,105.87276341128194,382.03999133636563,111.03332774961996,0.6686989865244984,143.11311287353536,0.6591929692770911,3.0318676889109133,13.809309000862413
633,21.1,track,1,408.1087640449438,108.2638202247191,409.2693482300814,103.02498592204522,407.5941936642581,107.96742494726863,0.5938289628958663,158.44665865440868,0.6900596050054711,3.094073591742384,12.785001999873202
634,21.133333333333333,track,1,371.4001363326517,110.55725971370143,405.3313473913413,100.83194857330861,371.424083499848,110.70792931384956,0.15256079190121605,139.14336457809213,0.6130218935912972,3.1424717833571303,13.73304800108599
635,21.166666666666668,track,1,405.97627118644067,122.9,405.7410193394917,100.4513328799378,405.7417987905898,122.82391486801707,0.24650811695539676,145.19604328873325,0.6404659840691881,3.15049733325447,13.337595000848523
636,21.2,track,1,392.5314960629921,114.5607424071991,404.4955891580746,99.28983879574756,392.8301702306801,115.21869122951429,0.7225668904883846,144.4804786616695,0.6257948346890285,3.1804453003775146,13.632642001539352
637,21.233333333333334,track,1,369.05173841059604,120.94495033112582,400.50000001887673,99.14702582095882,368.5877689270904,120.60923568343037,0.5726884024509163,128.8988979526474,0.5465801415473148,3.188228807793888,13.092402999973274
638,21.266666666666666,track,1,387.28862825089243,105.11065782763896,398.92381794464603,97.29358751180922,387.38751439994104,105.33352313457274,0.24381840682842962,150.58597905631493,0.5270221771316841,3.2383878747326937,12.5856129998283
639,21.3,track,1,382.56001912960306,95.88187470109995,396.8820406005574,94.61762766818141,382.25630048312513,96.03760926987867,0.34131843215842167,156.8471131215914,0.4956688036026842,3.307312926842013,13.784582000880619
640,21.333333333333332,track,1,402.85620341955286,85.81674704077159,397.4026802113728,91.06760159783097,403.23182781692867,86.19148722712744,0.5305882538974668,174.8845212222905,0.5240237561288085,3.395356471376172,13.06353499967372
641,21.366666666666667,track,1,367.66899958830794,96.87855084396871,393.6944376153091,89.22506770407533,367.7288569600509,96.52056916500958,0.3629514945862277,151.20975781822347,0.45030861203555755,3.441618117347576,13.315997000972857
642,21.4,track,1,369.57004627681954,95.48632730332352,390.458874915475,87.4946594331953,369.0945871596596,95.38956241895988,0.4852059510521211,152.71691833505977,0.3906082762095818,3.4861613726942937,12.995049000892323
643,21.433333333333334,track,1,387.2169598556608,94.8488949030221,389.5616654499062,85.95580986179964,386.84136082959145,94.97692564815503,0.39682048848757595,159.6855021973266,0.38688225611110116,3.5270549380484453,13.006824001422501
644,21.466666666666665,track,1,399.94691075514874,89.96247139588101,390.27631538723466,84.08432399822202,399.56062200157334,90.30254315000582,0.5146530861583939,169.526461535163,0.41872639018810515,3.5765782010760283,13.213975998951355
645,21.5,track,1,382.115925058548,86.55386416861826,388.8466687755749,82.07376410425803,382.3266911405018,86.16526470700889,0.44207678390213406,165.98115016828916,0.3970247871759281,3.629578682762054,13.131914998666616
646,21.533333333333335,track,1,369.34892086330933,113.25979216626699,386.0099086744828,83.53160217206566,369.14999491984094,113.05982320144709,0.2820622588648378,136.1232180278892,0.34274688054735103,3.6016531698003402,13.19002700074634
647,21.566666666666666,track,1,394.0921431509667,85.72768408062525,386.34466560159683,81.74879199289217,394.52439428902625,85.76293918429096,0.4336864866331996,171.2978583439238,0.3644212533878827,3.653817855481242,12.858853999205166
648,21.6,track,1,372.826352530541,82.79537521815008,384.1551381155331,79.85880424190843,372.8175829485099,83.08803430571957,0.29279044913727403,165.56286433426354,0.32444738500311554,3.707481322837166,12.963745000888593
649,21.633333333333333,track,1,373.87082204155377,104.68021680216802,382.266119112407,80.83447521031157,374.19258925228837,104.46938098600478,0.38468932826522206,145.96364417273216,0.2927636749809254,3.6934628678372605,13.027056000282755
650,21.666666666666668,track,1,387.7448036951501,116.21208622016937,382.19832311958226,83.2541479139413,387.9811841875173,116.01337482260749,0.30880731321123783,141.4005821289869,0.3040476597880243,3.648838445864787,12.535506000858732
651,21.7,track,1,397.8899462143153,115.90359950351676,383.3941514130621,85.5984856760572,397.5442046552787,115.87097992939061,0.3472769244583029,146.35954802919247,0.3428057980901875,3.6099309243410542,13.132841000697226
652,21.733333333333334,track,1,374.3622327790974,91.201504354711,381.7435874153823,84.9389980984954,374.19495060762233,91.4902141541007,0.33367150486226,158.0893708108091,0.312112628416775,3.6437520680608038,12.14921200153185
653,21.766666666666666,track,1,402.0202108963093,114.84973637961336,383.54191669771825,87.23422196470344,401.5464258780612,114.30233818075277,0.7239592748436844,149.83231213697522,0.3634348876850794,3.6065853586617878,13.175516000046628
654,21.8,track,1,396.2653525398029,84.13570887035632,384.57762760568096,85.7920318974489,396.41318032310295,84.15486264656116,0.14906347862004882,173.57039195612617,0.39362940848659955,3.6589846446141086,13.386186999923666
655,21.833333333333332,track,1,402.99762470308787,111.0978622327791,386.38359412037335,87.73418834277537,402.6765978942647,111.24562488200365,0.353400640193301,153.01342735654165,0.44048544489858055,3.629245429427666,13.259803999972064
656,21.866666666666667,track,1,409.18082481494537,86.2777581952767,388.83954170336796,86.65365405854378,409.4402615694395,86.78273862410522,0.5677258696609434,177.41220243585,0.5006525755406798,3.672164684296428,12.936744000398903
657,21.9,track,1,400.436308492201,95.4584055459272,390.11086695761185,86.79742209972616,400.2731723977455,95.24787204399209,0.2663413988685681,165.5202729413852,0.5310971018540325,3.6841205267132304,12.927988000228652
658,21.933333333333334,track,1,397.533796832754,99.08420239474701,390.96164635199256,87.42355857225604,397.8572493512462,99.14855851236311,0.3297927251980791,160.9375029186402,0.5518334122880886,3.6847159773536586,13.092798999423394
659,21.966666666666665,track,1,393.74453493356197,72.72224603514788,391.3075485396006,84.91089242524781,393.6316180921926,72.74128429206411,0.11451055973685108,182.74871590011958,0.561424293261592,3.759114710914675,13.341949999812641
660,22.0,track,1,402.0253217102532,81.85969281859693,392.6209610633858,83.69869557040153,401.76001051349857,82.58297787582039,0.7704098293285985,177.38325223541213,0.5947068822912401,3.7995671850472257,14.495818000796135
661,22.033333333333335,track,1,401.38644366197184,72.16725352112677,393.7724959809011,81.45832035908855,401.4017319584872,71.76320105379773,0.40434159860818675,186.8953249428842,0.6237794066409365,3.8632136803995145,12.750679999953718
662,22.066666666666666,track,1,380.51331360946745,87.18565088757397,392.348008396558,81.21123166829449,380.4176558513616,87.16848837083845,0.09718517719557873,164.34039091297097,0.5926563401669682,3.878506575412349,13.122173000738258
663,22.1,track,1,372.87489177489175,74.83463203463204,390.0902720852831,79.56208680023187,372.88258659607766,75.0542933764413,0.2197960767587225,173.21562890985544,0.5453075430290697,3.9278198233692554,13.573903999713366
664,22.133333333333333,track,1,376.30284360189574,91.43222748815165,388.38143000859344,80.05912856679416,376.06093339751266,92.02127581901705,0.6367876279262784,158.24200157869524,0.514036494193433,3.9261824162100387,13.477380998665467
665,22.166666666666668,track,1,393.1694214876033,80.82277318640955,388.8021126322561,79.31450437466457,393.3741160480877,80.51489019374237,0.36971854195537457,175.55415448160804,0.5340086393252612,3.9556772503283337,13.581341001554392
666,22.2,track,1,380.19257540603246,90.74883990719258,387.6537977615061,79.85750246270202,380.0543078513476,90.31394814221056,0.45634281404193067,161.28370659269106,0.5157036938291966,3.955043300771693,12.98214599955827
667,22.233333333333334,track,1,399.7138863000932,86.0,388.92061515892345,79.85055830759768,400.1730961205331,86.33575010803605,0.5688600831792362,173.32174426889483,0.554604313261925,3.96883598774766,12.959191999470931
668,22.266666666666666,track,1,380.3755676657584,72.76067211625795,387.8053821885919,78.30793553640244,380.4967259450475,73.1872547231108,0.44345467537242617,177.44392307679206,0.5354117628855213,4.018883281259809,13.44978099950822
669,22.3,track,1,390.5115810674723,84.94310171198389,387.97914946577055,78.36449587946473,390.2790512464285,84.19462975386588,0.7837604160479643,170.9223754855784,0.5475963649748253,4.029954919180677,13.048339000306441
670,22.333333333333332,track,1,389.43772798332463,59.37467430953622,388.02299152781933,75.40657790317739,389.2992540518641,59.454959512994826,0.16006481058783686,193.3879475474083,0.5559982898917404,4.112296838084104,13.256893000288983
671,22.366666666666667,track,1,374.52941176470586,76.05058823529411,386.2894333124888,74.67466359361258,374.04109879105374,76.1531803909955,0.4989736572690266,172.52889802734526,0.5225523180375707,4.139517691644815,12.511786000686698
672,22.4,track,1,382.1916706105064,51.52200662565073,385.5900100879291,71.1073131640221,382.55216127247365,51.99302272451766,0.5931354674586764,198.13984047667265,0.5152313306984485,4.233597411108416,13.491780000549625
673,22.433333333333334,track,1,407.5973583297827,88.24499360886237,387.98669825432296,72.2092827413108,407.42697440050813,87.96778234366207,0.32538710624270234,175.37751012695787,0.5802263823119084,4.215604667908835,13.597950999610475
674,22.466666666666665,track,1,404.3344607290492,83.89928598271327,389.85585090587614,72.78184078956869,404.9359457325518,83.7335798160153,0.6238932145168709,177.85755242496913,0.6290264476067361,4.213785423452719,13.061096999081201
675,22.5,track,1,402.49139017219653,52.530029399412015,391.39128459785724,69.61903056418548,402.2782126657786,52.74189530997623,0.30055251338455347,204.53679877121132,0.6680501538834018,4.301138149860566,13.023131999943871
676,22.533333333333335,track,1,371.66006739679864,60.39427127211457,389.14039797708875,67.64486591187422,371.96204984645465,59.943623265045346,0.5424730649310705,187.40425135830125,0.6177684747816526,4.357416898991454,12.106565000067349
677,22.566666666666666,track,1,395.5369284876905,58.716686205549045,389.88111318036636,65.65096585075447,394.9168287361879,58.55653528277878,0.6404467346140211,196.30145724491402,0.6414788203210885,4.413409964084083,13.641552000990487
678,22.6,track,1,374.52848101265823,51.99276672694394,388.0638452644911,63.03859325382642,374.52483579845284,52.155238836516304,0.16251299632797708,195.5980879646181,0.6045645151379114,4.483348760466674,13.080388000162202
679,22.633333333333333,track,1,384.3229115779189,88.34245236932095,387.53219897255127,65.00170539501812,384.81426635479534,87.66770313269356,0.8346951833385362,165.5476299799533,0.6002575260475818,4.445413491432421,12.866461998783052
680,22.666666666666668,track,1,373.0374449339207,64.0690161527166,385.6900375804334,64.00482367590887,372.3662073316209,63.40729491402068,0.9425682556093538,184.19338522292807,0.5655092876786427,4.481651439263172,12.539917999674799
681,22.7,track,1,359.71324067300657,66.73555230431602,382.3783718896294,63.4465494099102,359.4133281716841,67.25548492556976,0.6002311547173208,177.18374057985378,0.49819445169370563,4.507430041676417,13.604926998596056
682,22.733333333333334,track,1,348.76437699680514,89.24361022364218,377.9807850193848,65.67188597462749,348.2201938880894,89.52569940040846,0.612951514771116,153.09766322193684,0.40854039751179533,4.468653344792691,13.912323000113247
683,22.766666666666666,track,1,366.34796116504856,75.11067961165048,375.98954334851896,66.1203594154952,366.72386575735004,74.82981803137974,0.4692413982008821,171.65170736948116,0.3784376899969127,4.475165140248929,12.985874000150943
684,22.8,track,1,361.50414746543777,75.0889400921659,373.58374576382477,66.58104878506931,362.11824431503805,75.2029627572672,0.6245927543974563,170.0941209688445,0.3378757977244788,4.481763888884037,13.244390000181738
685,22.833333333333332,track,1,342.7837837837838,78.71422893481717,369.1348711275477,67.48497869116473,342.4720431606299,79.03876807215794,0.4500087419042923,162.52233971839615,0.24953828112302268,4.47827895732486,12.059277998559992
686,22.866666666666667,track,1,358.10722100656454,81.0980306345733,366.849993687561,68.65138743950536,358.28018634287895,80.77570821095632,0.3657987866746964,163.76125232230015,0.2141577454771619,4.469394900583603,13.050816000031773
687,22.9,track,1,343.1951121794872,79.55248397435898,362.9884239442533,69.58823125258508,342.5432939135307,79.51605140111909,0.6528356487106007,162.05955034603818,0.14083647278194775,4.466683747020908,12.131261000831728
688,22.933333333333334,track,1,335.2431299487657,69.06287843502562,358.4869686433973,69.23441836795234,335.0228600925333,69.7009392706614,0.6750114365970997,170.96039427497465,0.053699950865171424,4.494349962254221,12.195186998724239
689,22.966666666666665,track,1,319.1524390243902,92.95975609756097,352.4225504509735,71.7795094371398,319.3588021425293,92.68579169742648,0.34299012969638926,147.31560373058397,-0.06844128098528406,4.452871173162943,12.244012999872211
690,23.0,track,1,328.66565743944636,99.70242214532873,347.9677964236858,74.987861711132,328.18205012263365,100.15341667110964,0.6612655284824234,140.08573379532106,-0.15013355273219542,4.398529478794553,12.3288840004534
691,23.033333333333335,track,1,327.1300085251492,103.08738277919863,343.7151849294207,78.40550557881402,327.3825083333587,103.22846471785068,0.2892408452477943,136.970632957318,-0.22728840851892243,4.341897843918966,12.469471999793313
692,23.066666666666666,track,1,351.6510438858117,84.21175969322539,342.77742144824776,79.34495501143685,352.04531776022657,83.95505888233986,0.470475498145651,159.3013686029342,-0.22756845667069997,4.334746460952038,15.110988999367692
693,23.1,track,1,320.2536456031816,85.47635881573133,338.2644639475243,80.36034466848344,320.02717685447357,85.78819924783713,0.3853992076241426,154.21180314686097,-0.315945145700552,4.3193993412007625,12.620945999515243
694,23.133333333333333,track,1,352.23256719906504,76.82430853135956,337.9785456296319,80.25852935821374,352.60216684097685,77.18783691041124,0.5184175707644085,166.04427642239807,-0.3044286697559744,4.328919806044086,12.950760999956401
695,23.166666666666668,track,1,342.9967105263158,112.12417763157895,336.7308049345482,84.36435627735084,342.41870591982786,111.79552941024613,0.6649052402459167,130.14985460736708,-0.319949126496944,4.238329160720971,12.636866998946061
696,23.2,track,1,341.38047138047136,108.71001683501683,335.4867014873251,87.78220252634694,341.42719616140164,108.67479161606377,0.05851513653127061,133.06177171683632,-0.33739350242210264,4.167815983155421,13.517412999135558
697,23.233333333333334,track,1,349.16965226554265,85.47207586933614,335.3677882553293,88.17154546447688,349.6718640744814,85.94602375106736,0.6905384099635815,156.88545858606912,-0.33001755959247725,4.1696440756865725,13.64604300033534
698,23.266666666666666,track,1,332.7564102564103,116.11489151873768,333.4052732012572,92.15843536100185,332.61030969928305,115.56998599621267,0.5641519310178278,125.0673750252021,-0.3681387956466278,4.085090719648711,13.32063100016967
699,23.3,track,1,318.85558938668987,103.71813832100914,330.0100814469182,94.36835660718515,318.4088853194427,103.39121601611035,0.55355461983035,136.61804971336588,-0.4391138172630775,4.0447916358747005,12.229706000653096
700,23.333333333333332,track,1,354.35433834222005,121.71885603490063,331.18140070668676,98.53793164285882,353.72015193141414,121.94312382373286,0.6726726133555482,122.77815220460081,-0.4013315602134511,3.9585895196174605,13.653526000780403
701,23.366666666666667,track,1,345.56656741812,130.4844746916206,331.3381166112771,103.43365455795825,345.8202837336717,129.65838891924926,0.8641699324157753,113.32236402397793,-0.39155566843947764,3.857911240465081,13.217174000601517
702,23.4,track,1,334.1034482758621,117.55172413793103,330.2135148045046,106.40317710615089,334.4473470998373,117.11423379742544,0.5564747965247294,123.73211940889476,-0.41340820091325403,3.804682162191562,13.302504999956
703,23.433333333333334,track,1,326.70710159700985,118.66938498131158,328.36847392412227,109.23611242544345,326.712014162515,119.25086909079756,0.5815048605854904,120.93553551146788,-0.45166678474808,3.7538938961384436,12.180051999166608
704,23.466666666666665,track,1,333.14438775510206,135.23469387755102,327.5012911446564,113.78316448311475,333.3025424857882,135.6549144722289,0.44899695659307115,105.18961217907433,-0.4659368825947603,3.6625536345629324,13.523524999982328
705,23.5,track,1,350.68260869565216,132.18347826086958,328.8782288012938,117.58484438517533,350.26197230952374,131.95682667079254,0.47781367981633727,112.20122223535512,-0.4282879923637786,3.590368186253624,13.509005999367218
706,23.533333333333335,track,1,354.9504132231405,106.66483011937558,330.7669066664475,117.99117205562197,354.87463896937123,106.27294245545885,0.39914618708489047,138.19973358427652,-0.38186377130060767,3.5973958623730415,12.86174199958623
707,23.566666666666666,track,1,359.298231827112,124.3343811394892,333.1338074432026,120.37582245095042,359.80374203157544,124.98933024796997,0.8273444878141498,121.70370592766155,-0.32709960467234933,3.5540336391568683,13.06634499997017
708,23.6,track,1,323.93768545994067,132.94192454429844,331.1879834112552,123.53482604389121,323.8194528747195,132.93141297801859,0.1186989352679116,107.13669094733984,-0.3755347556343106,3.492262712587339,12.847601999965264
709,23.633333333333333,track,1,324.46953937592866,142.50024764735016,329.4832700723382,127.53076600977185,324.55209404411994,142.86441824293834,0.37341062643050216,97.24218633632896,-0.4146239527165125,3.4117948981075235,13.619068999105366
710,23.666666666666668,track,1,331.7796477495108,145.60978473581213,328.8184919653871,131.53467239388695,332.22538611204317,145.80834745695552,0.4879650008565328,94.9817217909749,-0.42719251503899613,3.332805046439624,13.266993999422994
711,23.7,track,1,330.8598214285714,137.71919642857142,328.1457574076096,134.22324624692084,330.75368630217673,137.5783175553122,0.176384585453508,102.98467266484899,-0.4397299217763147,3.2855716582090846,13.37429900013376
712,23.733333333333334,track,1,331.4899559039686,131.5423811856933,327.64950092030074,135.87819994376576,332.0567523618184,131.39716523769383,0.5851033209480381,109.27003704549107,-0.44800454786013616,3.2614167271557855,12.92272399950889
713,23.766666666666666,track,1,348.67476555839727,128.28303495311167,329.2970143861509,136.9124264991797,348.24566110395165,128.59348325287712,0.5296307956041979,114.9314114806142,-0.4063759808481684,3.249631066911993,12.57004900071479
714,23.8,track,1,337.06364657431675,154.41145638337701,329.5064271202172,140.88203815362024,337.3803814755237,154.09843748299937,0.4453109359045551,87.64220503328801,-0.40112345173493025,3.167315876814768,14.050259000214282
715,23.833333333333332,track,1,355.1209813874789,162.85998307952622,331.9078631065741,145.49030578547487,356.1378773117211,162.80251911564812,1.0185182511300817,85.23729953187679,-0.34481169122430694,3.072517426715603,13.468204000673722
716,23.866666666666667,track,1,372.95066495066493,141.41141141141142,336.3311465972773,147.11460924823606,372.6954893367924,141.38979298291764,0.2560897310822412,111.8069207356854,-0.2441278354904362,3.0496141731484285,13.223045001723222
717,23.9,track,1,365.01274968125796,152.66170845728857,339.5549305483079,149.8466903188399,365.3417845427683,152.28825027116133,0.4977298030805385,98.7381813991794,-0.17589498789545133,2.998689359291032,13.052194999545463
718,23.933333333333334,track,1,356.72773322076824,148.44997889404812,341.5961733460902,151.76977389641715,356.3868077179593,148.21231908180346,0.4155867957739958,98.7369137873187,-0.13675094273347435,2.9664832252815776,12.164707000920316
719,23.966666666666665,track,1,380.615470435106,153.7802156935664,346.3653093292307,154.0750526632408,380.76241104588536,153.7825889467636,0.14695977486018352,105.47754531098958,-0.03339010494920839,2.924235548201107,13.662248000400723
720,24.0,track,1,361.66620562471184,158.84739511295527,348.55866553559594,156.70839027874905,362.0598293298837,158.48423138391476,0.5355628024460285,91.72703950488152,0.006849143064149028,2.8740676129494793,13.08964800045942
721,24.033333333333335,track,1,369.8022910479423,162.62197708952058,351.56252740309264,159.49449844707277,369.4445220439286,162.70264165477653,0.3667498225232945,91.75860922715879,0.06728332647387639,2.8205856188331464,12.902849000965944
722,24.066666666666666,track,1,361.74305555555554,150.81712962962962,353.38219455883063,160.5594439961008,361.45806627965123,150.84589943109313,0.28643775738668253,98.3220469065749,0.10000974069602767,2.8074933954035157,12.1441009996488
723,24.1,track,1,376.98241098241095,162.93479193479195,356.87041844173564,162.8720402671002,377.32558458421073,163.05319689882813,0.36302597218469423,95.95328631897925,0.17321369752018126,2.763330641003659,12.9752560005727
724,24.133333333333333,track,1,372.91952662721894,177.43353057199212,359.6087112029561,166.64249022126938,373.0283819623471,177.22251349285986,0.23743986959097063,82.17677351720948,0.2279355235243032,2.685513260765688,12.945155998750124
725,24.166666666666668,track,1,343.1930560854636,166.927127050744,358.5657945239966,168.7876903832522,343.29485423442156,166.51843610808697,0.4211782873572105,77.08560478976761,0.1947468005888002,2.6476193712752414,12.95439200112014
726,24.2,track,1,370.7299107142857,164.6169642857143,360.823770922215,170.38589498000303,371.35882674718266,165.03545686487087,0.7554279682696078,90.87030214710283,0.24369040051750684,2.621744544612418,12.202118999994127
727,24.233333333333334,track,1,354.7895277207392,153.8911704312115,360.98077591512936,170.4663138648484,355.083484021295,153.79518751088358,0.30922973277343435,93.07051384491324,0.24296734030953465,2.6299307828935214,12.858357000368414
728,24.266666666666666,track,1,370.60470162748646,151.4372513562387,362.96324786558154,170.11744496219558,370.37135755346776,151.75576419291187,0.39484159356029347,101.60865521674947,0.28712489907981964,2.6451897345223703,13.554352000937797
729,24.3,track,1,357.0618431689572,169.90986257073564,363.1471809013664,171.8772648149337,357.4889047584039,169.97300125030395,0.4317037109388836,79.43046351290297,0.2885961502426219,2.608806374677148,13.146080000296934
730,24.333333333333332,track,1,358.5291423813489,148.6473771856786,363.43826315747975,170.86880148385262,358.6659078660672,148.3690423457668,0.3101210746127544,99.45493869958936,0.29439267217987125,2.6378016201376373,12.962637001692201
731,24.366666666666667,track,1,375.8859138533178,166.3313930927435,365.7329035809679,171.92663727497225,375.92308702332053,165.71851000053334,0.6140093885968955,92.97919884984354,0.3481071263090536,2.6157294436061442,12.396662999890395
732,24.4,track,1,372.6542699724518,166.4862258953168,367.4439422124261,172.83387954285595,372.6892574675114,166.5877422217125,0.10737639095919518,90.36325273352793,0.3864925027018211,2.597829893124285,13.403004000792862
733,24.433333333333334,track,1,375.4094244882194,157.49864812668983,369.31951980775716,172.50944229862398,376.17855249504805,157.50748760262994,0.7691788005549516,99.80503174724771,0.42832258566304,2.6088335186868283,13.5408499991172
734,24.466666666666665,track,1,349.09236947791163,145.8768406961178,367.8698261818925,170.71963153690592,348.8469821336991,145.8569458277707,0.24619251508977308,98.46351114548607,0.3920924145339984,2.6524309503609653,13.340710000193212
735,24.5,track,1,357.6354961832061,162.0958969465649,367.472235890823,170.89440630973712,357.0021739483137,161.83577685100497,0.6846601473163008,86.48009399501805,0.3843472354037469,2.6473402243892545,13.057989999651909
736,24.533333333333335,track,1,361.91973684210524,129.1263157894737,367.5596647850111,167.03836232325858,362.26761075419296,128.62284409255255,0.611964058022909,119.12775401601351,0.3893092137758028,2.736510144265832,13.537876000555116
737,24.566666666666666,track,1,333.6501352569883,138.5356176735798,364.2128536261611,164.48010644999547,333.5772320446095,138.78804613840495,0.26274513930638366,102.11856263419897,0.31445215695885076,2.790445761971121,13.374696000028052
738,24.6,track,1,357.1776649746193,136.03826630222568,363.8473254876723,161.73159946389643,356.7909652526586,136.00910412663,0.38779776617449757,110.30721440036646,0.31375045288710396,2.8470142220253623,12.786621999111958
739,24.633333333333333,track,1,348.771667399912,138.19445666520016,362.469433293031,159.37403675607774,348.7622500188659,137.9893940786355,0.2052787165644608,105.98788018727272,0.28876972858842753,2.8929830413901216,13.115214000208653
740,24.666666666666668,track,1,362.93009345794394,121.50728971962617,362.84528283298,155.14149932096927,362.727245888768,121.29229580226135,0.295583356812367,126.16313477849644,0.30553676201945945,2.9820156675864187,12.342533000264666
741,24.7,track,1,359.65567641060505,129.76580557443916,362.78523219213116,152.14672049847564,359.38505341107407,129.13239427053625,0.6888009057682227,117.65546494904935,0.3104525537119427,3.0393686412530183,12.54637400052161
742,24.733333333333334,track,1,335.6193934216147,137.05040580948312,359.83396712664455,150.21087956431865,335.87233922370115,137.53163171727667,0.5436542588124201,103.6903932433283,0.24726174122459363,3.071741047792337,13.10697299959429
743,24.766666666666666,track,1,356.10348929421093,139.13758921490881,359.5010407414584,148.65596315210826,356.2460801177026,139.2105426018794,0.16016972127875811,107.10879070602226,0.24839279928389674,3.0964343424892355,13.628262000565883
744,24.8,track,1,365.13875168387966,113.06331387516839,360.26261495941486,144.09623537556033,364.80569242296144,113.08238619898306,0.3336048932780841,134.59431922055666,0.2739413323855903,3.1923279178165944,12.939979000293533
745,24.833333333333332,track,1,341.848909016056,141.62988884314532,358.1849365603646,143.261900759206,342.26772965895447,141.53492387929387,0.42945206400389435,100.95158740515541,0.23103414088319596,3.198486498314328,12.487977001001127
746,24.866666666666667,track,1,359.5528072241853,123.24420887318414,358.34861551958136,140.31612440678407,359.7176496193306,123.13823275262489,0.1959692663812944,123.42675696729452,0.24251302065975877,3.256581657243305,13.551210000514402
747,24.9,track,1,333.3603391427226,120.98257183231277,355.36945526394265,137.32218494640642,333.1418736650052,120.78351424800765,0.2955521727608599,119.93864814346522,0.17919717744107813,3.314938052735934,13.517736999347107
748,24.933333333333334,track,1,353.85591397849464,98.84623655913978,355.03013436037253,131.91454543505006,354.0348978136134,99.10551914172531,0.3150597893512182,144.9469868797066,0.18045753028021835,3.4287469652306517,13.337289001356112
749,24.966666666666665,track,1,323.4647370566653,132.04647370566653,351.08788511211856,130.8723593846667,323.4269875502183,132.20818935094246,0.16606316618685005,107.8462734018734,0.09627864983299544,3.437334383260713,13.10124699921289
750,25.0,track,1,329.53132250580046,126.66009280742459,348.1323055181784,129.31957795795785,329.11015081616915,126.60488551661382,0.4247745721033165,113.76048011762963,0.03871561214315497,3.4610792149147294,13.003943000512663
751,25.033333333333335,track,1,352.3180639585134,117.17631806395852,348.1137010942003,126.79805751358785,352.88580105220393,117.35602721980965,0.5955004519300594,126.9764543927464,0.05087050017392139,3.5089581747584004,13.445644999592332
752,25.066666666666666,track,1,353.59382940108895,120.78294010889292,348.2819050640331,124.93616178056666,353.20141564492417,120.210867090021,0.6937262391956832,124.30515019158149,0.06442403403213086,3.541320724609691,13.447179000650067
753,25.1,track,1,332.71330920788097,91.12625653397667,345.9732750766997,119.71858562313673,332.2809304886815,91.52148117766578,0.5857933729530704,148.98554226951717,0.01785026007768659,3.652467242871341,13.278543001433718
754,25.133333333333333,track,1,317.6894273127753,119.81718061674009,342.04303337739196,118.33852994116377,318.1851337442497,120.00331220289371,0.5294996067695763,120.0104113058632,-0.06507785947035696,3.670396320485666,13.163470999643323
755,25.166666666666668,track,1,314.87157894736845,89.19957894736842,338.0604037305628,113.47312989705422,314.71434751679607,89.06510890465668,0.20689107072741114,151.0274129823336,-0.14620658370811562,3.771743744446466,12.673678000282962
756,25.2,track,1,326.9485815602837,83.94015957446808,335.8218378975711,108.37579519059088,326.53461188177243,83.90842315569513,0.4151844108384132,156.22829933845833,-0.18455141545816384,3.875447297366871,13.403987999481615
757,25.233333333333334,track,1,329.41543513957305,77.54146141215107,334.0784479838182,102.93677984887398,329.6452527580795,77.16695871640367,0.4393955016816172,163.1184546102391,-0.2121903439850164,3.9846563669046517,13.367601000936702
758,25.266666666666666,track,1,344.4615023474178,85.43708920187794,334.3074546490246,98.89913932128893,344.27334654962647,85.72307957349375,0.3423347731380055,156.1747851895587,-0.19506851603346276,4.059115212449694,14.241930999560282
759,25.3,track,1,319.20793571069817,73.27172275238574,331.5662372702731,93.78698392475026,318.72382293995264,73.17416640549952,0.4938445257534954,166.8307147451828,-0.25070737496486256,4.158930603002059,13.49869600016973
760,25.333333333333332,track,1,339.29703451628586,77.98298492950899,331.4612702198972,89.69344128951666,340.1921468037019,78.26086554980493,0.9372532455101242,162.9946944082553,-0.2434656440753355,4.233874503793904,13.102844999593799
761,25.366666666666667,track,1,346.6393905191874,65.24435665914221,332.3066095622076,84.47684744269658,346.57633199947327,65.52837179594667,0.29093122012356787,176.484136597938,-0.21649064969279758,4.335472352340767,13.368990999879315
762,25.4,track,1,331.0322085889571,99.01955521472392,331.2934706547601,83.77696311129371,330.7947083646329,98.82132938744714,0.3093538995286603,141.59075804799258,-0.235811597510033,4.330920690478485,13.164396999854944
763,25.433333333333334,track,1,320.35511243105645,99.7976240984302,329.1226020469517,83.36988475637406,321.04736303541995,99.15212825418442,0.9465071495663429,140.85176585564585,-0.2818382729396957,4.3248636375857945,12.913848999232869
764,25.466666666666665,track,1,348.45437262357416,85.80950570342205,330.5050719583234,81.46368736290998,348.4521873626014,86.09904570858508,0.28954825151488706,156.50888376550628,-0.2432667813516842,4.357768033953492,13.024994999796036
765,25.5,track,1,340.16848319709356,70.81380563124432,330.8679363875162,78.025166572409,339.9788362955975,70.87307531725926,0.19869283562165047,170.3028788728122,-0.23186669776020594,4.427149990730223,12.34701499924995
766,25.533333333333335,track,1,339.9782514136581,57.14049586776859,331.23546648621414,73.30773235266616,340.16412193672966,57.122413459879155,0.18674802494800188,183.9858784586977,-0.22139693335831442,4.524793777150375,13.30527699974482
767,25.566666666666666,track,1,356.8564705882353,60.11372549019608,333.64412288548806,69.38695349914356,356.3098177770746,59.89308839333121,0.5894998087046774,183.7305159071208,-0.16400274595106581,4.601157757865917,13.149680000424269
768,25.6,track,1,354.5609157808667,85.49836467702372,335.6669221187584,68.90029005719269,354.6455072608658,85.86265005780069,0.37397801691579197,157.98301750684064,-0.11867592324538666,4.596823742098817,14.521263999995426
769,25.633333333333333,track,1,355.0282131661442,83.08973354231975,337.6475485492422,68.31014655109884,354.75174948783507,83.01835963517101,0.285528282392301,160.78221140442668,-0.07592310341660473,4.598933324414144,13.16407600097591
770,25.666666666666668,track,1,330.67151319332254,54.61066235864297,336.6107502038152,64.49721384281958,330.3686262391706,54.677291301010065,0.3101288812032547,185.6125393652549,-0.10461109444684732,4.678659438207462,12.596793998454814
771,25.7,track,1,323.3253813062182,52.22995698083692,334.7741805981909,60.78029159739672,322.9725229761154,51.96225434766366,0.44291500418348434,188.06123918249682,-0.14882436171167698,4.753683221085447,13.468438000927563
772,25.733333333333334,track,1,317.026301946344,77.09942135718043,332.31675828374205,60.41699765241915,317.1581909012115,76.58168100538414,0.5342749931394829,163.44302634857192,-0.20435403782152073,4.749135698745184,13.123789998644497
773,25.766666666666666,track,1,325.3313253012048,60.43049119555144,331.0300301676083,58.23068145815427,324.47782928216105,60.367581077290424,0.8558113913141945,179.6882213254503,-0.22960339344051786,4.790381228843432,13.398173001405667
774,25.8,track,1,347.4795918367347,75.859410430839,332.50257212748664,58.1677708691865,347.67531364132935,75.80283340742022,0.20373508380423253,166.51316014711074,-0.18991448835258404,4.782181948181784,13.02254000074754
775,25.833333333333332,track,1,321.9299065420561,66.99892163910856,330.8574792915428,57.18743225782937,322.2259083199727,66.96000806840617,0.29854868700868054,173.05430787915964,-0.22613680788186502,4.79812652530213,12.926113000503392
776,25.866666666666667,track,1,342.1319376825706,88.15238558909445,331.75717470485904,58.92884115335879,342.2740997398827,87.89217008555073,0.2965167091813104,153.73004729234057,-0.20119003890917564,4.751521504440141,13.699811999686062
777,25.9,track,1,331.50594648166503,62.74677898909812,331.35747087270835,57.64616094863627,331.921859088142,63.143388328676565,0.5747018918250805,177.25798096553737,-0.20858434808118528,4.779412636380255,13.310030999491573
778,25.933333333333334,track,1,325.91948802642446,80.82287365813377,330.3385985539629,58.717487289252446,325.53018040535807,81.12423791640418,0.49232188655720915,158.9719807795045,-0.23018045628235423,4.751420852710773,13.363193998884526
779,25.966666666666665,track,1,321.6961869618696,47.97006970069701,328.9028533567858,55.90003394897412,322.01675919307957,47.67796850150589,0.4336930550421788,192.3326054452303,-0.26056501126755877,4.81621452105697,12.701141999059473
780,26.0,track,1,317.2070359886777,73.05499393449251,327.04707279947417,56.35912963964597,316.96623488064375,72.71328024963017,0.4180351851849125,167.31422633965767,-0.2995996752910375,4.801238498968778,13.007379999180557
781,26.033333333333335,track,1,347.19530876017234,72.69602680708473,328.92469482807377,56.847508979710504,347.98886299660523,71.93137560366512,1.1020071637932611,170.38321207888714,-0.25018686963224895,4.787492025398635,13.31922400095209
782,26.066666666666666,track,1,351.60533542565713,74.43468026677128,331.2442823214346,57.606078863785385,351.6360127131952,74.53953609937456,0.10925127734548823,168.45771699331445,-0.19429211633498294,4.768840429963431,13.092857998344698
783,26.1,track,1,341.66058569371097,45.42486797887662,332.2521663315746,54.932690846756365,341.8582858787977,45.69545694357029,0.33511751818924007,195.53015141897475,-0.17220448079538578,4.8313103787615335,12.943343001097674
784,26.133333333333333,track,1,343.30256948086,59.605663345568956,333.4075175178982,54.2025530355112,343.3541104194987,59.5025152577922,0.11530826669307453,182.00207820722727,-0.14719227016256717,4.844896583231519,12.777822001226014
785,26.166666666666668,track,1,348.275451740855,70.60775672102248,335.0947567085523,54.91664451743977,348.3807175204398,70.16288909431643,0.4571521515236292,172.19207115243276,-0.11028321109152588,4.824935620482473,13.835740001013619
786,26.2,track,1,321.3988245172124,42.507136859781696,333.4663152630788,52.30416978417731,321.0717013296073,42.87380585381352,0.4913814516780433,197.12910734414615,-0.15177385043742037,4.884288846475487,13.391036000029999
787,26.233333333333334,track,1,322.30249110320284,51.928825622775804,332.0488170584549,51.0563032053729,322.17470885040683,52.342423574093075,0.43288747898670776,187.6701770357484,-0.1848270011004895,4.908804135454044,13.703229000384454
788,26.266666666666666,track,1,331.76420854861436,51.52090183184594,331.8581895349509,49.91553097454685,331.18901506206254,51.567465860202034,0.5770751733599288,188.7644404553071,-0.18709188898017035,4.9304941436543155,12.95218199993542
789,26.3,track,1,352.6479573712256,74.32895204262877,334.18719190464225,51.65109037524751,352.9548373863419,74.06146460554675,0.40709319900303,169.1792506072079,-0.130616339746036,4.885219282759905,12.47974299985799
790,26.333333333333332,track,1,350.32617874736104,59.11294862772695,336.10054962116504,51.532027069260785,350.02192837395705,59.516640170893304,0.5055048483847586,182.9632732503816,-0.08706816308055398,4.886884336435357,13.4133000010479
791,26.366666666666667,track,1,360.76690867405426,43.500955292319446,339.14203075859615,49.61783882635467,360.58427100777976,43.45200903686314,0.18908266199043863,200.69428443500388,-0.018854965908429253,4.930456259887725,13.200506000430323
792,26.4,track,1,337.62788844621514,65.06772908366534,339.2171566587171,50.46523412336972,337.00922528702256,64.8930605777071,0.6428477203162698,175.9311057735591,-0.02241974308913068,4.907517097867563,12.880459000371047
793,26.433333333333334,track,1,356.1774909237596,73.35377168212989,341.4895981976854,52.31341845216114,356.38460156041407,73.05139000385742,0.3665098841372454,170.86742700220603,0.027348608601063366,4.863424740918939,12.716368999463157
794,26.466666666666665,track,1,336.1931818181818,37.9100790513834,341.21212069053644,49.86195566866799,335.6800565441455,37.748126290174945,0.5380764292532221,202.85877992426805,0.016261702051685263,4.922130849566067,13.160362001144676
795,26.5,track,1,349.8321329639889,58.511357340720224,342.5607360707346,50.07643806539292,349.41463175838925,58.62301936032493,0.432175500577442,183.74664532297376,0.0454697397065431,4.915031378336136,13.43231799910427
796,26.533333333333335,track,1,341.2485576923077,44.645673076923075,342.77689472858833,48.67125409590278,341.80408820144305,44.8462117982948,0.5906182568712003,196.36807100894055,0.04782649436021337,4.946512528008104,13.185234000047785
797,26.566666666666666,track,1,336.6586978636826,62.737538148524926,342.40665139968786,49.567128677822836,336.53674023085534,62.900006429284005,0.20314922214383022,177.87037836641161,0.03766415872833159,4.9229538812865785,13.189064000471262
798,26.6,track,1,350.53676138926477,61.183130356337394,343.69664069374033,50.270243132937686,350.9184440182259,60.792033634715196,0.5464780644402027,181.85556188714497,0.06781943711153884,4.905905207006432,12.574029999086633
799,26.633333333333333,track,1,329.67707808564234,49.8992443324937,342.3897657378464,49.62288563078624,329.3162592164774,50.28144149084195,0.5256090982801996,189.9471614122765,0.036351176439971336,4.921414589206749,13.218265999967116
800,26.666666666666668,track,1,322.28316906747534,55.784306292645944,340.2581335960557,49.75886313628138,323.0031336474144,55.87538026420512,0.7257020495095824,184.14910916036303,-0.011773510581044198,4.9177000037687915,13.80736499959312
801,26.7,track,1,338.40429184549356,23.440343347639484,340.17254416129396,46.05634711784539,338.3356952992325,23.37976935666392,0.09151335717617204,217.39485285093207,-0.009318993357025022,5.003579894925208,13.271797999550472
802,26.733333333333334,track,1,319.62063086104007,21.97612958226769,337.8373353973994,42.449323516296516,319.8482519580759,21.86334094991549,0.2540327526199412,218.1367118322843,-0.060037494290162675,5.082302272645776,13.080829001410166
803,26.766666666666666,track,1,339.52093023255816,58.491331923890066,338.0226377349006,43.48475483329969,339.15415195752485,58.05524205179444,0.5698251307030897,182.95020219186168,-0.04955506398062138,5.04976036795255,12.688025000898051
804,26.8,track,1,345.24559082892415,41.20987654320987,338.8818155257079,42.44387317842427,345.56518094431704,41.555829068130706,0.4709787589222432,200.08415093043382,-0.024919998221950297,5.069431010105327,13.454588999593398
805,26.833333333333332,track,1,326.27690752905505,32.02577059120768,337.4181744254197,40.41972450445633,325.87207342140516,31.97858447251417,0.4075747594172642,208.1042781019297,-0.05645428162705187,5.111916377114849,12.982153999473667
806,26.866666666666667,track,1,330.4241615853659,43.85861280487805,336.54072963386363,39.98886386247158,330.32570942812407,43.474131784290094,0.396885981684818,196.7969439628894,-0.07272457131521419,5.115998023568973,13.11963599982846
807,26.9,track,1,312.91839557399726,48.02858460119871,333.6280859338275,40.13769334151079,312.5545891970771,47.65664841849493,0.5202803128045642,192.4873996905531,-0.13617562799751962,5.107800971884218,13.456568000037805
808,26.933333333333334,track,1,334.8653433476395,27.708690987124463,333.53079405744,37.89868847397454,335.2336111268224,28.04018935760635,0.49549200479567,212.5065275127393,-0.13114388978452698,5.156743018443171,12.745598000037717
809,26.966666666666665,track,1,346.57364705882355,44.26023529411765,334.8555283270194,37.82931547401024,346.06007591767457,44.28931985524983,0.5143940403205735,197.43808619300296,-0.09460208452574342,5.153152912493282,13.945697000963264
810,27.0,track,1,334.04410585404975,14.851242983159583,334.61260866943235,34.30009620921142,334.3429735799336,14.888438665378922,0.30117343234544935,225.5680295113329,-0.09762410636853158,5.231471487110564,13.073755999357672
811,27.033333333333335,track,1,343.62015845070425,28.085827464788732,335.53963978096743,32.627629866383714,344.40942514369675,27.65075596892706,0.9012375486954738,213.74756484323723,-0.0734067005647871,5.262976842271323,13.119162000293727
812,27.066666666666666,track,1,303.29196466133783,19.59108119478334,331.5943626269175,30.104687243995766,303.32834631183607,19.25470189175663,0.33834104095972706,221.37396114628137,-0.16445395103898677,5.314211787562038,13.186772001063218
813,27.1,track,1,322.7227426002248,35.05919820157362,330.22920792314505,29.653299354132603,322.70976195706635,34.92200141721794,0.13780948709848173,205.09590028224244,-0.19019325519810004,5.316104153985269,12.483501001042896
814,27.133333333333333,track,1,333.8040730337079,50.737710674157306,330.2954119175636,31.172091927278778,334.1055405237548,50.03274802921363,0.7667170131940405,190.4902178454304,-0.1823167704879437,5.274161171597043,13.479835999532952
815,27.166666666666668,track,1,323.91567291311753,28.967206132879046,329.1978301684908,30.054618032045372,324.3207045758543,29.493492919399728,0.6640997135111261,210.55084424268316,-0.20330219208719907,5.2975510710911635,12.842780000937637
816,27.2,track,1,310.2694831829368,60.182526661197706,326.5593071775053,32.7956369797534,309.9195735132864,60.412706596352585,0.41883120640988225,179.869983460837,-0.2599814409765991,5.230499832799348,13.102721000905149
817,27.233333333333334,track,1,304.44318625536897,50.27957828973057,323.41552245714934,34.23304435152961,303.9673668525152,50.53622056842236,0.5406194256075212,190.14091890526703,-0.32635619153449963,5.198454703554633,12.543917999209953
818,27.266666666666666,track,1,325.1142403808013,48.81832606108687,322.97537236149475,35.44596696436534,324.80218752120925,48.812901226965074,0.3121000096200121,191.24739930843262,-0.327588003455087,5.173156967262458,13.469972000166308
819,27.3,track,1,323.9565007249879,41.2208796520058,322.4656884678875,35.707045941152224,324.316233892634,41.2784334048325,0.3643080926484098,198.7684353841261,-0.3325068774073129,5.170756226698871,13.117178999891621
820,27.333333333333332,track,1,288.4263565891473,43.67564259485924,317.7791574150395,36.27245486231114,288.0296549906285,43.31743210093632,0.5344968813977069,199.2639843910285,-0.436298772325806,5.160531467853284,13.341568999749143
821,27.366666666666667,track,1,303.9073886639676,79.71508097165992,315.2810385007412,41.136671287559466,303.56259851826263,79.88756684319345,0.3855277168426852,160.95396676958498,-0.4847309135656559,5.0502464370097755,13.131502999385702
822,27.4,track,1,301.27834629553826,75.5665165779779,312.6806659437452,45.21674964015361,301.32868144037474,75.17915362802556,0.3906196126687488,165.87504193075281,-0.5354392342385863,4.963916908216507,12.954009000168298
823,27.433333333333334,track,1,293.434335443038,87.33623417721519,309.3663771474777,50.44752967097705,293.5348758995079,87.23315983353022,0.14398855410504857,155.04228535500297,-0.6026772777507844,4.853781983309047,13.228997999249259
824,27.466666666666665,track,1,300.0722433460076,87.89239543726235,307.1209976678727,55.40011994554351,300.5229188461569,87.26735386667518,0.7705747020224026,153.96953557493381,-0.6440442160448654,4.753732310033416,13.26070899995102
825,27.5,track,1,312.41781106949645,70.27465667915106,306.5669241863021,57.90084755396357,312.37754954344564,69.99853297775232,0.2790435251964894,170.17226724904089,-0.6467226342986878,4.712845025433943,13.635506000355235
826,27.533333333333335,track,1,316.461355529132,79.820451843044,306.60724028426534,61.33832620001441,316.37869559501036,80.11686096690244,0.30771908198147313,159.92414449566522,-0.6382686583091131,4.648377871792032,13.092279999909806
827,27.566666666666666,track,1,318.3314020857474,94.16067979915024,306.9414058966953,66.22041436580784,318.47964855219243,94.33425884101727,0.22826891726406637,145.6736750958134,-0.625637439194856,4.550327875524645,12.402903999827686
828,27.6,track,1,316.52596153846156,104.36682692307693,307.1064104246543,71.9519522986536,316.9148966714763,104.68895395912693,0.5050112523969695,135.34621178009726,-0.6192007032435664,4.43448142512092,13.517948998924112
829,27.633333333333333,track,1,292.1755521706017,94.40860624523991,304.4112640175474,76.05390551325102,291.6904114069335,94.4582842186927,0.4876776205844785,148.2694298865262,-0.6808806490306503,4.359036853665325,13.39949099929072
830,27.666666666666668,track,1,290.2092145015106,87.78285498489426,301.7101182950304,79.01264972067266,290.3289472165799,87.53546969765435,0.2748370488137207,155.3248350187161,-0.7400479593158618,4.309731776231139,13.254486000732868
831,27.7,track,1,320.78952042628777,90.67140319715809,302.9016323420619,82.0297731391088,320.97350311519233,90.56051208612499,0.21481729055806564,149.44265875671672,-0.7065573800437085,4.257217969204373,12.602820001120563
832,27.733333333333334,track,1,288.01660682226213,116.983842010772,300.1674364529339,87.89864571705745,288.4773237827422,116.81875599726507,0.4894011744260421,127.15069008841199,-0.7684216865093418,4.137183817098269,12.826140999095514
833,27.766666666666666,track,1,294.7076640660854,133.44286369894448,298.46792038415475,95.2554721871782,294.34335727528344,133.01875099723748,0.5590984006180192,110.01477607164789,-0.8037673675697296,3.9855525743800295,13.089650999972946
834,27.8,track,1,298.59248554913296,105.79479768786128,297.40762169468735,98.71671188089246,298.5647816469673,105.3549276661125,0.4407415821413643,136.34061790104954,-0.8239123108712185,3.9286009481342887,13.606002001324669
835,27.833333333333332,track,1,295.30056179775283,112.78876404494382,296.089457786031,102.65433132142886,295.61428326412016,111.96173975282062,0.8845283139739183,130.3397839028706,-0.8507323061629316,3.85818950737151,12.837279000450508
836,27.866666666666667,track,1,327.46054572271385,143.78244837758112,298.76903566315553,109.90482462562773,328.05595471620427,144.54158412132458,0.9647792218731756,95.79774302380869,-0.7843947519077052,3.7097280721543977,12.373372999718413
837,27.9,track,1,306.76858407079646,138.05796460176992,298.8719937216127,115.86153877017789,306.4225582026786,138.41350593046567,0.4961285496899571,102.489817558132,-0.7833797177082306,3.5951014081281296,13.670259999344125
838,27.933333333333334,track,1,323.86752637749123,148.25830402500978,301.06767321560915,122.49475834213827,323.85900945383975,148.6302995372793,0.3720929979684638,91.45115699985499,-0.733822661537506,3.4656274750593625,13.840851999702863
839,27.966666666666665,track,1,311.5314960629921,141.1434820647419,301.6990560151168,127.67996718335634,311.62005180828845,141.43316145310735,0.3029129711134302,98.92242007161457,-0.7236252027644896,3.3713501113087045,12.756840000292868
840,28.0,track,1,333.5205673758865,160.9468085106383,304.95952811752215,134.71590670402009,333.7610969750644,161.06838584968412,0.2695098095619719,80.12220355389306,-0.6520181718737518,3.233159668654283,13.076698000077158
841,28.033333333333335,track,1,339.53486319505737,143.85789938217124,308.7667945593533,139.0664015392764,338.8924047582013,144.00326963426915,0.6586997444075542,97.83810708746638,-0.5709062083253289,3.159285787928177,12.7095809984894
842,28.066666666666666,track,1,341.6401414677277,169.69849690539345,312.6047757180903,146.02344099545746,341.158014353287,169.5236282192931,0.5128602264334472,73.58383348770515,-0.4919539661074554,3.0225003755350826,13.60940000085975
843,28.1,track,1,350.19749335358904,171.14963919483478,317.2282280548541,152.5022702945141,350.16701382036047,171.07049411289984,0.08481123711112748,75.2417803130521,-0.3966110896742843,2.898735626072045,13.960669000880443
844,28.133333333333333,track,1,350.9143407122233,183.9374398460058,321.6354979883633,159.87758408080032,350.9834701342938,183.55236830335235,0.39122751687131624,64.39185154756039,-0.30855517218212763,2.754813622312633,15.61865400071838
845,28.166666666666668,track,1,342.9066147859922,193.09484435797665,324.7809445610222,167.64920896891473,342.3740239973573,192.69630771780606,0.6651950102768234,52.32815927741788,-0.2511216457042898,2.603367846515683,13.588310001068749
846,28.2,track,1,352.4547178757705,189.49786628733997,328.83010761654185,174.25496655747168,352.28413038058704,188.75146016858258,0.7656514792197779,60.56961209454062,-0.17169955886984858,2.480746828176882,12.950682999871788
847,28.233333333333334,track,1,321.77626641651034,185.9329268292683,328.90596698789415,179.76043678783688,321.82085235065847,186.3826733176296,0.4519511138576765,53.648235980756404,-0.1854514079625546,2.3833364099820495,12.559530001453822
848,28.266666666666666,track,1,338.900092506938,204.97733580018502,330.9663581021568,186.9320635429961,339.0392046506187,205.32381036964145,0.3733588298131622,39.55918908431675,-0.14806698835242943,2.2454427079983987,13.62977300050261
849,28.3,track,1,337.8660869565217,189.1417391304348,332.7170868680439,191.4895822972791,338.29826056921894,189.49170832929914,0.5561047308426111,53.7207024093284,-0.11703528456392112,2.1693547271324474,13.898572000471177
850,28.333333333333332,track,1,341.0130877363064,220.97576345128454,334.674003031305,199.29130112002906,340.6242243606072,221.2013140620734,0.44954177001410234,27.90607861146853,-0.08013025665643503,2.0150294459415794,13.319998000952182
851,28.366666666666667,track,1,345.7200720072007,219.75202520252026,337.0080719778752,206.178739584677,345.7425238845621,219.9271533475402,0.17656147364354732,32.64347880787856,-0.03388875619191898,1.8843740990558793,12.32130700009293
852,28.4,track,1,323.6417591801879,217.98462852263023,336.4889247807538,212.13446496254582,323.844209785388,218.00401112285624,0.20337633278583156,22.32938591984797,-0.05429816140848251,1.7758358441398556,13.05551900077262
853,28.433333333333334,track,1,323.61538461538464,224.63614163614164,335.9308945734993,218.21794328647073,324.1061438005951,224.77260973456563,0.5093801328633369,15.771297702060242,-0.07199754235194991,1.6633878544523262,13.759711000602692
854,28.466666666666665,track,1,323.5025011368804,217.5975443383356,335.33233353024104,222.7809813049786,323.23651877658295,217.47525775104953,0.2927466915602817,22.756077587599066,-0.0880764295531974,1.585804933199921,13.387962000706466
855,28.5,track,1,323.7040737893928,250.2598001537279,334.7393933937462,230.6650204170973,323.53469053042636,249.77389252744337,0.5145842105035441,10.393411965466347,-0.10219223663740744,1.428616524042682,13.470204999975977
856,28.533333333333335,track,1,328.1129151291513,221.01845018450186,334.660610560626,234.25831694685445,328.5746646221798,220.98490460304484,0.46296641384376785,20.859020263141964,-0.10304727301208205,1.3739966826668524,12.853817001087009
857,28.566666666666666,track,1,330.79972936400543,243.6423094271538,334.86272093850476,240.02672831242816,330.9047684353088,243.81999571231492,0.20641129434853356,11.55449444457922,-0.0971269072349873,1.265600514055105,12.973203000001376
858,28.6,track,1,318.92891221374043,207.9604007633588,333.59006049460044,240.8655045039773,318.91480200025234,207.90252642829282,0.059569596137697314,32.11581330723383,-0.12583549981212963,1.2707162390738538,13.457301000016741
859,28.633333333333333,track,1,323.7261698440208,241.3227902946274,332.9316927360963,245.34334216378357,323.8887373678199,241.07774550914414,0.29406656846148144,4.035320767715881,-0.1384874262034864,1.1849978982842992,13.31161800044356
860,28.666666666666668,track,1,353.2780306164667,233.69218038891188,335.81616477485363,248.34248418342247,353.3809296315219,233.4275005869183,0.28397817677187925,34.02181963974848,-0.06804194492085673,1.1337554454663965,14.049461000468
861,28.7,track,1,341.5538662033015,236.53344917463076,337.08649813771245,251.211201933598,341.56283830215233,237.01321564501052,0.4798503565263243,21.76871324695094,-0.03946975363258478,1.08354434424168,13.307381999766221
862,28.733333333333334,track,1,319.96697713801865,218.82472480948348,335.6572837800617,251.50725129681894,320.073194018038,219.19839921326172,0.3884772652808261,20.801729559224324,-0.07474151015246827,1.0917315063541517,12.857030000304803
863,28.766666666666666,track,1,317.86140724946694,207.16098081023455,334.02772003792836,250.12415788834406,318.2895643922929,207.0443239084046,0.4437649960254367,33.00003297910874,-0.11184160416190282,1.1346433351710135,13.936095998360543
864,28.8,track,1,351.41641337386017,209.06306990881458,336.4828942024508,248.8068380294788,351.73739768441703,208.58176598370122,0.5785191405244943,44.6583456979964,-0.051383107484270524,1.170771037533223,13.3053680001467
865,28.833333333333332,track,1,319.4783204016431,223.2670013692378,334.93857845300283,249.0431502512726,319.5279793378538,223.5544921921329,0.2917481502846047,16.4522804061963,-0.08792114383636707,1.167078560927191,13.629224000396789
866,28.866666666666667,track,1,321.79140127388536,227.1507430997877,333.7378693458281,249.5194159264368,322.09400263255066,227.3830859528687,0.3815111841662153,12.789502222441195,-0.11388810990043391,1.1572866647566535,13.257735001388937
867,28.9,track,1,323.1619083395943,219.55522163786625,332.753701971328,248.86004381239337,323.4215739704466,219.58677709988197,0.2615759679882093,20.697991149025572,-0.13349026770446115,1.1739510041763168,12.870104999819887
868,28.933333333333334,track,1,340.51402298850576,193.23310344827587,333.88939392054436,244.9084702925394,340.99385739797475,192.94592156504984,0.5592088112357525,51.525026402797124,-0.10299582138425264,1.2659899638819323,14.22996400106058
869,28.966666666666665,track,1,355.90129682997116,206.2856628242075,336.77991191779324,242.59702672463192,356.3107074682878,206.33028638063564,0.41183532213144897,49.518855924360565,-0.03380011086275068,1.3145904624498004,13.455890000841464
870,29.0,track,1,354.3643919510061,210.36132983377078,339.28652709470833,240.77297047376277,355.09588586781285,210.28181107811335,0.7358033588035561,45.987954484228716,0.02267723985958765,1.3503788902925344,13.760903999354923
871,29.033333333333335,track,1,323.5029134917078,218.3218287763335,337.91735482494295,239.88753075845108,324.01518721117327,218.30852466459356,0.5124464489526721,22.059959894961622,-0.013386888725700055,1.3613040880632048,13.632585998493596
872,29.066666666666666,track,1,323.7934093789607,189.4051542036333,336.63691909990706,235.48555896200733,324.35227662734144,189.1058543822929,0.6339660750916065,51.07990182055244,-0.04388636333264235,1.460712104883248,12.791937000656617
873,29.1,track,1,351.33257055682685,208.40274599542334,338.7053148023478,233.5311637609605,350.9231563131791,208.9698639133229,0.6994589020838852,43.80765848487007,0.006083709624791506,1.496480574991286,13.610818999950425
874,29.133333333333333,track,1,343.1952397378406,206.61296998965162,339.649319010722,231.4051343472083,342.62600888019523,206.78915238484808,0.5958724743373008,40.18577705063715,0.027169971657529407,1.5368837237949646,13.453326999297133
875,29.166666666666668,track,1,322.25815217391306,187.643115942029,338.0034981087562,227.07594202419747,321.6301255498752,187.62466053339554,0.6282977340467277,52.40070126964343,-0.012574713675237081,1.628995973426924,13.070158000118681
876,29.2,track,1,327.5583497053045,183.73595284872297,337.068490450462,222.49698970444356,327.0999172902385,183.48753354496495,0.521413875594875,56.956717692996406,-0.03270863665002454,1.7244259408210567,12.87832299931324
877,29.233333333333334,track,1,337.9955039340577,202.6174597227426,337.42110459051895,220.42862450034565,337.69661771182575,202.13760967747828,0.565322067303462,41.79390959665644,-0.021611485129065303,1.759298555759009,12.813916999220964
878,29.266666666666666,track,1,346.0082135523614,195.29199178644762,338.69418497194164,217.59593745997086,345.69692358173916,195.26439143738827,0.3125111599258255,51.59076036494289,0.010150135437546594,1.8139230458004894,13.546259000577265
879,29.3,track,1,341.61129163281885,193.2944760357433,339.34486061410894,214.69331429067051,341.3007271650475,193.3870263585135,0.324061492447016,51.249295502101354,0.025660211585778452,1.8682549725342388,13.914502000261564
880,29.333333333333332,track,1,330.19408502772643,187.05499075785582,338.5695594570218,211.22870074898177,330.11647475300396,186.8460221881833,0.22291527057040583,54.10811786273173,0.007494744515360675,1.93568085273321,13.184360999730416
881,29.366666666666667,track,1,346.7797619047619,201.8420868347339,339.80673895764573,209.7628092039297,346.77477573841315,201.16267477772647,0.6794303533563385,47.17230592480043,0.0378462782871481,1.955897133622685,13.29493799858028
882,29.4,track,1,327.92402565367536,191.15737543167242,338.6940395753034,207.13410600517045,327.72923727029047,191.26934159174522,0.2246751773186029,49.33982344600009,0.01186955155553216,2.005329541134928,12.814585001251544
883,29.433333333333334,track,1,327.2529465095195,170.23526745240252,337.5521546346123,202.19599893831446,326.8803442161413,170.52652225779974,0.4729289911791105,69.81334575945048,-0.012832937264017474,2.108412321819767,13.328192999324529
884,29.466666666666665,track,1,312.2799556213018,190.49149408284023,334.67775224946797,200.02761386578675,311.84637454826657,190.4245005896261,0.43872619596668777,50.241534110685144,-0.07660463368713671,2.1439510841820875,13.412428999799886
885,29.5,track,1,334.27465277777776,154.84930555555556,334.6069859657175,193.7833944728859,334.14100835244744,154.84466885102032,0.13372483483189593,86.32148365451313,-0.07182261779943419,2.275788531817354,12.963318999027251
886,29.533333333333335,track,1,342.8486842105263,173.99451754385964,335.56754566862696,190.27913596707722,342.3133633719684,174.51234357873375,0.7447900392645896,69.18467553237001,-0.04439406388186255,2.339494388622216,13.143592999767861
887,29.566666666666666,track,1,337.59565042287556,162.21224325412808,335.8404405777847,185.66089866419202,337.67526256123926,162.52545049622188,0.3231669368528325,79.46521709164402,-0.035315713145760146,2.4296999495128238,12.57054099914967
888,29.6,track,1,325.1132736473336,147.93888672635268,334.6012594922519,179.70944560408591,324.9997546823737,147.86451616466107,0.1357112222769034,92.27104057317182,-0.062252261478548794,2.549818693320362,13.482578999173711
889,29.633333333333333,track,1,309.73900293255133,167.27077223851418,331.5993831209855,176.53980681471884,309.8467955222544,166.80360517256906,0.4794416647504348,73.89722441946024,-0.12893166979751747,2.602701555654056,12.828445000195643
890,29.666666666666668,track,1,320.47469570787956,169.416399743754,330.0739827849142,173.93526393524334,320.33191280924575,168.5646643270826,0.8636203889178865,71.43610675852462,-0.15798151602211066,2.64441029757285,12.803400000848342
891,29.7,track,1,332.407908992416,167.50108342361864,330.08505028895775,171.37874214421421,332.4743705268689,167.59937049924633,0.11864857688684007,73.46741503651137,-0.15088953964272786,2.6871404803066796,12.13800400000764
892,29.733333333333334,track,1,322.1563714902808,176.22375809935204,328.88646893131653,170.14160846024404,322.2307811935265,176.37642276243952,0.16983316311231317,63.662673249222074,-0.1738159624639869,2.7007562698057765,13.387655999395065
893,29.766666666666666,track,1,307.0334849111203,137.2224059528731,325.9713984766355,164.43445095522475,307.0602681919186,136.906825501124,0.316714959634823,103.90206584818597,-0.23653820599820982,2.821174253266871,13.921492000008584
894,29.8,track,1,326.4859022556391,142.5874060150376,325.5871318465174,159.8442589888723,326.70208354889064,142.1220031249442,0.5131609900013929,98.1071872809008,-0.23786793827307537,2.911600153881364,13.93632399958733
895,29.833333333333332,track,1,331.200862378728,134.89471793029105,325.8195394622541,154.75164119621803,330.83492844708144,135.49999532266122,0.7072965177665911,105.06020489232448,-0.22644364814661358,3.0123995145837608,13.479600000209757
896,29.866666666666667,track,1,335.5378359264498,155.75742574257427,326.5837960031236,152.61190998749083,335.7319670251963,155.88536473279058,0.23249788970673402,85.57316549373135,-0.20453854111215136,3.042950429082813,12.908249000247451
897,29.9,track,1,317.5235792019347,128.5167271261588,325.170449813299,147.4942308723418,317.87349287325185,128.45127902723792,0.35598178468428227,111.56898844759345,-0.2354826185769834,3.14560934610555,13.253473000077065
898,29.933333333333334,track,1,341.37264957264955,139.46666666666667,326.7200875080156,144.15363463373765,341.6492739607383,139.13615732242124,0.43099591496790013,103.16106737870862,-0.19591347236966777,3.2049403561645073,13.75018200087652
899,29.966666666666665,track,1,336.8428357089272,146.15453863465868,327.6542270071516,141.97668642426697,337.2127429833119,146.65315666601808,0.6208472701392994,94.92055457817615,-0.1735321129998072,3.238208100370575,13.561417999881087
900,30.0,track,1,345.5881809787627,144.404432132964,329.59249090193265,139.88259456884634,346.1788561031045,144.4280475563644,0.5911470127968294,99.0925355450934,-0.1288677471848056,3.27181444476143,13.852781001332914
901,30.033333333333335,track,1,309.3126483553747,119.81586978636827,327.0824438604725,135.13275226031013,309.2583851399413,119.92539943733156,0.12223436910014024,120.55410399520295,-0.1900887140772884,3.3688643505567057,12.949713998750667
902,30.066666666666666,track,1,336.8227765014769,150.2139809648835,328.02730135613643,134.46973615028293,336.38855397181936,150.06774932764992,0.4581843482597199,91.41331638378321,-0.1664481008983107,3.3684984384835825,13.169311998353805
903,30.1,track,1,310.0557786702365,112.94199018295404,325.7249847096191,129.54841993512386,310.29412727973187,112.70362682418238,0.33708626559572935,127.66585521970651,-0.22007172140060074,3.470977243095614,13.825684000039473
904,30.133333333333333,track,1,338.15847860538827,111.8959323824617,326.9395902559079,124.9641198404984,337.8571257233458,111.41906948421175,0.5641026353799813,129.81499386205488,-0.18851546144119874,3.5625591852319007,13.128425000104471
905,30.166666666666668,track,1,337.3700756068444,130.08555511341027,328.0000680480502,123.00392093591238,337.78835072406724,130.23066722262277,0.4427319707541767,111.20131222190234,-0.16288279778668854,3.5914428800911518,13.659315000040806
906,30.2,track,1,300.978125,116.86805555555556,324.65284282102283,119.75134677667515,300.65027401840314,117.04864403791434,0.3742972964030872,124.46464489355353,-0.2415426412946088,3.6527353100015656,12.829007999243913
907,30.233333333333334,track,1,305.6046683957021,134.20674323823638,322.0789701894481,118.93938834239177,305.9438475690113,133.9065068533164,0.4529728451425698,107.02058077411368,-0.29756266516277524,3.657191424979387,13.235434000307578
908,30.266666666666666,track,1,311.0859634551495,115.20514950166113,320.3430070719527,116.06832079464857,310.94662308007184,114.88304009878597,0.35095613336622916,125.44408032496507,-0.3398846660623397,3.712752258544647,13.787697000225307
909,30.3,track,1,311.2636195752539,125.2072945521699,318.76541837939294,114.7302258943094,311.0849795980502,125.18936076113405,0.17953791331153818,115.15624373521483,-0.36168798180905704,3.7321529829442404,14.334905999930925
910,30.333333333333332,track,1,308.8567130500188,135.26701767581798,317.0315323531541,114.83499870427258,309.24560590619103,135.2654096384557,0.38889618070372606,105.28528582154982,-0.3957009263016531,3.719713599573834,13.686975000382517
911,30.366666666666667,track,1,335.63244766505636,122.85064412238326,318.64495304218894,113.59789580200109,335.7142272924346,123.09097544722407,0.25386424158172105,117.96040420954763,-0.35137044517692084,3.741615294467962,13.539620000301511
912,30.4,track,1,327.3831199620673,108.91986723565671,319.2081977504891,110.91316793707058,327.7988531512086,108.70797736930973,0.46661697355982484,131.52344778377656,-0.3356655150701539,3.797562465100953,12.02303900026891
913,30.433333333333334,track,1,324.3441920274325,107.4564937848264,319.40289006058697,108.3593288749216,324.2107028828526,107.18864358890939,0.2992709126752071,132.87808852674473,-0.3300766728036275,3.8487839141196085,13.70214900089195
914,30.466666666666665,track,1,314.555136663525,120.2492931196984,318.4412190345619,107.63396459400585,314.04444585811865,120.37319741770072,0.5255067780628785,119.77495782174705,-0.3520617369133523,3.856492234493583,13.51605900163122
915,30.5,track,1,299.4331210191083,106.36106687898089,315.7564838997852,105.4304656532991,299.5217943748765,106.39947539285619,0.09663424838691506,135.16085631916098,-0.41321745647356417,3.9003348636756563,12.907996000649291
916,30.533333333333335,track,1,303.0172323759791,101.2135770234987,313.69717618669614,102.88197171460506,302.3331338667373,101.49705181371537,0.7405057238369516,139.62515824615303,-0.456899316733015,3.951440519347788,13.605156000267016
917,30.566666666666666,track,1,321.45612009237874,112.4153194765204,314.00799235232927,101.96520545806648,321.87628515850935,111.77094050230603,0.7692612983935248,128.24278594002544,-0.4441029725246866,3.9636120881133214,13.855425999281579
918,30.6,track,1,295.9085623678647,114.7463002114165,311.28303919918176,101.51641118819805,295.6376641434506,114.65837891040566,0.28480871328341834,127.68729531850362,-0.5044028168820182,3.966408647752141,14.352770998812048
919,30.633333333333333,track,1,329.5034965034965,102.58469308469309,312.78462867843024,99.7675769225136,329.62829941186567,102.48005961389885,0.16286168716999633,137.85658545518,-0.46377784372424186,4.001116637170049,14.01192499906756
920,30.666666666666668,track,1,324.9178413209827,97.03745469190495,313.6855202983939,97.5859293724109,324.7320406136223,97.25566245743485,0.286594716966608,142.82275066961407,-0.4409786206504461,4.045312331369782,13.527469000109704
921,30.7,track,1,322.9118136439268,90.76913477537438,314.3242851437018,94.9113689397364,322.5768432910243,91.32320554442029,0.6474562181605261,148.69912350425335,-0.4261638071845996,4.09998130929872,13.316949998625205
922,30.733333333333334,track,1,296.8914027149321,78.49457013574661,311.84018557639223,91.0571783833215,297.14803353605896,78.01461580107556,0.5442568710836613,163.5893549878544,-0.48519949691177416,4.180720396659732,12.887090999356587
923,30.766666666666666,track,1,318.85888993414864,107.0131702728128,312.16650548649596,90.97889466006629,318.56388015418196,106.76645569100216,0.384576202012012,133.2412840276963,-0.4753541892261458,4.1711277458213125,12.799676000213367
924,30.8,track,1,313.44043592634347,91.58060879368658,311.8567454608795,89.18642955165382,314.1507605373532,91.44898906557222,0.7224159507064158,148.6661240899616,-0.4816651398929611,4.204707953382635,13.37280600091617
925,30.833333333333332,track,1,300.27541589648797,88.86728280961184,310.02164564337613,87.30206471836482,299.9242280498562,89.07429092316879,0.40765826705743435,152.2550697997885,-0.5236904253069988,4.2404333835137615,13.005434000660898
926,30.866666666666667,track,1,334.18012999071493,87.1230269266481,312.3865678779418,85.44637309811776,333.71867928076233,87.2664065896963,0.4832126710792847,153.3484682585137,-0.4658389786164666,4.275374084589575,13.181029999032035
927,30.9,track,1,310.0320939334638,90.4559686888454,311.7466597119705,84.22397073042193,310.1661993579121,90.0501575452392,0.42739554178937467,150.27194976866414,-0.48217670434513865,4.295546865584718,12.43262200114259
928,30.933333333333334,track,1,307.18044596912523,87.3811320754717,310.82918892973527,82.82747928528617,306.68209088195755,87.15210454933491,0.5484627613924622,153.42700494689285,-0.5039840646983691,4.3205913966500855,13.763816999926348
929,30.966666666666665,track,1,306.4149266992448,88.18214127054642,309.90210984943525,81.72846365386711,306.48212986715436,88.2852879166829,0.12310766176921702,152.31574664312382,-0.5249782257508397,4.33906152010582,13.561270001446246
930,31.0,track,1,301.11047282368537,64.34114007954044,308.4249773524397,77.95880507620278,300.93373984647315,64.51834052169296,0.2502689392100973,176.51440476488733,-0.5581001845845045,4.420265017951765,13.160972999685328
931,31.033333333333335,track,1,294.1757322175732,81.27615062761507,306.23946295250164,76.56159608661056,294.5820631710048,81.71561111799718,0.5985234885311476,160.31225554021717,-0.6065947447940412,4.443152343020613,12.904192999485531
932,31.066666666666666,track,1,323.3078703703704,75.9741512345679,307.7074667014778,74.73329739294499,322.4044793072887,75.49604447063358,1.022106398852698,164.52152717971876,-0.5681395482311064,4.477055606754971,12.35880499916675
933,31.1,track,1,281.8551336146273,68.59446788560713,304.16123289711584,72.25054015066256,281.3341084380713,68.36811855900672,0.5680679996775223,175.9333791446467,-0.6502225995823525,4.5262882327762295,13.596618999144994
934,31.133333333333333,track,1,282.2311261071278,55.85955293125264,300.9142363774642,68.51386138158155,282.410947350012,56.063888357382,0.2721922955630577,187.73766283122097,-0.7214209050567332,4.60387025597702,13.328330998774618
935,31.166666666666668,track,1,283.09305492510214,62.07535179300953,298.0163895526948,65.87108136895921,282.79959298743273,62.35280628204165,0.40385752728500085,181.50040142591004,-0.7822148041475321,4.653763344205987,13.512821999029256
936,31.2,track,1,297.1107011070111,50.704335793357934,297.0278927743185,62.155566707395344,297.61341123092416,51.114359841481075,0.6487196534127616,190.20763500661377,-0.7973894939385844,4.7284952241251546,13.096036000206368
937,31.233333333333334,track,1,293.69171405361493,37.19861900893582,295.7493571369334,57.1820267290253,293.6574917547288,36.842882679077064,0.35737865370280403,204.85785818171445,-0.821081427874369,4.830956398655613,12.717843001155416
938,31.266666666666666,track,1,271.85270588235295,34.85270588235294,291.9962689169468,52.370583547857116,272.29648637292314,34.6574682862197,0.4848286736101816,210.81076951378358,-0.9034247934863424,4.926886632670323,13.540015999751631
939,31.3,track,1,288.7582288401254,51.83934169278997,290.5604355244083,50.03265874859141,288.7016854820354,51.845213066983455,0.05684737794321094,190.74015921529028,-0.92922231023124,4.963592861995456,13.30772499932209
940,31.333333333333332,track,1,280.09098824553763,26.057030909882457,288.24605573924936,44.90470785396486,279.81136119911406,26.4272380431884,0.46394461592109654,217.32107890982178,-0.9768282992698589,5.067306156236061,13.227727000412415
941,31.366666666666667,track,1,259.48262397500974,28.40843420538852,283.68175494663086,40.527732990691014,259.5064467302883,28.995270358702967,0.587319499511092,219.50504759160393,-1.0768025241934858,5.151289993257807,12.665573998674517
942,31.4,track,1,261.87809349220896,19.87167736021998,279.76554701632756,35.56100449020348,261.62898779820284,19.57526521966424,0.3871870398852556,228.0224523340711,-1.1587791096852689,5.2484109348441645,13.091401000565384
943,31.433333333333334,track,1,281.0630160799652,29.551064754454586,278.4758792993954,32.22639260731591,281.57946022269397,29.167650606572117,0.6432114437378019,214.3044969839224,-1.1783768295152217,5.306386730410656,13.710245000766008
944,31.466666666666665,track,1,257.8983957219251,26.67825311942959,274.5898207270159,28.926639469694642,257.9376838551262,26.655569532301545,0.0453663149861282,222.18815696803665,-1.2612478855789486,5.364916513321004,13.412248001259286
945,31.5,track,1,266.67195540308745,29.37778730703259,272.09067806777404,26.327239751748806,266.10444493976445,29.958831456744157,0.8122071348462331,216.84562098015098,-1.310382365229097,5.4081652557499105,13.533334000385366
946,31.533333333333335,track,1,269.7522343594836,27.246772591857003,270.21753772830107,23.80708165420577,269.6712729944855,27.750213035318062,0.5099088376706455,218.13517100309264,-1.3458026810939794,5.451218631189225,12.868132000221522
947,31.566666666666666,track,1,270.47856049004594,33.369448698315466,268.6517323766118,22.346733970822466,271.05316602961716,33.43846797354656,0.5787358520597821,212.2815561202616,-1.3755347041460744,5.470891291166211,12.960472000486334
948,31.6,track,1,261.150466045273,39.23080337328007,266.1715215006009,21.845933983592076,260.8575917358021,39.346659393086455,0.314957105767494,209.18792401093123,-1.4280913936228046,5.470567124933578,13.450542999635218
949,31.633333333333333,track,1,259.99956005279364,30.49538055433348,263.8120569668075,20.492695758758572,260.37310568017125,30.332229743508467,0.4076205622951212,217.98151391931597,-1.4777600357353584,5.492976397523179,13.24705300066853
950,31.666666666666668,track,1,269.5273715002089,16.00919348098621,262.84519864849017,17.64500825252765,268.98183914465767,16.070658715001667,0.5489840853302261,229.6675915870475,-1.495092907572067,5.5510207991430764,13.287775000208057
951,31.7,track,1,241.27512653651482,12.813087490961678,258.6660786515925,14.74319768993781,240.79785832367162,13.338851400861692,0.7100793166568733,240.1005113080725,-1.5893488512130116,5.6089284835599,12.766519999786397
952,31.733333333333334,track,1,231.93947606142729,37.49548328816621,253.73786393856554,15.125566535504241,232.43683960468164,37.4946102937494,0.49736430941290427,220.62579159857233,-1.698439050561497,5.58942937582661,14.596289000110119
953,31.766666666666666,track,1,223.45239320638188,46.84817292846114,248.21806644036204,16.751040872505,223.41383774657857,46.866855145842905,0.04284330434204332,215.938181848651,-1.8186588012137543,5.544726972981149,14.28266300172254
954,31.8,track,1,255.40347293156282,13.67773237997957,246.99095955608834,14.444323451477599,255.77391033113852,13.54621378687418,0.39309160171241636,235.38544535381266,-1.8361903389756251,5.595715456217851,13.374891999774263
955,31.833333333333332,track,1,238.57933740191805,41.36704446381866,243.96260981362022,15.71908106772231,238.1951631429015,41.3622233682878,0.3842045083715719,214.82317760988104,-1.899581075136837,5.561113385360243,13.655913000548026
956,31.866666666666667,track,1,238.06826964362386,27.182052382996993,241.19432219125022,15.34023982294915,237.95089960527594,26.905246998555306,0.30066085005817483,228.34497724349058,-1.9573406920223755,5.568167597687208,13.422494999758783
957,31.9,track,1,242.60435007767995,37.55722423614707,239.27578402552962,16.337662620006526,242.93477086576914,37.22181101777464,0.4708289755956295,216.928659859463,-1.9959836394923924,5.543238389345371,12.453933999495348
958,31.933333333333334,track,1,211.98675847457628,29.031779661016948,233.9503861682762,16.35777868875028,212.30023416476854,28.638873709102107,0.5026351513688859,237.21881305647022,-2.11580459235512,5.542899821705931,13.719579999815323
959,31.966666666666665,track,1,217.49190600522192,19.766057441253263,229.75301889099973,15.363871256365059,217.85950736271457,20.22984302380852,0.5918004939306447,242.34603799841088,-2.206221559892879,5.56612571787289,13.315356000020984
960,32.0,track,1,218.76470588235293,36.76987281399046,226.11649162716589,16.555880541751414,218.36490590070883,36.44217276038694,0.5169403741771084,227.52028784942217,-2.282963218566123,5.537152010808737,13.505020000593504
961,32.03333333333333,track,1,234.20535714285714,44.60223214285714,224.70548449677645,18.69593272677569,234.3613141299304,43.931993400738904,0.6881442822934789,213.95477963663336,-2.3081672579853367,5.488123366216949,13.34941700042691
962,32.06666666666667,track,1,203.22227211495286,23.082173327346204,219.8301969491718,18.20364810045439,204.04234087498065,22.177043750740843,1.2213813170420305,246.76510891720665,-2.417428736843595,5.5029673523257205,14.62080399869592
963,32.1,track,1,225.07145543437383,38.39827002632568,218.02451734804356,19.63907725726806,224.88121961345027,38.08928598445249,0.3628509414274102,223.19390407556585,-2.4529534379174884,5.47130789816703,13.509369999155751
964,32.13333333333333,track,1,219.74886597938143,36.57278350515464,215.85189398212336,20.827351913006844,219.98134651292958,36.24482757474137,0.40199787408898136,226.9799580038148,-2.499580862847114,5.446818333398861,13.542245998905855
965,32.166666666666664,track,1,202.76065449010653,37.479071537290714,211.93710227924572,22.101784758932105,202.22271543742588,37.27605260701634,0.5749740084983956,234.45359371425033,-2.588242657769311,5.420988415200776,13.499089000106324
966,32.2,track,1,205.8960705104664,62.9280205655527,208.79559806755978,26.38439652994589,206.957831478349,62.20397974840148,1.2851348014196853,210.68924196879198,-2.6576814683915697,5.325798627695483,13.433812999210204
967,32.233333333333334,track,1,187.39352428393525,56.418015774180155,203.7949462649012,29.65452218936736,186.85899024735414,55.889687229033655,0.751570148342994,227.2072528476527,-2.770781213418849,5.2586163873243414,12.258988001121907
968,32.266666666666666,track,1,217.44897959183675,53.555697278911566,202.86187907478214,32.39502172366844,217.40430342302537,54.06553349451258,0.5117899244788089,212.3617262851168,-2.7868641012717275,5.205508169639347,13.326939999387832
969,32.3,track,1,184.80494196929988,55.58966679146387,198.24746802358237,35.21213739395151,185.2978549071625,56.11541970848364,0.7206797444546129,227.94342886251178,-2.8926889811703598,5.1511357822178265,13.468671999362414
970,32.333333333333336,track,1,191.91468955073196,52.88086824835941,194.9328348769941,37.52354246747507,191.641674991374,53.16581914075634,0.394631423861845,226.67790085573986,-2.9662376597995133,5.1089866067520795,13.40263099882577
971,32.36666666666667,track,1,204.54897159647405,68.42997061704212,193.50259908658504,41.53500877801505,204.69147136933663,68.51078320327387,0.16381959394209153,206.65093334539537,-2.9962059063827486,5.026954106626854,12.918804999571876
972,32.4,track,1,197.7917864476386,69.85626283367556,191.51940238212399,45.44207818597916,197.37467499430423,70.17541610034863,0.5252054570649496,209.46923313327483,-3.041828760655507,4.949394086527295,12.56398999976227
973,32.43333333333333,track,1,186.8872502378687,36.8035204567079,188.51703332483737,45.11490062328366,187.28567918580802,36.99916127906347,0.4438704292110476,242.53336156202502,-3.1125109862193483,4.971571049105645,13.77348500136577
974,32.46666666666667,track,1,204.21052631578948,34.241696474195194,187.93305802243768,44.45719447822493,204.48224992960436,34.32626582593399,0.28457986147677483,235.89411927903322,-3.126401921382493,4.996620086240595,13.38258199939446
975,32.5,track,1,186.1201550387597,40.91472868217054,185.37937491921147,44.59841422253113,186.01195881651003,41.07599194866081,0.1941964562709846,239.84068912383876,-3.1891599339759558,4.999278982373283,13.865686998542515
976,32.53333333333333,track,1,185.62877997914495,62.24869655891554,183.07796929696826,47.24608916937828,185.6623202458348,62.65499483187045,0.40768031114559006,222.48115214511216,-3.245591520671654,4.942070765145363,13.506889999916893
977,32.56666666666667,track,1,170.23137417218544,47.33278145695364,179.229796482204,47.90750983861024,169.90688679056066,47.42946458681756,0.33858483196089495,244.15436457745605,-3.3382130735247815,4.933312253464359,12.868014000559924
978,32.6,track,1,190.22471910112358,44.89752808988764,178.16438778784527,48.194214491377295,190.01315229713248,45.170030351227936,0.3449898476572659,234.21207835863189,-3.364053910844626,4.932172951406035,13.408161999905133
979,32.63333333333333,track,1,168.254844606947,66.90932358318099,174.69077809527502,51.05398526109064,168.78719549420248,66.91672586256826,0.5324023487005238,229.83283497499195,-3.448440871584849,4.869938939074391,13.485049001246807
980,32.666666666666664,track,1,155.7426746806912,61.15477084898573,170.08721932900824,53.00426282729735,155.54741162510803,60.97097762150905,0.2681559459381329,243.09678047436142,-3.5578405200875647,4.831434636844132,13.42329100043571
981,32.7,track,1,174.89026717557252,50.12881679389313,168.21491345462212,53.464731365875174,175.0425136983891,50.101310723439575,0.15471130411683517,238.90204064393706,-3.601205487995586,4.828149373865412,13.40726400121639
982,32.733333333333334,track,1,180.63718263718263,86.71457821457821,167.3046367079625,58.220129036975536,180.32565604357993,86.97716625421647,0.40743256752838325,207.18327636960964,-3.6240798028590695,4.723402451919655,12.416591998771764
983,32.766666666666666,track,1,169.363462458154,54.50167384026781,165.25647655027976,58.7713304777578,169.55898309492537,54.22825239660084,0.3361362897106061,239.04736303723158,-3.6761544913771274,4.721078057012583,13.66034300008323
984,32.8,track,1,170.30788696752424,81.37832138338254,163.59747778783967,62.438359835251305,170.94480164518356,81.56374391068181,0.663356480520031,217.53045625887353,-3.7195873645183433,4.643907473409697,13.670218000697787
985,32.833333333333336,track,1,143.46483001172334,70.29484173505276,158.9777362604989,64.4855374205493,143.78837828612615,69.72703791448441,0.6535171493702702,245.03758333041242,-3.8329914347452654,4.606922578455321,14.076888999625226
986,32.86666666666667,track,1,167.33899745114698,90.73491928632116,157.64755208266678,68.77660554589414,167.62437467555316,90.5566767621399,0.336467766117765,213.42829721803935,-3.8665315775536726,4.517347323013868,13.523330999305472
987,32.9,track,1,134.34560229445506,67.01242829827916,152.60446143893114,69.88463646880385,134.1289464115108,66.91784001351533,0.23640371238395758,253.9792957460944,-3.9888559911976462,4.5045130009564005,12.830220999603625
988,32.93333333333333,track,1,135.5912347239781,76.5204382638011,148.1744389294392,71.97537683338342,135.56317088858063,76.58638994738723,0.07167428705652742,246.416216761605,-4.093719945630569,4.466448307055984,13.237375000244356
989,32.96666666666667,track,1,155.24442765394787,100.6796373252739,146.5287922307437,76.739952776547,154.67488035738958,100.47881670925614,0.6039147645443057,216.329738528231,-4.132293726031602,4.365875929572856,13.90491500023927
990,33.0,track,1,128.16487158243578,72.21499585749793,141.90778963589204,77.7128215631782,128.0453711515161,71.73817541468568,0.4915669717074689,255.26186779293593,-4.243041256289897,4.3568317170437485,13.486920999639551
991,33.03333333333333,track,1,147.60696128275322,107.52718028940164,140.05992649538314,82.75056906279552,147.37621962600917,107.20084086542337,0.3996737817263653,217.79482596576628,-4.287264255339187,4.250519951271642,13.475377998474869
992,33.06666666666667,track,1,122.63797577854672,79.1159169550173,135.50440289330987,83.97669582728398,123.30009501737489,78.6103862525043,0.8330445231856937,254.43557150237388,-4.397055585475435,4.236384567637568,13.0898530005652
993,33.1,track,1,121.8067259373792,92.77425589485891,131.2963141676296,86.65261794115882,121.88196816019834,91.9861752994632,0.7916643334987535,247.3031476600286,-4.497039922942994,4.185885094170235,17.523395999887725
994,33.13333333333333,track,1,138.71610337972166,97.76341948310139,129.54147276422498,89.6517958963048,138.58008943128064,97.19402465395737,0.585414610021359,230.8825037660859,-4.539133265554931,4.127967702543001,19.020386000192957
995,33.166666666666664,track,1,106.76515472657906,82.64857990674014,124.24524516222324,90.5464261342349,106.3328672971725,82.31376501848763,0.5467846294643527,265.55336996561056,-4.666659984811014,4.119485886831511,14.463816998613765
996,33.2,track,1,141.4759982054733,95.580978017048,123.60048951921583,92.82055551754249,141.45053513713094,95.22223265803527,0.3596478839956938,229.87064475339383,-4.683139293826262,4.076442965615088,14.178368001012132
997,33.233333333333334,track,1,127.09153633854646,83.91122355105796,121.44866244538603,93.44811278780385,127.09643969869174,83.28796125945763,0.6232815792814711,248.53661030749117,-4.739066441415913,4.071803744610808,15.166458000749117
998,33.266666666666666,track,1,110.21431958274063,62.906590801327646,117.57874698730791,91.41600257845403,109.78711578021336,62.5947370821162,0.5289194939494808,275.0674171961574,-4.836212087895653,4.126863549163553,16.206561000217334
999,33.3,track,1,101.7966573816156,92.01989653800239,113.10888247058125,92.89159893741802,101.48357271629212,91.71337766110484,0.43815046451561607,264.08019872287684,-4.946043278036166,4.095281854564769,15.393858000606997
1000,33.333333333333336,track,1,97.4138520735357,59.399315946985894,108.56330115909923,90.28289824493355,97.71344193990595,60.201799463508024,0.8565826768744926,285.8998195353823,-5.056073475447638,4.159834345272624,15.039290999993682
1001,33.36666666666667,track,1,109.04205318491033,83.80024737167594,105.86710000834773,90.66921746461642,108.86464577578599,84.4615994921133,0.6847335365083267,262.2409804663186,-5.121864845788555,4.150060817205459,15.452214000106324
1002,33.4,track,1,108.50759318913944,92.46157386102163,103.4536010168268,91.99287004417417,107.91971606526077,92.91164787121757,0.7403824197222043,258.0950022100395,-5.182760864640784,4.1192533013306365,16.21258900013345
1003,33.43333333333333,track,1,114.29871035203904,79.18020216103172,102.0597955656201,91.57343424636512,114.39363286672533,79.81582115193588,0.6426677099344539,260.6395007648908,-5.2214771715847945,4.130769299232027,14.54757000101381
1004,33.46666666666667,track,1,88.16428033157499,74.50640542577241,97.80037151631518,90.55084818157214,88.3005653307167,74.65182912545623,0.1993029187462755,284.64828409393726,-5.329573263768763,4.155213067833051,14.633226999649196
1005,33.5,track,1,110.76235177865613,88.46245059288538,96.67954601270206,91.19744144076772,110.53617135142774,88.8079964162617,0.412988500704364,258.3294746245259,-5.362581814329615,4.1392673331854954,13.578131000031135
1006,33.53333333333333,track,1,85.5728500355366,87.5948827292111,92.78750107489536,91.64212826753588,84.9778914826392,88.20008642873277,0.8486737874946468,279.78313968534684,-5.463069062006348,4.129162556403168,12.829009001507075
1007,33.56666666666667,track,1,109.72561531449408,62.5542388331814,92.19448531464302,89.00813618253048,110.1572598736332,62.73351597177002,0.4673941782424379,274.69507083941755,-5.485046406536879,4.191167133953702,13.74480400045286
1008,33.6,track,1,98.66631355932203,57.95586158192091,90.48325387524683,85.93780424314866,98.98934036360058,58.46894676716877,0.6063025017293246,286.005655469848,-5.536332233947733,4.259531445331485,13.723453999773483
1009,33.63333333333333,track,1,74.45605431912486,78.54620897774424,86.14360259175824,85.48407365462202,74.21121760402539,78.60499455334634,0.2517950773140094,294.0416183719936,-5.649830752149668,4.263821099047574,13.545281999540748
1010,33.666666666666664,track,1,102.41163508153372,70.22697223446453,85.57724516720423,84.03686133380899,102.03209510428063,70.63030574635557,0.5538307648981244,276.03641226512553,-5.672591478326073,4.292474541484956,13.31839799968293
1011,33.7,track,1,100.0525641025641,63.052564102564105,84.92466479928201,81.79957210346016,100.40162111185181,63.235420520356584,0.39405236360257323,281.9027572921519,-5.700368749985152,4.339041808642403,12.497462999817799
1012,33.733333333333334,track,1,94.45415251620871,41.65050941648657,83.79577826036355,77.12757826860903,94.7963753617435,41.35091890814745,0.45483068134507343,300.2967365271327,-5.741275050107276,4.440830529628007,13.567600000897073
1013,33.766666666666666,track,1,75.28286683630195,53.85623409669211,80.59029937762045,74.20392592071671,75.05152888479797,53.913729166829356,0.23837560885321635,307.6164067377927,-5.831483976349784,4.497713660067177,13.496772000507917
1014,33.8,track,1,92.18313253012049,72.71084337349397,79.74891500336811,73.72987644041838,91.81881348367374,73.12248156932472,0.549703894720297,282.6919879260444,-5.86450812372765,4.4970241291599296,13.29481399989163
1015,33.833333333333336,track,1,63.602020860495436,44.8767926988266,75.6847276735571,69.97600685398154,63.796661868526854,45.36393351822985,0.5245867897082022,321.7504449805874,-5.966651138169005,4.575463803319251,13.333459999557817
1016,33.86666666666667,track,1,70.91161773891318,36.55621486570893,72.88876928462886,65.48489231097658,71.12596096201105,36.894123846022936,0.40015683958272397,321.2324458011007,-6.020935236097127,4.668628036894695,12.5086089992692
1017,33.9,track,1,65.53242481203007,41.00986842105263,69.76882088977271,61.84325265446414,65.18007061474873,41.012652068556314,0.35236519271234007,323.30969835235976,-6.082194138222358,4.739355228590958,13.416084000709816
1018,33.93333333333333,track,1,55.68449197860963,63.92842451665981,65.81199857224027,61.21940321715552,56.23831243388685,63.89955671215881,0.5545723098209768,317.1460136181725,-6.162082398133308,4.739184863249737,13.236167000286514
1019,33.96666666666667,track,1,47.46738159070599,53.600089365504914,61.26856781282884,59.45559215938291,47.68813596163603,53.68539016692948,0.23666161287456422,329.9498221446675,-6.2538999518807765,4.769078868271527,13.795126000331948
1020,34.0,track,1,68.53752535496957,56.95050709939148,59.68325950942315,58.25882413523218,68.59474699106018,56.913558216860814,0.06811413625049,311.00682694323586,-6.274952690423565,4.7867423584550455,12.87518299977819
1021,34.03333333333333,track,1,77.69048643994834,50.885062419285404,59.44958597768453,56.46983583048055,77.34250604609218,50.610508645616946,0.44324951116034,307.8165668177441,-6.267181458168912,4.819607743243327,12.148550000347313
1022,34.06666666666667,track,1,78.4557204404021,26.738630923887026,59.474256338760284,51.96453535081984,78.8435832497078,26.386338232290964,0.523972994909575,322.1602300620761,-6.257049513698752,4.9158308298759845,13.477230999342282
1023,34.1,track,1,40.113534952900345,36.12444224095191,55.055043894605,48.92844925366051,40.275191921177736,35.88470978483046,0.28914464530863776,346.2788182294101,-6.353138657010212,4.974370071323783,12.999968999793055
1024,34.13333333333333,coast,0,,,52.536244559356064,47.52090702502321,57.9694521407934,15.91596786016773,,344.78059903573654,-6.4010745225445325,4.994561879690624,13.018214000112494
1025,34.166666666666664,track,1,45.98339222614841,29.40070671378092,49.478445885056516,43.8803471179218,45.37938516052548,29.462631134676908,0.6071730965925008,346.03824323843764,-6.46132960931226,5.068531231607791,12.514665999333374
1026,34.2,track,1,58.6977840641207,24.733144743045735,48.47504442089433,40.01532538976951,59.260698446725705,24.64597087740673,0.5696243367290631,338.1750156854052,-6.4729435524569086,5.146006664766681,13.355213000977528
1027,34.233333333333334,track,1,36.828508771929826,42.48026315789474,44.82614344368346,38.86107985185494,37.051548082210715,42.303968548323475,0.2842997068138823,345.1717649148258,-6.548225309572459,5.158954668775737,14.16434900056629
1028,34.266666666666666,track,1,56.122033898305084,27.819962335216573,44.069546497388046,35.997246047897434,55.75229137414041,27.646664728940472,0.40834004765230786,338.99969102457925,-6.5542015388313715,5.214258829918345,13.371046999964165
1029,34.3,track,1,53.9346257889991,34.98647430117223,43.209021798517604,34.35356962696043,53.4082724414441,34.77349111430666,0.5678113105335008,336.43583214643604,-6.56505707738289,5.2407121487102035,13.378027999351616
1030,34.333333333333336,track,1,62.37761925991975,34.305840392331696,43.588033891567186,32.83507922005592,62.873944211906604,34.05837130671648,0.5545984189483292,329.43248624564023,-6.548677175387958,5.265564576906019,13.238500001534703
1031,34.36666666666667,track,1,54.441767068273094,5.928112449799197,43.05552002059645,27.978618211854922,54.45841299795393,5.739633833735343,0.18921225036525688,354.10486241213573,-6.5562722796315756,5.369110601662074,17.01007800147636
1032,34.4,track,1,51.74071177160735,6.470864294094643,42.331473737018946,23.641512665378983,51.56596738992258,6.149459360163522,0.36583702722067657,356.009698211793,-6.569037371719425,5.4568353976773345,14.299316999313305
1033,34.43333333333333,track,1,57.1728280961183,29.075785582255083,42.42874084812015,22.499661186960523,57.59604499273712,28.909732341097783,0.4546275623876186,336.77134186827806,-6.5629501600997635,5.468349316504608,14.27642199996626
1034,34.46666666666667,track,1,34.60318249627051,9.820487319741423,39.85614140640101,19.18818488546745,34.6598642353019,9.189135943634396,0.6338906685319315,367.00497005444277,-6.620216381819127,5.5332757513862845,14.034905001608422
1035,34.5,track,1,45.30863509749304,1.4629526462395543,38.86313872992209,15.19662652906416,45.1210233361096,0.7424398962627876,0.7445379747793113,364.4209542254411,-6.638047984090518,5.613163217776022,13.076447999992524
1036,34.53333333333333,track,1,60.85311871227364,16.69738430583501,39.92151722548582,13.439173947472726,61.25750825543856,16.96165282136088,0.483082550833062,341.60471505288626,-6.608421133485693,5.639594000739231,13.306148999618017
1037,34.56666666666667,track,1,38.63987427031881,26.12123933542883,38.316785114478535,13.056840230212552,38.74892422993426,26.42997020949828,0.3274242603959234,353.1491543902308,-6.643646280627545,5.636009705989227,12.811153999791713
1038,34.6,track,1,55.453297623033144,20.583528624037495,38.93522661762349,12.147549624530354,55.509469914844225,20.603846696927874,0.05973399746616608,343.64212865845167,-6.62564171522222,5.647903074479624,13.514359001419507
1039,34.63333333333333,track,1,80.94373776908023,25.912426614481408,42.667120647311016,12.050524033323493,81.21216270640123,25.546825624084118,0.4535592917748049,320.9513907732154,-6.537172014741186,5.642458030493312,13.976505999380606
1040,34.666666666666664,track,1,80.12796934865901,22.16896551724138,46.13457281440625,11.617542330575885,79.90789213470345,21.69972363969236,0.5182874875473767,324.4984297622839,-6.46039959379274,5.647003248246757,13.466660999256419
1041,34.7,track,1,64.33875559170394,4.632777551850346,47.54380979564012,9.210940794621722,63.94080085544417,5.069701348864934,0.590991012206813,347.50332184147936,-6.4350079837601974,5.698507083874172,13.637865999044152
1042,34.733333333333334,track,1,75.39673696776761,7.962992439315559,50.234613800273884,7.457753440524161,75.62859606891475,8.445388458023348,0.5352238425648509,336.65252291584767,-6.379510465423925,5.732905022724943,13.961787000880577
1043,34.766666666666666,track,1,87.12098765432098,2.073015873015873,54.195719758576296,5.212939703462729,87.09401950634154,2.2315997816592468,0.16086061384332442,332.83480571013223,-6.2959919096396755,5.778275572191191,12.86664699910034
1044,34.8,track,1,82.15499172642029,1.357418643132929,57.33596855877082,3.1275445412203973,82.39711311548616,1.1044092601535453,0.35019496700951563,336.93654466500857,-6.234332628501257,5.81895555222399,13.534599000195158
1045,34.833333333333336,track,1,87.91497304023227,35.13479883865616,60.97698421664068,5.31968747566834,87.86279871735005,34.619268463119155,0.518163804283494,309.94987515075053,-6.161864402762322,5.759709125286515,13.510830000086571
1046,34.86666666666667,track,1,73.75709288767975,25.250680139914497,62.692810987536824,6.292951994328743,72.73160454438964,26.074072161491394,1.3151428680642938,326.9647717916395,-6.135416573291686,5.734244745591071,13.476759000695893
1047,34.9,track,1,106.68297331639135,34.7353875476493,68.22535339540012,8.428018547874858,106.7063191388361,34.88397455147152,0.1504098571586453,295.9168433717578,-6.018512928516461,5.6839331695757025,13.449162001052173
1048,34.93333333333333,track,1,87.26511419614867,31.824451410658305,71.06625183708927,10.15954895234195,86.87964732611891,31.860005040706838,0.38710304635867615,312.51776962670345,-5.968140548343125,5.6460875324673365,13.085959000818548
1049,34.96666666666667,track,1,90.96538994000923,16.161975080756807,74.13321016212024,9.975759781925955,91.3141349030372,16.105997411157205,0.35320893070699866,320.0402307373231,-5.911643936199592,5.654386908082384,13.599887999589555
1050,35.0,track,1,97.6339534883721,45.473023255813956,77.759147544115,13.366587505899972,97.66484248970688,45.0316434434427,0.4424593418296744,295.71199218748586,-5.84184840404641,5.578120442301938,13.210494000304607
1051,35.03333333333333,track,1,112.51123843102688,28.819303657999118,82.88231646638924,14.604815193121432,112.02673908713487,29.523090101044225,0.8544325436486332,295.8942494462233,-5.737785000453962,5.55570846116277,13.406115000179852
1052,35.06666666666667,track,1,106.14855987872663,12.037392622536634,86.85766535411777,13.796061359216298,106.17930773777341,12.47924675000388,0.4429226803809004,312.22585030542143,-5.662809608554647,5.580647363990924,13.451749000523705
1053,35.1,track,1,89.0689821514713,28.330921369995174,88.46162257017566,15.019665429239211,88.83850504299691,28.66059306631293,0.4022475915201264,313.2091660118508,-5.643100353097995,5.555401515020024,12.945001999469241
1054,35.13333333333333,track,1,94.14036617262424,32.58456843940715,90.48501909772449,16.707338254351146,94.27411754336183,32.94866404031853,0.38788533844063294,306.30447227149153,-5.610529650945848,5.520057049290693,13.535751999370405
1055,35.166666666666664,track,1,97.72872788542544,27.78222409435552,92.7235403754713,17.739740297821182,97.36246280210678,27.173430453324844,0.7104785771702177,307.99776245055585,-5.571346903529778,5.501057809312081,13.293377998707001
1056,35.2,track,1,104.39386602098466,38.541565778853915,95.52987513669231,20.012547788982065,103.8054076406697,38.95315323239768,0.7181138470169962,295.2286171098811,-5.518125634660432,5.453111653173723,14.012380999702145
1057,35.233333333333334,track,1,97.37758346581876,36.757949125596184,97.22857375070713,21.941388189013843,97.40452637845722,36.97078215658549,0.2145316284875957,301.2799498388627,-5.490837653842563,5.414762036607843,13.741576000029454
1058,35.266666666666666,track,1,121.0350710900474,21.81516587677725,101.5558635507846,21.96450676996031,120.77173275514433,22.00039086345842,0.32195554711879115,295.3230977303884,-5.401066142490264,5.421375610055281,13.282338999488275
1059,35.3,track,1,123.68814814814814,38.73148148148148,105.83139404656428,24.007874623998458,124.05187191801741,38.518798092632125,0.4213421467885194,281.05220799856846,-5.3150884832431435,5.378904273851284,14.593648000300163
1060,35.333333333333336,track,1,112.34153318077803,50.04977116704806,108.37376434623093,27.27334151508003,112.4595937115643,50.03942328966896,0.11851315326067298,281.35038821101796,-5.271150237291028,5.309266591718263,14.566162999471999
1061,35.36666666666667,track,1,139.56523642732049,38.87478108581436,113.89973365871658,28.984513288439352,139.3244984500164,39.4798290376057,0.6511818468625757,269.9110516876365,-5.156723955140878,5.278289324449853,13.49982700048713
1062,35.4,track,1,131.5064427957829,27.299101913315113,117.99578697713795,29.181179677398575,131.54697150402353,27.645624514944835,0.3488846365661366,283.9171089190525,-5.078787527115037,5.282192146324125,13.727929999731714
1063,35.43333333333333,track,1,135.00815738963533,51.656909788867566,122.12367775026155,32.25456112339383,134.85759651343037,51.7301839805618,0.16744457176047628,264.05157297917555,-5.000451506758999,5.216934248122129,13.805164999212138
1064,35.46666666666667,track,1,122.52605763335377,55.067749846719806,124.36226208621045,35.516142088361896,122.90489475751193,54.68881737007943,0.5358240275437745,270.5304325177617,-4.966323281575269,5.149590309930895,12.640431999898283
1065,35.5,track,1,138.46577561765898,37.80194410692588,128.2262303522535,36.470506987332755,138.45952629626586,37.63509360549258,0.16696749338245093,271.86117584648593,-4.892051310682252,5.137745933803519,13.815255000736215
1066,35.53333333333333,track,1,154.48336177474403,52.141638225255974,133.62235078792423,39.03655173140647,153.5636260868037,52.520527178859574,0.9947213553723874,250.69826343767525,-4.782703571616804,5.086615011559002,14.111170001342543
1067,35.56666666666667,track,1,144.87525218560862,38.853732347007394,137.3821454449283,39.805543853443666,144.84948978066058,38.84750815122583,0.02650362469237016,266.7208769614146,-4.713851551174347,5.078170837764775,13.398893001067336
1068,35.6,track,1,145.9485294117647,68.91590073529412,140.8775756112466,44.071961305208,145.75313566659293,68.93642490110307,0.19646871769929214,244.18172834108765,-4.65065276632742,4.986619196506201,13.686303000213229
1069,35.63333333333333,track,1,135.02857142857144,73.03105590062111,142.68699603256712,48.50943014874224,135.23676141589794,73.2050134859093,0.271301146887199,248.913683549783,-4.625951548820229,4.894557504600373,13.502298999810591
1070,35.666666666666664,track,1,141.52903520804756,63.35939643347051,144.99931840901806,51.44565870408499,141.56104548092847,63.348100975455864,0.03394473363676499,251.0903301977936,-4.586790236238486,4.840057394721867,12.933181000335026
1071,35.7,track,1,132.2096171802054,74.03314659197012,145.89372778092132,55.39821299729834,132.2486703252064,73.41987662885728,0.6145121608161183,250.99701053398655,-4.579336981419463,4.76176145877762,13.968612000098801
1072,35.733333333333334,track,1,144.75444685466377,74.60694143167028,148.07765815090178,59.088432526000524,145.91604269601353,74.82082247660692,1.181122347610212,239.9778841433535,-4.539107287123896,4.6908204689922055,13.809505000608624
1073,35.766666666666666,track,1,157.88894373149063,70.88203356367227,151.5462175624496,62.00976675132305,157.77697551906502,71.10781848753105,0.25202323788829945,234.18129440197137,-4.468794267569416,4.63828087459704,13.267345000713249
1074,35.8,track,1,139.84993489583334,66.6767578125,152.4903599317327,64.14616197738276,139.96914377879352,66.380947564982,0.31892704544029754,250.10934520759966,-4.45875720342398,4.603320485235848,12.956635000591632
1075,35.833333333333336,track,1,178.16805983282006,60.07875054993401,157.80877448640587,65.25705419024823,178.35754680288525,59.846236138374394,0.29994710101516103,229.1679802703842,-4.3447186293846425,4.590673934593194,12.904764000268187
1076,35.86666666666667,track,1,185.34133533383346,66.71942985746436,163.50402003135298,66.98995970115855,184.8019808796492,65.95680887175422,0.9340738702554067,220.3849739709353,-4.226214225163195,4.561110771266423,13.655216000188375
1077,35.9,track,1,157.50440852314475,56.95591476855253,165.35472652896104,67.34572786397835,157.4793742240543,57.19779641617376,0.24317369838637745,244.6008982765755,-4.200610918868489,4.562687406781919,13.793965001241304
1078,35.93333333333333,track,1,179.00113058224986,51.755794234030525,169.49547518937032,66.95788914835418,178.6384872992814,51.805949996084166,0.36609527605437137,235.37221104011365,-4.119034900128019,4.579078715650727,13.836969001204125
1079,35.96666666666667,track,1,190.57619795758052,55.81029065200314,174.59775855266386,66.98565764699634,191.19578241814725,55.70628563103213,0.6282530924420052,224.84372266706487,-4.016284293952834,4.583071356902587,13.124402999892482
1080,36.0,track,1,167.17443160641074,64.44576966082744,176.41250944815275,67.95786428249627,167.04149795254665,64.29683194893656,0.19963416128745992,232.95473082077777,-3.9920936555881323,4.563751821292083,12.369856000077561
1081,36.03333333333333,track,1,188.54118950868119,46.75212412264499,180.49537780550483,66.67088206255706,188.62513270352008,46.50611098245133,0.25994023372249714,233.87868830721442,-3.9122185039573965,4.597285624929004,13.643325000884943
1082,36.06666666666667,track,1,185.02954545454546,50.43636363636364,183.73119345676773,65.82682765955225,185.97732237291106,50.196470878784524,0.977665393744462,232.35201265580358,-3.8530337387223526,4.61770049071828,13.589293999757501
1083,36.1,track,1,185.08356545961,52.626740947075206,186.59635559565248,65.22852652557182,184.88752037659836,52.40896542051373,0.29301852252404464,231.18343021199883,-3.802020634182257,4.6310249392828595,13.268218001030618
1084,36.13333333333333,track,1,194.99440089585667,77.43113101903695,190.29264402464776,67.57238275397499,194.93851221379634,77.08900383981647,0.34666201341336084,205.3785977096983,-3.730871237727894,4.575312338481288,13.098564999381779
1085,36.166666666666664,track,1,172.24645318200243,83.02188893392784,190.86209396948567,70.37960864907188,172.3842511608269,82.86703032469946,0.20729079048587112,215.59494303978644,-3.732974032553401,4.512355981884787,12.66404399939347
1086,36.2,track,1,199.93316953316955,62.6972972972973,194.53292814324112,70.51661748598539,200.3735792287814,62.414351932992574,0.5234680307052815,214.11945952180912,-3.6591356496692122,4.514578433210083,13.885575001040706
1087,36.233333333333334,track,1,169.6455344747802,61.89449329014345,194.18361512325114,70.48170077465201,170.20074269730526,61.6342397832228,0.6131786511482118,232.925228144458,-3.6802687616774836,4.519360743426891,13.813076000587898
1088,36.266666666666666,track,1,172.60085836909872,98.74635193133047,194.04270607657497,74.79285965382027,172.2925220235133,98.40137753376345,0.46268632677624505,204.61590586880115,-3.692181433441172,4.421858509600743,13.400117999481154
1089,36.3,track,1,178.4914004914005,65.92956592956592,194.45988007924674,74.84610370564592,178.1307406460132,65.71905469085095,0.4176008928391977,224.72368510573017,-3.6883374861659677,4.428353196962835,13.233808998847962
1090,36.333333333333336,track,1,172.32505854800937,93.78454332552693,193.9681336920992,78.15637429475238,172.27828349638793,93.08292578593367,0.7031749976492941,208.34186382576837,-3.7044325183715947,4.356874113333003,12.90388699999312
1091,36.36666666666667,track,1,184.58347386172008,106.57293423271501,194.83644475802708,82.71914968718148,184.74316957097517,106.39617308136872,0.2382167588138059,190.11678712046856,-3.686843778559234,4.259097746051142,13.633448999826214
1092,36.4,track,1,197.93577981651376,76.4954128440367,197.11969620028324,83.32079061433933,198.31314248127978,76.21416781995033,0.4706392932306572,204.04286342749828,-3.636750047195106,4.257085053688983,13.682030999916606
1093,36.43333333333333,track,1,207.40114722753347,104.59082217973231,200.26809248307268,87.15853120073155,207.12033254695456,104.47279786442054,0.30460896873442467,176.37868874387385,-3.5687265283351253,4.177052621743011,14.443412999753491
1094,36.46666666666667,track,1,177.16822066822067,88.37412587412588,199.47862423952552,88.73062404236688,176.84975408687018,88.25073245063426,0.3415360894518353,208.61407696212288,-3.594955686279775,4.152118938647972,13.39877600003092
1095,36.5,track,1,213.3398864132809,94.94364351245085,202.93958319257473,90.89765938474855,213.15318815575787,94.85738332560899,0.2056624885489058,180.22935492413018,-3.518934423390116,4.111989925104892,12.51401499939675
1096,36.53333333333333,track,1,203.785035138487,96.81976023150062,204.92312822641983,93.06070778961941,204.05018617554578,96.74197387479136,0.2763255141014869,184.30198418686803,-3.4806015188779496,4.071802738120965,13.644041000588913
1097,36.56666666666667,track,1,196.42630272952854,85.34789081885856,205.78073819118927,93.62173734218499,196.80822409445497,85.85313784431156,0.6333549444950846,197.32579345642282,-3.4687890352600643,4.068751498270918,13.484539998898981
1098,36.6,track,1,201.7186266771902,88.55880031570639,207.0974861613713,94.43667877238751,202.097973857564,88.35785381422632,0.42928286678440036,192.08390944667704,-3.445021282049873,4.057556387987643,13.417860000117798
1099,36.63333333333333,track,1,200.56161616161617,90.20151515151515,208.07743689002507,95.30586328693651,199.90638290351123,90.40712263260133,0.6867350717747133,191.8345793291075,-3.428807683335997,4.043874613533406,13.555570998505573
1100,36.666666666666664,track,1,191.1339122486289,116.92778793418647,207.75548231980704,99.2285086259379,191.05735909681977,116.8061313621409,0.14373832673921233,178.33377109523752,-3.4422152395863765,3.9584152443525835,12.872100000095088
1101,36.7,track,1,207.819392426134,111.8535164377861,209.3409435174046,102.20994480818105,207.83022374951986,111.86531580524965,0.01601694848681526,170.29549611710576,-3.409064106817407,3.898411918788757,13.127789001373458
1102,36.733333333333334,track,1,190.48866727107887,92.41613780598368,208.6525778163451,102.58367328888187,190.4603044327211,92.37743363286023,0.0479839933402652,196.39998683422533,-3.429806570036418,3.9002682164298164,13.358141999560758
1103,36.766666666666666,track,1,194.61179465422146,102.87229529062367,208.40133666560337,104.08577574259924,194.64053325811244,102.68969430972882,0.1848486558711295,185.9277170046632,-3.438035205563296,3.8732307072019814,13.501178000296932
1104,36.8,track,1,191.12176774800187,119.09026798307475,207.65776893684952,107.33855351807433,190.67906336188827,119.15847876465135,0.447928436480107,176.9931577983503,-3.4566550748438156,3.8051519232094706,13.496632000169484
1105,36.833333333333336,track,1,188.184934086629,117.83352165725047,206.52600047485618,110.14149890189266,188.03037439866034,118.09467382310412,0.3034619430423165,179.6577040698593,-3.482897218862237,3.7496585025336873,12.724157999400632
1106,36.86666666666667,track,1,206.21404928282456,119.81647664582567,207.54609443355488,112.9049445691222,205.66612874142902,119.95294566255512,0.5646598199006955,165.7815712679456,-3.457602115992755,3.695964908687347,13.324637000550865
1107,36.9,track,1,177.3520157325467,112.89675516224189,204.98235335362494,114.56297415140858,177.67730455401153,112.7172626373758,0.3715244054605007,190.93623246920518,-3.5174816801145536,3.668535935091672,13.280327000757097
1108,36.93333333333333,track,1,209.34795570698466,124.98168654173764,206.34133706677056,117.45530200245447,209.71685017066642,125.05605049767911,0.3763151913998609,159.29370566180992,-3.482615067135411,3.6113118024256794,12.876942999355379
1109,36.96666666666667,track,1,193.91357537490134,123.13299131807419,205.71484360422443,119.83794083672615,194.32865117201678,123.5267170389723,0.5721082595521105,171.34559685023794,-3.496726498998401,3.566835835037354,13.701312998819049
1110,37.0,track,1,198.6923868312757,124.190329218107,205.6449346753381,122.08717070188128,198.49758648773516,124.51703734139967,0.3803753037053514,167.62801422707685,-3.497187936621725,3.5254020729547064,12.709200000244891
1111,37.03333333333333,track,1,212.18045112781954,145.29624060150377,207.14352946342618,126.6075407779531,212.2971087793058,145.28756657874877,0.11697968336871556,143.42370034925062,-3.4614364692633823,3.430942511601541,13.640674000271247
1112,37.06666666666667,track,1,204.10339256865913,109.71445880452343,207.53529301995232,126.47426533193291,204.66338009895793,110.0924734718983,0.6756338674464752,173.71960551085448,-3.453714672563363,3.447590995365062,13.379196001551463
1113,37.1,track,1,212.52130740587506,130.57757550682663,208.86079843101666,128.72440629271392,212.87549450947404,130.98109919557407,0.5369170063763787,152.84233840528282,-3.4243962467498767,3.404580176925262,13.08204800079693
1114,37.13333333333333,track,1,178.33189241114314,137.8073967339097,205.96683831824384,131.58419171966614,178.5219718536163,137.81230204590318,0.1901427267519226,174.52323072114686,-3.4945199541724135,3.347641327274528,12.978747001398006
1115,37.166666666666664,track,1,181.72998220640568,127.98576512455516,203.61495755295599,132.97475051969312,181.27213902366952,128.07073742584015,0.4656615422854245,178.2514494512269,-3.5472817301735113,3.3258573585684195,13.029211999310064
1116,37.2,track,1,194.68557692307692,151.0826923076923,202.92711665187824,136.92325377824372,194.37640316518812,151.3492445037047,0.4082137745913554,153.75384395773423,-3.5587553758361374,3.2433144785633212,13.881460999982664
1117,37.233333333333334,track,1,209.46674225245653,126.42743764172336,204.02651121510033,137.55875493164012,209.51241939425353,126.33471036538285,0.10336705984148352,158.51594095179428,-3.529102808323567,3.2403514306752377,13.373957999647246
1118,37.266666666666666,track,1,190.3432518597237,148.06004250797025,202.7488114818823,140.6206109929322,190.21711764131842,148.3795684538434,0.34352099082711257,158.86440768791275,-3.5574293590388764,3.178289851557149,13.669279000168899
1119,37.3,track,1,190.296746373971,144.56213249705996,201.523901098992,142.95460716616537,190.4481617938748,144.57989526582378,0.15245374819531515,160.8995810127149,-3.5832176531438256,3.134546548227089,13.425602999632247
1120,37.333333333333336,track,1,183.81166797180893,151.17854346123727,199.58443095736249,145.8129892673882,183.260535791928,151.80751984203377,0.8362762505895884,162.7132281909614,-3.6247730943117333,3.0786055345958534,12.849606999225216
1121,37.36666666666667,track,1,188.71581291759466,144.14832962138084,198.3433190789068,147.52961701473515,188.56436893640353,144.5374146798328,0.4175194152965736,162.44516092853013,-3.648534593057144,3.049914214462222,13.578823998614098
1122,37.4,track,1,197.5823674042852,151.21671935370566,198.23771134049824,149.86053344444883,197.3450261197842,151.87222888905592,0.6971539544919098,151.03227025552974,-3.645748425239149,3.005892047424826,13.790312001219718
1123,37.43333333333333,track,1,196.14641608391608,141.55987762237763,197.96801428852882,150.76812437032976,196.54923597974877,142.0640691163474,0.6453471399720809,157.5802579488666,-3.6482072278353908,2.995057443545622,13.562754000304267
1124,37.46666666666667,track,1,181.06009389671362,173.06760563380283,195.91248448350183,155.26516599845127,181.23447977925161,173.48660826206702,0.45384318714822314,153.88275043882814,-3.692966047078676,2.8989132930450086,13.965707999886945
1125,37.5,track,1,160.27358490566039,167.35330188679245,191.50377982792347,158.67654626280424,160.70297283434334,167.53365092887307,0.46572499425952807,175.00547023311694,-3.7905708909775733,2.8315581552440103,13.099149999106885
1126,37.53333333333333,track,1,187.19223985890653,161.8258377425044,190.60382667373835,161.08496667575133,187.31894488247707,161.67997094192782,0.19321305988069068,154.07235098730865,-3.8021147729870357,2.788539361341513,14.358678001372027
1127,37.56666666666667,track,1,163.25479616306956,159.71942446043167,186.92277800214916,162.9590857880678,163.59010931603225,159.95715669724294,0.41103713575427064,175.70119711533118,-3.879918197665593,2.7573013460266016,13.827955999659025
1128,37.6,track,1,166.44797904191617,161.83570359281438,183.88363664654577,164.83749956045335,166.17722808179659,161.65090108090124,0.3278079480657636,172.62684166152826,-3.9401621486216056,2.7247929644527753,13.638834998346283
1129,37.63333333333333,track,1,158.13072164948454,183.10144329896906,180.08051938639045,169.01164501134704,158.62099631734753,182.75683726549212,0.599268360800796,171.2307288703021,-4.0171905241969155,2.6380952583561132,13.559414999690489
1130,37.666666666666664,track,1,170.7599840255591,202.7991214057508,178.0754778479128,175.1495709109087,170.80339741292954,203.0540287830131,0.25857782810155916,153.70306116890015,-4.050697661159001,2.5082694004956423,13.056474999757484
1131,37.7,track,1,156.9004698846647,179.63989747970953,174.59702726600526,177.99428248442246,156.7056275797297,179.4179165020716,0.2953626215780724,174.17014929395881,-4.119687775946139,2.4594326998888953,13.020059999689693
1132,37.733333333333334,track,1,160.05830670926517,184.39217252396165,171.77749237968717,181.0796543923468,159.9971082787867,184.15647197074136,0.243515910530248,169.46806478479922,-4.172227350897914,2.4036501540881083,13.749596000707243
1133,37.766666666666666,track,1,178.5548549810845,213.66834804539724,171.41798260564448,187.32248093686567,178.9586419695851,213.48473456210303,0.44357394347483453,143.51210393658724,-4.167669353239292,2.2738363347446597,13.357088000702788
1134,37.8,track,1,149.1849618013671,211.8821873743466,167.64337557282798,192.80568849323743,149.42348626214806,212.37357717842193,0.5462214367269158,172.79920797525722,-4.24590200862374,2.165511903365748,13.636273000884103
1135,37.833333333333336,track,1,149.32502226179875,227.7079252003562,164.1963972136446,199.67103279157575,149.2567951197031,227.5011650434522,0.21772621661504052,171.20006684597428,-4.3142796652904725,2.026707079645202,13.033774999712477
1136,37.86666666666667,track,1,174.58085106382978,216.57574468085107,164.0688435391005,204.59746697929668,174.1914173228793,217.02311393557247,0.5931255252142437,147.607859125212,-4.30435665430973,1.936005801434515,14.483883998764213
1137,37.9,track,1,183.67785479751916,201.13060926669098,165.1245171023725,207.17880594901308,184.22760228288718,201.26933220814243,0.5669800280022206,141.18855693524563,-4.270618002763296,1.8993271781997094,13.950799000667757
1138,37.93333333333333,track,1,155.13557422969188,202.71932773109245,162.78174637108242,209.59538511473733,154.99707322902088,202.22635742528868,0.5120568812066943,169.27142084933044,-4.320076612735957,1.862962775673509,13.626029000079143
1139,37.96666666666667,track,1,150.7348449791763,239.74317445627025,160.13464240355952,216.09839468594436,150.79023827001015,239.94089149789218,0.20533008843598766,169.2097720539064,-4.374951472822736,1.7289049291704999,14.366964998771437
1140,38.0,track,1,155.73011476058568,234.8836565096953,158.32994425634934,221.42255224396408,155.52047223713566,234.58623481604957,0.36388137007764626,164.56859939417913,-4.40866789937853,1.6258933170869532,15.051874001073884
1141,38.03333333333333,track,1,176.31935483870967,251.60887096774192,159.18360732641915,228.21268456249797,176.70629568748163,251.99045436498946,0.5434419099621738,143.79449464942093,-4.380613926743884,1.4897528891826546,14.027762999830884
1142,38.06666666666667,track,1,175.36544962812712,239.56761325219742,159.95156538754614,232.92884934331212,174.8912542953072,239.0627004660436,0.6926746244015459,145.11177281807826,-4.358166932588409,1.4044798406098813,12.902788001156296
1143,38.1,track,1,158.0202205882353,228.90625,158.6706726243669,235.8565170854669,158.16432723703926,229.3314656119286,0.4489710935654033,162.18693721946158,-4.385770054250857,1.359842835865687,13.065888999335584
1144,38.13333333333333,track,1,157.76294536817102,231.81187648456057,157.50724485598099,238.72863125371865,156.96547701474012,231.3637428750097,0.9147565286637093,163.26310245171803,-4.409566200078509,1.3134204220883758,13.940582999566686
1145,38.166666666666664,track,1,167.11735061195105,232.7149028077754,157.60362190903953,241.31259408563272,167.74732296187506,233.2014468790572,0.7959838534595023,152.40438966714134,-4.403477321256451,1.2713455531221645,13.799061000099755
1146,38.2,track,1,166.73255290409725,237.26744709590275,157.7148890383725,244.06652457743596,167.0531835603877,237.81300103120313,0.6327978461364883,152.9624516785148,-4.3983267908841785,1.223111508131615,13.592290999440593
1147,38.233333333333334,track,1,178.57993605115908,267.4944044764189,159.29837036676895,250.05426710322425,178.41871261012633,267.1619402013044,0.36949356173801207,144.16321283348688,-4.359866561892861,1.0979949659661479,12.832100001105573
1148,38.266666666666666,track,1,174.86051426558646,267.497358224727,160.39446724489807,255.45905633057734,174.55425898142622,267.61453878740394,0.32790788850735963,148.04400134042268,-4.335369007595425,0.9894965236790376,12.634979000722524
1149,38.3,track,1,170.3971782813168,260.8114578879863,160.93583638421282,259.5095417502388,170.43503808726587,260.49459662335255,0.31911506691443675,150.96259908570582,-4.324952594575178,0.9138187192356402,13.993836000736337
1150,38.333333333333336,track,1,161.83966879939783,269.81633421151673,160.46108068431192,264.16244953003695,161.63946442136864,270.6170277433692,0.8253435193496211,161.29309227796833,-4.338240806564123,0.8230690398004095,13.545723999413894
1151,38.36666666666667,track,1,168.4910843373494,273.5253012048193,160.8490605792278,268.74551597519803,168.30167583061225,273.2985476979516,0.2954534401579868,155.30993153882147,-4.330154453188837,0.7338862375924257,13.434450000204379
1152,38.4,track,1,184.92853849700322,280.90272014753344,163.21462784697107,273.69915918538743,184.47672246418557,281.33448606649654,0.624947626836939,141.6866207248616,-4.2763327124989985,0.6357897458181396,13.273164000565885
1153,38.43333333333333,track,1,156.96674225245653,284.0854119425548,162.1185825448816,278.49585532309266,157.43924017630349,284.0364766857504,0.4750252071187353,168.4197491785099,-4.3058336703836675,0.5415094988390826,12.932511001054081
1154,38.46666666666667,track,1,174.14278776104905,270.11996114618745,163.16852445275816,281.0912896885668,174.15620696673454,269.8457822382627,0.2745071012415488,148.86632488156536,-4.282755393095478,0.4983852284808002,13.701566000236198
1155,38.5,track,1,182.07138677589234,302.6325336454067,165.12466010247059,287.1810679271853,182.3273631476263,302.2781258194613,0.43718281070670034,151.10367266704745,-4.239625671264256,0.37062881664123987,14.76583699877665
1156,38.53333333333333,track,1,165.64023751309816,297.1390150192106,165.01083546634354,292.00320988958384,165.3420404228093,296.99020454111667,0.3332657543872207,164.82405126139287,-4.246558179598535,0.27463782583900676,14.48707000054128
1157,38.56666666666667,track,1,174.42839352428393,313.5076795350768,165.9664164790835,298.24533652206105,174.85854767335732,313.76173296895735,0.4995755590814455,162.80919640508904,-4.227187517674588,0.14525715050968785,13.105054998959531
1158,38.6,track,1,148.80685587910062,312.03022484334684,163.80799060331356,303.6804598292851,149.1553644409919,311.84187747567944,0.39614763487714777,185.33522293002167,-4.28065357128902,0.03619384988387617,13.050106999799027
1159,38.63333333333333,track,1,169.11986786219916,281.81453515809346,164.222773895014,304.91557261939437,168.77305528647946,282.16174615147423,0.49074885287873155,156.9942726532645,-4.270393841226641,0.025020410608821285,12.952058999871952
1160,38.666666666666664,track,1,154.77818563188254,313.10854745673834,162.910074167778,309.5696303613072,154.15502212141905,312.7853580061641,0.7019858842851947,181.1139559162476,-4.301042854357433,-0.07150104485074,13.771743999313912
1161,38.7,track,1,186.0965935604293,313.29724685021,165.4379085447112,313.7166074512336,186.25845030081484,313.36147658786126,0.174135187733493,152.54084162312378,-4.240588681592755,-0.1558009382680981,13.615959000162547
1162,38.733333333333334,track,1,186.66759388038943,302.2586926286509,167.88900956185694,316.0443101497183,187.00445889521126,302.23722828343455,0.3375481540854224,146.83761962848587,-4.18583574290229,-0.19813098190261588,13.144286998794996
1163,38.766666666666666,track,1,187.6475903614458,302.71787148594376,170.30715239618732,318.0435904442029,187.3449308466906,301.95844088561927,0.8175191854513673,146.41111900756061,-4.134487520347975,-0.2355456979833218,12.79852300103812
1164,38.8,track,1,190.8896492728828,317.3490162532079,172.95585549437988,321.4368656443041,190.4737614007901,317.26458733616755,0.42437125749323956,150.82063168508384,-4.079581184982051,-0.30790542798312964,13.250826001240057
1165,38.833333333333336,track,1,178.73144208037826,315.5338061465721,173.9703009152557,324.1761192011439,178.95644965942742,315.1608752227253,0.4355523901791832,159.82002458052528,-4.064244286296186,-0.36498562564493564,13.551811998695484
1166,38.86666666666667,track,1,182.4391179290508,305.83365292425697,175.34308766987934,325.3619078134304,182.59823703750357,306.1114350764565,0.32012781003122787,152.47939635593582,-4.039470765714018,-0.3867106263394948,12.99919899975066
1167,38.9,track,1,190.33475116971502,320.7209698000851,177.54998784939755,328.0376184495887,189.97677927034823,320.3865400507851,0.48988482110913245,152.86606474377567,-3.995014238682942,-0.4458805263542104,14.278771999670425
1168,38.93333333333333,track,1,159.76675693974272,328.0060934326337,175.93458388108357,331.20887494372283,160.4747626877309,327.9445821602342,0.7106727628216181,182.16078302113755,-4.0403494276885,-0.516645133206059,13.079653001113911
1169,38.96666666666667,track,1,157.7869463869464,339.8871794871795,174.15250168209337,335.3973798948314,158.10468245642738,339.58639113064436,0.43752696519909023,190.07246812981592,-4.0850459761773745,-0.6106276243534693,13.747961000262876
1170,39.0,track,1,176.12677231025856,301.5896580483736,174.65225325432277,334.53904263745676,176.18248714274227,302.00416676326023,0.41823631749961165,156.61415549194038,-4.073305137308054,-0.5852392093510729,13.335312998606241
1171,39.03333333333333,track,1,195.9425551470588,305.3189338235294,177.47329133045395,333.97848286789684,195.82867070083827,305.6194324398857,0.32135507701454247,140.44368598713714,-4.008305536290021,-0.5721688564641376,13.534251000237418
1172,39.06666666666667,track,1,174.73524150268335,336.94561717352417,177.56132989154042,337.0490816783614,174.36678485076632,337.2494021214349,0.47754120127905086,175.11847294811457,-4.01047971512395,-0.6472219111942176,13.269659000798129
1173,39.1,track,1,179.6724063710719,322.98880757640984,178.20777232075508,338.08253585984664,179.25414005760936,323.0156417246845,0.41912621069454514,163.40438752335942,-3.9985235334676092,-0.6724939469420864,13.646469999002875
1174,39.13333333333333,track,1,191.5686274509804,322.51757944557136,180.21075957929276,338.82112086698015,191.4046930093539,322.28108461158547,0.28775737636661586,152.66607306431052,-3.9549783003620784,-0.6919696570982481,13.090572998407879
1175,39.166666666666664,track,1,204.21122740247384,306.5185537583254,183.57264477192297,337.4338756502238,204.86224389351213,306.34497112389477,0.673760641904599,132.88475486175048,-3.8816354568912796,-0.6629809319525602,13.619459001347423
1176,39.2,track,1,189.11889250814332,334.02198697068405,184.88467357904554,339.26636844303033,189.45753647882427,333.48461099004993,0.6351792529995336,160.56371717837894,-3.85904402321623,-0.7126566026806505,13.815168000292033
1177,39.233333333333334,track,1,172.9577634754626,306.7377312952534,184.13927533607483,337.57677590838955,173.564744889024,306.39367044860467,0.6977136250680955,160.78371626210952,-3.8836850365182993,-0.6784823275990374,13.331544001630391
1178,39.266666666666666,track,1,196.41636778611021,340.67329638082816,186.20337031964533,339.91289792642095,196.33297154169117,340.8668759703893,0.21077948448047634,159.58590349944467,-3.8398058934293737,-0.7416175986457969,12.668974999542115
1179,39.3,track,1,214.78895945285785,310.8915486077186,190.29560466401625,338.4137407583674,215.18058798940137,311.4931938625352,0.7178787664212559,126.87941481151962,-3.750325718845932,-0.712452237923154,12.333843000305933
1180,39.333333333333336,track,1,210.10826103357223,309.6080724254998,193.5251449657674,336.7308304042276,210.21785608404392,310.1477830499519,0.5507255516446911,130.27981650895435,-3.684728414941349,-0.6819415783836303,13.583081999968272
1181,39.36666666666667,track,1,206.8549834671705,342.0755786490316,196.10564608754325,338.92556094624564,206.7499044263445,342.25884698903553,0.21125550707307514,152.5858969071817,-3.6357342989452133,-0.7441992073930267,12.833091999709723
1182,39.4,track,1,212.2214199759326,325.79302045728036,199.10116802639598,338.93452269201487,211.95359344950492,325.6886517913204,0.28744367568721824,137.90058380691875,-3.577273864940892,-0.7520889040509497,13.054675999228493
1183,39.43333333333333,track,1,191.0462074978204,309.98997384481254,199.30593645455994,336.9524246439106,190.64301343395192,309.89454374195645,0.41433363086998537,147.03223190288927,-3.584386769355335,-0.7139666730825919,12.154393998571322
1184,39.46666666666667,track,1,184.28614200171086,315.8186484174508,198.61487279527836,335.69915405173344,184.01118287903682,315.782171394008,0.27736815314833774,155.6788228473917,-3.609042076070131,-0.695686341059556,13.72382499903324
1185,39.5,track,1,196.17372881355934,330.7862095531587,199.31903084232667,336.23441429858195,196.65180412980976,330.58885091714825,0.5172102466268909,153.0395940105701,-3.5977491191817776,-0.7201655229256264,13.69229599913524
1186,39.53333333333333,track,1,192.26647144948757,314.93020985846755,199.4477488779599,334.76791523002373,192.74874688042053,314.46200289031566,0.6721661671845401,147.43632963059227,-3.599262140610684,-0.6963399936516615,13.005369999518734
1187,39.56666666666667,track,1,226.67269355586464,342.0718590635141,203.6211360213344,336.5717077788992,226.87873934239363,342.542429556887,0.5137036649465602,138.51541086063673,-3.5055586599055006,-0.7502817991718823,13.174613999581197
1188,39.6,track,1,226.53630363036302,318.48597359735976,207.45461329846424,335.380952293996,226.78530029924772,318.6010980329305,0.27432276023174,121.93077073603602,-3.4243938251205743,-0.7311686002926783,12.743703999149147
1189,39.63333333333333,track,1,208.40482342807925,333.51593453919037,208.80652119309374,336.00144491525344,208.39395310674362,333.66957070963645,0.15402024787434931,145.70483238406104,-3.4037116192304047,-0.7559436404094015,13.737219000176992
1190,39.666666666666664,track,1,230.50017914725905,330.0003582945181,212.6361394060359,336.10836907810364,230.51925093172784,330.5602480341095,0.560214470950706,127.3104983016661,-3.3240228282992246,-0.7675460376062205,13.132439000401064
1191,39.7,track,1,197.93670348343247,345.9141886151232,212.24941490978395,338.0591818632955,197.806776335934,345.83117801233755,0.154181139676439,161.6521640711795,-3.344729040188363,-0.8220255111084049,13.361993000216899
1192,39.733333333333334,track,1,221.04527472527474,331.16967032967034,214.56358717580656,338.0731579197898,220.79231371272618,330.96362046954226,0.32626035420870375,134.59771642714102,-3.2986028640792933,-0.8288622352796207,13.217175999670872
1193,39.766666666666666,track,1,205.28925289652418,346.05233719536557,214.76604276987186,339.8127621577455,204.7090247473788,345.81911049585017,0.625347422180269,156.4918308437647,-3.302394734429575,-0.8767688082000321,12.421859999449225
1194,39.8,track,1,208.00277998411437,342.21048451151705,215.1966507339637,340.9323704327538,207.63470215631074,341.8075008971014,0.5457811656773496,151.6269349370827,-3.2986056883550376,-0.9085859741557627,13.60313999975915
1195,39.833333333333336,track,1,224.93695652173912,323.2117391304348,217.54619572111,339.6556980186444,225.3059929744614,322.6310062704032,0.6880687161601939,125.67751654059754,-3.2489159005188313,-0.8841612957293086,13.393220000580186
1196,39.86666666666667,track,1,230.0975721484196,348.90334402198806,220.2881961594057,341.47903946185335,230.47607077000754,349.27151298136124,0.5280242316313692,141.26145070050958,-3.191792269241563,-0.9349318154511514,13.458343999445788
1197,39.9,track,1,238.6216216216216,315.08386327503973,223.7963746547721,339.09627981421175,239.1019579766951,315.4092018293153,0.5801449723158841,110.59403656499212,-3.1185683350551665,-0.8855663387801139,13.301191000209656
1198,39.93333333333333,track,1,219.41092489137182,345.3234016139044,224.70041307359335,340.43209031570603,219.1243742600592,345.7681045341025,0.5290292539532923,146.16013069630665,-3.1081243338679294,-0.9269765531641028,12.491580000641989
1199,39.96666666666667,track,1,237.3942908117752,346.36975914362176,227.60674467927782,341.77052552419866,237.23476375572582,346.68896235506605,0.3568467063153683,135.02821564018097,-3.049175000336426,-0.9664887925824381,13.587940000434173
1200,40.0,track,1,219.3896499238965,311.40284119736174,228.0867927137463,338.8021162686164,219.60429325583084,311.20849721798294,0.28955369495942673,123.08512505053037,-3.0479734446131683,-0.9041259320959578,13.407791999270557
1201,40.03333333333333,track,1,220.2745471877979,321.175881792183,228.54903996198254,337.14888250672755,219.77364276858702,320.78775060594137,0.6336805622064979,128.73221559441362,-3.044845953692902,-0.876976276776022,13.029510000706068
1202,40.06666666666667,track,1,242.60972619534124,321.43400081732733,231.564134274482,335.6026184983958,242.73213688264286,321.3565265516825,0.14486765754597716,112.20163583155667,-2.9807028750332694,-0.8537464749813692,12.950763999469928
1203,40.1,track,1,250.34518348623854,318.23662079510706,235.22784878625268,333.75101644813475,250.25439548796106,317.86774149632646,0.3798873486970803,104.53628324408932,-2.903762394830658,-0.824204005156441,12.729496000247309
1204,40.13333333333333,track,1,231.30631704410013,318.8665077473182,236.29159578346543,332.07806008998,231.02074565282015,318.95469261429065,0.29887721606125134,118.95861124776653,-2.8897449092735927,-0.7997424347667719,13.889740999729838
1205,40.166666666666664,track,1,255.52837022132798,324.49054325955734,240.0869547328188,331.1771825725519,255.72255384500212,324.6100869682307,0.22803065141906234,106.25656168435064,-2.810439114637055,-0.7936650271990485,13.873522999347188
1206,40.2,track,1,250.94708994708995,320.7916157916158,242.99809432209798,329.8907677908714,251.4273798340244,320.84911946137004,0.48372000943388416,106.01313293222707,-2.7541342644230937,-0.7778234213463149,13.588422998509486
1207,40.233333333333334,track,1,262.7277304415182,318.22889233152597,247.03048476966754,328.38243690296355,263.13182069595734,318.54834894727685,0.5151130585412351,96.9733620109147,-2.6722766266283715,-0.7567254364560371,13.181631999032106
1208,40.266666666666666,track,1,243.7716785998409,327.6404136833731,248.4331360185298,328.1027360822908,244.17123102171425,327.7284571338586,0.4091378581826197,115.95811483397573,-2.653435520274432,-0.7644976689375341,12.542450000182725
1209,40.3,track,1,255.21352732992528,353.69524184034606,251.00091267236672,330.96893751759524,255.59030501810076,353.2665885662864,0.5707057522655136,130.2993817832828,-2.605267666886163,-0.844253737846643,14.0604300013365
1210,40.333333333333336,track,1,252.53499597747384,350.2284794851167,252.97334201846107,333.25079395552916,252.6286478648012,349.7715617241938,0.4664166766387521,128.79710731182377,-2.570948250741559,-0.90539177337648,13.952350000181468
1211,40.36666666666667,track,1,263.85556704584627,314.0392967942089,256.06040513376837,331.0610517396886,263.37465788338,314.14006730706603,0.4913535578435404,93.29082993585457,-2.5099145092343527,-0.8594765622577515,13.273406000735122
1212,40.4,track,1,272.8811438784629,348.0545129579982,259.9170226457988,333.07156551243384,272.8023622424274,347.70194590433925,0.3612617797417673,117.58965159178021,-2.4319340204318913,-0.9154241439915327,13.141805000486784
1213,40.43333333333333,track,1,273.228943338438,328.6336140888208,263.45271606959693,332.63311126381893,272.7072355123036,328.60366329043023,0.522566843737816,100.43512692963877,-2.363115689816398,-0.9115346173744768,12.528464001661632
1214,40.46666666666667,track,1,252.3393665158371,347.9181749622926,264.14175474047244,334.52293809775597,251.39602154835194,348.3580443243166,1.0408577152171135,128.24964572732648,-2.3612393058821413,-0.9632606562833885,14.863737000268884
1215,40.5,track,1,263.83009708737865,319.2577228596646,266.0327384591097,332.86115696158214,264.16599641400575,319.4764215758538,0.40082101503206513,97.12845897543963,-2.328104772244025,-0.9300269398079276,14.360656999997445
1216,40.53333333333333,track,1,265.1675412293853,319.0453523238381,267.8407524222048,331.26914186910943,264.9262875614414,319.45740266824214,0.47748174689706296,96.67777738729937,-2.2962028620963637,-0.9015003485248029,13.055867000730359
1217,40.56666666666667,track,1,260.7693846923462,334.4807403701851,268.88619939561727,331.6204141405007,260.902025945351,334.21557109674995,0.2964935843704161,111.21665511267057,-2.2814311289607137,-0.920357957331808,12.773250999089214
1218,40.6,track,1,266.50120831319475,347.3107781536974,270.4303042667853,333.48583577495964,265.902023014782,347.5739739444177,0.654442546054914,120.41075941994315,-2.253616480417495,-0.9734898701405417,12.396210000588326
1219,40.63333333333333,track,1,286.7465681098205,321.43294614572335,274.18103098938,332.13862135952616,286.88557812222246,321.95676989096467,0.5419548870769914,88.39387460259881,-2.174156678491251,-0.9489844054202111,13.063217998933396
1220,40.666666666666664,track,1,289.84149184149186,317.17443667443666,277.94899920246905,330.3617264355347,290.32056817844165,316.4395098729306,0.8772864641593066,81.9991911110371,-2.097036114674292,-0.9166872420318061,13.399302000834723
1221,40.7,track,1,284.7634118101119,310.1493631802393,280.7495894647829,327.8567819710866,283.9000366078057,309.9695270589358,0.88190576054517,78.73336061523678,-2.044348436159321,-0.8694636269093148,13.234056999863242
1222,40.733333333333334,track,1,258.75646450399626,334.8335684062059,280.1355634757555,328.4686464612517,258.88888559784357,335.0235225373055,0.23155543184626656,112.97804272898011,-2.071103568817009,-0.8973109261946935,13.054639999609208
1223,40.766666666666666,track,1,253.83074989526602,321.23544197737743,278.84311509066856,327.42955808505786,254.02366141195904,321.65839552879766,0.46487047651122937,104.98081164584976,-2.1090593785740523,-0.8842518854552466,12.396295000144164
1224,40.8,track,1,268.9116847826087,323.7595108695652,279.31836892654957,326.7694375088771,268.52566198517474,323.33327499945057,0.575057055526758,97.94918170254685,-2.1017993909325927,-0.8804737561889724,13.689879000594374
1225,40.833333333333336,track,1,253.19928966061562,314.2687450670876,277.7784612480679,325.0303177748083,253.36190135321704,314.1358386546934,0.2100158970797212,99.68329230263768,-2.140896601965671,-0.8513065049955374,13.152859999536304
1226,40.86666666666667,track,1,290.5689578713969,309.3778270509978,280.70472228281034,322.8323294682495,291.2030556947002,309.8895861576032,0.8148481040731388,75.58980258344099,-2.0730882077978254,-0.8126236026292776,13.11900099972263
1227,40.9,track,1,276.1163079470199,321.0157284768212,281.62769306527116,322.1865758932401,276.0082979005804,320.5121270883187,0.5150539084731822,91.74678447711214,-2.055738611925455,-0.8115404641256638,12.323197999648983
1228,40.93333333333333,track,1,275.54681784930506,298.75859546452085,282.3302138373425,318.9473405892001,275.73395396463576,298.93960987922276,0.2603577231252021,73.71133185826966,-2.043527646905009,-0.7488592722509875,13.25696299863921
1229,40.96666666666667,track,1,274.0279007971656,325.8188662533215,282.71541937100807,319.1779985325093,273.57955464295674,325.8156069151746,0.44835800124347786,97.56626536547355,-2.038405871340731,-0.7696787754906167,13.307514000189258
1230,41.0,track,1,257.81553398058253,294.87069726390115,281.04952876697683,315.73045255852287,257.8236292925317,295.3088403204903,0.43821783637001416,83.21639797509873,-2.0803418325203182,-0.7019353113860114,13.063009000688908
1231,41.03333333333333,track,1,258.85585585585585,302.8258258258258,279.5303840838834,313.4877643479673,259.2031355450288,302.15819785972445,0.7525491901747459,86.9476870809385,-2.115655797331901,-0.6650550503673506,13.607209999463521
1232,41.06666666666667,track,1,286.826369168357,300.7647058823529,281.3805819475472,311.1856130730073,286.33873841898486,300.3438195533979,0.6441498658188843,69.09744633138459,-2.070583547330304,-0.6270922469127721,12.74308000029123
1233,41.1,track,1,270.2915082382763,309.53569919729614,281.0735204755295,310.1283889072852,270.25925259692553,309.89165425961266,0.3574135319034687,85.78452825167072,-2.0787818889006715,-0.6184162194648385,13.533275001464062
1234,41.13333333333333,track,1,265.29813874788493,332.117089678511,280.1239183650004,311.89366224416744,265.80105670779943,331.457224526101,0.8296677008113461,106.31062680658424,-2.1011870186254185,-0.6741570365679987,13.450391999867861
1235,41.166666666666664,track,1,288.314005716619,325.53654552878726,281.92753602940223,312.8148113260239,287.8171750718561,325.3044809251069,0.5483563347467119,91.17339900572689,-2.058199761537323,-0.7055877491078657,13.20443599979626
1236,41.2,track,1,279.1729812476081,322.19364714887104,282.4708773643682,313.32287078232156,279.44429825080874,322.10508209622003,0.28540617508534993,91.5751573866864,-2.0472647568727793,-0.7252619248195453,12.940373999299482
1237,41.233333333333334,track,1,285.54193254329994,303.2629899726527,283.68581083689844,311.57373793544696,286.02426499266335,303.57098997828456,0.572283666705716,72.0806585438002,-2.0209394414000466,-0.6913101857469977,12.782658999640262
1238,41.266666666666666,track,1,267.6915267473643,328.4802811401796,282.63479745330085,312.98632154214306,267.65572434903623,327.9136997703505,0.5677114234921546,102.31686958041378,-2.048360984191123,-0.7333604447706266,13.813254001433961
1239,41.3,track,1,281.66231253023705,293.73971940009676,283.2665100204409,310.19321337807764,281.68197445092875,293.90885151915705,0.17027115088326655,66.13951431703894,-2.034344636072963,-0.6747499616076177,13.010544000280788
1240,41.333333333333336,track,1,260.8562929061785,302.98306636155604,281.32220841423947,308.7143067990259,260.5527903324114,303.142003140623,0.3425999299816521,86.72302634175472,-2.0808721387302755,-0.6504021134566866,13.440450000416604
1241,41.36666666666667,track,1,249.3541488451668,299.6599657827203,278.0790344969436,306.97121150800115,249.692091497162,299.4002654476981,0.42620358990534635,92.04125995063536,-2.1545768683582254,-0.6206665573856828,13.017650000620051
1242,41.4,track,1,267.4697892271663,291.9751756440281,277.1715186704234,304.46186579668995,267.6362391747198,291.7992169054204,0.24221284592890335,73.6554296693865,-2.170108981772046,-0.5738797490155327,12.658392999583157
1243,41.43333333333333,track,1,259.2697547683924,307.59906578435186,275.3180029657482,304.02605551276935,259.18765170355005,307.9952478006748,0.4045999299483543,91.22223100102251,-2.2080807348529996,-0.5769957449785486,13.612270999146858
1244,41.46666666666667,track,1,253.19111709286676,316.1395244504262,272.83700538659394,304.6909471259434,253.333147841055,316.4154511575393,0.31033575547971365,101.40902500464593,-2.2596759414301006,-0.6041798948130896,13.215135999416816
1245,41.5,track,1,272.0556552962298,323.06822262118493,272.75920310048735,306.1921120371794,272.36818167532334,322.94804719116485,0.33483558892361265,95.65128671242596,-2.2538739068534577,-0.6483523362996578,13.317582999661681
1246,41.53333333333333,track,1,259.8065277231616,298.8556822650413,271.22044028670246,304.74659127413884,260.1598621495443,299.1624187186841,0.46790220010228256,84.14887929501164,-2.2842174527776784,-0.6209327916185375,13.557226999182603
1247,41.56666666666667,track,1,277.4860681114551,300.718708536046,271.893147094471,303.65189728207025,277.45253257350055,300.57746647436153,0.14516870287627215,74.02645762740121,-2.262696807051056,-0.6034831487925799,12.65771700127516
1248,41.6,track,1,271.34207240948814,291.3961714523512,271.79320789505607,301.5508792408986,270.8258969807636,291.2484310364476,0.5369025085714555,71.02460201538617,-2.2618123989157364,-0.5633069501370737,13.756341999396682
1249,41.63333333333333,track,1,248.32074721780603,328.60135135135135,268.94859921183246,304.0732873526091,248.00279592702205,328.3637440498906,0.39692600446261406,113.98135223290085,-2.325569036716275,-0.6328276368902627,13.375196998822503
1250,41.666666666666664,track,1,274.3203125,298.3046875,269.3964931599547,302.8575185588491,274.25419161585586,298.6047044396694,0.3072167563929108,74.34507628067803,-2.3096489208409934,-0.610456133076054,13.733982001213008
1251,41.7,track,1,253.01083658430863,311.75596012136975,267.27984923346463,303.36115942574196,252.50300266780363,312.15327947251495,0.6447929540148966,98.80253229295984,-2.355610941854842,-0.6297487395921264,13.682664000953082
1252,41.733333333333334,track,1,256.064483111566,329.4005458887752,265.6728945536879,305.9786512397623,256.0948511302539,329.41877917321216,0.03542131025793365,109.90717047077543,-2.38784020366496,-0.6972610010167773,12.866327000665478
1253,41.766666666666666,track,1,252.79747899159665,325.4390756302521,263.79425372915273,307.98767446348387,253.21992676124412,325.46621261478225,0.42331847822829255,108.46221314581757,-2.425756509871421,-0.7471400762367925,13.529935000406113
1254,41.8,track,1,239.69588313413016,321.6985391766268,260.4897006513879,309.4419618749258,239.13567827641305,321.9343029915723,0.6077944216982337,115.11849779479641,-2.4960177387415436,-0.7825070696778436,13.25933000043733
1255,41.833333333333336,track,1,244.90985165462152,326.78508938759984,258.04558320376503,311.4239605876554,244.74599242204505,326.417768098371,0.402212353889418,114.59143205164483,-2.543783581612254,-0.8298524870879284,13.207926000177395
1256,41.86666666666667,track,1,233.6619007569386,318.1408746846089,254.44857774625157,312.2520955926189,234.1639717979172,318.01700005312995,0.5171269230212241,115.99343099847866,-2.617772478494588,-0.8494021273767731,13.172447999750148
1257,41.9,track,1,253.94673430564362,298.0240963855422,253.54940571821763,310.6202037084457,253.809960505257,298.09881193348554,0.1558508440037179,88.07152364072145,-2.6270732347753363,-0.8124286101338561,12.397013999361661
1258,41.93333333333333,track,1,234.19526341227646,326.08506524891254,250.39865806375553,312.44346305329407,234.3499940572793,326.53002077352085,0.47109127712413285,121.75125466726838,-2.6909907401440054,-0.8598571460829727,15.550028001598548
1259,41.96666666666667,track,1,243.17397881996973,303.69024205748866,248.57513927547157,311.4742758202717,242.61779689739018,303.49418223593875,0.5897268729085285,100.0975351086337,-2.72259787831978,-0.8403351832219117,15.527633999226964
1260,42.0,track,1,271.67080979284367,290.441054613936,250.3365954653792,308.97722226034534,271.68554880813326,290.6691364979444,0.22855761720961365,70.01176749246225,-2.6716294999839656,-0.7874713541690987,34.97438799968222
1261,42.03333333333333,track,1,252.1042868920033,309.37840065952184,249.70981051039527,308.9024406101754,251.82893318345583,308.65525961619954,0.7737910786175494,96.7514290533917,-2.6815700506993942,-0.7946715430557507,35.19961100028013
1262,42.06666666666667,track,1,270.177762286511,310.4168699895434,251.3376745630605,308.9644196960336,270.2538203365182,310.7735242608739,0.3646739588031962,86.50765357710218,-2.6396335121441377,-0.8044144072883165,33.32375899844919
1263,42.1,track,1,273.4149293880296,277.60995292535307,253.3014435307788,305.10657129864836,273.28427027645733,277.5080339620503,0.16570841414229762,59.91003267651761,-2.5933114105842296,-0.7220250066403499,33.93765599867038
1264,42.13333333333333,track,1,266.06836055656385,289.5356926799758,254.3049014101227,302.92697533969294,266.53056998823354,289.6058051561282,0.4674968641997961,72.9363822174568,-2.572166971853584,-0.6832981833415965,32.89165400019556
1265,42.166666666666664,track,1,260.0709055876686,266.84508670520233,254.56066397289376,298.19245066217456,260.36484128611295,267.093246639631,0.38468369847914113,65.50111577909475,-2.5691053302811415,-0.5858530465496676,33.882253999763634
1266,42.2,track,1,270.80236117184086,282.19545255793616,256.1111984770775,295.62126496333804,271.3250155882321,282.68873362967287,0.7186750689337684,64.74242879589097,-2.535420069127001,-0.5427029947542408,34.233369000503444
1267,42.233333333333334,track,1,271.0092704554615,277.86618299072956,257.6128998100335,292.73760416223774,270.4520243654938,277.79046540674085,0.5623667462691645,62.31469461640406,-2.5042540009641114,-0.4920639976908417,33.53427699948952
1268,42.266666666666666,track,1,264.8958562522919,255.7975797579758,258.3058841360813,287.4463334840817,264.82674338922635,255.37456385116772,0.42862459711707224,57.275347739249135,-2.4927933536628286,-0.3854063665897123,33.251060000111465
1269,42.3,track,1,282.3836356619066,247.49556155924353,261.0575808403863,281.5540331210979,282.23748387121356,247.70594836244456,0.2561697735564061,38.54074810562865,-2.4330078009234306,-0.26779071205225824,33.515430000989
1270,42.333333333333336,track,1,265.06375838926175,248.71812080536913,261.571231386106,276.2533066401101,265.252074605282,248.69002666426468,0.1904003098227234,55.4333103688679,-2.4277141932312465,-0.16674142116460755,34.554372999991756
1271,42.36666666666667,track,1,265.1804215791354,229.45087531261166,262.0639962974547,269.0726378462557,265.0184892584697,229.4931066588204,0.16734862735852388,55.976435498376794,-2.421604974526168,-0.02282810886337036,36.28357199886523
1272,42.4,track,1,292.80650095602294,243.49713193116634,265.825440215823,264.1288880717955,292.21858547824513,243.48522432276957,0.5880360534426817,27.999174655864355,-2.3385599318930717,0.06593991311394122,40.46021700014535
1273,42.43333333333333,track,1,306.7860082304527,223.6352880658436,271.01431885542013,257.24395536617817,306.4410428707546,223.21911620347575,0.5405553796035877,21.574136817614864,-2.226082422740511,0.200985461592933,36.36349599946698
1274,42.46666666666667,track,1,286.4675480769231,243.22115384615384,273.425058000216,253.26885378828055,286.39271672558806,243.46608129151946,0.2561038551758947,33.785547333230966,-2.1827524672401175,0.26647919780609114,33.35825100111833
1275,42.5,track,1,300.6787607011822,218.55075417855687,277.346352060365,246.74224115336497,300.9751303672333,218.16183430028653,0.4889720346492689,28.96292709088483,-2.1037406889184016,0.3942460750283762,36.77024399985385
1276,42.53333333333333,track,1,293.72210346301836,213.85463873450192,280.1443676872785,240.21990001529898,294.25209765891367,214.29875321387598,0.6914705477982528,36.380057192469735,-2.052491388577589,0.5258509077850139,34.12775799915835
1277,42.56666666666667,track,1,297.3643867924528,227.7551100628931,283.14672921254225,235.93924340024137,298.07369659411563,227.52562188122414,0.7455100403486602,25.22643237751011,-1.9961269983009902,0.5939355772622136,34.89483900011692
1278,42.6,track,1,297.02340989399295,217.6987632508834,285.85750094820713,230.90554339152393,296.26950619507204,218.2233986881912,0.918484147563681,32.20802230686009,-1.946563104135934,0.6876436541833774,34.239481999975396
1279,42.63333333333333,track,1,321.9409111411818,253.37077131258457,291.3090539473307,230.63940327140713,321.56996093278525,253.1695843064656,0.4219955788163652,13.262832583410558,-1.832897122831864,0.670988835395636,33.691484000883065
1280,42.666666666666664,track,1,315.4382071366406,247.04221061792865,295.5641861883247,229.82131175119477,315.3868437913979,246.67882924533262,0.3669934811196109,8.117140524425734,-1.7504827329254584,0.6740003333351076,33.496976999231265
1281,42.7,track,1,319.58801141769743,229.5385347288297,299.95803778677094,227.13885870188216,319.10198482281857,229.69467479094968,0.5104914983899127,10.344378131271899,-1.6656323160746223,0.7245943078258819,33.20813800019096
1282,42.733333333333334,track,1,339.44683195592285,233.97741046831956,306.3508473347873,225.3263364326652,339.58178756246326,233.9769357294892,0.13495644154188627,20.48715957247721,-1.5350458367102666,0.7554046412963343,33.77422599987767
1283,42.766666666666666,track,1,320.29170383586086,223.08831400535237,309.94028990373545,222.49418759792022,320.20401862298735,223.2349873529189,0.17088524641712544,16.7662539839797,-1.4728540297109631,0.8115518408796114,34.4004729995504
1284,42.8,track,1,319.07020702070207,226.005400540054,313.03319143847244,220.35412993058006,319.23646948015875,226.02201223737902,0.16709025678536754,13.998825691703967,-1.4206737294065264,0.8513875795213054,33.89382299974386
1285,42.833333333333336,track,1,336.5078159892809,221.82804823581955,317.8875822309917,218.0134536855216,337.01229946054184,222.25317866943251,0.6597268058518009,24.58389717425285,-1.3257953228170913,0.896746781374905,34.06334499959485
1286,42.86666666666667,track,1,324.3418428400479,257.0634224172318,320.84822842624106,220.19564904197512,324.3486480079575,257.2169673085585,0.15369562115690485,17.757666029100896,-1.2760245304681272,0.836921552616153,33.506857998872874
1287,42.9,track,1,356.53410553410555,238.94680394680395,327.3313674435441,220.2309527343736,356.87452289068744,238.45643878912284,0.5969438537499372,36.90681535472218,-1.1420017321554659,0.8332379624437878,34.273163000762
1288,42.93333333333333,track,1,355.77027027027026,223.63603603603605,333.1701622623131,218.5734732859686,356.28163541130857,223.72156342510252,0.5184681685018468,39.76612333937116,-1.0259455372565798,0.8705294672297059,33.64505599893164
1289,42.96666666666667,track,1,351.5806712494945,234.58067124949454,337.9817041201473,218.46166216000933,352.2952551657913,234.15681797159252,0.8308319773686541,32.81960210667814,-0.9349251184507238,0.870633157337154,11.347092999130837
1290,43.0,track,1,346.5720989761092,232.1830204778157,341.72236934939934,218.1992069884274,346.12031579350753,232.26111659151263,0.4584834206994433,27.242635951073456,-0.8681873611572168,0.875467522980701,10.528134000196587
1291,43.03333333333333,track,1,348.3196300102775,229.04727646454265,345.2615945426621,217.6995961817762,347.8787759037245,228.94307157530744,0.45300220993407614,29.991362291147485,-0.8041704259741492,0.8865017436032663,12.10135099972831
1292,43.06666666666667,track,1,365.02328589909445,263.72272531263474,350.3984750843389,221.49307059969584,364.67616737120017,264.14716232163664,0.5483047027137165,50.78430248774673,-0.7011128778859834,0.7974933379859138,12.180708999949275
1293,43.1,track,1,355.406045751634,237.21037581699346,353.88221744223034,221.98371018471155,355.2291749531574,237.62524642896267,0.4509998936024917,35.30912378413441,-0.6373315459925403,0.7911145802462705,12.148931000410812
1294,43.13333333333333,track,1,368.37571157495256,238.46034155597724,358.51201079077254,222.68109180343777,368.4225608187308,237.89294937655302,0.5693230514517715,48.46838205029596,-0.5450558968793721,0.779524178503337,11.78990900007193
1295,43.166666666666664,track,1,357.777501037775,266.7139892071399,361.3957429948033,226.79414600971984,357.90367714117696,266.671558053053,0.13311953991376246,46.34717628723411,-0.49366277632687783,0.6881752334784634,12.872003000666155
1296,43.2,track,1,346.4805253623188,260.3238224637681,362.55601505898426,229.95502944976772,346.758579490979,260.2437912031475,0.28934253254836356,33.55342990890312,-0.4802640157662215,0.6233080941866358,12.510245000157738
1297,43.233333333333334,track,1,358.0896739130435,232.96535326086956,364.8435036307165,229.69723590169482,357.9740901307618,233.5257760327961,0.572217872859954,38.52203391874237,-0.4367392292350423,0.63991205024775,12.202576999698067
1298,43.266666666666666,track,1,355.2361769352291,249.4218009478673,366.46474494245473,231.46322929235848,355.6289939618517,249.1870066145916,0.4576391540755562,36.794378664005364,-0.4074817893294948,0.6060560652327049,12.072252000507433
1299,43.3,track,1,350.7186557518311,248.53640672124084,367.26634243215193,233.04886767126462,351.25018615150543,248.01827663285405,0.7422825299504716,32.262468824699624,-0.39555684716337264,0.5767078600011825,13.218062000305508
1300,43.333333333333336,track,1,380.27743467933493,267.4413301662708,371.3811042256207,236.82368755040008,380.87276931566765,267.7750741946492,0.6825015792624001,66.91000516123698,-0.30395420690581204,0.4961880418105177,12.756692000039038
1301,43.36666666666667,track,1,362.28461833525125,229.63636363636363,372.91969143457555,235.85897595026282,361.6866098549989,229.19574071860657,0.7428073088671633,43.063969392317595,-0.2749935466200175,0.5289646896501617,12.750333999065333
1302,43.4,track,1,379.40315315315314,243.3900900900901,376.2405567166728,236.6071073855764,379.14815937802774,243.77123787404656,0.4585798279118113,59.26826294832011,-0.20282886872723568,0.5175575742937903,12.389905999953044
1303,43.43333333333333,track,1,393.96029668411865,260.10078534031413,380.9292801368325,239.31589179617686,393.97423166219914,259.8757457037201,0.2254706669446794,76.59786039630386,-0.09980969180224288,0.4596206491115579,13.257715001600445
1304,43.46666666666667,track,1,396.5601198117244,246.51818570817287,385.4674008525595,240.23459359682442,396.3662800465637,246.56526463113306,0.19947500982491193,76.64797080045237,-0.0026846267734659188,0.4508567163810655,13.260701000035624
1305,43.5,track,1,397.357839459865,251.3139534883721,389.6426534098705,241.6648065995412,397.4313461351003,251.12561057368626,0.20217884364223038,78.22654648475176,0.08462586366570052,0.4179165415040627,13.683736000530189
1306,43.53333333333333,track,1,370.689837398374,227.7048780487805,390.1880137020693,240.1739650843309,370.4630327284095,227.3715757859071,0.4031510346684366,52.019176947349074,0.08684383459867824,0.4630166417795034,12.858125001002918
1307,43.56666666666667,track,1,372.97955778055905,233.1994159365874,390.7935328031024,239.42358872166878,373.0629309836634,232.71946209485154,0.48714143859139825,53.560067930925285,0.09489356350187042,0.4787000964339417,13.270729001305881
1308,43.6,track,1,357.3068055039048,257.99665303086647,389.3166553304901,241.68113582875932,357.4104474330396,257.65349673789564,0.35846602472238753,41.36650244116745,0.057371309187190606,0.42683586219751873,13.15179899938812
1309,43.63333333333333,track,1,367.17880505887484,256.45747928477977,388.9533077871401,243.60884441327937,367.08510017442984,256.76736735289836,0.32374561021136183,49.98150924475105,0.050603333337799275,0.3852729367794199,13.303883000844507
1310,43.666666666666664,track,1,352.6826552462527,254.87280513918628,386.7339920390655,245.21432331512855,352.7905036808767,254.67868804125837,0.22206470354112953,35.92604924366401,0.0024019104821667893,0.35257535592475137,13.92631399903621
1311,43.7,track,1,347.21397188049207,244.00219683655536,383.8668166732041,245.40128823837088,347.42903377588993,244.11197954435187,0.24146192615660386,27.735541632570996,-0.057277376877687976,0.35347249970139955,13.08463299938012
1312,43.733333333333334,track,1,336.7971141233056,240.9746392654132,379.81768741246395,245.19316681404845,337.14855485947925,241.07706910036444,0.36606346735286227,17.182345928758657,-0.14124451916775022,0.36210218038452185,12.742171000354574
1313,43.766666666666666,track,1,346.5005744925316,219.6307927996936,377.085722104374,242.4252442662188,346.65980317762654,219.58241550966125,0.16641555320324028,33.5800962162098,-0.19074755825249887,0.42894245091827843,13.71755100080918
1314,43.8,track,1,337.5239107332625,237.596174282678,373.3740676250007,241.96332607707564,337.37486352411446,237.04193490558765,0.5739306209571875,17.62486968985541,-0.26228719537542217,0.4376606981192335,13.31717699940782
1315,43.833333333333336,track,1,337.02937062937065,239.86013986013987,369.7742029902964,241.7941537853539,337.2081527926421,239.19851728894773,0.6853520909831151,17.22680751245084,-0.32948022557693557,0.43951606021521494,13.224854999862146
1316,43.86666666666667,track,1,325.12003569834894,215.10798750557785,364.931273864721,238.67030691717568,325.49744318688914,215.43868670011187,0.5017951471184939,25.169028439896827,-0.4247199598473842,0.5107049917946295,13.69407100173703
1317,43.9,track,1,329.60360360360363,213.68311790050922,360.9006145901048,235.57024802409578,330.090008620098,213.52973766164192,0.5100150367840812,28.328131993040948,-0.49885815836280833,0.5778838402518669,12.450997000996722
1318,43.93333333333333,track,1,310.5833736104398,222.64282261962302,354.8390217015772,233.74580789661596,310.626438648388,222.777073520115,0.14098901296337887,19.608489206054553,-0.6200645068147143,0.6129843571815788,13.45807299912849
1319,43.96666666666667,track,1,306.8890200708382,225.13262495080676,348.7235823417423,232.35278510915882,307.09573785137167,225.1982611745602,0.21688788499425882,19.63699197578524,-0.7398508161415327,0.6380932366331544,13.606123999124975
1320,44.0,track,1,318.48981077147016,214.99708879184863,344.40836011556553,229.85924743998248,318.4730906826964,214.65816607284358,0.33933489479623496,25.38779231943661,-0.8158422320421739,0.6895410235039667,16.759427000579308
1321,44.03333333333333,track,1,295.4301628106255,245.85261353898886,337.6541005996127,231.24086355221337,295.42065494063417,245.69901615670534,0.1538913754442489,25.231388957046345,-0.9499636918835308,0.649638980440162,14.562389998900471
1322,44.06666666666667,track,1,275.5646799116998,237.52980132450332,329.0103495526855,231.57314931056655,275.8713655957972,237.23762008570944,0.4235870455212715,44.21501008900332,-1.1260859317261473,0.6385480893146058,14.657461000751937
1323,44.1,track,1,296.51632731463695,225.91048789857857,323.49907557231415,230.52146131751874,296.084232243315,226.5052383178671,0.735142307247123,27.460381283755986,-1.225425773312019,0.6614283487810413,14.825553000264335
1324,44.13333333333333,track,1,283.4151436031332,223.96779808529155,316.8746624933816,229.3281090473297,283.9428904024398,224.27328958958066,0.6097882774957192,39.337572025528736,-1.3523676898289447,0.6870324304877491,14.877064000756945
1325,44.166666666666664,track,1,284.6281070745698,245.50669216061186,310.9327914570776,230.81255960332635,285.0590621773823,245.3815551606431,0.4487555786854549,35.352938659623184,-1.4632652029957016,0.6495699581868586,13.94260300003225
1326,44.2,track,1,278.4985213350232,240.6561047739755,304.7681937808464,231.65126215835215,278.9125108808089,240.77596426337797,0.43099146304730557,41.09481576376377,-1.5803278274423598,0.6301896026179502,14.93175500036159
1327,44.233333333333334,track,1,272.39943342776206,228.7984621610684,298.4114198817045,231.0401328040625,271.7374894069825,228.5602373587771,0.7035061784181771,49.599779213507055,-1.7024399657694582,0.6459063453680393,14.24734100146452
1328,44.266666666666666,track,1,278.85073977371627,225.55570060922543,293.388352466359,230.09721144582318,278.047313059707,225.06328484523817,0.9423204175899481,44.53238598059532,-1.7937447314188497,0.6684002271450311,15.24941800016677
1329,44.3,track,1,239.24257206208426,223.4980044345898,284.1184674187527,228.98639302327516,238.67411062216735,222.80383953842036,0.8972253405618585,83.12405318387614,-1.9862688358449032,0.6937361389293991,14.250506999815116
1330,44.333333333333336,track,1,241.41221719457013,244.0660633484163,275.874994914995,230.4264268383714,241.31271514670058,244.46842965793314,0.4144867966105118,78.81405751001645,-2.1510967143425135,0.658587070806116,13.548029000958195
1331,44.36666666666667,track,1,249.85523924894002,249.79224712295579,269.3647174330966,232.48290247326202,249.57505462465446,250.3909723311706,0.6610410718237577,71.18739521226743,-2.2744003321482,0.611626722754081,13.389110999924014
1332,44.4,track,1,219.54535637149027,241.67314614830815,259.85963621491857,233.4542405844812,219.44851550797915,241.6893661332137,0.0981898200218094,100.56567501628554,-2.4692775810027587,0.5925366065167702,13.127067999448627
1333,44.43333333333333,track,1,250.14463601532566,235.93055555555554,254.84380830595592,233.68521729481918,249.89371651110247,235.87914449086776,0.25613218300702356,70.22729123889667,-2.5569442792118635,0.5910855962625001,13.671900998815545
1334,44.46666666666667,track,1,247.26275264677574,266.07362848893166,250.04740665419953,237.5105632969108,246.95617762216585,265.93576679634015,0.33614593854269353,77.51170225765091,-2.6437055200123494,0.5050205361314781,13.01264900030219
1335,44.5,track,1,238.54325699745547,264.7374893977947,244.7606292178226,240.93610445683845,238.2580193042611,264.69718783455164,0.288070751064186,85.39146617196403,-2.745282436928762,0.4323017562818367,13.838437998856534
1336,44.53333333333333,track,1,230.48793215916504,267.5828440965427,239.0954156945037,244.47347724524292,230.3138354424926,267.15951190529586,0.4577333403871607,93.70830912982159,-2.8575702619423313,0.35917189936364735,12.955926000358886
1337,44.56666666666667,track,1,203.16878531073445,266.4851694915254,230.7750106099002,247.63248029703664,203.48371376885748,267.28690548901614,0.8613713156404588,119.66879362751189,-3.0328272487306345,0.29645840087871445,13.048527000137256
1338,44.6,track,1,197.46805349182765,241.9712729073799,222.55771290096956,247.62554114603105,196.9638938221427,242.2304706100771,0.5668866038462633,123.05632215595993,-3.2031919960857618,0.30818370302505604,13.735907999944175
1339,44.63333333333333,track,1,216.79258960934354,262.4764397905759,217.44319612319862,250.0286537217131,217.01219882448447,262.5808246699114,0.24315511594186912,105.43424886506659,-3.2997500124701986,0.259956984457711,12.975822999578668
1340,44.666666666666664,track,1,184.45193065405832,259.2171000788022,209.06767293289377,251.84935163337832,184.14227694673718,259.24273904461205,0.31071333255191874,137.2137162209234,-3.4755977953138055,0.22576916784560797,13.352786998439115
1341,44.7,track,1,188.03953934740883,227.7796545105566,201.93543706963456,249.7487084538918,188.47812262927098,227.8086069483735,0.4395378695681584,132.0857081279437,-3.620685749706922,0.28263112311668387,12.760334000631701
1342,44.733333333333334,track,1,173.73237476808904,229.78617810760667,193.83933089562768,247.97198630344053,173.65603692537223,229.42424884712966,0.36989222189726234,146.72560117728418,-3.788855705024055,0.32661183104232,13.389687999733724
1343,44.766666666666666,track,1,204.8353581901969,229.9886887306242,190.2780675455024,246.29350410636684,204.51429076262053,229.499331990599,0.5852813956197578,115.96211910233536,-3.850562312577223,0.3650414553617165,13.527887998861843
1344,44.8,track,1,161.75210084033614,245.1985294117647,182.1010905357375,246.51060435228183,161.64771693166992,245.3617853511767,0.1937743588345379,158.44303170257956,-4.0255194077404655,0.3571140049933001,13.448818999677314
1345,44.833333333333336,track,1,172.96862934362935,233.96573359073358,176.08850665141074,245.34838869774384,172.9396974879109,234.21213206637287,0.24809123538061842,147.1741553064405,-4.147027822370519,0.38233854250787275,12.960702999407658
1346,44.86666666666667,track,1,149.9891915261565,231.1219195849546,168.02305381003595,243.89840115388947,149.9134811347024,231.12337118937052,0.07572430606821402,170.317992116972,-4.304943404307143,0.41320939115156935,12.792211999112624
1347,44.9,track,1,158.44379014989295,249.69057815845824,161.79597624002014,244.7452242887316,158.19931853360362,249.43981420031838,0.35021269804660965,162.0758174902314,-4.418110258836418,0.3893852846552987,13.563264999902458
1348,44.93333333333333,track,1,172.42988505747127,225.96137931034482,157.96072754912979,242.69058277221063,172.325095257792,225.85919735116173,0.14636275106501795,148.35039531519155,-4.476744346898581,0.43546324632766864,13.264151000839774
1349,44.96666666666667,track,1,167.81985133362483,242.16090948841276,154.14298463340947,242.69163831253084,168.2098979806872,241.39017089500703,0.8638138493041407,151.79646783160243,-4.538954473155646,0.43140444985982657,13.301634000526974
1350,45.0,track,1,137.51810865191146,261.93963782696176,147.26207605905643,245.05392194039754,137.62757860372608,261.4318816029221,0.5194228079333015,183.62740981395393,-4.675194966999734,0.37336163546492696,12.725960001262138
1351,45.03333333333333,track,1,131.50719005052468,238.81111542945976,140.41102396016214,244.4962501895054,131.15802951040016,238.22172503075836,0.6850504542451198,188.85034307689548,-4.808574260366915,0.3872429227099637,12.823139999454725
1352,45.06666666666667,track,1,134.49057227919286,227.40952695997353,134.6683086551409,242.59843797065142,134.71614677741394,227.0291763139207,0.44221088656941643,185.73731055472987,-4.914708103322669,0.4313064561193062,13.715903000047547
1353,45.1,track,1,148.97650130548303,254.99390774586598,131.34344202014796,244.11084165821933,148.4905127817043,254.52273626291674,0.67689542145683,172.12325256758592,-4.965089585404288,0.3933237344989577,13.397435999650043
1354,45.13333333333333,track,1,151.01176470588234,260.7,128.79386250299248,246.20764160223266,150.41904488572365,260.5780745605749,0.6051302322541391,170.824932284754,-5.001033572193535,0.3443291532433996,13.371850000112318
1355,45.166666666666664,track,1,169.82175622542596,257.3136740934906,128.96789724067997,247.75903991103485,170.2311045405765,257.0420298498455,0.49128061046828875,150.73537351444335,-4.977211716304907,0.3105990011865799,12.921038000058616
1356,45.2,track,1,147.54840142095915,244.28463587921848,126.76843500881459,247.6394683677464,147.9461436224558,244.51381516557174,0.4590446646512547,172.11305593049457,-5.014741276325478,0.31690431515558704,12.33217200024228
1357,45.233333333333334,track,1,153.8658326143227,226.79594477998273,125.74574609688477,245.4171308714695,154.09107158110533,226.42984481409457,0.4298392457426645,166.4629737835879,-5.026023963705622,0.3708734173643043,13.749765001193737
1358,45.266666666666666,track,1,167.04280155642024,236.91180285343708,126.63533453200483,244.52857670371344,167.34666663817197,236.64010307530114,0.4076208499906506,152.69030451807345,-4.995214021682417,0.3900729200863217,13.224427000750438
1359,45.3,track,1,175.71696428571428,220.921875,128.76355501798741,241.77601349415926,175.48495898381861,220.76475421080485,0.2802024312974572,145.78954612892977,-4.939844932136069,0.4519795859882721,13.298179999765125
1360,45.333333333333336,track,1,176.62895569620252,230.439082278481,131.1038146929559,240.33204931837383,176.55738434201217,230.3307402566279,0.1298478049096699,143.76814171015084,-4.884185418076053,0.48820919017599995,12.539352999738185
1361,45.36666666666667,track,1,156.60062646828504,228.86687548942834,131.1155673686929,238.7974256583924,156.47124155805113,229.21129851943473,0.3679234683939363,163.8842607366614,-4.886197585294475,0.5103402700597565,12.956656999449478
1362,45.4,track,1,166.43634727845253,250.0944669365722,132.49623359876054,239.90939221532656,166.85628082831641,250.10363161589925,0.4200335434801028,153.47664999460108,-4.855712753408163,0.4765978808240067,13.43045700014045
1363,45.43333333333333,track,1,176.11670235546038,229.05942184154176,135.12789510139768,238.45028039702808,176.30117221286275,229.08347735093184,0.18603170649668688,144.1128848304167,-4.7975214834563715,0.5103498481116924,13.040048999755527
1364,45.46666666666667,track,1,179.51453710788064,220.5876052027544,138.16326401383918,236.08099933454193,179.82596635437292,220.46108404764738,0.3361484467617887,141.5292511994552,-4.732598301259835,0.5620139078769348,13.189078001232701
1365,45.5,track,1,184.91594076655053,231.09059233449477,141.7964321104624,235.13318711269298,185.1723304906369,231.0014781511357,0.27143512722719215,135.12762064356247,-4.656179292557549,0.5786558844337905,12.506077999205445
1366,45.53333333333333,track,1,190.27122641509433,216.84630503144655,145.96385438103746,232.56443178487027,190.17886210995744,217.1147480299393,0.28388872521325187,131.8228455192749,-4.569828006378062,0.6337013389098191,13.70836100068118
1367,45.56666666666667,track,1,170.26782118405154,238.45670559806686,147.57796295231933,232.76765754619936,169.7307700360305,238.59486079408293,0.5545365576560004,150.27579941611475,-4.545304899289005,0.6224239183801877,13.678977000381565
1368,45.6,track,1,179.71138716356108,226.2049689440994,150.30117382716827,231.52467342601201,179.17035180232415,226.31141347099393,0.5514070179228621,141.49334688473246,-4.493272735055268,0.6473308982400076,13.213127000199165
1369,45.63333333333333,track,1,199.44624835454147,213.85695480473893,155.28277904014627,228.9131038401258,199.81296725733156,214.2054784346977,0.5059164696896271,122.92387962584853,-4.389024490559128,0.7040603851040045,13.273196998852654
1370,45.666666666666664,track,1,173.03628002043945,214.74399591211036,156.84642507189312,226.60530943779486,172.99239695901892,215.08616816257327,0.3449747412006995,149.1037704710322,-4.367496741052451,0.7519265064914674,12.790433000191115
1371,45.7,track,1,204.5917280917281,247.75143325143324,162.12014271123192,228.4306563617695,204.76668941544347,248.1042453865317,0.39381196968725724,115.5179408644475,-4.257372642592695,0.7025241985371381,13.57353399907879
1372,45.733333333333334,track,1,200.85301403798513,227.10611065235344,166.63940569830729,227.71577468700195,200.89465269940996,227.16648568399143,0.07334113832317778,119.79475299566909,-4.1681621826147035,0.7171277293893399,13.601736000055098
1373,45.766666666666666,track,1,179.53976102183765,218.3255047383601,168.32977747041926,226.0316479610511,179.11824930926235,218.7304280714086,0.5844955341876054,142.47828735534645,-4.14606572707571,0.7544097385639463,13.591083999926923
1374,45.8,track,1,215.41909023117077,213.7214765100671,174.19425527069123,223.93964914422912,215.25225534831523,213.90547111632782,0.24837047584295466,107.9491289787711,-4.024041901825564,0.8000523687225709,13.541686999815283
1375,45.833333333333336,track,1,179.82956600361663,225.1867088607595,175.41500502191764,223.39120008428293,179.38858068847517,225.6905951561769,0.6696039477780034,141.3376464633039,-4.013604213664244,0.8083852857980577,13.08033500026795
1376,45.86666666666667,track,1,185.6825827455236,222.98317959848075,177.2233523057357,222.6584857654561,185.99575548496148,223.31511537795276,0.45635351036309507,135.03896816436824,-3.985769471967913,0.82212333544709,13.507190000382252
1377,45.9,track,1,220.60564751703993,216.0418695228822,183.05639061710028,221.18573971364665,220.84693292084856,215.55470367016673,0.5436443820578666,102.12200166397085,-3.8625391329185477,0.8536930260668636,13.378005000049598
1378,45.93333333333333,track,1,220.57132616487456,222.47383512544803,188.4736251302006,220.6191767810392,220.43420045293078,222.12189988042311,0.37770607298114556,101.15816775393267,-3.753134493392211,0.8635895148661724,13.15781100129243
1379,45.96666666666667,track,1,198.87765759045132,232.86199179410667,190.89297244057983,221.37684126190322,198.8013532271419,232.42437971201034,0.4442146893752462,121.43517613245277,-3.715780179050854,0.8433897407663461,13.364958000238403
1380,46.0,track,1,195.47903930131005,239.9174672489083,192.6773258657585,222.9751241863112,195.20837371402942,239.56952759932076,0.4408195321138494,124.79236874739212,-3.6907869382219314,0.8058175946945553,12.375091000649263
1381,46.03333333333333,track,1,214.34633123689727,221.63689727463313,196.52600871708154,222.3250325351562,213.94322858179348,221.3541681959946,0.4923692541777212,107.68335900833038,-3.6152590224671988,0.8233412306009028,13.283498999953736
1382,46.06666666666667,track,1,204.3638170974155,232.26123260437376,198.8562583192431,223.0180428295262,204.11496109416456,231.79767399625155,0.5261329618245183,116.17495596762136,-3.576044213443201,0.8084695597844885,13.404175000687246
1383,46.1,track,1,239.52720588235294,248.38161764705882,205.1550508966118,225.62643269753696,239.82918613929056,247.967040406682,0.512899954980073,80.56570689772556,-3.4432175689406743,0.749861713215312,13.623261000248021
1384,46.13333333333333,track,1,210.87927395525537,227.3490924440692,207.5361649156091,225.58078965222103,211.3503693736151,226.8683644715584,0.6730752385535267,109.44031289658169,-3.405894236023343,0.7562788284600542,13.459236000926467
1385,46.166666666666664,track,1,226.63085517834122,223.99054576708207,211.54174526221766,225.15241032375073,226.76235897599824,223.93996643279434,0.14089541459965318,94.6106885182662,-3.3286052945073887,0.7703718706976903,13.517329000023892
1386,46.2,track,1,240.6138838475499,221.39791288566244,216.8554421407894,224.4563555251104,240.61904362563845,221.0049121638694,0.39303459216686815,81.6219921149356,-3.221557936628409,0.7893529322651505,13.673620000190567
1387,46.233333333333334,track,1,237.44474393531,238.09254267744834,221.33554294640572,225.81681662902474,237.31526743308268,237.82923468030555,0.29341994817729145,82.71322277445019,-3.1361163498673648,0.7590506106426932,13.90319699930842
1388,46.266666666666666,track,1,232.5492270138324,248.09601301871442,224.8170380239072,228.30438444435708,232.10785744943493,247.83567314051527,0.5124294532490811,88.24073036695607,-3.074324255281713,0.7041468533066073,13.048648999756551
1389,46.3,track,1,243.2678151918559,244.8492560689115,229.2229088912743,230.25685634149997,242.66324772284148,244.91159001578637,0.6077724455118949,77.49256073496188,-2.9899946421464354,0.6643085292551529,13.64059899970016
1390,46.333333333333336,track,1,267.5070603337612,216.2905434317501,236.10764459191523,228.67151057989213,267.9133104465065,216.22826669305857,0.4109957983819414,57.25485597797236,-2.8485472819491897,0.7081159606442062,12.72676300141029
1391,46.36666666666667,track,1,245.4098883572568,211.84433811802234,239.76541768558712,226.6497607826823,245.09913100523553,212.09320565109948,0.3981270913353758,79.93077847114148,-2.785834372107037,0.7583532791617639,13.407745000222349
1392,46.4,track,1,252.9984990619137,241.33208255159474,243.9362665747767,228.28359747628247,252.91995205514,241.21829677978982,0.13826363997214913,67.09111028540491,-2.7094313493198396,0.7201216621099887,13.671638998857816
1393,46.43333333333333,track,1,248.76447740112994,242.37888418079095,247.17095033200044,229.94657686013196,248.8980186019379,241.80326729759426,0.5909044326575179,71.12484468648731,-2.6542540476853165,0.683665250727692,13.246522999907029
1394,46.46666666666667,track,1,254.53093012906098,214.6212728081887,250.7205483585968,228.1857194360517,254.2348182545783,214.5737313339448,0.2999040412914232,70.50924952292974,-2.5901130836438564,0.728843542419613,16.19972200023767
1395,46.5,track,1,271.94543828264756,229.0134168157424,255.95730226568503,228.25336972589696,271.795370603244,229.29134876174027,0.31585831476743753,49.379768191246846,-2.4860215456937893,0.7281862996918301,14.466261000052327
1396,46.53333333333333,track,1,274.5080862533693,229.59793351302784,260.9959818068914,228.38862036865223,274.74771166751094,229.28714607365578,0.39244002290031216,46.503062679504396,-2.388305957408125,0.7260916829255457,13.688958000784623
1397,46.56666666666667,track,1,270.88045406172404,258.42532813054277,265.10110992486875,231.96445465923736,270.6695053822733,258.22985500439364,0.2875918782033242,52.59111438932224,-2.313267543778953,0.6438624320989959,13.518470999770216
1398,46.6,track,1,258.99298969072163,240.14061855670104,267.3376402709339,233.12738995017818,259.3526674160114,239.74726826576688,0.5330032996592203,60.64785917806509,-2.2810942067718654,0.6224047649067799,14.389025000127731
1399,46.63333333333333,track,1,267.08777725342145,248.9858423784804,270.21124240599744,235.26246925154143,267.1819031360308,248.44971626997804,0.5443260842499577,53.48970986437262,-2.231180468576074,0.5782336670915135,13.34897800006729
1400,46.666666666666664,track,1,263.18621892716965,283.41168774531184,272.25080227988633,241.36378072146712,262.98724256009876,283.2540035328018,0.2538816762345035,71.56370122147571,-2.1994683224015996,0.4426504247335759,13.250604999484494
1401,46.7,track,1,265.2932634126664,260.766841468334,274.22941735933915,244.34739855156994,265.36459001547297,260.59396460521964,0.18701308528599636,58.38783608199909,-2.167214262259482,0.38559058468620955,12.859082999057136
1402,46.733333333333334,track,1,256.15682569674067,277.7718469532357,274.8107135773737,249.1328881033903,255.85118021924228,278.29600888766566,0.6067659280320417,74.71047701620101,-2.165994373866052,0.2864014185990429,12.391885999022634
1403,46.766666666666666,track,1,277.0082781456954,289.75275938189844,277.6741501901209,254.99694890706346,277.4051786556126,289.768968876213,0.3972313714681528,65.50777868590677,-2.108810896587136,0.16416722382520627,13.398429999142536
1404,46.8,track,1,241.70900692840647,271.0799076212471,275.96852873743717,258.19119163889854,241.49139186210851,270.5927048345666,0.5335942957239582,84.25862057287618,-2.1589062315664624,0.10696996618897425,13.304575000802288
1405,46.833333333333336,track,1,248.28452797202797,271.1136363636364,274.99242955415593,261.10559085303686,247.92764885507674,271.37657883800586,0.443284839514547,78.60606528210604,-2.1866056939597276,0.05468578007232261,13.059891000011703
1406,46.86666666666667,track,1,256.06264831514,286.140009492169,274.85992543692635,265.54469471477057,256.2604029263173,285.85818595463365,0.3442838836640608,78.52203164822713,-2.19187229025527,-0.03476578957523659,12.854081000114093
1407,46.9,track,1,246.32454074422986,288.5016486104569,273.43554172894284,269.8921561598913,246.23920778783156,288.9771237940553,0.48307179970016667,88.54046037210843,-2.2263404438065955,-0.12134718041386049,12.659455000175512
1408,46.93333333333333,track,1,258.3009166998804,296.62176165803106,273.4073771234156,274.8324879173804,258.75137925760095,296.5901408925162,0.4515710228965808,83.38967315609932,-2.2260182155178216,-0.22149673238652817,14.619067000239738
1409,46.96666666666667,track,1,246.29491525423728,282.28060263653487,271.8317316520193,277.6327886775102,245.98657789503528,282.02703675944747,0.3992086936713222,85.11320972955743,-2.261930011753225,-0.27087725613360414,13.449003999994602
1410,47.0,track,1,253.6726069246436,287.63492871690426,271.1324106466243,280.77391998559966,252.77301696895677,287.4378917955132,0.9209156512753338,82.2789209060194,-2.275556731060083,-0.3304725280140403,13.451866998366313
1411,47.03333333333333,track,1,257.4626739772248,300.5432307043442,270.8370539205424,285.13537340846665,257.580654015282,300.3610546358919,0.2170424135893848,86.83105245197169,-2.2796369457362005,-0.41978622386491526,13.316460001078667
1412,47.06666666666667,track,1,263.82304185661,311.0236220472441,271.2358453050193,290.34591984012667,263.56666496204997,311.3586461951495,0.42186525306548245,90.97679753821873,-2.2680155340232013,-0.5283383200236695,12.931821000165655
1413,47.1,track,1,261.1758474576271,291.6679025423729,271.2139192316266,292.7759505452036,261.6213488163548,291.73710102864203,0.45084353286936335,78.00509301878714,-2.2674190251818875,-0.570630914743937,13.472892000208958
1414,47.13333333333333,track,1,233.95845572807386,303.5367184221569,267.8631816234009,296.32635638788315,234.1125688676448,303.91686170870736,0.41019480505947165,107.06080532671646,-2.3445196713406697,-0.6417705498702775,13.630638000904582
1415,47.166666666666664,track,1,244.5095645095645,306.1990231990232,265.91686379950147,299.8254495587462,243.92723117407795,306.358614634428,0.6038058792968823,100.94816438669255,-2.3846852627125017,-0.7122585264622318,13.43509499929496
1416,47.2,track,1,256.29779559118236,293.9042084168337,265.45011045626035,301.4842305293398,256.5267520697229,293.7974514122525,0.25262249918172586,83.20468124614202,-2.389349340256911,-0.7403333519912727,13.24092199865845
1417,47.233333333333334,track,1,256.5615268709191,309.3756906077348,265.0010344360598,304.7371998763285,256.1048848677271,309.5196461740301,0.47879549303082175,94.42227990219652,-2.3948286843330364,-0.8084154624322943,13.022611999986111
1418,47.266666666666666,track,1,249.23687236489076,281.5446531238022,263.6654318543137,304.3080595171381,249.37594521731594,281.3338177083183,0.2525724266501754,81.83056641800816,-2.4218020203558868,-0.7905423434870038,14.181340999130043
1419,47.3,track,1,236.51526902569074,311.369849733398,260.85828915895,307.3238076716194,236.38686807236584,311.92595842764024,0.5707395944093668,110.29278909558225,-2.4824094277358117,-0.8578022942111253,13.453076000587316
1420,47.333333333333336,track,1,236.692050209205,284.9673640167364,258.2226608496458,306.85214995568816,236.12215797778276,284.8319140209129,0.585767749883864,95.10727047435732,-2.5366370810872954,-0.8426149207797714,13.478920000125072
1421,47.36666666666667,track,1,228.1871727748691,271.56108202443284,254.7211834197939,304.66697792765365,228.70367134504596,271.3892537809779,0.5443305229761883,96.54172610224047,-2.609552839725907,-0.7911668338091833,13.822027998685371
1422,47.4,track,1,219.40096813231142,270.9048003227108,250.3856668924933,302.4125902795745,219.15379840954083,271.24433162488987,0.4199694953373468,105.57539786289998,-2.6996810903315343,-0.7428597270182475,12.59667800150055
1423,47.43333333333333,track,1,208.64942741041745,305.0749907646842,245.04692977153516,304.2744305219103,209.04415403650086,305.1907806178335,0.4113592097322504,128.6896951237287,-2.8104830250240775,-0.7939960218206275,13.406029998805025
1424,47.46666666666667,track,1,205.01763668430334,299.9453262786596,239.63520979975618,305.30623181761484,205.16284273117054,300.32615074525893,0.4075684855425754,129.71822213292,-2.9197716268958267,-0.8228703237661572,13.536599999497412
1425,47.5,track,1,197.31477627471384,268.11914672216443,233.68591617999945,302.36763583236393,197.7955314359456,268.60036563449677,0.6802184697854822,125.50662552809658,-3.0392131603627957,-0.7581357250304036,13.337233000129345
1426,47.53333333333333,track,1,221.87739307535642,282.11894093686357,231.1087091413758,301.1939913351463,222.0461006430932,281.83230044626174,0.33260338883438734,106.51247701489875,-3.07788599738946,-0.7389710861812846,13.709462000406347
1427,47.56666666666667,track,1,188.4252491694352,295.44310631229234,224.76879443149016,301.6089490592947,188.049403885772,295.6606031435216,0.4342401971796784,143.20985495838173,-3.20693672625722,-0.7576490736297532,12.793191001037485
1428,47.6,track,1,215.89304812834226,280.75741370928534,222.19533101628406,300.171031277224,216.11256549467507,280.51001669085497,0.33074636634426213,111.50632493446965,-3.2453642641064646,-0.7315763934226459,13.388197001404478
1429,47.63333333333333,track,1,186.7000860585198,275.11617900172115,216.39038098447526,298.08261626704973,186.54725015208686,275.56742580394524,0.4764267948096981,138.11110824364863,-3.3618713361474835,-0.6916096905475816,13.311058999533998
1430,47.666666666666664,track,1,210.75123929698063,277.7142857142857,213.92995395063426,296.37981518714037,211.32325008490196,277.64320508237773,0.5764102685855088,115.01150751547739,-3.398318970802369,-0.662325123962735,13.018522999118431
1431,47.7,track,1,205.46930422919507,291.5457025920873,211.10789269494185,296.3926813503031,205.3472459353609,291.1657442485206,0.39908215938536235,125.55153284254095,-3.446080212784187,-0.673723823185215,13.295736000145553
1432,47.733333333333334,track,1,172.8886217948718,270.40384615384613,204.6839813110544,293.8386895464199,172.44874309819187,270.6688651853576,0.5135448907896139,150.7048529578959,-3.579130192215268,-0.6234424445062852,12.692516998868086
1433,47.766666666666666,track,1,188.27309851965288,277.93517100561513,200.6261160251279,292.31240280046137,188.3639142297493,277.73583507509886,0.21904863933634577,136.93813320521008,-3.653389107573798,-0.5991445418919988,14.236971999707748
1434,47.8,track,1,167.5991661703395,281.6789755807028,194.48703457202726,291.3069168211921,167.1354442363725,281.9836614253889,0.5548616908691403,158.52507762336174,-3.7765841164449063,-0.5870362869597135,13.434126998618012
1435,47.833333333333336,track,1,180.1976893453145,256.2032520325203,190.38411977668957,287.3016598244346,180.54319194827045,256.1299262074396,0.35319785570286216,140.38652296938758,-3.8500120810353793,-0.5042274879092769,13.572993000707356
1436,47.86666666666667,track,1,159.88468309859155,255.52420774647888,184.26503646123166,283.45741868775843,159.80754825582673,255.36560930560123,0.17636113352203286,160.92769663778097,-3.9713664700652846,-0.42844533829009634,13.445261000015307
1437,47.9,track,1,191.96982555398398,264.7204148986327,182.52928075657206,280.9600458759088,191.51137086515973,265.04174849943513,0.5598535386237871,130.90613807174773,-3.9888220190846075,-0.38607677691456566,13.139429998773267
1438,47.93333333333333,track,1,153.55162484574248,286.52900041135337,176.47844362037475,281.24584821858576,153.51481674065874,286.21169726213884,0.31943093948662826,172.77973610566724,-4.111130172520097,-0.4082586794876697,13.559383998654084
1439,47.96666666666667,track,1,157.9283746556474,271.4935720844812,171.50011260572703,279.73956500385464,157.6881106620621,271.7586911010434,0.35779167060801054,165.3897332995688,-4.205846071490015,-0.3847464856864308,13.650992001203122
1440,48.0,track,1,160.10507246376812,290.4047619047619,167.2741402982927,280.61228333810755,160.51179808405016,290.5900609460979,0.4469468255998988,167.31957690871886,-4.282657972783646,-0.41632638556614815,13.032629000008455
1441,48.03333333333333,track,1,161.40715268225586,261.4121962402568,163.65470024208048,277.9878837203586,161.44751067179124,261.37411552294,0.055487911752921934,159.98670159285032,-4.34609552307759,-0.36292954673279854,13.10100900082034
1442,48.06666666666667,track,1,176.81960287283482,248.65779467680608,162.29422655834531,274.0258048126336,176.89541720839426,248.84171886632157,0.19893697737035013,143.37746548349432,-4.358340190439453,-0.2803854325397141,12.60931700016954
1443,48.1,track,1,140.9105655414292,251.87637001315213,156.91258310528016,270.7293353598741,140.3601915746523,252.0921077895748,0.5911465905184158,180.04632693251565,-4.468056319200691,-0.21644121032570302,13.911747999372892
1444,48.13333333333333,track,1,143.55347702318016,238.72102480683205,152.36878395267175,266.11027275540175,143.67454247974973,239.03783873231436,0.3391576449881485,176.3280826301659,-4.555649473771429,-0.12281854876462711,13.109437999446527
1445,48.166666666666664,track,1,158.38677918424753,250.69198312236287,150.07523068001097,263.26672370125084,158.1498035675901,250.99442814791811,0.38422706356173747,162.22319049849008,-4.590205335495585,-0.07304891726410968,13.78248800028814
1446,48.2,track,1,164.1317494600432,235.02807775377968,148.80630967427308,258.79421033025665,163.7391950105295,234.4251717183712,0.7194405349749216,156.36021836236665,-4.6034729756552535,0.01542313010688643,13.110730998960207
1447,48.233333333333334,track,1,166.25848981222532,207.88493807431084,148.0601696736153,251.42950198429122,166.71667290555217,207.59437738206523,0.5425470144501843,156.67132073994745,-4.607743346056185,0.16991683838840826,12.660582999160397
1448,48.266666666666666,track,1,134.3810276679842,235.30513833992094,143.72950254660168,247.89328373670497,134.25940338636386,235.0197029590556,0.31026734041695786,185.80735343092732,-4.698269898528311,0.23048658956161525,13.27158700041764
1449,48.3,track,1,145.84979423868313,205.57078189300412,141.21715830455585,241.12811159723648,145.58896349672372,205.45076560149545,0.28711772181213724,177.80005413854627,-4.74372248077275,0.368262057294776,13.577962999988813
1450,48.333333333333336,track,1,130.1963746223565,227.1465256797583,137.16850669561046,237.48158669430632,129.77970162794958,227.15800250765844,0.4168310231336929,190.65329478491893,-4.825390370985775,0.430560563313956,13.420109999060514
1451,48.36666666666667,track,1,151.22218476062037,208.72184760620365,136.06549820377347,231.98901126349776,151.56286328239133,208.28839566124208,0.5513097530309298,171.3963093983191,-4.836845356962445,0.5381876542004016,13.510701999621233
1452,48.4,track,1,142.68716687166872,205.22960229602296,134.18907350193624,226.55851070724893,142.77432241441653,205.26300052597875,0.09333557947452366,180.5978956913046,-4.869050196795201,0.6437135322710604,12.593865001690574
1453,48.43333333333333,track,1,127.59186746987952,211.6179718875502,130.7964678149961,222.37906993320928,127.17578893393289,211.74007397212372,0.4336245693369868,194.88406756929166,-4.937399681529608,0.7198109370719824,14.218072999938158
1454,48.46666666666667,track,1,117.16465352828989,213.40050858232675,126.53817401399505,218.83070692474237,117.61835852001755,214.0472900545727,0.7900471456560259,204.03889815827677,-5.024454976484645,0.7827441644272034,14.369947000886896
1455,48.5,track,1,146.38552631578946,226.48026315789474,126.21238264771421,217.22960427589445,146.68444492392527,227.0610896217177,0.653231747059914,173.79786256771143,-5.017915903976558,0.8022286518784171,13.284864999150159
1456,48.53333333333333,track,1,126.06137359961032,191.31563565513883,123.64852285446526,211.68497510653106,125.92999276599394,191.68161456250877,0.38884635022258585,199.9945851244306,-5.0672062205832376,0.9177212134603898,13.850131999788573
1457,48.56666666666667,track,1,125.87720588235294,209.67573529411766,121.3876281420349,208.84409432787436,125.50885514579653,210.1430523447561,0.5950357056001326,196.76951682104303,-5.1090872154159035,0.9679550882096342,13.572612000643858
1458,48.6,track,1,106.41203131437989,205.30819942315617,117.10340651207324,205.82696837081542,106.99067415902684,204.91945432096185,0.6971013528470499,215.87871034533478,-5.198163795388796,1.0243555707174063,13.606839998828946
1459,48.63333333333333,track,1,119.64677222898904,207.20138043036945,114.83292667296902,203.39313040662148,119.933515808299,206.89623465019727,0.4187312114380573,202.7867287994038,-5.237796651400919,1.0684350849709061,13.837071999660111
1460,48.666666666666664,track,1,113.27944682880305,223.6638054363376,112.10914467663734,203.24814608812824,113.063239480569,223.23772435510747,0.47779776601889073,207.614538843193,-5.288850374859905,1.0608083967215776,13.441841001622379
1461,48.7,track,1,104.36729663105999,199.00410846343468,108.65418826954925,200.3268163198468,103.98503262106469,198.65263415172222,0.5192879404833365,219.93651537276344,-5.3569090600606435,1.1221428040031936,13.727954999922076
1462,48.733333333333334,track,1,94.6039563988696,214.60072668550666,104.41215472659415,199.6100305860245,94.8648441556702,214.55653981052455,0.2646032909264975,226.56832978919203,-5.442283812899944,1.1314367271992856,13.461320000715205
1463,48.766666666666666,track,1,105.38956310679612,228.81593851132686,101.8926428450985,200.7931409169982,105.26638420804264,228.94984083011025,0.1819419469877334,215.0177475669575,-5.485858949937643,1.0988268609790313,12.499985999966157
1464,48.8,track,1,126.92851205320034,206.19991687448046,102.27697635066514,199.34340300677337,126.83227429869481,206.0940385872925,0.14308010724809064,196.12084150322906,-5.463019394948246,1.1317972864617858,13.733702000536141
1465,48.833333333333336,track,1,114.54205607476635,205.0212077641984,101.3217049498466,197.9782819964791,115.19294714051948,205.0384373115829,0.6511190649799146,207.76967961327313,-5.476015644560311,1.1623354640064922,13.27500299885287
1466,48.86666666666667,track,1,88.01523980277902,214.3343792021515,97.40891520700521,197.9438318516548,87.99355470416164,214.26421469017066,0.07343910568324143,233.42947822484732,-5.559248722370394,1.1616379868684417,13.242414999695029
1467,48.9,track,1,107.19744318181819,224.72904829545453,96.18660119389347,199.28142368568624,107.27188134555844,225.10526572609774,0.3835108803421337,213.24892866166604,-5.576967758424719,1.1305009894227787,12.743619001412299
1468,48.93333333333333,track,1,84.65184104994532,208.99088589135982,92.49800746404811,198.77062868596,83.72262462560775,209.7123763679001,1.1764317536504267,238.21070139498602,-5.65358760340056,1.1453492280193187,13.318727998921531
1469,48.96666666666667,track,1,101.32391879964696,243.6323918799647,91.18466640051903,202.54161321852266,101.59578038664617,243.03104382064882,0.6599456120989858,218.42525122238223,-5.672745210122171,1.0598708890529223,14.106618998994236
1470,49.0,track,1,99.63247508305648,226.00083056478405,89.90330468581631,204.06586049928765,99.65769230061147,225.6552864160517,0.34646308141616783,220.80874840027857,-5.692799558449439,1.0319715238307297,13.489447001120425
1471,49.03333333333333,track,1,94.6190082644628,247.46198347107438,88.24968523271885,208.14142720109777,94.00836088283968,247.3175845960535,0.6274880554962542,226.11007937546975,-5.722700254341405,0.9451784639767544,13.510695000150008
1472,49.06666666666667,track,1,105.53975058456741,237.90179267342168,88.14836440049766,210.88563123616473,104.94850046770185,237.4804776983152,0.7260048270793459,215.06625826409572,-5.716841407954083,0.8930911946147537,13.153359999705572
1473,49.1,track,1,93.72951471758154,220.14240254574383,86.77915432428512,211.3834456234353,93.96629709151847,219.8753587589983,0.35690093393911176,226.9278212022464,-5.742788570087,0.8941946891980409,13.615562998893438
1474,49.13333333333333,track,1,85.25659271661783,236.15780661364587,84.61330916166531,213.80374182026057,85.4387902907118,236.1818493316508,0.1837770613944759,234.59228328061198,-5.787175156017708,0.8480471652291868,13.203847000113456
1475,49.166666666666664,track,1,96.06124401913875,232.03253588516748,84.00354087560761,215.61143305892142,95.5267647569453,231.865761007655,0.5598945806883299,224.6205671448373,-5.79424985782887,0.81694009632885,13.3012599999347
1476,49.2,track,1,62.8168449197861,226.75311942959001,79.58270732001286,216.69658282653188,63.192194517229304,226.91870611368972,0.4102514719680014,257.1407575757227,-5.891239363222491,0.8023801697375746,13.1736710009136
1477,49.233333333333334,track,1,60.403646764390416,208.12048623525206,75.27432158248683,215.50019402616405,60.798654211634286,208.32889397766724,0.4466146778563251,261.1290803705665,-5.981384793978153,0.8398975954444057,13.214294000135851
1478,49.266666666666666,track,1,61.379932829554996,206.51091519731318,71.48472338155617,214.1982043184585,61.50337193180999,207.1054288159102,0.6071932597310548,260.5811956684698,-6.056659455054858,0.8761558201149703,12.646320001294953
1479,49.3,track,1,60.9441738478831,197.38741101536155,68.01928513299762,211.90228803985207,60.55642235921838,197.59935168596672,0.4418937257059398,262.8854978056009,-6.123131488796133,0.9329099799183171,13.29849700050545
1480,49.333333333333336,track,1,85.21364985163204,208.17549809241203,67.81687713077291,211.06061280530258,85.46521944814731,208.69394670071856,0.5762605498781174,236.61494513593843,-6.113289549335906,0.9526104717756151,13.304316000358085
1481,49.36666666666667,track,1,67.84873949579831,219.02565236620964,65.6944106619332,211.59523063538026,67.7872263181429,218.57752909484992,0.45232547723890504,253.12093052131755,-6.15218009607506,0.9399002253607638,13.517073999537388
1482,49.4,track,1,55.637073571722155,192.93999177969584,62.38175025697188,209.00282597806805,55.41794770678194,192.37612676903854,0.6049461917636693,268.8339556254192,-6.219014361694519,1.0017410224829995,12.845292998463265
1483,49.43333333333333,track,1,72.80056311590802,180.17503519474425,61.46653938921667,205.07155809253652,72.41052430007127,180.01480471627093,0.42166821565197615,254.75237414122898,-6.228691360666006,1.0919807786056808,13.242261999039329
1484,49.46666666666667,track,1,52.47134870719776,197.62718378756114,58.31584627837457,203.50803874118773,52.10627727762866,196.98931897616936,0.7349480704781125,271.3244650896496,-6.292588283228937,1.1233407786957583,13.743132998570218
1485,49.5,track,1,52.616020896821944,194.70831519373095,55.51475686207016,201.73765390454966,52.59855080015532,194.5551340915128,0.15417410403277895,271.23563717110903,-6.3469104918734764,1.1600895076319655,14.43091200053459
1486,49.53333333333333,track,1,67.74418604651163,209.71162790697673,54.83580845154245,201.91976430008913,67.56278112650845,209.38087532972293,0.37723336591742773,254.28739699040736,-6.35135238750706,1.151435574079624,12.721695000436739
1487,49.56666666666667,track,1,52.322052401746724,181.50982532751092,52.49196116596378,198.7666859936492,52.404469130071824,181.5268323280287,0.08415316496974197,273.90961917967235,-6.396989698104717,1.2232631946593842,12.701024999842048
1488,49.6,track,1,32.36399064692128,173.36671862821512,48.04028553371322,194.88544637442226,32.392133753956976,173.8903702606104,0.5244073479499214,295.10806134512995,-6.491126965564582,1.3097318982319721,12.61421300114307
1489,49.63333333333333,track,1,41.74328009349435,211.0373977405532,45.12333950652438,195.80968232389932,41.6331724020726,211.36156262729298,0.34235446178668383,279.8361141848648,-6.546381264900212,1.2815468563190218,13.667826999153476
1490,49.666666666666664,track,1,58.2760989010989,199.56639194139194,44.50671201644481,195.36747558962,58.679664037509376,199.7158645577907,0.43035669203475463,264.4071284135041,-6.547984689850299,1.2896726017274633,13.707725000131177
1491,49.7,track,1,58.70378521126761,203.16857394366198,44.11981369810764,195.4409184678586,58.59948824921184,203.24064350752866,0.12677491206857813,263.9724944635606,-6.547234413704046,1.2871075873818596,13.489562999893678
1492,49.733333333333334,track,1,66.73906408952188,197.9384537131231,44.8511865550843,194.9389293784405,66.52531260946212,198.02496229072057,0.230593645241307,256.9266839750716,-6.52288571861627,1.2995780400430874,13.243366000097012
1493,49.766666666666666,track,1,56.79905335628227,195.1118760757315,44.47298670766176,194.18177367013098,56.208253070411615,195.12618032520749,0.5909734252383276,267.5812875377682,-6.527525225111612,1.318401995382034,12.954850999449263
1494,49.8,track,1,57.95763993948563,215.12254160363085,44.3724231742233,195.91538316056696,57.941969529409405,214.6324617178406,0.49033035415740794,263.2829719762025,-6.526445209499976,1.2790535858335035,13.74327699886635
1495,49.833333333333336,track,1,52.531603773584905,191.50896226415094,43.738405458727975,194.7638877506477,52.42456765933328,190.81564814172557,0.701527762892203,272.0582887177181,-6.538657678180242,1.3101846672423783,13.09538300120039
1496,49.86666666666667,track,1,59.96662786185487,185.35079549864184,44.13633693768159,192.98884788547915,60.03504711722818,185.68671886914527,0.3428202230852472,265.57806617742557,-6.526779937135155,1.3543896701383065,14.148624999506865
1497,49.9,track,1,60.32355555555556,187.11555555555555,44.649892537160035,191.57898867771846,59.77311375724206,187.06368783165271,0.5528801263506041,265.55655794874656,-6.5135388930322735,1.388281684076244,13.512228000763571
1498,49.93333333333333,track,1,38.49935705100729,194.49249892841834,42.61134706201398,191.1859850646797,38.26592920053426,194.53970371454602,0.23815300378080093,285.37821428343057,-6.560717761898214,1.3976933443313306,12.832537999202032
1499,49.96666666666667,track,1,57.56072953046178,193.6464881645324,43.06489395747017,190.76397999085097,57.56138670197154,193.66537617497607,0.0188994394867577,266.49751052270375,-6.547268640785564,1.4085788929423289,14.894841999193886
1500,50.0,track,1,42.822065532973866,184.04064703442555,41.811928213036936,189.26560017627395,42.71901031546819,184.04113491282456,0.10305637234288137,282.8712460153526,-6.574979473597199,1.4451235044030863,14.145484999971814
1501,50.03333333333333,track,1,46.356552962298025,181.33572710951526,41.13919873285257,187.58314526223495,46.38966885507333,181.1520421172328,0.18664629314323333,279.8672818608998,-6.587934495733993,1.4849975000883362,13.923199001510511
1502,50.06666666666667,track,1,62.49759930161502,186.4426014840681,42.517000822096065,186.665079535195,62.10934657135701,185.91103315924536,0.6582591180588699,263.50181301037134,-6.553112255566589,1.5061613500631628,13.018800000281772
1503,50.1,track,1,55.954769368562474,211.06851768920734,43.099678973114536,188.8001983781578,55.446916095793576,211.8132683574372,0.9014258175196215,266.0504201160297,-6.539473182261142,1.4564535007541206,13.400823998381384
1504,50.13333333333333,track,1,50.02823315118397,187.96766848816029,43.00177685440414,188.0868204496051,49.81470482218002,188.2605599698674,0.3624634703577734,275.09464441344073,-6.542471757619046,1.4773823862852773,12.992932000997826
1505,50.166666666666664,track,1,40.08888888888889,180.13021442495128,41.78040597262721,186.52054651861314,40.12956493353399,180.5294200940014,0.40127260909478313,286.11922392360975,-6.571242108528624,1.5174820854177946,13.718411999434466
1506,50.2,track,1,47.04116094986807,209.9683377308707,41.52366583269095,188.6613606237795,47.06725950241066,210.15096356147401,0.18448124145388983,274.5600950827212,-6.575823900627527,1.4694757771385125,13.176787999327644
1507,50.233333333333334,track,1,71.53528265107212,192.91890838206626,44.26896146602501,188.66938417620798,71.13991041589591,192.8338425461604,0.4044198323358961,253.29032866804982,-6.510677986655364,1.4748598093770233,13.469253000948811
1508,50.266666666666666,track,1,64.71180065820404,181.49694405265632,46.07749834854018,187.3428173323308,64.45936729542348,181.1448961448271,0.433197797837931,262.2306965495429,-6.4714131998938855,1.5111807653873353,13.067889998637838
1509,50.3,track,1,42.378613861386135,203.12,45.14073380081882,188.71635304043005,41.91989323335612,202.81739653567027,0.5495393263494512,280.5549710479813,-6.497583087449704,1.4826422030478041,13.21848299994599
1510,50.333333333333336,track,1,44.950954861111114,204.95572916666666,44.60260321360725,190.25482956771003,44.802273971347944,205.49110621659293,0.5556389048370548,277.3529378995209,-6.511903069737854,1.4524023174024296,13.633749000291573
1511,50.36666666666667,track,1,53.74430894308943,187.03252032520325,45.18310405031206,189.5777559966221,53.300877816056826,187.6332442686883,0.7466595078733129,271.791646081164,-6.49894586128657,1.4755545653374673,14.019604999703006
1512,50.4,track,1,52.006253256904635,175.8462741010943,45.55150490212839,187.6244813731647,51.70270848411577,176.29159306501006,0.5389326569344681,275.75749808292363,-6.491541822812865,1.526842597305498,13.798374000543845
1513,50.43333333333333,track,1,73.12709030100335,195.12087912087912,48.45089428538537,188.12023376409482,73.01018338542657,195.1891714005383,0.1353922537323415,251.0218713002334,-6.425441257733807,1.518218096030287,14.163630999973975
1514,50.46666666666667,track,1,81.92912423625255,199.86802443991854,52.244076346035285,189.17772366067135,81.84952382388155,199.7018233856033,0.18427972244697333,241.53590279988825,-6.342081117148264,1.497691919679961,13.23812599912344
1515,50.5,track,1,84.57797805642633,165.4318181818182,56.126419433157764,186.07181335854932,83.96419805499015,165.0731668200215,0.7108844417214517,247.6427469767775,-6.260319375781738,1.575894825799098,14.463094999882742
1516,50.53333333333333,track,1,78.79121825226001,193.59276797244942,59.06902968353346,186.5480492530582,78.54660836090119,193.2120592338873,0.4525186654361844,245.94481440997552,-6.203096765414468,1.566294789594441,14.075552000576863
1517,50.56666666666667,track,1,75.51363636363637,197.45289256198348,61.41790903648805,187.482610883869,74.8114031086142,196.97700976326655,0.8482900344656168,248.934581234662,-6.160292998864059,1.5476555849374203,13.59742400018149
1518,50.6,track,1,57.85291479820628,167.07174887892376,61.48110385989422,184.74794824340148,57.43029790292577,167.4979362905013,0.6002005914389693,272.3956638815723,-6.170260081230403,1.6163941230028498,13.755912999840803
1519,50.63333333333333,track,1,73.54763948497855,170.91630901287553,63.38609429207905,182.66553166021913,73.30115166067401,170.9633079880226,0.2509285778767711,256.1764755318224,-6.134059820101078,1.6664780466797282,13.723863999985042
1520,50.666666666666664,track,1,83.99072512647555,164.1973018549747,66.38954761950741,179.93915619248634,83.43458386110487,164.34787837640744,0.5761652504749705,248.3675494486336,-6.0724648038151,1.7300905602218972,12.805276999642956
1521,50.7,track,1,67.81991525423729,160.02372881355933,67.23390648626938,176.91985164616187,67.38414754694712,160.10245748778874,0.4428224236224382,264.949780543546,-6.062652813658626,1.7987380538179718,13.257585000246763
1522,50.733333333333334,track,1,72.8359493670886,182.2101265822785,68.58162975027867,176.78632686781623,72.56541410946764,182.17636255408388,0.2726340683333019,254.10125411397715,-6.039331679687558,1.798467154923214,13.261262998639722
1523,50.766666666666666,track,1,87.97961452928095,163.73573017049665,71.61164081729629,174.50065981633486,87.00995499653605,163.27709584114388,1.0726532792584593,245.29729940071735,-5.976312751127811,1.8510580762684032,13.258353999844985
1524,50.8,track,1,95.1380880121396,152.79160343955488,75.2600082740814,171.09754111699294,94.71135505543089,152.53910129829637,0.4958410508232396,241.66998643329666,-5.900778902821922,1.9288705605081051,14.961113000026671
1525,50.833333333333336,track,1,64.1832895888014,189.28740157480314,74.92143007011498,172.3266721037957,63.81741891584011,189.81345730320166,0.6407776359346857,261.05210958504,-5.920079628675856,1.8966046875829041,13.613896999231656
1526,50.86666666666667,track,1,79.00581878636741,157.9106400665004,76.31425490174067,169.78550513732552,78.49373399029666,158.42162022061575,0.7234165855622644,254.91235468172002,-5.895239518593406,1.9569056888982794,12.508501000411343
1527,50.9,track,1,88.29866543948458,159.47445927289462,78.67235902006352,167.64485304824004,87.77101943254574,159.48139582025263,0.5276915996372786,245.79166998589247,-5.847574058442085,2.006273951907607,13.918828999521793
1528,50.93333333333333,track,1,76.76461538461538,159.20307692307694,79.44235265188023,165.66554498019076,76.52544122588908,159.21492198126325,0.2394672913069139,256.52697636065756,-5.837867469481863,2.0513422041655485,13.901415999498568
1529,50.96666666666667,track,1,77.09505703422053,185.62851711026616,80.13939137179368,167.03403905106455,76.62479569814934,185.2839656276807,0.5829763703232813,249.45006411384298,-5.828437844732489,2.018149549127213,13.692284999706317
1530,51.0,track,1,96.37141719745223,170.36783439490446,83.03520592034488,166.55537562723202,95.67808745830183,170.01745524923646,0.7768343922029968,234.98484422651157,-5.766794726592588,2.0322603655513056,13.828129000103218
1531,51.03333333333333,track,1,62.77491342824163,161.6806464024625,81.66833746762346,165.12405818760402,62.930403659654345,161.28065741320023,0.4291484633501783,268.85221267433565,-5.8064629668386445,2.069179440744923,13.044724000792485
1532,51.06666666666667,track,1,91.52758954501452,191.74733785091965,83.75970239593889,167.43346118668262,92.02652715397834,191.42409617732247,0.59449467380998,233.09123268296855,-5.761515443948337,2.0179915831107467,13.299783000547905
1533,51.1,track,1,73.7708484408992,185.50507614213197,83.53651783910693,168.9052657267669,74.10522371317298,185.41080266986847,0.34741086667054183,251.88136388049188,-5.772101525733023,1.9905468072971118,15.280906998668797
1534,51.13333333333333,track,1,85.93162055335968,163.68656126482213,84.72001300507598,167.71810061439206,86.42481101258642,162.96268261144814,0.875920734931431,245.9514528945305,-5.748061892559358,2.026988444239989,13.447492998238886
1535,51.166666666666664,track,1,99.49594882729211,183.52110874200426,87.39339258321206,169.01428759873107,99.77778206196702,183.96881100524973,0.5290248469424107,227.23846376375616,-5.6899371764463345,2.003348868498952,13.907062000726
1536,51.2,track,1,77.47662082514735,169.7410609037328,87.20584589425857,168.61791549726868,77.76402979310407,170.04294145752888,0.41681624683087504,252.1353908161068,-5.700728650750034,2.0208957454840006,13.70317500004603
1537,51.233333333333334,track,1,81.34120481927711,187.73542168674697,87.42882930933843,170.42949552478026,81.54008200209486,188.0204074836361,0.3475183999071866,244.05944056670882,-5.699792807969213,1.9859110509446753,12.867637000454124
1538,51.266666666666666,track,1,103.69625957638576,208.29382604776927,90.25230130761487,174.6148253355322,103.88339839718832,208.68958721959854,0.4377760196482267,218.37290911838755,-5.637422076753492,1.8976062404206628,13.658334999490762
1539,51.3,track,1,93.49602010892333,190.5605362379556,91.62058903487579,176.4352677175562,93.59160713604521,190.82241232561552,0.2787758329591394,231.68771113011294,-5.611713569213294,1.868902317150423,13.441478000459028
1540,51.333333333333336,track,1,76.40686274509804,193.27696078431373,90.79577674041366,178.4704094571217,76.52104233523175,193.36028490639393,0.14135023213118325,247.9057600168555,-5.637010570974373,1.8351747859568934,13.59076300104789
1541,51.36666666666667,track,1,93.48700109849872,185.20029293299157,92.00271553024646,179.40898411138605,93.41500342016111,185.10551855803533,0.11902036730893083,233.1397966196844,-5.612119828653622,1.8272555549297962,13.880534999771044
1542,51.4,track,1,93.98501311352567,191.86586736605472,93.13617270230951,181.07656076354172,94.08055088450392,191.7817950740306,0.12726199735066013,231.00777643822298,-5.5896157259494315,1.8010311013403457,15.369406000900199
1543,51.43333333333333,track,1,74.09560327198363,232.88803680981596,91.76190744192667,187.53281374318493,73.95595803886793,232.75416995539263,0.19344540791948467,246.15071122709892,-5.625791704018013,1.663009088556952,14.677290999316028
1544,51.46666666666667,track,1,85.15750232991613,200.01584342963653,91.74041210769447,189.63098774920687,84.97730441968828,199.88422770111626,0.22314566284022952,238.42177464521097,-5.627393229972671,1.6326815285351906,13.612497999929474
1545,51.5,track,1,94.72872949256009,223.3670354826402,92.81601748914676,194.34993916986247,94.57086782224765,223.4973394612179,0.20469351183418602,226.03236812295893,-5.603127617756322,1.5396911596197151,14.05821600019408
1546,51.53333333333333,track,1,98.49348465741909,234.38251366120218,94.22778895958491,200.04283930749693,98.2295630660876,234.2006956084687,0.320487769923826,221.8462499779612,-5.572275547365286,1.4261596905408798,13.354175000131363
1547,51.56666666666667,track,1,87.85110294117646,223.91773897058823,94.23044743066133,204.06485022147666,87.58693320946017,223.648565294562,0.3771473386099107,232.98755982221482,-5.575499760805508,1.35426000498277,13.706350000575185
1548,51.6,track,1,78.98794712286158,251.73328149300156,93.12424686818323,211.08355313229305,78.66101866840211,251.8021625125433,0.334105984963414,241.62738865895528,-5.603522728844002,1.2119859974641316,13.782962001641863
1549,51.63333333333333,track,1,73.73697270471465,246.2213399503722,91.41473059202714,216.91317701677028,73.42881707907104,246.22098008423902,0.3081558357705349,246.64964796292475,-5.643388274977901,1.1008268235191128,12.992750000194064
1550,51.666666666666664,track,1,91.33051206093948,246.99703766398645,91.87912837108424,222.3615323288995,91.02799687291343,246.65346037177352,0.45777810641270666,229.06865073804687,-5.630366684541301,0.9992267953003977,14.499118999083294
1551,51.7,track,1,71.93443354148081,246.08697591436217,89.96417748892547,227.23703479323459,71.45612227880228,245.769509990553,0.57407863292858,248.61083322779956,-5.673959190101751,0.9108176091750073,13.67041500088817
1552,51.733333333333334,track,1,95.48577319587629,263.74515463917527,90.9575397635889,233.78477311778343,94.92524624345825,263.26333321511584,0.7391497473920426,226.27378869600741,-5.647627261810095,0.7823721017038877,13.102405000608996
1553,51.766666666666666,track,1,79.5718954248366,263.4513888888889,89.96339328295896,239.74242710291352,80.08514500987292,263.8728730359009,0.6641340397257045,241.09967173748277,-5.669816827771525,0.6629522351685969,13.286172001244267
1554,51.8,track,1,70.75068279360124,253.42294186500195,87.95406712050091,243.9687712817621,70.66325859356867,254.3669016773791,0.9479995348809281,249.75031227004519,-5.714544525500575,0.5962556977843272,12.100685000405065
1555,51.833333333333336,track,1,89.95273748245204,247.28544688816098,88.35048889117796,247.02765574264305,90.15663694095203,247.44505042617396,0.25893682342002317,229.9639109037364,-5.701222734129343,0.5480002596304088,13.805013999444782
1556,51.86666666666667,track,1,97.44005102040816,252.53358843537416,89.60712997743651,250.3503225291969,97.7207826638405,252.90117571963137,0.4625263961892452,222.65329729093264,-5.669667508622153,0.490373135929312,13.302889001352014
1557,51.9,track,1,98.05,279.4161290322581,90.84606919427844,256.50720540739496,98.28600734821842,279.48699160878493,0.24641625994466165,225.20283533718333,-5.640921813120851,0.3645803139424849,13.64713099974324
1558,51.93333333333333,track,1,80.38171428571428,292.48761904761903,89.87868778741671,263.66544891621373,80.98836706267444,292.68556529403554,0.6381303223197115,244.74952394176157,-5.665127747676315,0.2174758872188757,14.630324998506694
1559,51.96666666666667,track,1,84.93157460840891,271.6479802143446,89.49882164511317,267.69478974118397,85.14839505212821,271.8610313783254,0.303976813734523,237.00295708510026,-5.673853692377758,0.1459413147216167,12.954681000337587
1560,52.0,track,1,72.633219470538,296.17719897523483,87.65881515535258,274.20586869045377,72.55102949758573,296.2465219742899,0.1075214855360815,253.76103766518014,-5.716046863797604,0.014112330830144112,13.333540000530775
1561,52.03333333333333,track,1,97.93887423043095,308.36719437115215,88.95083544349745,281.5633898556884,97.94981817578775,308.2575820331162,0.11015731745863223,232.3045000708624,-5.683112497710095,-0.1361243661708713,13.582781999502913
1562,52.06666666666667,track,1,106.81829521829522,300.12474012474013,91.21868754420703,287.25934244792944,107.00706467517082,300.37902820367987,0.3166959660936224,221.3856760161046,-5.630102737685898,-0.24574760719913494,12.764234999849577
1563,52.1,track,1,80.53084415584415,281.424512987013,90.19030010941286,290.13563947796547,80.13530146083184,281.56576340846823,0.420006791777095,243.43949205709163,-5.656876806802929,-0.29056543928192646,13.127565000104369
1564,52.13333333333333,track,1,88.09938900203666,296.24765784114055,90.11649991254328,294.3743701498037,88.08202772875646,295.76758269744215,0.48038896470146913,238.52875957066757,-5.659209181223821,-0.3716011205665382,12.613989001692971
1565,52.166666666666664,track,1,100.01205895489058,285.965163019205,91.46083846844536,296.8907283335452,99.76082615216256,285.65092869993765,0.40231968454451744,224.9206548726567,-5.628285243423894,-0.41388898488679476,13.310164998983964
1566,52.2,track,1,79.05042372881356,291.7122881355932,90.20264815149032,299.7102787259408,79.16868562841938,291.61423357720236,0.15362478094241344,246.30012401479846,-5.659585378880924,-0.4665586081293944,13.397665001321002
1567,52.233333333333334,track,1,83.82396313364055,299.5235023041475,89.5808995346404,303.06590188131236,83.71877415154428,299.58429116672335,0.12149077235623919,243.67828266443814,-5.673775524706276,-0.5337449483556165,13.467556000250624
1568,52.266666666666666,track,1,87.43017938797045,290.2641575800211,89.42095355327614,304.8858937036097,87.08936339311649,290.01312815773383,0.42328632531914306,238.21980948851768,-5.676469051478758,-0.5658916909927133,13.232737999715027
1569,52.3,track,1,74.14587332053743,306.93051823416505,87.67627024424652,308.3700793410317,73.96383813134494,306.6481137050309,0.33598977392152485,254.90344055641492,-5.716099359232893,-0.6394759292046743,13.466063999658218
1570,52.333333333333336,track,1,101.92913385826772,305.8035640281807,89.35990182881109,311.29184500836567,101.41072927985203,305.22954018542805,0.7734640773629037,228.1143620791302,-5.673946096998014,-0.699703999871776,13.334852001207764
1571,52.36666666666667,track,1,98.75342465753425,307.6067687348912,90.55808982910585,314.03805234406826,98.45403131021972,306.7456998802283,0.9116336703340252,231.38194548234446,-5.6462549491046925,-0.7564793900856557,13.757878999967943
1572,52.4,track,1,112.45136575616256,318.7574950033311,93.31355658146502,317.74041414848926,112.35944692371815,319.12935396621316,0.3830511193478924,222.2072319726216,-5.5839246070922135,-0.8363295875377427,13.557205000324757
1573,52.43333333333333,track,1,110.92273641851106,305.27766599597584,95.7023864274072,319.39565200379957,110.3086171890954,305.603025771045,0.6949830294123325,219.71398001826313,-5.533318175275652,-0.8677965067841092,13.654217000294011
1574,52.46666666666667,track,1,79.37085514834206,293.78577661431063,94.14803269717953,319.3710961800401,80.0773198071389,294.1298260555451,0.7857877144259063,245.95310638357358,-5.576135523266583,-0.8623095607584451,12.67963600002986
1575,52.5,track,1,92.89412273120138,284.09507346585997,94.28434544099764,317.99573768955656,93.1753092512718,284.4206990729973,0.43023004903525075,231.13337889493582,-5.575542911071201,-0.8290277822520765,13.347566000447841
1576,52.53333333333333,track,1,87.57065217391305,287.6695652173913,93.75712214655834,316.9542348731226,87.92489610234854,287.5423109429311,0.37640724116547386,236.89475549049214,-5.5897885362399435,-0.8078522794437794,13.72075200015388
1577,52.56666666666667,track,1,86.93005671077505,270.00661625708887,93.1692381102367,313.7019592190109,86.48270097776287,269.36513418661684,0.7820654695074654,235.35641068056532,-5.604136467138048,-0.7376299426727617,13.330646001122659
1578,52.6,track,1,90.57507319113341,267.1923881221246,93.0400752845027,310.1693855026333,90.80566665186618,267.363927844928,0.287400801377067,230.82206780548066,-5.606821598324868,-0.6654050152481081,13.851868998244754
1579,52.63333333333333,track,1,86.92929739284136,272.71718957136545,92.47158266196674,307.3927932772662,86.8491986281376,272.4565594058672,0.2726607695923813,235.399074825727,-5.61964214882604,-0.6142666170083543,13.055141000222648
1580,52.666666666666664,track,1,77.29609996213556,284.59939416887545,90.77681827502713,306.105277450279,77.58864923740566,285.24579178084383,0.7095174072702448,246.5977385387405,-5.658000123701013,-0.5992471509373124,13.167408000299474
1581,52.7,track,1,92.52704918032786,247.39918032786886,91.00360996564716,300.3591180795539,92.6244223441566,247.3281215104934,0.12054413532320196,227.49363656858853,-5.649707576986764,-0.47914829425616373,14.175775000694557
1582,52.733333333333334,track,1,95.1838417147568,265.1331409727947,91.53261155044807,297.0177902336532,95.08643941837752,264.74677172080334,0.39845753377784826,226.27088289062894,-5.635600710987349,-0.42005363178162625,13.612639999337262
1583,52.766666666666666,track,1,100.55459770114942,259.179802955665,92.66845206122564,293.1213228027151,100.94774874011402,259.6369654206838,0.6029637293079776,219.93066905949553,-5.608641265844295,-0.34822373509280974,13.908959001128096
1584,52.8,track,1,102.71961441743504,254.53646269907796,93.98741786565189,288.87711244159493,102.56783684295189,254.33488535311832,0.2523288697714113,217.90418654362801,-5.579122888293701,-0.2690362974673495,12.903282999104704
1585,52.833333333333336,track,1,83.8478813559322,235.41483050847458,92.95820453096688,282.5922071702852,83.47835883167195,235.39599823509565,0.3700020952052625,236.56644642300938,-5.605636006342725,-0.1430707101045594,13.415507999525289
1586,52.86666666666667,track,1,68.08068783068784,242.71384479717813,90.097069918968,277.57264524884454,68.35350384212256,242.9454075523238,0.35784058694592247,251.66373289408608,-5.672576683682193,-0.04968876158046891,13.881351000236464
1587,52.9,track,1,84.34337860780985,248.830220713073,89.35538149944567,273.61945604630813,84.13835013633161,248.3808071689166,0.4939728816321135,236.0104993537666,-5.686251916037233,0.018434353320088595,13.829378000082215
1588,52.93333333333333,track,1,95.3092959671907,225.76144907723855,89.97567927884315,267.191440168905,96.08909548891688,225.4576326561193,0.8368940863849395,224.38264996861,-5.668330396920692,0.1455540224926024,13.286171999425278
1589,52.96666666666667,track,1,99.42006964229186,212.78885723330168,91.05402196173193,259.66530197364483,99.61875873421675,212.97276868430015,0.27074116247497093,222.03234614451947,-5.641646614523827,0.29616754031497816,13.617856000564643
1590,53.0,track,1,94.51874290041651,214.48996592199924,91.48093573170496,252.88577129976034,93.8809867302473,214.51210221146295,0.6381402258909253,227.5509637328867,-5.632048011480064,0.4266553996496707,12.823340999602806
1591,53.03333333333333,track,1,96.63810741687979,238.77834612105713,92.1333836721788,249.5294056072647,97.170397747289,237.94547641371628,0.9884356050108556,222.83907356491136,-5.617683929929187,0.4764954223731298,13.54723500116961
1592,53.06666666666667,track,1,63.5416091954023,229.65103448275863,88.78399565836689,245.4010199651822,63.135684140111046,229.8489995127545,0.45162518044775746,257.0648158987551,-5.697001739115549,0.5483314807489704,13.234317999376799
1593,53.1,track,1,94.66245791245791,214.5841750841751,89.36481343335299,239.84455424661098,95.15243805176164,214.36515117293763,0.5367047704332907,226.3041572496034,-5.679987228534144,0.6517820807960606,13.067342999420362
1594,53.13333333333333,track,1,71.61753424657535,219.89479452054795,87.16049560011217,235.3953883618173,71.43184366528588,220.15236144810223,0.3175243520572404,249.35929318901603,-5.72956437403414,0.7364934268715142,13.586999000835931
1595,53.166666666666664,track,1,54.500838926174495,247.18959731543623,83.05442331340836,234.6245575836304,54.05963730143605,247.1618909012165,0.44207071726225017,266.036781655328,-5.820883454739131,0.7327586746819853,12.63893300165364
1596,53.2,track,1,71.02,254.0384,81.19758230257726,234.8606478189215,71.77134648382159,253.68756240949307,0.8292216553273176,248.60573965853789,-5.855608840681293,0.7111984085716548,13.683044000572409
1597,53.233333333333334,track,1,55.94674115456238,233.59813780260708,77.68266219997462,232.77000805630118,55.779340501082665,233.9836868879308,0.420322585616548,264.2891464466622,-5.928911680410418,0.7492152289301903,13.356065001062234
1598,53.266666666666666,track,1,68.15918536990856,240.63965087281795,75.88313107605835,231.77781395907786,67.597045608673,240.59612414227283,0.5638223899721582,252.4036583519805,-5.96011230004349,0.7623443518454551,13.12623000012536
1599,53.3,track,1,79.47744213417026,221.54217340133386,75.59358584087902,228.68782862459514,79.8380359038143,221.06164659947382,0.6007777242973769,240.90751384724555,-5.956967924445534,0.8264104110568119,13.163582998458878
1600,53.333333333333336,track,1,77.02442827442827,233.82276507276507,75.0748758657513,227.38164968527934,76.67743128358302,234.42538692545224,0.6953847920337272,243.3864185974361,-5.961723633678648,0.8476049304190888,12.398303000736632
1601,53.36666666666667,track,1,45.786699507389166,229.76059113300494,70.89723325175122,225.79491440007476,46.01236022293006,229.6858033809254,0.2377308696815394,274.1817087307364,-6.053040557605706,0.8768149330838385,13.539516001401353
1602,53.4,track,1,54.43689765947683,259.7801743919229,68.06252377502885,228.01826356722435,54.51467504865832,259.03045700275345,0.753740993903717,266.1665194164231,-6.109238448616689,0.8177939364592813,13.160116999642923
1603,53.43333333333333,track,1,50.53601414052143,233.38753866548828,64.99656535577614,227.06117183535676,50.04896713428865,233.42254409001055,0.48830335451059126,270.03115203900495,-6.169898751044772,0.8383448643460596,13.41468799910217
1604,53.46666666666667,track,1,72.4374240583232,242.47387606318347,64.80642749077846,227.35337013308637,72.64405803814174,242.36923378663553,0.2316195321141565,247.36728824275437,-6.1627441509662955,0.8294046726221431,13.572607000241987
1605,53.5,track,1,43.95392231530845,243.012947448591,61.29070514997295,227.7902164510719,43.55576453630373,243.21927737780243,0.44844359363287467,276.46297956135606,-6.236125295464507,0.8184545886424179,14.039875000889879
1606,53.53333333333333,track,1,61.29297716501508,250.49719948298147,60.13706781922221,229.18578441370857,61.60866368043883,250.713103096614,0.3824556790008086,258.6133276978726,-6.252349558296511,0.7862545567456185,13.860786999430275
1607,53.56666666666667,track,1,36.592042755344416,269.1900237529691,56.17614213080732,232.81224093127275,36.70017664890774,269.21247453877686,0.11043992358087582,284.8019637914015,-6.335465206580077,0.7039604752408091,13.885657001083018
1608,53.6,track,1,55.77032596478082,258.83739228175347,54.83339272124138,235.04386935671792,55.375638479394084,259.4704806121624,0.746042254313318,265.339692329393,-6.355053768892672,0.6583784939768302,13.546133999625454
1609,53.63333333333333,track,1,31.610700304480208,268.7733797303175,50.76904085786943,238.37804223643164,31.792033412485225,268.43784118517186,0.3814024270206213,289.60756691734264,-6.439595984991285,0.5881108511040409,13.797752999380464
1610,53.666666666666664,track,1,63.20598146588037,279.4018534119629,50.82346052208511,242.81598409253766,63.129390184429745,278.7874539819604,0.6191549757384148,259.7825567150836,-6.42587607747537,0.4941357104566679,13.349987000765395
1611,53.7,track,1,42.414037575327896,273.77171215880895,48.479080874507424,246.328410527141,42.81597297555283,274.1627987918775,0.5608037272690559,279.2813664725661,-6.471738115602211,0.424499433082005,12.957631999597652
1612,53.733333333333334,track,1,60.21119370354176,251.945343244425,48.49730784905489,247.01944379922264,60.36950019204239,251.94467940625185,0.15830788035508403,259.9051207588031,-6.4620980738442135,0.42135126033839,14.083514999583713
1613,53.766666666666666,track,1,27.626666666666665,257.6320987654321,44.705664053757395,248.34543446970537,27.313129586897915,257.2967561904883,0.4590862042796097,293.1975134391989,-6.543827013280683,0.4001759842673643,13.574157999755698
1614,53.8,track,1,52.828410078192874,258.0,44.25138782428608,249.62755080421852,53.14607453747659,258.05083035872434,0.321705508283683,267.46373588095537,-6.5447714713293,0.3785597580566526,13.52917499934847
1615,53.833333333333336,track,1,42.741300366300365,260.9088827838828,42.71039656505707,251.16796256677753,42.50953939306296,260.8115984941734,0.2513511124706164,278.26979419213427,-6.573254020195975,0.3497959381563442,13.162013001419837
1616,53.86666666666667,track,1,28.27648384673178,245.04019534184823,39.624043067387944,250.70053488528376,27.47256583078132,244.05109696103554,1.274597890825185,292.5554838457387,-6.637789552279544,0.3674084375339097,13.605706000817008
1617,53.9,track,1,58.67181467181467,242.01193401193402,40.45546326963049,249.88375331130973,58.4629502034661,242.4209801762424,0.45928545663230014,261.5482547471659,-6.609236924639483,0.39026456653568564,13.645523999002762
1618,53.93333333333333,track,1,53.59360917656698,259.7427283900041,40.71882904269494,251.22519576630054,53.15403075918836,259.2367320347527,0.6702697192569501,267.5384517400164,-6.59778061213222,0.36027580372506357,12.911008998344187
1619,53.96666666666667,track,1,56.17258652094718,246.06830601092895,41.35715084170779,250.8356980095626,56.57492889361624,246.55668377808306,0.6327655397502294,263.50665682211735,-6.579562033300347,0.37170322265476513,13.653523999892059
1620,54.0,track,1,27.355773327652322,260.30677460587987,38.58564913213839,252.1593032005486,27.254207845275808,260.5391693966721,0.2536195694297608,293.46542607912465,-6.6424968645731255,0.3416348552594519,13.17903400013165
1621,54.03333333333333,track,1,25.22495606326889,235.25694200351495,35.8052672532667,250.39086572324743,25.588741496152934,235.39486497560645,0.38905345058125884,294.44727270330077,-6.702347407516677,0.38485552153209557,12.594734998856438
1622,54.06666666666667,track,1,46.02046511627907,262.286511627907,35.76383831151454,251.95123904668515,46.05667289291946,262.0178532180234,0.2710873370159822,274.8267314633483,-6.696201779857786,0.3472240695180477,13.538465998863103
1623,54.1,track,1,41.536385542168674,237.30843373493977,35.26919136391992,250.41649264245666,41.676099563769995,237.74164778360992,0.4551861375274946,278.3330625505525,-6.702670196929757,0.3838742407093241,13.330014000530355
1624,54.13333333333333,track,1,20.50485436893204,234.51990291262135,32.3661960592932,248.63200105728183,20.533864462935664,234.58538789014372,0.07162309568292133,299.5150820205948,-6.7659745772613515,0.42384321675454656,13.59425600094255
1625,54.166666666666664,track,1,54.518613607188705,229.4826700898588,33.78787259676095,246.35105877658808,54.765999917509404,229.6414345076663,0.2939491910107001,265.43619700187384,-6.726068371753296,0.4733728071327048,12.934426998981507
1626,54.2,track,1,32.02069572875385,227.28885953324527,32.50677454385373,243.95210513149925,32.002650618890556,227.4004426423312,0.1130328103838011,288.27282580249215,-6.752976606600618,0.5236638633246364,12.470490000850987
1627,54.233333333333334,track,1,30.51299589603283,222.14774281805745,31.19487564793169,241.09833850677586,30.25234450950019,221.51966046783332,0.6800195467517521,290.3364028355134,-6.779734667141443,0.5830925063533638,13.818577001075028
1628,54.266666666666666,track,1,34.312409288824384,216.83490566037736,30.489061666352153,237.80619944299096,34.27317566894737,217.28085981751647,0.44767665473900997,286.6286403570647,-6.79175326655112,0.6512149002124489,13.240522001069621
1629,54.3,track,1,31.305128205128206,214.87948717948717,29.537118611029918,234.51425245527648,31.484859903158355,214.90880756351802,0.18210757314433026,289.6041332629504,-6.809858990748793,0.7177847130497256,13.400588000877178
1630,54.333333333333336,track,1,55.98344880677444,209.02655889145495,31.663833881796904,230.76653612958086,56.13635330879235,209.3865959887092,0.3911604506294072,265.63359077936843,-6.7563088712917825,0.7940030560050005,13.0078729998786
1631,54.36666666666667,track,1,55.40554662379421,239.89710610932477,33.65225962593196,230.99339501519367,55.42761781133346,239.43797022541477,0.45966607141837684,264.5729791464982,-6.7100762457680005,0.7762663498936416,12.721560999125359
1632,54.4,track,1,27.380512389752205,209.37967240655186,32.2169132335391,227.6112459231453,27.710408278304307,209.08637679573425,0.44142226111565197,293.91981479384964,-6.746131215264866,0.8470543971073188,13.801462000628817
1633,54.43333333333333,track,1,56.16801853997683,235.9965237543453,34.35918178444614,227.6779531566285,55.953625361573515,236.29131371320446,0.3645072767312845,264.0724186916728,-6.696263969938158,0.8357868891363279,13.762235999820405
1634,54.46666666666667,track,1,63.17367458866545,207.34232175502743,37.24912390737395,224.37317954932368,63.088677490161665,207.63824752856948,0.30789051658101446,258.9415197622357,-6.631923227061132,0.9065677150097649,13.463605000652024
1635,54.5,track,1,59.595697329376854,207.08976261127597,39.562931953547455,221.30376037385574,59.75624047507896,206.9891505523752,0.18946474085744544,262.32905015060504,-6.584023899890281,0.9699589164949313,13.402969001617748
1636,54.53333333333333,track,1,68.22872340425532,218.04255319148936,42.78499797931239,219.80307587095322,68.3488636935277,218.0039931967557,0.1261767106098162,252.61060690245583,-6.516362202585455,0.9957916801710408,12.792790999810677
1637,54.56666666666667,track,1,50.87006861063465,212.02058319039452,43.73947842291875,217.74827361697245,50.905185654143764,211.63616818293872,0.3860156793474381,270.58552448935137,-6.5035962578623385,1.0359598789881521,13.7511410011939
1638,54.6,track,1,65.0335675253708,213.6416861826698,46.327954010110496,216.08947426746323,65.29145125247318,213.95977898841835,0.4094960925005373,256.03620430596,-6.451300756972511,1.0672101555533493,13.370011998631526
1639,54.63333333333333,track,1,66.59391049156272,211.4255319148936,48.93589212179522,214.3453823888558,66.96502314037484,211.63171073329914,0.4245401079608924,254.62022572896728,-6.399681227477215,1.101235138941357,14.022119999935967
1640,54.666666666666664,track,1,51.79636711281071,200.0095602294455,49.59670225031868,211.42237150037056,51.8398023569732,199.89160649465418,0.12569687341646654,271.143089215873,-6.394148630560783,1.1632685795008975,13.459664000038174
1641,54.7,track,1,53.84201680672269,205.0890756302521,50.43987703492242,209.36951151364852,54.066831119684274,204.66887797315357,0.4765580199130847,268.2698985991579,-6.382318777492468,1.2038991170996165,12.824347000787384
1642,54.733333333333334,track,1,62.87984496124031,198.25279931093885,52.28897709008682,206.71199880365592,62.8628514790952,197.84990244225025,0.40325508705346225,260.56888508336846,-6.3459072596407164,1.2590566309653137,13.703859998713597
1643,54.766666666666666,track,1,39.196243771559985,176.20160981218856,51.16518399574085,201.67073412729562,39.661579004393005,176.50911634434038,0.5577608324647751,287.4382065656664,-6.3791377750603075,1.3694464764801157,13.117063001118368
1644,54.8,track,1,69.00621712099473,168.95313247250118,53.64972071477345,196.17158697185846,69.22712124213915,169.08551999340352,0.2575365729935343,260.60679230425046,-6.324826803848664,1.487315805432033,13.979227000163519
1645,54.833333333333336,track,1,68.66551893753075,169.6483030004919,55.91329997280028,191.20600161649628,69.10490570241146,169.6587564966768,0.43951109739666777,260.5690673894153,-6.277970865924341,1.5900499243394433,13.535457001125906
1646,54.86666666666667,track,1,46.09764453961456,173.77815845824412,55.30430629013698,187.16403132398065,46.357986467886136,173.38279306971972,0.4733832591666159,281.63416665792056,-6.299226396921958,1.6701724409068237,12.781422999978531
1647,54.9,track,1,54.382602001539645,162.5796766743649,55.68886864980713,182.16427649160656,54.9418907679151,162.24338030856202,0.6526095079341019,276.22797319519754,-6.294430680101019,1.7732175145856481,13.451267001073575
1648,54.93333333333333,track,1,78.631741821397,149.32272325375774,58.91751905995253,176.0279072164635,78.63256246247593,149.94622099075724,0.6234982770587852,257.61972559816945,-6.222785467879666,1.9021008872305265,13.212165998993441
1649,54.96666666666667,track,1,47.29006622516556,165.33951434878588,58.1619036584541,172.33757167366127,47.67872677789384,165.48424223126537,0.41473266716530793,282.33220504426646,-6.247106840888373,1.9721112250443678,13.397102999078925
1650,55.0,track,1,73.15221402214023,147.81457564575646,60.50680786249953,166.93943458237797,73.3080329713219,147.72874633994815,0.17789382974014575,263.38358120519973,-6.196295057799,2.083992066093493,13.422093999906792
1651,55.03333333333333,track,1,61.03856641994546,138.67861316712114,61.2188511251359,160.94866827451017,61.47097290689488,138.17584839740724,0.6631348155702685,277.85862538221716,-6.185500740376444,2.209068267995673,12.494721999246394
1652,55.06666666666667,track,1,74.24086444007858,170.53398821218076,63.4232673305644,159.3144725131306,74.7606847822733,169.96700484385735,0.769209547597266,255.0430201730677,-6.13924180390841,2.2314059291605113,13.566708999860566
1653,55.1,track,1,57.51204534718942,133.85120453471893,63.44576581018528,153.5741376411246,57.7673379095134,134.31176567938883,0.5265841436632782,282.72950313129996,-6.145190294350277,2.3545098143105423,13.296637000166811
1654,55.13333333333333,track,1,55.000431965442765,136.47861771058317,63.12002467885504,148.68436040202192,55.269472927775915,136.59260941927533,0.2921936841612219,284.2100286595322,-6.15732425466633,2.4560855966006043,13.302760999067686
1655,55.166666666666664,track,1,46.00325732899023,124.8413215449046,61.69542125716491,142.89469643973268,46.36110818244984,124.70401774856329,0.383287836764367,296.93670476796996,-6.193198869002166,2.5787270408478467,13.204568000219297
1656,55.2,track,1,68.60276936391173,151.5724794461272,63.02445486603226,140.8568374591927,68.76518861611412,151.03639797337735,0.5601458371813866,266.5210178140704,-6.162302432323799,2.6128355817251787,12.508615000115242
1657,55.233333333333334,track,1,51.91954490044697,120.75010158472166,62.241822482153715,135.45814107950167,51.99406097186607,121.61710581074335,0.8702005359911062,292.98753043598384,-6.182295346930403,2.7296085158671684,13.83343599991349
1658,55.266666666666666,track,1,63.44824120603015,109.93517587939698,62.85294615583048,129.29971887623117,64.14621274736575,110.2856757062193,0.7810341869066119,286.85704868193204,-6.168287865976183,2.862898454164242,13.04864400117367
1659,55.3,track,1,46.61212333566924,118.75087596355992,61.38203632720449,124.78465834524386,46.713897207263145,118.76113552138513,0.10228968406433593,298.9718318499358,-6.203452337572336,2.956171109316392,13.256928999908268
1660,55.333333333333336,track,1,49.26732673267327,114.88943894389439,60.29212584930501,120.30182682277218,49.767307044949405,114.7285022228128,0.5252436966363654,297.85677178314825,-6.2274831005712725,3.04977055590098,13.570982000601362
1661,55.36666666666667,track,1,57.18422913719944,107.22630834512023,60.19542603061252,115.39744559295028,57.94237147460595,106.80062776077348,0.8694732679375479,293.9664495027919,-6.227343233282151,3.154133423380896,12.720204998913687
1662,55.4,track,1,76.92708757637475,107.4847250509165,62.44846969567079,111.0482852583406,77.37367819982707,107.9106979984538,0.6171678353488239,276.25190629846657,-6.173157726662705,3.245777869844969,13.659124999321648
1663,55.43333333333333,track,1,43.19881422924901,122.40750988142292,60.50864047776375,108.97678036453307,43.76098337336728,122.68256369634182,0.6258504195893025,300.1189350369483,-6.220038795942084,3.285258490814253,13.578688998677535
1664,55.46666666666667,track,1,62.8527673293928,85.11230521225147,61.019481264951516,102.79502985761728,63.174928130461446,84.88705129804632,0.3930991066002773,300.03190562973225,-6.206789006169923,3.424374918187454,13.272735999635188
1665,55.5,track,1,50.226078334159645,113.74764501735251,59.97312516203105,100.64252373655496,49.70566425006727,113.70563814913073,0.5221066901501118,298.3442537972127,-6.2308455015964945,3.4669095192131096,13.218740001320839
1666,55.53333333333333,track,1,54.71286660359508,92.89877010406812,59.514282170731654,96.3538440759447,55.10899272757343,92.55780137305199,0.5226620147177924,303.16076208795414,-6.239911121628832,3.5627791143946252,13.200596000388032
1667,55.56666666666667,track,1,72.54221218961625,84.46817155756207,61.2060196114172,91.5435143211048,72.88754505223194,84.19468100462532,0.4405131877117837,292.12987320293547,-6.198837052433878,3.6706310353533373,13.469898998664576
1668,55.6,track,1,53.301581027667986,71.06324110671937,60.48070566576332,85.65146159143141,53.554658508564685,71.13090855108031,0.26196773534799983,315.4518823042132,-6.216765625625946,3.8030632626634167,13.357229001485393
1669,55.63333333333333,track,1,42.72597338590439,84.90290783637259,58.52270662898556,82.00811102636999,42.64233164631419,84.58810940777592,0.32572072585055145,317.9310175683439,-6.262055446173327,3.8813089098158717,13.892233999285963
1670,55.666666666666664,track,1,44.68806466951973,91.9961959106039,56.913250116628866,79.67082629814207,44.37261509941119,91.51806455132972,0.5728158761792874,313.0772116614693,-6.296668451445577,3.930871321365336,13.42400599969551
1671,55.7,track,1,38.84839084916634,74.04730515703761,54.704810208692535,75.56034687095516,38.53586929344314,73.92043972051816,0.3372900262013702,326.8095427263772,-6.343877111965386,4.0248336282537025,12.970497000424075
1672,55.733333333333334,track,1,31.813796212804327,74.33137962128043,51.79846972241819,71.96390489481728,32.466886887288574,73.93604822428813,0.7634227809976432,332.04295989472996,-6.405571837257754,4.106739350796114,13.912722999521066
1673,55.766666666666666,track,1,64.36558748635868,88.72717351764278,52.98051115362264,70.53723165348467,64.62759838430156,88.40070853007109,0.41860374908859316,296.9804853540953,-6.370051430616321,4.138715985398563,13.748058001510799
1674,55.8,track,1,31.33413693346191,72.06123432979749,50.15754554224878,67.42654432540029,31.50387760881272,72.6112187580193,0.5755821124349072,333.5401276015025,-6.431654576656741,4.213335761416505,13.453970999762532
1675,55.833333333333336,track,1,39.607129865405604,68.05747544561659,48.518260879335706,64.24433936667592,39.523315136247575,68.33486125240776,0.2897719700609839,328.84052459116225,-6.463135378397298,4.289881965917648,13.164174000849016
1676,55.86666666666667,track,1,59.71064346418454,86.00728450020235,49.41141303587041,63.61840516950587,59.572950434787856,86.67608270578252,0.6828253145070835,302.20931779097333,-6.435513759792413,4.306932726041431,12.894260999019025
1677,55.9,track,1,33.75468331846565,60.49687778768956,47.17201819365558,60.1869284786065,33.48300490630761,60.67458689216511,0.32463777575355274,338.00827247837384,-6.4839863636094135,4.3929004342607465,13.859108999895398
1678,55.93333333333333,track,1,44.44781783681214,61.63709677419355,46.37710559541905,57.30455393413008,43.88482811173683,61.92652755504413,0.6330304948769464,328.5570722652148,-6.496929570096276,4.464940726746328,13.55367600081081
1679,55.96666666666667,track,1,48.35576923076923,55.02257525083612,46.12993294885151,54.008828068905984,48.64520156397205,55.32251263700663,0.416813520805199,328.23650158531416,-6.497726244125856,4.5466399902267645,13.295417000335874
1680,56.0,track,1,55.381125226860256,55.28312159709619,46.76944993652604,51.14612547079414,55.37230030515948,55.48493984677726,0.20201110154482801,322.6044433499485,-6.4790587280873755,4.617799521773731,13.598843999716337
1681,56.03333333333333,track,1,48.9271163422363,41.83612494341331,46.626198853889605,47.04911467915551,48.71940703545245,41.46070363129185,0.4290504838822915,336.17110572114655,-6.480593541439502,4.718107171453335,13.164115000108723
1682,56.06666666666667,track,1,39.6535025858016,62.46027268453221,45.408539980295856,45.868888124769875,39.43552282133607,62.82236834089683,0.4226445812672548,331.8257660502961,-6.507453679265575,4.749090368305016,13.646859999425942
1683,56.1,track,1,47.692880794701985,61.70157284768212,45.25413944920379,44.86539582442791,47.35117436438044,61.6269261367631,0.3497648009364576,325.8133447234816,-6.508384350444629,4.7788623239877435,13.80185500056541
1684,56.13333333333333,track,1,63.4707530647986,52.43362521891419,47.02369333499094,43.001719925529905,63.24394372507387,52.79692769770593,0.4282886499577065,317.7556651159362,-6.4651723830649175,4.831009486179464,13.586540999313002
1685,56.166666666666664,track,1,50.25198412698413,45.138492063492066,47.12597427647575,40.5602925614994,50.742268658595485,45.07401476181029,0.4945060610038384,332.4091840009823,-6.463734361246597,4.897197858651771,14.024034000613028
1686,56.2,track,1,63.14025590551181,36.663877952755904,48.78116939233441,37.432196263681035,63.42414905448818,36.872047705558,0.3520368816152785,327.2493426910841,-6.426047161123728,4.979130301815257,13.236668000899954
1687,56.233333333333334,track,1,47.084715374271624,55.25593904078888,48.427613056911824,36.89582643991441,47.22695334596971,55.22818684123828,0.14492006476910646,329.46283237855243,-6.437059119753305,4.999568417334281,12.959012001374504
1688,56.266666666666666,track,1,48.05355404089581,29.84371957156767,48.22198126570711,33.52427133260671,47.87926084315552,29.696372637007947,0.22823066819050347,343.91468762078136,-6.443316999527694,5.088838624471305,13.804947000608081
1689,56.3,track,1,58.851439182915506,29.73676880222841,49.331009433369125,30.51511687057195,58.48144527689658,29.587068936101122,0.39913098152069143,335.6569022429926,-6.418288350151641,5.167956190042817,13.462279001032584
1690,56.333333333333336,track,1,33.01652892561984,59.944758590691606,47.2902204789493,31.472570332365365,32.72863383914108,59.858788028149554,0.3004571823778006,339.0806601188181,-6.467763260233705,5.153843346638792,13.393826999163139
1691,56.36666666666667,track,1,42.49319101950681,53.24953993375046,46.5181603865099,31.731598797320324,43.160499935599596,52.998877998637624,0.7128341989631539,334.08012276350047,-6.48437718911872,5.160657611750688,16.361281001081807
1692,56.4,track,1,63.40775193798449,24.064341085271316,48.3090207285463,28.63313943705104,63.64802780504249,23.79487448127162,0.36103288349068785,335.3520388320509,-6.440761877256638,5.248180183498959,15.931355999782681
1693,56.43333333333333,track,1,30.77611301369863,31.95847602739726,46.098153085132225,26.814530439970262,31.196109216603233,31.612201874565923,0.5443368436669936,356.1364369721172,-6.493197745190951,5.303233484226938,14.415771000130917
1694,56.46666666666667,track,1,61.84961767204758,38.08283772302464,47.75120132347356,25.985008930747576,61.74281159064141,37.671631102797164,0.4248510604249964,328.07551604121505,-6.4525029389883635,5.335077795225273,14.188426999680814
1695,56.5,track,1,46.197621976219764,45.92168921689217,47.44203127487541,26.28427299355326,46.014661444027944,45.47869360127789,0.4792908008645572,336.01563116423046,-6.460339753477221,5.341781722481755,14.829732001089724
1696,56.53333333333333,track,1,46.65514333895447,42.814080944350756,47.21507744151653,26.325613751766976,46.34611952395298,42.435205942924824,0.48891920083340373,337.5178427141492,-6.465653078138475,5.356794707165748,14.62270400043053
1697,56.56666666666667,track,1,72.4480198019802,40.14150165016502,50.09564695017903,26.167928055759663,71.93863471025756,39.77531211351557,0.6273499409586458,318.7857691125047,-6.398399103012002,5.36655847798207,14.917767000952153
1698,56.6,track,1,40.43456375838926,12.965604026845638,48.97332470093463,22.8854477803893,40.79424494875346,12.470833265440756,0.6116932769313174,360.1740903627849,-6.428185350308575,5.440714005676162,15.019206999568269
1699,56.63333333333333,track,1,66.4943009118541,13.384878419452887,51.03677132931094,19.970143807945195,66.9155483326591,14.126016633100786,0.8524876780716923,339.2208661591867,-6.381279659663497,5.502549977567951,16.11896800022805
1700,56.666666666666664,track,1,48.927700348432055,21.208623693379792,50.87029377510792,18.289015137872507,48.97626703556786,21.6255784516482,0.4197737408914623,348.05351860964294,-6.388684526172292,5.533539166957064,15.539236999757122
1701,56.7,track,1,70.12368552829244,24.189283925888834,53.243824322584835,17.187632416564416,70.07657234898618,24.74128411525297,0.5540070944693639,329.8454705664181,-6.335749180606788,5.551208854989824,15.425674999278272
1702,56.733333333333334,track,1,69.93344425956738,24.84969495285635,55.43926505266582,16.35025651614165,69.9221394929832,25.49647886225837,0.646882696637408,329.47032779334853,-6.289483917635828,5.563634755834531,13.599301000795094
1703,56.766666666666666,track,1,57.60174152153987,22.342346471127406,56.00771786293907,15.377876380403183,57.29602247725188,22.827085529067578,0.5730934376985019,340.84814006544246,-6.282576348584981,5.580181974336795,13.637939999171067
1704,56.8,track,1,60.953203743700506,26.348812095032397,56.92113529237374,15.053956502802382,61.37201201370624,26.676738481628234,0.5319173639307128,335.2540082902427,-6.266523075796099,5.582157964550207,13.285658998938743
1705,56.833333333333336,track,1,80.1839530332681,2.6246575342465754,60.0558744241633,12.017531288035553,80.50024628420283,3.204692781444283,0.6606680774629334,336.7968965870346,-6.198502082223562,5.648428956100208,14.201649999449728
1706,56.86666666666667,coast,0,,,60.63051975317274,10.175787312068167,82.535677080714,-3.8755463366441667,,340.3888757884306,-6.192776660021106,5.684122203216189,13.557309999669087
1707,56.9,track,1,80.91880156317846,4.5102040816326525,63.83915056500003,7.823131151298787,80.93901646881949,4.63732914801218,0.1287222782274878,335.4783758716447,-6.124296322028191,5.731345994358838,13.327851000212831
1708,56.93333333333333,track,1,65.0121037463977,12.962536023054755,64.63712527276125,6.872207886505203,64.98583818585638,13.18695432950992,0.225950118262315,341.2863613039555,-6.114359291536161,5.745046049231582,12.67184500102303
1709,56.96666666666667,coast,0,,,65.38183747360749,5.056205244373665,73.35249068673252,-9.620660377310813,,350.9208855819829,-6.104153115746354,5.7800981265300715,14.156532999550109
1710,57.0,coast,0,,,66.12654967445357,3.2402026022425137,92.91214226800714,-2.2847306128903737,,332.070453093115,-6.092819786563735,5.814849595500999,13.552316999266623
1711,57.03333333333333,track,1,90.34490333919156,14.269771528998243,70.6387896085557,3.485918727084583,89.94169216795535,14.526255585066982,0.47787374862734083,322.1261157109655,-5.993102430207937,5.801455677310505,13.587261999418843
1712,57.06666666666667,coast,0,,,71.61375301444211,1.7959173420530867,68.03032032870573,-13.814168127258093,,357.64556674980145,-5.980160610410571,5.835703213479485,13.190106999900308
1713,57.1,track,1,77.99554836098746,2.8045325779036827,73.50625225742067,0.5638694291119614,77.81998620654385,2.781388133786301,0.17708115474658767,339.0041723883822,-5.944284459181911,5.858535328362471,13.061748999461997
1714,57.13333333333333,track,1,87.43066476054325,19.539313795568262,76.60450116382961,2.2119677977229495,87.54447209509942,19.487793441178503,0.1249258032402693,320.40787395909354,-5.880492165405339,5.814484677244771,13.114281000525807
1715,57.166666666666664,track,1,83.90314510364546,13.416368834882059,78.69593350162988,2.6818232060498177,83.66970452588379,13.318805941420743,0.2530079475554989,327.4696509582321,-5.8418183948833375,5.801772816965548,13.700405999770737
1716,57.2,track,1,79.21338229294166,26.260709914320685,79.80168115092731,4.985194054196651,78.99142302577556,26.400876765090395,0.26251221368844874,322.0399348246468,-5.825899617625504,5.747602344122441,13.541845999498037
1717,57.233333333333334,track,1,68.2992499013028,14.915515199368338,79.20434312104668,5.412667125893279,68.0319557516494,15.401065864684131,0.554261320161836,337.53900002378793,-5.848133385058612,5.7403411754139055,13.479383998856065
1718,57.266666666666666,track,1,78.63690241011457,11.80600553141051,80.07160200424126,5.386692424177362,78.6267555637355,12.13179316652256,0.3259456115417767,331.9412038527202,-5.833005170450867,5.74339648202148,13.088221001453348
1719,57.3,track,1,68.07135728542914,1.219560878243513,79.40326499552125,3.9734637488526454,68.09087714215859,0.5824579050376215,0.6374019322801939,347.5326828397584,-5.853239693494491,5.777934959230338,13.112116999764112
1720,57.333333333333336,track,1,79.2940226171244,29.102584814216478,80.23978920157795,6.382632851844486,79.3584873015622,28.697266889362975,0.41041237279986537,320.24550372146916,-5.836175232055518,5.7211905562293826,13.663817000633571
1721,57.36666666666667,track,1,69.89630259243519,33.029324266893326,79.75641082816617,9.10101738392633,69.91572330089633,32.96537446846344,0.06683367890783795,324.66210376497196,-5.850212395361811,5.660728639198037,14.216753999789944
1722,57.4,track,1,85.25095867064337,22.346399659139326,81.2235788229992,10.253576645542397,85.54025597022729,22.588241546004674,0.3770681977960236,319.7487205362438,-5.817407209964966,5.639519821821466,13.422747999356943
1723,57.43333333333333,track,1,95.64772727272727,16.300189393939394,83.82961973354577,10.576708742879667,96.0643116134946,16.72466506995003,0.5947454182229885,316.22629195129247,-5.759711964925897,5.637474685380759,13.773460001175408
1724,57.46666666666667,track,1,80.48988439306359,11.411368015414258,84.31142523959207,10.290327395466278,80.66629801344669,12.213551225798383,0.8213523412512168,330.4047323386127,-5.754054786431357,5.648396659415194,13.298791000124766
1725,57.5,track,1,73.17945439045184,27.110400682011935,83.81362720089383,11.970824850953464,73.35579209086245,26.571766107257282,0.5667646687181804,326.1670987664163,-5.770160387928978,5.611923004151061,13.179759998820373
1726,57.53333333333333,track,1,75.31809300508012,14.182883939038687,83.56675142214745,11.972255219152945,75.93570903050092,13.814332504702765,0.7192216032681814,332.75717018080536,-5.77840048040111,5.615976957058492,14.07247299903247
1727,57.56666666666667,track,1,81.31780821917808,38.967514677103715,84.02050670052675,14.990945398696454,81.82149741800193,38.979517884389836,0.5038322002382984,311.6700712647835,-5.7692675493088785,5.548655387658824,15.783425000336138
1728,57.6,track,1,80.66288848263254,36.49542961608775,84.32164830273813,17.514352861112624,81.26304081688086,36.784097729430854,0.6659670442032227,313.5156114384797,-5.763870392074338,5.496065479992334,15.095987999302451
1729,57.63333333333333,track,1,81.25317875841436,49.24869109947644,84.63151222524533,21.403534408071486,81.9122092658564,49.586577158446374,0.7405998910245313,304.86565515797554,-5.758195666550842,5.413304130184079,13.697733998924377
1730,57.666666666666664,track,1,74.75375863470134,50.98049573344169,84.09955439519476,25.235595012308455,74.27342019473907,50.645239884848394,0.5857657389446719,310.22052994774197,-5.772052729867261,5.3348226010349435,13.398229999438627
1731,57.7,track,1,69.4127094972067,53.60789106145251,82.9224936531913,29.11258057855975,69.02486812315432,53.25308507590073,0.5256502818511711,312.8305085094305,-5.799743579685691,5.257285684364887,12.811851998776547
1732,57.733333333333334,track,1,76.34925373134328,29.590191897654584,82.61642249193721,29.831790972957588,75.91636424158037,29.530678252461165,0.436961307567849,322.2951390293032,-5.805497633479941,5.2546200716312725,13.69984399934765
1733,57.766666666666666,track,1,100.044,44.7,85.13543511098027,32.27128816797601,99.63837486364571,44.55821118054424,0.42969270480785887,294.54496880728396,-5.745563923526059,5.208711916134826,13.639050001074793
1734,57.8,track,1,86.70965364775239,35.62564480471629,85.87055226204797,33.427301143231915,86.68878120553444,35.77062115973464,0.14647116562159415,310.0705790571553,-5.730916450206653,5.192695043674812,13.283993999721133
1735,57.833333333333336,track,1,94.94863563402889,47.763242375601926,87.50975952831132,35.91379145818221,94.84107353509026,48.44109204888197,0.6863306671670334,295.6202925752147,-5.695508089730016,5.144047061819097,14.103104000241728
1736,57.86666666666667,track,1,82.77531262605889,42.18354175070593,87.5531614630516,37.525688772755444,82.5071371034436,41.92316827294658,0.3737812981550604,309.2527949652678,-5.698604170481548,5.1163412537572635,12.817973998608068
1737,57.9,track,1,94.30153079387682,52.29619081523674,88.93412915780341,40.19055872096564,93.92733105465967,52.192718371304395,0.3882421814840751,293.9054723492396,-5.66942888720444,5.063398651987447,13.156996001271182
1738,57.93333333333333,track,1,84.88465073529412,54.36810661764706,89.06376106861416,42.8773563525993,84.62377144387384,54.16707074156088,0.3293530448708285,299.89305854933986,-5.670331802604113,5.010839118650299,13.976315000036266
1739,57.96666666666667,track,1,100.17237398999615,42.049634474798,90.97625057462764,43.85577298942177,99.62257658707708,42.42120788423852,0.6635841942510434,295.9790327777324,-5.628783224797113,4.998654066765716,12.599472000147216
1740,58.0,track,1,100.68633276740238,41.93887945670628,92.79193396417793,44.689856531993264,100.55731839838859,42.28743733690636,0.3716682704530969,295.3732349812927,-5.591192209068653,4.9879766813057165,12.712431000181823
1741,58.03333333333333,track,1,93.56687370600415,48.61449275362319,93.59788788863918,46.20259920358329,93.60314828602236,49.15461680573068,0.5413407769792672,296.10385805079994,-5.578141489055832,4.960031966807071,12.320503999944776
1742,58.06666666666667,track,1,84.17254348848142,57.88528443817584,93.18135986166358,48.66348106936824,84.31737388272495,57.56583541343828,0.3507470919373569,298.0411459210489,-5.592895199592669,4.909917252865296,13.737510000282782
1743,58.1,track,1,95.05362505362505,56.868296868296866,94.04960794541773,50.77838162301815,95.08117462501174,56.597980860253045,0.27171625473706423,290.21505583377404,-5.575694722545728,4.869038558118149,13.318577000973164
1744,58.13333333333333,track,1,92.5979266938171,70.76045908922622,94.52715020406377,54.35164810870985,92.70399831392689,70.72113121839892,0.11312767131220962,283.4057300028598,-5.567854403575512,4.794620148260896,13.732968000113033
1745,58.166666666666664,track,1,88.52332242225859,73.81382978723404,94.44423117419973,57.98840324031867,88.42579960017616,74.07559018186689,0.27933708136454555,284.88158954961193,-5.572710730049339,4.720951526361228,13.172410001061508
1746,58.2,track,1,77.43052492280547,73.69651521835024,92.99614109227078,61.29635694030783,77.52102243474216,73.63530966441164,0.10925163385351684,294.063368598588,-5.608316805084512,4.65657137670132,12.91590099936002
1747,58.233333333333334,track,1,101.75142569607515,91.20563569272056,94.5180175893459,66.40158183354245,101.99332503606934,91.07842992486431,0.2733067837897996,264.01618200874066,-5.5723348413581375,4.551111477133987,13.470779998897342
1748,58.266666666666666,track,1,68.89723926380368,91.01150306748467,91.97447044777518,71.06119955894609,69.41396973751066,90.93613462410717,0.5221980320860835,291.5705652556779,-5.633108011052146,4.4589330240644784,13.200882000091951
1749,58.3,track,1,84.79892871858262,72.06468891635764,91.46556881583257,73.04364285959412,85.25091623157805,71.82051232316367,0.5137265036647491,288.7758168638031,-5.642651174410431,4.430442062585995,13.487633999829995
1750,58.333333333333336,track,1,104.23729582577133,92.47368421052632,93.2965375578703,77.22710464693932,104.99440119072145,92.51954066472794,0.758492813432139,260.72570530171987,-5.597791974245869,4.348173466169207,13.130158999047126
1751,58.36666666666667,track,1,81.98553266111355,74.79526523454625,92.32486085458956,78.90691001719469,81.5140161930033,74.98509582816286,0.5082946330348169,290.00945341700793,-5.6212528415603655,4.325263487820974,13.091042999803904
1752,58.4,track,1,85.83534322820037,88.4652133580705,91.85211467014027,81.99210500533721,85.483501621342,88.88150318743473,0.5450593897446241,278.9888673239067,-5.631540995573634,4.267102289153647,13.76214300034917
1753,58.43333333333333,track,1,84.2915894775843,98.61467210077807,91.20521527765203,85.97298055550768,83.97040441305468,97.90021192563876,0.783334658710429,275.50375635137055,-5.645450962757358,4.1882106552110665,13.529072999517666
1754,58.46666666666667,track,1,75.4486531986532,103.29587542087542,89.52384388896911,90.13401112851369,75.14294663178298,103.50450834931252,0.37011377150252084,280.3319386461856,-5.682878222780235,4.106405482200628,13.70820800002548
1755,58.5,track,1,84.86985446985447,105.98544698544698,89.06515701265901,94.21898027096178,84.67005310471258,105.85832173849204,0.2368151471631846,270.87667628009746,-5.690107603944922,4.027504492380632,13.320281001142575
1756,58.53333333333333,track,1,101.13649366571312,105.10134859011033,90.57755100571717,97.79839574642365,100.78545374354428,104.90948055595777,0.4000529583516068,257.4965353826822,-5.651920654226635,3.9610499708377933,12.891809001303045
1757,58.56666666666667,track,1,93.75728987993139,116.38250428816467,91.10557584173208,102.35559172743301,94.0626236194594,116.36033643372356,0.3061373976904497,257.5547795178806,-5.639569156114141,3.8716641969543573,13.727095998547156
1758,58.6,track,1,105.2227508650519,134.7530276816609,92.9632651269133,108.67329518813418,105.40914787171539,134.18353546997437,0.5992205130540261,239.26211146518264,-5.597038269289691,3.7425281289399357,13.816872999086627
1759,58.63333333333333,track,1,115.12069778406412,108.14049976426215,95.8766984320453,111.24725284708286,115.43717303709776,107.80128942356433,0.4639183559841526,243.562002892747,-5.532271097819577,3.703637889254143,13.599583000541315
1760,58.666666666666664,track,1,100.493369913123,136.33013260173755,96.8369216870199,116.86368166081577,100.24175320070552,135.87148329890306,0.5231349280619159,243.17984091340765,-5.5159581491152885,3.5911987552937674,13.162636001652572
1761,58.7,track,1,101.87901785714286,119.42633928571429,97.87586778919305,119.93286687428275,101.49696133636661,119.78178820373226,0.5218343783115438,249.3912515561313,-5.497307523015691,3.5401223631504433,12.394246999974712
1762,58.733333333333334,track,1,127.74422375354682,136.4775030401297,101.91622965828063,124.67143101950101,128.2216089280167,136.84080205590746,0.5999023084375744,217.76310845188408,-5.408625096340486,3.448291661661144,13.614642000902677
1763,58.766666666666666,track,1,116.40302457466919,140.8468809073724,104.31246929479488,129.45560571259927,116.36444329069289,141.04478501217886,0.20162973533809336,226.40577406416855,-5.362046204061554,3.3562953020635717,13.407212998572504
1764,58.8,track,1,113.57032007759457,148.54170708050435,106.17502445088874,134.67467509155358,113.69795515673495,148.76967945964995,0.26127020320058353,225.57372429520146,-5.328370295680685,3.2548755662504405,14.258770001106313
1765,58.833333333333336,track,1,155.6416075650118,135.14420803782505,112.90441946625204,137.77192338720178,155.5000215473549,135.35769063757797,0.2561667831574028,194.9621907437992,-5.181166260333039,3.2038568261115015,13.560994000727078
1766,58.86666666666667,track,1,129.84827213822894,141.62850971922245,116.06812327127317,141.25438547609335,129.44597244941514,141.37602072122377,0.47496919240099933,214.56357264113947,-5.123172909268716,3.1417654656583114,13.082355999358697
1767,58.9,track,1,148.94587722484562,134.95023610606611,121.24275981354577,143.52420885293427,148.8717176720727,134.60874090143665,0.3494547382028209,200.97812444862578,-5.01802754347935,3.106906514146241,13.346003999686218
1768,58.93333333333333,track,1,158.17704757233938,173.85777341834233,127.1134003140818,150.11139429290503,158.72681095693687,173.63382533560838,0.5936265853247394,174.39469786580128,-4.899136364846887,2.9693588236252917,13.728373998674215
1769,58.96666666666667,track,1,168.24476338246703,176.68735453840185,133.7224213479075,156.42979095169653,168.63309297194004,176.24203366957295,0.5908557745125361,164.24682284243192,-4.765722839589668,2.842271861323215,13.68082600129128
1770,59.0,track,1,170.1956692913386,144.29921259842519,140.0369707590499,158.27263371663054,170.22199629705665,144.0499253433921,0.25067358606764784,177.87598831727553,-4.6420040938217255,2.8218266345382417,13.53799699973024
1771,59.03333333333333,track,1,171.13073005093378,177.42317487266553,145.93759898109155,163.75056868045291,170.95910721087793,177.11421040316077,0.3534309588097671,161.76467555247194,-4.529505298993082,2.712633091611851,13.194215000112308
1772,59.06666666666667,track,1,180.03754399687134,183.22213531482205,152.3895058060693,169.37095257462346,179.874427461964,182.7123870179238,0.535210547495901,151.38377284338154,-4.404747881345789,2.6020722897612867,13.139705999492435
1773,59.1,track,1,184.15452361889513,174.7902321857486,158.77257832335417,173.41608819274143,183.85615097021483,174.35239846588453,0.5298345059832451,151.1448153785863,-4.282726110756038,2.5296895914794,13.745108000875916
1774,59.13333333333333,track,1,157.3664043790626,195.2730071843996,161.38160059086377,179.4376078010862,157.82159307287867,195.65481117879608,0.5941136567316768,168.13188705598705,-4.24915275674076,2.4103168870573923,13.466940001308103
1775,59.166666666666664,track,1,167.91924467657694,167.11892326235437,164.9101198230311,181.4923506651986,168.00266220777496,167.49416234935745,0.38439934563690253,168.40512815631564,-4.189597354247032,2.385112505468451,13.532132001273567
1776,59.2,track,1,167.95712309820195,186.2425080682342,168.0440779431426,185.47904774099032,167.97854589430267,186.5272057275413,0.2855025278481893,161.15167462895113,-4.137234197675782,2.3109935743240184,12.843646998589975
1777,59.233333333333334,track,1,195.37861635220125,190.95345911949684,174.08204457724196,189.5581738720322,195.4642159752351,190.98739810930493,0.09208230282053291,133.83346609409267,-4.015433275700059,2.2345361759370177,13.127236001309939
1778,59.266666666666666,track,1,174.06723084156087,199.64080865068172,177.01130824153418,194.19903956581402,174.019641184684,199.97864342783043,0.3411702098554043,151.36701801160368,-3.96848641204826,2.1450104677453026,13.693838000108371
1779,59.3,track,1,182.53298153034302,174.7854001759015,180.5802883535087,195.3537608996059,182.01902346461114,174.88823308322745,0.5241445412860558,152.57225198797994,-3.9042730919717434,2.1372904588533466,13.398995999523322
1780,59.333333333333336,track,1,199.26783579115187,213.38142686329215,185.7386871460483,200.82962618736093,199.88738398306876,213.39598099330448,0.6197191176717924,123.02363331384497,-3.802294270465192,2.024924548196759,14.566309000656474
1781,59.36666666666667,track,1,200.84797768479777,198.89074848907484,190.57215325433003,204.01319008657657,201.2171278063618,198.6852887754789,0.42247545036564044,125.76277704525994,-3.709447787111562,1.9687626757770613,13.228141000581672
1782,59.4,track,1,176.02701271186442,200.26906779661016,191.93739048808072,206.94185947106584,176.15969643524713,199.82972436586033,0.45894184881500005,149.3441795789947,-3.6979033232377825,1.9174681156175737,12.655862999963574
1783,59.43333333333333,track,1,203.54052843708016,194.69816390506045,196.30864256073926,208.80323541786854,203.26512455420436,194.30826649228933,0.4773544712147111,125.35854839732738,-3.612252894081682,1.8899027306443932,14.095501001065713
1784,59.46666666666667,track,1,181.9146378118425,195.00571085061617,197.625880971596,210.37139239673823,182.0079160182894,194.94966491332252,0.10882082009004786,145.15973247783765,-3.598715118400601,1.8669540624668455,13.301657001647982
1785,59.5,track,1,183.82913472070098,197.03395399780942,198.89492539461403,211.87758157027486,184.27163272490552,196.49692796143435,0.6958458503646582,142.5296704548059,-3.582949719580023,1.843509863210412,13.37408400104323
1786,59.53333333333333,track,1,208.4745347698335,206.80068560235063,202.84491035173127,214.25865713717974,208.78539691741608,206.4741145285295,0.4508702042232779,116.15796544130257,-3.5024436981083356,1.7982855009839533,13.049125000179629
1787,59.56666666666667,track,1,212.48542973072668,193.3869420877905,206.84504287276192,214.6939978981769,212.27033334611914,193.77805220375163,0.4463558865730003,117.22691472283742,-3.4227048868333867,1.798473231598948,12.426191000486142
1788,59.6,track,1,199.50635055038103,232.38272650296358,208.85752351965743,219.578673549165,199.3469836368098,232.68988759708793,0.3460429899375088,120.87426566841866,-3.3905998795837635,1.692708815056544,13.471916001435602
1789,59.63333333333333,track,1,204.42443729903536,203.58888378502527,211.14629611284286,220.5331162733403,204.21647982907191,203.98837782866676,0.4503796178987457,121.25452764570308,-3.350382383119,1.6825753384884512,13.512569001250085
1790,59.666666666666664,track,1,215.53710094909405,231.40552200172561,214.43916703492195,224.57108477055306,215.27625707802292,231.9554921525382,0.6086926086787888,105.03226379592233,-3.2860105036102194,1.5984211903441792,13.55483499901311
1791,59.7,track,1,201.3145416227608,240.84668071654374,215.64566937917516,229.3072752387335,201.8952463252614,241.03132402180043,0.6093530189327341,118.1092564950293,-3.270935858451831,1.5005660530213727,13.296934999743826
1792,59.733333333333334,track,1,227.36371033360456,229.85191212367778,219.71407379297767,232.25000734235292,227.3955461851725,229.9723781970348,0.12460175069040945,93.14578930561395,-3.187057808037512,1.4471242924879326,12.948469000548357
1793,59.766666666666666,track,1,211.9431279620853,233.51400258509264,221.50996781527274,235.2605111628986,211.87996020913744,233.49828078723294,0.06509485340964637,108.31535143782422,-3.1582942645223984,1.3915864996131295,13.609985000584857
1794,59.8,track,1,234.7589108910891,237.7108910891089,225.74686123281037,238.39960109640126,234.0754860535757,237.69465889511355,0.6836175777817007,85.9554343514076,-3.0713046442470184,1.332786333483949,13.665307000337634
1795,59.833333333333336,track,1,244.9361904761905,231.8490476190476,230.76280199429178,240.45699498963924,244.4597838904002,231.52554021750421,0.5758648051736888,76.01408236958585,-2.9684665338339156,1.3097434027628374,13.604171001134091
1796,59.86666666666667,track,1,223.59770713913497,229.49973944762897,232.73484097251335,241.9218369235461,223.1695176161535,229.26831206992625,0.4867287732828638,97.42336190317441,-2.9390359062221973,1.2769575012499566,13.02704400040966
1797,59.9,track,1,220.01967063129004,247.03110704483075,233.9735590782683,245.21354987341337,220.27343014641872,246.61810867786812,0.4847283183724026,99.94592586610672,-2.924391457926348,1.2109847701315006,12.771019000865635
1798,59.93333333333333,track,1,220.97219882055603,240.7518955349621,235.0718086331113,247.37448198855319,221.17653987386694,240.34545221963518,0.45491915176452535,98.82406391429903,-2.9104384485830845,1.1722294089370078,13.767540000117151
1799,59.96666666666667,track,1,230.63345356176737,243.9887285843102,237.0867854440776,249.6136617541983,231.025111525944,243.71710796548442,0.47662744515426475,89.05249951909138,-2.873179779591943,1.1307088246699981,13.585237000370398
