frame_index,timestamp_s,state,detection_count,selected_x_px,selected_y_px,estimate_x_px,estimate_y_px,truth_x_px,truth_y_px,centroid_error_px,tracking_error_px,pointing_offset_px,pan_rate_deg_s,tilt_rate_deg_s,processing_time_ms
0,0.0,search,0,,,,,,,,,,7.0,0.0,71.30018299903895
1,0.03333333333333333,search,0,,,,,,,,,,7.0,0.0,53.35578700032784
2,0.06666666666666667,search,0,,,,,,,,,,7.0,0.0,46.39009899983648
3,0.1,search,0,,,,,,,,,,7.0,0.0,31.12917599901266
4,0.13333333333333333,search,0,,,,,,,,,,7.0,0.0,33.699609000905184
5,0.16666666666666666,search,0,,,,,,,,,,7.0,0.0,37.1658780004509
6,0.2,search,0,,,,,,,,,,7.0,0.0,34.44624199983082
7,0.23333333333333334,search,0,,,,,,,,,,7.0,0.0,32.8073550008412
8,0.26666666666666666,search,0,,,,,,,,,,7.0,0.0,30.740116000743
9,0.3,search,0,,,,,,,,,,7.0,0.0,31.925426999805495
10,0.3333333333333333,search,0,,,,,,,,,,7.0,0.0,33.198933000676334
11,0.36666666666666664,search,0,,,,,,,,,,7.0,0.0,36.06806799871265
12,0.4,search,0,,,,,,,,,,7.0,0.0,36.804897001275094
13,0.43333333333333335,search,0,,,,,,,,,,7.0,0.0,33.56111900029646
14,0.4666666666666667,search,0,,,,,,,,,,7.0,0.0,35.62887599946407
15,0.5,search,0,,,,,,,,,,7.0,0.0,35.51823499947204
16,0.5333333333333333,search,0,,,,,,,,,,7.0,0.0,35.55370799949742
17,0.5666666666666667,search,0,,,,,,,,,,5.333333333333385,0.0,34.7373399999924
18,0.6,search,0,,,,,,,,,,3.3333333333333837,0.0,36.01031600010174
19,0.6333333333333333,search,0,,,,,,,,,,1.666666666666714,0.0,35.33015900029568
20,0.6666666666666666,search,0,,,,,,,,,,-7.0,-7.0,38.226823999139015
21,0.7,search,0,,,,,,,,,,-7.0,-7.0,38.733207000404946
22,0.7333333333333333,search,0,,,,,,,,,,-7.0,-7.0,39.3935150004836
23,0.7666666666666667,search,0,,,,,,,,,,-7.0,-7.0,43.029690999901504
24,0.8,search,0,,,,,,,,,,-7.0,-6.666666666666671,34.58123400014301
25,0.8333333333333334,search,0,,,,,,,,,,-7.0,-5.0,39.64009300034377
26,0.8666666666666667,search,0,,,,,,,,,,-7.0,-3.333333333333328,39.89115100011986
27,0.9,search,0,,,,,,,,,,-7.0,-1.9999999999999996,36.23942000012903
28,0.9333333333333333,search,0,,,,,,,,,,-7.0,-0.9999999999999998,38.27894399910292
29,0.9666666666666667,search,0,,,,,,,,,,-7.0,-0.3333333333333288,36.445776000618935
30,1.0,search,0,,,,,,,,,,-7.0,0.0,41.97036000005028
31,1.0333333333333334,search,0,,,,,,,,,,-7.0,0.0,36.11821499907819
32,1.0666666666666667,search,0,,,,,,,,,,-7.0,0.0,33.691950999127585
33,1.1,search,0,,,,,,,,,,-7.0,0.0,34.88997800013749
34,1.1333333333333333,search,0,,,,,,,,,,-7.0,0.0,38.51357700114022
35,1.1666666666666667,search,0,,,,,,,,,,-7.0,0.0,39.53321699918888
36,1.2,search,0,,,,,,,,,,-7.0,0.0,37.00228799971228
37,1.2333333333333334,search,0,,,,,,,,,,-7.0,0.0,38.58385000057751
38,1.2666666666666666,search,0,,,,,,,,,,-7.0,0.0,37.379628000053344
39,1.3,search,0,,,,,,,,,,-7.0,0.0,36.31997800039244
40,1.3333333333333333,search,0,,,,,,,,,,-7.0,0.0,39.135904000431765
41,1.3666666666666667,search,0,,,,,,,,,,-7.0,0.0,39.155585998742026
42,1.4,search,0,,,,,,,,,,-7.0,0.0,40.16198200042709
43,1.4333333333333333,search,0,,,,,,,,,,-7.0,0.0,38.89118200095254
44,1.4666666666666666,search,0,,,,,,,,,,-5.000000000000007,0.0,37.16346100009105
45,1.5,search,0,,,,,,,,,,-3.000000000000007,0.0,38.122384999951464
46,1.5333333333333334,search,0,,,,,,,,,,-7.0,7.0,40.41320099895529
47,1.5666666666666667,search,0,,,,,,,,,,-7.0,7.0,36.00000600090425
48,1.6,search,0,,,,,,,,,,-7.0,7.0,36.66658300062409
49,1.6333333333333333,search,0,,,,,,,,,,-7.0,7.0,39.094046000172966
50,1.6666666666666667,search,0,,,,,,,,,,-7.0,7.0,34.03522099870315
51,1.7,search,0,,,,,,,,,,-7.0,7.0,39.19664100067166
52,1.7333333333333334,search,0,,,,,,,,,,-7.0,7.0,39.53001599984418
53,1.7666666666666666,search,0,,,,,,,,,,-7.0,7.0,37.111604999154224
54,1.8,acquire,1,417.2371521430022,21.961507211050172,417.2371521430022,21.961507211050172,417.09931922822574,22.19155014294553,0.2681746873043638,238.47179838236198,238.47179838236198,4.545504000355473,7.0,42.15974799990363
55,1.8333333333333333,acquire,1,456.7332061451953,57.455467416407274,453.5308276623728,54.577582592128834,457.06738457709724,57.29459129845713,0.37088589845819664,228.4047597656487,228.4047597656487,6.395151356988705,7.0,33.57922600116581
56,1.8666666666666667,track,1,477.10931091058245,88.42155455291223,478.178342691083,84.62082478166172,477.18926469112574,88.1465541376663,0.2863875615465817,218.5587654485665,218.5587654485665,7.0,7.0,37.40010600085952
57,1.9,track,1,502.7590806484712,135.70177508721525,504.4903230952097,127.94612190643551,502.44619169182135,135.32509352334225,0.4896820394452224,210.34126772639237,210.34126772639237,7.0,5.913016373181774,37.90913100056059
58,1.9333333333333333,track,1,515.5294564227148,166.80149812734084,522.6506734465455,166.68018326701517,515.9279977745468,166.4498993409905,0.531466758775303,209.27827794325253,209.27827794325253,7.0,3.827540321079684,34.23560500050371
59,1.9666666666666666,track,1,530.955329744957,200.02369334473565,537.4279051954002,201.5990758195472,531.1300533838805,199.6794910644897,0.3860097922659357,214.94567425909926,214.94567425909926,7.0,1.8909777990486207,41.301671999463
60,2.0,track,1,537.7966190128352,208.07210685589064,547.6361826255497,222.96480213227267,537.678779060731,207.8145372703113,0.2832460868704713,220.04534729117708,220.04534729117708,7.0,0.7570969068296031,36.62431100019603
61,2.033333333333333,track,1,536.7480546951726,232.1359572914306,549.9579641120985,240.79330727599026,536.5184409294026,231.94485131110545,0.29873730457903563,216.66822721132738,216.66822721132738,7.0,-0.23018214925533947,36.490144000708824
62,2.066666666666667,track,1,539.987155779899,248.5575491029037,549.2504223983237,256.47082262177963,539.6186582080354,248.64598578952067,0.37896109036305753,219.78878065854607,219.78878065854607,7.0,-1.142116455145161,39.35542399995029
63,2.1,track,1,526.9890791632486,246.17786095159968,541.207749992376,262.23243791990984,527.4873402455826,246.68798024308796,0.7130819011285906,207.59509975410808,207.59509975410808,7.0,-1.4796043546776891,38.73083200051042
64,2.1333333333333333,track,1,520.8532414497192,249.61510974987237,530.5973157924735,262.44073592280506,521.1235270232744,249.48529319408502,0.29984434199853105,201.34707325724787,201.34707325724787,7.0,-1.5496596629547539,39.7691490015859
65,2.1666666666666665,track,1,504.52390397721496,249.17231207405146,515.7502066475298,260.36998913530545,504.70081431618087,249.57907635188153,0.4435701136817569,184.94904572020775,184.94904572020775,7.0,-1.52156644690612,39.43907400025637
66,2.2,track,1,484.3603445685381,242.23233335002755,495.92604645185554,253.77595889520802,484.16797651005135,242.06420963030965,0.2554820053501688,164.1809534410208,164.1809534410208,7.0,-1.2270619205738744,38.434455998867634
67,2.2333333333333334,track,1,441.2301324503311,232.87412201485049,461.9746992848509,243.22414254740536,440.9621819315196,233.29729055933396,0.5008683435511003,121.14774356743106,121.14774356743106,7.0,-0.6449691785037067,38.238705001276685
68,2.2666666666666666,track,1,413.33407923511163,238.77292376544779,425.2106392720217,238.7539665888179,412.9596445049435,238.99737403780253,0.4365538820308211,92.96505131126186,92.96505131126186,6.138500931112059,-0.34578637425237024,35.93552299935254
69,2.3,track,1,385.5013026052104,234.14108216432865,391.04347121171645,234.20809368891224,385.1091607782539,233.98624787668763,0.4216027384613241,65.38629850243215,65.38629850243215,4.346526639162863,-0.027515258014036037,38.7617729993508
70,2.3333333333333335,track,1,351.38035705355804,239.89893484022605,356.3617448554627,234.3691491096046,351.01032431894055,239.5851169468498,0.485186453738769,31.013099527678087,31.013099527678087,2.4440474072229343,0.04218449273408159,37.92026000155602
71,2.3666666666666667,track,1,338.0925241686491,244.41220833122438,330.44515223844985,236.72078680240168,337.66195795840576,244.06291557546083,0.5544300592790792,18.12324589850877,18.12324589850877,1.0311538867002747,-0.07003053688951061,35.164240000085556
72,2.4,track,1,332.6404818284773,242.34984042005559,317.1072684332116,239.81203428579508,332.14486168320167,241.88765651529906,0.6776822929802784,12.290683968919348,12.290683968919348,0.32842498023601696,-0.23716603043576923,35.70475800006534
73,2.433333333333333,track,1,310.41486858573217,247.52911138923653,304.8600841748819,244.00421427345822,310.86772276986653,247.18729979508862,0.5673729619764591,11.62134956674547,11.62134956674547,-0.3746714693321073,-0.47021638704882224,39.789237000150024
74,2.466666666666667,track,1,315.3304409242256,241.6689536878216,301.7950443475738,243.99849238882072,315.8003614278903,241.36678431420094,0.5586873992840633,4.41645372418835,4.41645372418835,-0.5795247587631949,-0.4719981418370294,35.728799000935396
75,2.5,track,1,309.8407812813818,233.44225748142196,300.94899422670824,238.76722289918254,309.4696951779748,233.33906517946033,0.38516690839935364,12.460151376618372,12.460151376618372,-0.7093544385928227,-0.1762485907090484,37.977599999067024
76,2.533333333333333,track,1,322.5141766630316,246.70189352632102,307.9710995327397,241.58503684693724,321.9997000758269,246.78427523663566,0.5210306180793456,7.072848851749209,7.072848851749209,-0.3904525303133894,-0.3447044520033625,39.412313999491744
77,2.566666666666667,track,1,328.26739592828926,247.4508761268105,318.0178700305688,245.53434167784246,327.73322569887546,247.7120794393296,0.5946133234825414,10.921490236605917,10.921490236605917,0.1553753174157943,-0.5904799493511623,37.3965019989555
78,2.6,track,1,333.2183105819563,234.54885558862773,327.205928629128,241.69835261305994,332.8607200225334,234.23669055124248,0.47467675185762204,14.093042797782529,14.093042797782529,0.7036578329522634,-0.36103797563913387,38.5694920005335
79,2.6333333333333333,track,1,334.96292372881356,241.1042675544794,333.343356365337,240.0259416015195,334.71615592575364,241.1968712173153,0.2635712180752035,14.76474672799814,14.76474672799814,1.1308441883331792,-0.23602511091903638,37.40479800035246
80,2.6666666666666665,track,1,324.13133133133135,242.2361861861862,331.59362910700327,239.86538398927453,323.97612330638026,241.78320974233617,0.4788289774984688,4.357682128460371,4.357682128460371,1.0746458531176826,-0.22816660888134804,35.78375700089964
81,2.7,track,1,317.0810703272655,239.53178155774395,324.07300180715276,239.65395113059898,316.9119039281241,239.63780822254526,0.1996469990942697,3.1092636158407605,3.1092636158407605,0.6787337920470418,-0.21961087456215286,35.974419999547536
82,2.7333333333333334,track,1,324.78561354019746,238.99400564174894,322.77139553891374,239.26709395820842,324.8992162322666,238.79458124047875,0.2295117937434438,5.045329927399237,5.045329927399237,0.5906457716265552,-0.17156863600665817,35.93685800115054
83,2.7666666666666666,track,1,319.8404112419922,246.31163463525522,320.0204645558867,242.37940819172553,319.9480390275075,246.80610904692608,0.5060520566228137,6.806307391038949,6.806307391038949,0.42047523959142435,-0.33508440172788795,38.80733699952543
84,2.8,track,1,318.7757113821138,248.40802845528455,317.9783373581197,245.3359938477839,319.1322379301058,248.6108989526272,0.41020436140435773,8.654512798667708,8.654512798667708,0.2817510365570484,-0.509117663470776,38.213101999645005
85,2.8333333333333335,track,1,322.0437347436941,244.90830960130188,318.07824143177317,245.87971778030104,322.42315960660363,244.89998129906863,0.3795162542132104,5.4663991082153665,5.4663991082153665,0.25454024565360706,-0.5654631272679818,38.72832199886034
86,2.8666666666666667,track,1,329.83503568636354,243.4719931401478,321.12828573185215,245.66562521065356,329.41267260428845,243.35311546592297,0.4387738307249818,9.992086312844481,9.992086312844481,0.44356757662931645,-0.5654813786048947,37.728715000412194
87,2.9,track,1,317.9301148727291,243.77825008855828,321.1364568448365,244.7976668751107,317.66521251251174,243.53731289700679,0.3580837761215368,4.238374115514375,4.238374115514375,0.42704338635220795,-0.5288389593768124,33.37802999885753
88,2.933333333333333,track,1,323.9306965881397,246.38038180341186,321.5414198697435,245.34562599165142,324.06137496462077,246.08437985294697,0.32356451096921784,7.315356778599066,7.315356778599066,0.4602497016409822,-0.5781195956545931,36.166420999506954
89,2.966666666666667,track,1,324.41742378356554,255.55557238037554,323.0969395879863,250.67476770509998,324.64273940207306,255.37595533210333,0.28814824652155624,16.061601150893974,16.061601150893974,0.5614360930240803,-0.9034026015535843,37.83374399972672
90,3.0,track,1,325.54819947400364,249.86551689257536,324.6615627470941,251.4612987143861,325.947963632221,249.66077856507462,0.4491426999774412,11.344995101525113,11.344995101525113,0.6720263562975759,-1.0025838876084279,37.54742599994643
91,3.033333333333333,track,1,322.12334383280836,252.18969051547424,324.032459103969,252.79169323398517,321.71804473554,251.99413655037247,0.45000967935543046,12.116558475998769,12.116558475998769,0.667022956020711,-1.1307568495791047,38.16859200014733
92,3.066666666666667,track,1,327.27113381410254,245.18013822115384,325.73364941220933,250.55261279868333,327.10223356893374,245.19433557462693,0.169495892763573,8.799025157909496,8.799025157909496,0.7942223987577903,-1.0302637268423362,35.72763699958159
93,3.1,track,1,318.2520547945206,248.14823874755382,323.2640911198749,248.7264149506493,318.3302197169817,248.5335762752204,0.39318540834007537,8.695406272196914,8.695406272196914,0.6579198655476873,-0.9556600829119292,34.93497599993134
94,3.1333333333333333,track,1,323.1720932544614,237.8304916239996,322.1799909139602,243.26806674156282,323.53241789151303,237.49065969259766,0.4952974718961913,4.332985684102298,4.332985684102298,0.5904888287032272,-0.6589262454817345,36.560400998496334
95,3.1666666666666665,track,1,332.07475416415815,246.6230182620911,326.04813846754257,243.68068702197937,331.63574191382713,246.50714755305071,0.45404600775056714,13.331671281664853,13.331671281664853,0.8451694500642798,-0.690017449738473,33.973314999457216
96,3.2,track,1,329.2015107091388,244.35476817571933,329.01659790958996,244.20511290725491,329.11375230612646,244.7290705959442,0.3844526486909257,10.267647724715204,10.267647724715204,1.0661481349310593,-0.7281093733696931,36.97955399911734
97,3.2333333333333334,track,1,317.73814628309316,244.86368848780975,325.08681865445396,244.74531695614218,317.94212981516563,244.5352024897304,0.38666824577529446,4.980250126297589,4.980250126297589,0.8529307767258216,-0.764956209591898,40.727289000642486
98,3.2666666666666666,track,1,316.07467630993324,231.96522860610966,319.3420165220105,238.6805728925868,315.61375041442875,232.06917025634047,0.47250031513144825,9.062960104173396,9.062960104173396,0.5207856950504101,-0.3886817861049041,35.681279998243554
99,3.3,track,1,313.2352264773523,233.97705229477052,314.59900861624624,234.1322003145728,313.0598862153618,233.64875119997808,0.3721905645187682,9.40763204337334,9.40763204337334,0.21454652233067611,-0.07049542028276501,36.87534899836464
100,3.3333333333333335,track,1,321.6978304742684,248.84207870837537,316.03872098767897,238.95295801872697,322.0346332288111,249.11667826835426,0.4345584124236407,9.340961140293071,9.340961140293071,0.28171803240855176,-0.3376831363984264,38.25665199838113
101,3.3666666666666667,track,1,330.3331008022323,239.0061288554487,323.25426888770187,240.49905780576057,329.87786393348676,238.93411063387546,0.4608982869395598,9.93520588761481,9.93520588761481,0.7100953956714138,-0.3779517685298198,36.78796100030013
102,3.4,track,1,320.01781019000845,249.73458351937293,323.81787883553983,245.0179567805878,320.0265069591483,250.17173129345926,0.43723427379621405,10.17176583122231,10.17176583122231,0.7483818222762616,-0.6777085538048286,37.54489299899433
103,3.433333333333333,track,1,319.17516980746643,243.0054644808743,321.42787014818856,245.5956505937984,319.43015024427103,243.19037340918462,0.31497037149854495,3.2408658155092804,3.2408658155092804,0.6184909014183552,-0.7192830271942433,37.22800499963341
104,3.466666666666667,track,1,329.8132567207059,243.10224707572337,325.00181238566137,244.48771927586833,329.50147924234363,243.06447136435628,0.3140576386321906,9.98344091662021,9.98344091662021,0.8520833697643664,-0.6662164068545544,35.64977699898009
105,3.5,track,1,333.30714395610033,240.08159392789375,330.52537407359176,242.12178973699505,333.35616538368384,239.74742856826254,0.33774189544648464,13.358553293094449,13.358553293094449,1.2132656251359206,-0.5336995890070421,37.216979999357136
106,3.533333333333333,track,1,331.13849729675104,252.8857056237684,332.7099453087758,246.83371375909857,331.55705821191765,253.46523699254135,0.7148775049593962,17.744807741391767,17.744807741391767,1.3911752654211393,-0.8296503093470503,35.57603400076914
107,3.566666666666667,track,1,324.45677657504865,247.62797426048786,329.6684096834665,248.98123651992134,324.3098556288368,247.91600277523727,0.32333603223975327,9.013210054080634,9.013210054080634,1.2535172735224194,-0.9747339241953411,36.71938499974203
108,3.6,track,1,315.80777537796973,241.4672098959356,322.0927936448196,245.92097412342684,315.96244671981435,241.71966118995337,0.29606566811985563,4.388515819564711,4.388515819564711,0.8378931984005854,-0.8332173608899034,34.75787900060823
109,3.6333333333333333,track,1,320.2552815121803,247.30137470939047,319.3816171329531,246.4888961968187,319.90136861048126,247.40119240537385,0.3677198858104891,7.401849577798912,7.401849577798912,0.6541562834668644,-0.8742734573213926,34.98975099864765
110,3.6666666666666665,track,1,311.8104430220251,242.78025301144095,314.13445227955174,244.80967367031292,311.85626032357743,242.79553908666756,0.04829999189826385,8.610199457760853,8.610199457760853,0.3207103384308767,-0.7930979576064108,34.50617599992256
111,3.7,track,1,314.31513747608017,247.3111088729983,312.0333448323066,245.63994371347167,314.74233935448643,247.30633827998207,0.4272285143474951,9.001420694807766,9.001420694807766,0.139055956115264,-0.8413164549299827,38.680540999848745
112,3.7333333333333334,track,1,323.7610170343199,236.6574041505452,314.56515377536425,242.03358335074017,323.55677632587094,236.66321805297255,0.20432344077260886,4.8769633578984655,4.8769633578984655,0.2665197021624621,-0.6181077255640247,33.30325699971581
113,3.7666666666666666,track,1,329.6883681880629,243.5343459013891,321.75786658445566,240.94113500200788,329.83397496392485,243.48729211465783,0.1530208875371674,10.433995873300669,10.433995873300669,0.6744771412727569,-0.5237542359415125,34.540654998636455
114,3.8,track,1,318.0037597704561,236.80241416839814,321.9451374396498,237.8002537001884,317.5741525553185,236.92679767202407,0.44725117693812544,3.915266066762825,3.915266066762825,0.6745454878677902,-0.3147748323534775,33.874916000058874
115,3.8333333333333335,track,1,318.9354806690158,253.96034542657205,320.02102231826103,244.2066108177918,319.040283742426,254.09220936278194,0.1684392527559816,14.124851150349546,14.124851150349546,0.5613635153176165,-0.6970724287451922,40.55835899998783
116,3.8666666666666667,track,1,328.853351600954,240.02298675597504,323.805274113431,244.30850933592396,328.22603399054395,240.28401457307893,0.6794578026872559,8.230935517382315,8.230935517382315,0.8003174636016779,-0.6942040374634975,36.35720800048148
117,3.9,track,1,322.74899178110167,253.07167287763542,324.6332991441437,248.27109384185746,322.60765970497624,253.54436055830587,0.4933643675819409,13.793099436687479,13.793099436687479,0.8606537999446237,-0.9527188299859969,35.226079999119975
118,3.933333333333333,track,1,325.15794325514696,253.3721704394141,325.0584616057264,252.3674465449977,325.66757881377976,253.0343100678851,0.6114556674630524,14.213187135761482,14.213187135761482,0.9035837992497183,-1.2365500031378631,36.47402400019928
119,3.966666666666667,track,1,319.30718085106383,238.88149549918168,322.4482413095188,247.5758200461847,319.1453642560595,238.70242552643373,0.24135174654173625,1.5537379989147153,1.5537379989147153,0.7596516468305087,-0.9733430736786356,37.389532999441144
120,4.0,track,1,316.6824502639058,241.82216808769792,318.81863183187505,243.25041714034919,317.01652694457096,241.7917403469245,0.33545949975042855,3.4801501322885904,3.4801501322885904,0.5438163314357185,-0.7122394559936108,34.56610799912596
121,4.033333333333333,track,1,311.11235501765003,252.238880484115,313.9339783932322,245.77521735796992,310.92191056169275,252.55337861725624,0.3676658354459912,15.491901837995611,15.491901837995611,0.23080957373256397,-0.875261924630818,35.91858799882175
122,4.066666666666666,track,1,316.70661304281424,238.68212594817493,313.4318907268561,243.3500965831395,316.9790403071755,239.22038048407637,0.6032698896728163,3.119936546675132,3.119936546675132,0.17434009816852394,-0.7220055724358337,35.37333499843953
123,4.1,track,1,331.34092839654227,242.03167940838455,321.9396271153579,241.47550047621044,331.04004697820585,241.87347297068519,0.3399395605540139,11.197880971544576,11.197880971544576,0.6753865777175739,-0.607333124578148,33.51456700147537
124,4.133333333333334,track,1,328.37384385877675,253.9568373943312,327.79784617204007,247.07555169000008,328.5349569990596,254.08465861805402,0.20565920646983937,16.4688523996944,16.4688523996944,1.0390869691825335,-0.9494717837374208,37.25263700107462
125,4.166666666666667,track,1,321.80781563126254,245.41332665330663,326.54819232196013,248.05526882648442,321.51629883606284,245.73507962912694,0.4341739505460133,5.932141309229945,5.932141309229945,0.9931945500784054,-1.0177814177285374,35.78653699878487
126,4.2,track,1,320.67070374800636,247.19806618819777,323.4126156987111,247.74836019615648,320.8743789362233,246.97871355238354,0.29933118971109657,7.0332767164624395,7.0332767164624395,0.8313830340786277,-1.0196302218116697,36.362412000016775
127,4.233333333333333,track,1,316.787785255275,247.77751353539443,319.5218415883123,247.79335518644587,316.43840059346996,247.70325204313914,0.3571896011036985,8.486759238526949,8.486759238526949,0.6332284815075645,-1.0388163162849913,37.85401599998295
128,4.266666666666667,track,1,326.0688720445761,242.17825410370966,321.39483839512445,245.25503981965252,326.2381900186417,242.5493268584396,0.4078769001114799,6.738997116770615,6.738997116770615,0.727418362519261,-0.8964451648191278,39.86314800022228
129,4.3,track,1,325.4919799625563,237.7059656934676,324.0610833696778,240.84712898335877,325.04819427938355,237.299996640005,0.6014620561252463,5.7248828482673035,5.7248828482673035,0.8982554199476198,-0.6343882430453239,44.42939100044896
130,4.333333333333333,track,1,323.16141654284297,239.9425458147598,324.61389821442884,239.04236395034278,323.17270683494456,239.94498765516684,0.011551332404218016,3.173183735396989,3.173183735396989,0.961292146159662,-0.49697878124995826,42.57312000117963
131,4.366666666666666,track,1,325.8931468115187,238.97336111317807,325.9825789869133,237.73399716055587,325.4695039872406,239.18778768046715,0.4748178548893204,5.529481234116082,5.529481234116082,1.0682563221377226,-0.3835098566131562,35.397183999521076
132,4.4,track,1,314.1073261547751,253.60843312871089,321.6557500683474,243.42169773024688,314.2265666623534,253.18059858281788,0.4441404026960447,14.389604285929135,14.389604285929135,0.8147237695700313,-0.7206456621837374,36.73117200014531
133,4.433333333333334,track,1,321.160512922862,243.42141502844026,319.7424491427146,245.5745085806918,320.6489691660282,243.39306884072826,0.512328528888838,3.4545733653197175,3.4545733653197175,0.723773937723762,-0.8387650312991023,38.222253000640194
134,4.466666666666667,track,1,324.87999410290433,249.30743525480366,321.89465107349383,247.54035687392548,325.0112039977426,249.678479443463,0.3935604482685427,10.898859107472092,10.898859107472092,0.8265007739638554,-0.9632777674305384,33.9417199993477
135,4.5,track,1,321.6221719457014,255.15550527903468,321.96100354026476,251.66905909957597,321.19028415387453,254.8882909599108,0.5078686415540158,14.935795394753042,14.935795394753042,0.8384039749080279,-1.222552388421362,34.21789000094577
136,4.533333333333333,track,1,314.7955638831215,254.90287132222616,318.83357393755557,254.17538209883838,314.83539556356806,254.97814905546602,0.08516630724018656,15.843550363241508,15.843550363241508,0.6700290183466311,-1.4137921626804688,34.76378100094735
137,4.566666666666666,track,1,323.6859862453902,238.81884780225258,320.55759528359636,248.8017174356074,323.2263098491756,239.33876364006466,0.6939847747931371,3.2933734629689466,3.2933734629689466,0.7743608822413478,-1.1127489147289433,35.12901599970064
138,4.6,track,1,323.1727351428426,243.3907928909711,322.49218747072337,244.2490303820494,323.29853739484395,243.24568032866512,0.19205171789812053,4.627611667055437,4.627611667055437,0.8977615139968934,-0.8336796950711436,33.71491700090701
139,4.633333333333334,track,1,320.74760893994255,247.1374453739543,322.5327859374056,243.38160270395184,320.3595837415287,247.34347249810187,0.4393298652363963,7.352270995927065,7.352270995927065,0.9210982637349648,-0.7475109164124745,37.108394999449956
140,4.666666666666667,track,1,307.9516067861748,245.4123031023236,316.43929109813774,242.6488812703279,308.0552512586996,244.90761460573864,0.5152209771254684,12.913624727831303,12.913624727831303,0.5434283328023676,-0.6963985726721111,34.231483999974444
141,4.7,track,1,317.49606733129605,248.97269675867943,314.66846395843885,245.07050726081494,317.07722956940023,248.98409843746992,0.41899292245709535,9.447571736914089,9.447571736914089,0.42677606500419657,-0.8374938030136487,35.037962001297274
142,4.733333333333333,track,1,308.49868672701774,235.02450592885376,311.37104053439197,240.69465084092803,308.52392057933565,235.2068348163509,0.18406675560444144,12.436833654396997,12.436833654396997,0.19018282211029336,-0.5582792761475954,32.400428000983084
143,4.766666666666667,track,1,314.8817726513887,243.84646127384025,311.6954557644665,240.31977846417425,315.3688335386692,243.47806047704861,0.6106942401850407,5.791770668333029,5.791770668333029,0.17393070475100386,-0.5100939312703231,34.94589000001724
144,4.8,track,1,319.66889666529437,239.68052696582956,315.6754748438035,239.84402835755944,319.6812777812,239.67399690905717,0.013997630960946248,0.4559187077331756,0.4559187077331756,0.36966159669372545,-0.4945876690649873,37.01622399967164
145,4.833333333333333,track,1,323.9695626477541,248.743646572104,320.3885072175131,243.97903218141522,324.33421616773586,248.96549493539743,0.42683590047118136,9.958189053502645,9.958189053502645,0.6120426887435746,-0.7068099685006896,35.674172000653925
146,4.866666666666666,track,1,328.6000506842372,243.60957932083122,325.4061281699836,244.32985888398014,328.53558306584785,243.9796276464288,0.3756219337290872,9.417728732460338,9.417728732460338,0.9363241204782948,-0.7406736203939088,38.89914100000169
147,4.9,track,1,324.2695762496828,238.4422735346359,326.65754299879643,242.29653321025404,324.6772221532742,238.23607212872594,0.456830605929693,4.998784712921385,4.998784712921385,1.0331865931872726,-0.6147682731849572,39.33808399960981
148,4.933333333333334,track,1,324.7873027168526,241.46943858489846,326.4381664606762,241.0240173284298,324.653858473854,241.3388648827905,0.18669991342165912,4.842618906029259,4.842618906029259,1.051712929299026,-0.5238290405914919,37.27638099917385
149,4.966666666666667,track,1,307.1492454449099,246.15757331045273,317.86683265849837,242.58758350943438,307.5749269715752,246.33765841492792,0.46220710401067877,13.948059146203656,13.948059146203656,0.5360441683472488,-0.617121379722312,34.19926299829967
150,5.0,track,1,312.3337195828505,252.34621391505868,312.1738671053028,247.88249989848856,312.09251401156206,252.644947256498,0.3839553840071592,14.91385348516468,14.91385348516468,0.14328640780116308,-0.931659184970183,35.62194400001317
151,5.033333333333333,track,1,324.57391496465044,243.44002847604085,315.11307186741465,247.08820402773293,324.7791919731813,243.06795964447957,0.42493983768382176,5.679177079179322,5.679177079179322,0.29659493763769323,-0.8974437679792426,37.741922000350314
152,5.066666666666666,track,1,326.34327752409945,245.901166920345,321.46809325802764,246.1748679581526,325.9514433741507,245.6538502872886,0.46335679346741654,8.208879418458752,8.208879418458752,0.6604510648974657,-0.853534972397137,34.93615000115824
153,5.1,track,1,319.07558256327843,250.11003415026116,322.0416053145209,247.6765417970207,319.1904833253801,250.09065888836432,0.11652289862992093,10.123078289127939,10.123078289127939,0.6923365323856815,-0.9627642353529757,34.03575900119904
154,5.133333333333334,track,1,323.34840027907904,245.77309877404565,322.6233421417782,247.39757024786292,322.8794793322344,245.80243631260132,0.4698377864308058,6.477628299505871,6.477628299505871,0.7400752651863576,-0.9604383761668913,34.43390500069654
155,5.166666666666667,track,1,313.3747714808044,238.57703635994312,318.45333713772084,242.8907069800735,313.35774923934264,238.77434386370075,0.19804041946897694,6.754385844168314,6.754385844168314,0.5165795155159004,-0.7149720278186227,36.81904999939434
156,5.2,track,1,325.84886726471035,249.58582940550403,321.5672081370893,245.2375603226755,326.33473231661225,249.90429948735454,0.5809372097684059,11.756869560318464,11.756869560318464,0.708613613562731,-0.8638469972023507,33.874934999403195
157,5.233333333333333,track,1,319.4037790407817,241.39659986040482,321.7399275716201,244.2596615241968,319.28246505017705,241.7114923767865,0.3374527836448001,1.8558185687226418,1.8558185687226418,0.7205444881305119,-0.8045464989178124,33.92010599964124
158,5.266666666666667,track,1,315.607985757884,246.8066124109868,318.68457112900364,244.9716520863248,315.99732921304025,247.17020510310113,0.5327175347517078,8.211772929722207,8.211772929722207,0.5493790640187678,-0.8393012006742288,37.26509700027236
159,5.3,track,1,321.49475567927624,250.06149028185118,319.4896312052037,247.1909604336451,321.3153218947538,250.424695617376,0.4051106006780457,10.50734744841708,10.50734744841708,0.5967978098185875,-0.9852742149057536,37.193485999523546
160,5.333333333333333,track,1,313.65665491734103,240.0953681179566,317.0469139312365,244.54504384567633,313.88732553437205,240.45068632359556,0.4236271483509496,6.129266455703814,6.129266455703814,0.43731900063641393,-0.8299206686151358,38.167302000147174
161,5.366666666666666,track,1,327.6511466296039,244.60126079618783,321.30785864449683,243.51371110278362,327.2175565512917,244.85735895647144,0.5035738512983226,8.699830952559193,8.699830952559193,0.6962825719125095,-0.7746174174252959,34.20617700066941
162,5.4,track,1,319.2190041966737,239.30842961504584,321.8608378887762,241.1873275560575,319.2295545335285,239.50446017706417,0.19631426553609047,0.9160490887074298,0.9160490887074298,0.7284726861927733,-0.6270318431267508,34.51712100104487
163,5.433333333333334,track,1,325.6709644410335,242.11757482732156,323.7876896563,240.7257136345541,325.89884460561734,242.0966458631031,0.22883922512107507,6.260374713744232,6.260374713744232,0.8441247156682858,-0.5759574826809596,37.67839899956016
164,5.466666666666667,track,1,323.705983578347,242.22380648016127,324.0950792290858,240.7402479634154,323.3785069349401,241.99021869472986,0.40224893471555445,3.921132433658754,3.921132433658754,0.8803004368570027,-0.5543882686425492,37.91311900022265
165,5.5,track,1,322.0679847908745,244.91934093789607,323.47536059435146,242.12315537127418,322.19580963229555,244.47465848370956,0.4626896099391567,4.984390483009519,4.984390483009519,0.86463593779799,-0.6134562750299989,40.710631999900215
166,5.533333333333333,track,1,310.64132272501246,250.85992043759325,318.1848526702714,245.61259000084192,311.1884537453577,251.30660091805444,0.7063114079845325,14.33466329279659,14.33466329279659,0.5405385627963056,-0.8284449872989936,33.832589999292395
167,5.566666666666666,track,1,316.590625,236.73321572580645,315.30982441461674,243.0482029495282,316.37132859909343,236.83569228040562,0.24205857905285666,4.814571578037012,4.814571578037012,0.36155744562682585,-0.6630899794331485,34.678097001233255
168,5.6,track,1,323.1822054889527,239.04091944912315,318.2726062823599,239.73814723256305,323.31392737393463,238.82597514727715,0.2520946407190252,3.515743021684634,3.515743021684634,0.5269712116922352,-0.4754241291620184,34.58372000022791
169,5.633333333333334,track,1,319.653219744425,251.2932097218742,319.891067286339,244.4352048607092,319.1101212894994,251.59675743319096,0.6221713146619754,11.630849800580867,11.630849800580867,0.6183160186194366,-0.7458093512353839,36.096574998737196
170,5.666666666666667,track,1,314.17282630828754,246.39253716147425,317.33151988481666,247.0056067874503,314.04154364497714,246.35682663470976,0.13605285519851992,8.712774931011804,8.712774931011804,0.45015251715802335,-0.9049368750747014,35.27670599942212
171,5.7,track,1,325.7270555950808,243.59208252871227,320.63960741971334,245.94487532896332,325.8009192440042,243.1083249449841,0.48936411642742184,6.581211745497083,6.581211745497083,0.6493952545420645,-0.8561823470653925,34.64702400015085
172,5.733333333333333,track,1,323.8428166447302,236.3360332084641,323.47059292992816,240.88648640059284,324.2484345183867,236.33728300894592,0.405619799111045,5.609339677143473,5.609339677143473,0.836472051875647,-0.5722991907399396,34.7922250002739
173,5.766666666666667,track,1,310.063557226234,248.56009496488278,318.284194866876,243.57594605327222,309.9416698118598,249.08041324136306,0.5344040144144151,13.550790043668076,13.550790043668076,0.5229634891432564,-0.7362692534296449,34.46519899989653
174,5.8,track,1,317.16176395354785,247.64772087788407,315.94717469474716,246.56863775967216,317.296538552965,247.55466393363037,0.16377969203136247,8.023817728843301,8.023817728843301,0.3471119505946753,-0.9296672255353391,35.56269399996381
175,5.833333333333333,track,1,316.28671466614065,236.2117565834895,314.4957003521755,242.80850145655523,316.65838449272854,236.4898708045402,0.464204674628033,4.846380212824445,4.846380212824445,0.23991253139120802,-0.7053278396212688,37.990994000210776
176,5.866666666666666,track,1,318.48684177326976,236.98541619357607,315.85054205115597,238.62300277819108,318.12465764544703,236.53176034571032,0.5805006208002716,3.9427902868866416,3.9427902868866416,0.2866768707220423,-0.4387657081819609,33.137168999019195
177,5.9,track,1,326.7246727089627,240.3077542799597,320.91440771124076,237.78391977505453,326.6519921920693,240.04488851780653,0.2727285581824269,6.652143647154802,6.652143647154802,0.5839152577383533,-0.371234713305179,36.302098000305705
178,5.933333333333334,track,1,313.66016235566985,248.2872485251853,319.04556955787456,242.53859138769616,313.90377229432994,248.31259821404197,0.2449253129815301,10.308408281954735,10.308408281954735,0.4610451979658405,-0.6454060059743163,38.71731599974737
179,5.966666666666667,track,1,318.9056177518952,243.33324966112758,318.05735968782506,244.38876039576994,319.42814722161876,243.51963804447078,0.5547771409988718,3.5657912956633413,3.5657912956633413,0.38280171740593677,-0.7782437409389025,36.63799899914011
180,6.0,track,1,318.27774162871015,233.89128585014265,317.3719288065707,240.61564567023095,317.8274650368233,234.27205204633418,0.5896879728834576,6.126115892319508,6.126115892319508,0.3331319568416036,-0.5464253210428351,35.03281200028141
181,6.033333333333333,track,1,325.6983866964507,245.29833705634152,321.1467035691687,241.54954203315734,325.54387014649404,245.58251818856283,0.3234722246516614,7.867592104756239,7.867592104756239,0.5588866153968329,-0.606584707004916,36.907662000885466
182,6.066666666666666,track,1,327.53114836127094,234.00115086314736,325.54352086448387,238.48682108051963,327.60919814973755,234.34966904035173,0.35715079353340257,9.477665136283786,9.477665136283786,0.8395916087621685,-0.4386314480369611,33.51244000077713
183,6.1,track,1,328.43025226842155,240.03280486588892,328.5488493258361,239.14521650104243,328.69250152882796,240.30039113438002,0.3746693017431489,8.697690363670723,8.697690363670723,1.0620419156966245,-0.4582195508147904,32.70438100116735
184,6.133333333333334,track,1,315.09561971129915,243.74126431060228,324.0645888272412,241.28860820176774,315.4588283648823,243.9131405896935,0.4018233210653024,5.994573303772692,5.994573303772692,0.8143387097672428,-0.5800043720583254,31.957380000676494
185,6.166666666666667,track,1,314.17971486359824,233.83972177001627,317.9711959254138,238.68844780907557,313.76962620022033,233.85257329596328,0.4102899871435371,8.752623193448049,8.752623193448049,0.4517695405977926,-0.4402862619625333,34.16984300019976
186,6.2,track,1,314.0262944983819,238.80445995145632,314.0429100336707,238.84232440865762,313.82411768746516,238.47777633915058,0.38418438987235304,6.360714363334552,6.360714363334552,0.1817437768532552,-0.43541078380667353,38.08409900011611
187,6.233333333333333,track,1,316.854581772784,240.02287141073657,313.20967930844864,239.47942451389824,316.68860281905006,240.41011794488554,0.4213180405501338,3.3366971721629675,3.3366971721629675,0.07269296119189309,-0.4582133999382098,35.16897500048799
188,6.266666666666667,track,1,317.6515393045731,244.38681877054896,313.3793183620242,241.77189289844094,317.5893082664181,244.39306135757244,0.062543360979367,5.0110301062512494,5.0110301062512494,0.0524384757042928,-0.5926973838888417,36.661529000411974
189,6.3,track,1,329.05968659546863,236.03603154007385,320.0928813579043,240.23073723915974,329.14491745425033,235.59563812968477,0.44856510698313184,10.150266928989554,10.150266928989554,0.43989662474336355,-0.47497297149650125,34.43382499972358
190,6.333333333333333,track,1,326.7677109651339,242.97983830217282,325.46903244980666,240.8363350627365,327.0017872498489,243.15933292842118,0.29497462249830186,7.681562942836126,7.681562942836126,0.7953376742136355,-0.4982903400511591,35.55292099918006
191,6.366666666666666,track,1,323.417798409798,246.3929082917675,326.88197636156707,243.1536183780986,323.80730253489423,245.9032791488237,0.625659780621088,7.024546768379358,7.024546768379358,0.9029493124291657,-0.6381740149458037,31.187135000436683
192,6.4,track,1,321.93992035838727,236.5751119960179,325.0008856982255,240.8574345989991,322.2764087401785,236.58373781165832,0.33659892420498116,4.105226436124343,4.105226436124343,0.820280027508445,-0.49139751827078193,39.47526800038759
193,6.433333333333334,track,1,310.81796737766626,242.57074027603514,317.71410157503533,240.77024887407657,311.26975953742897,242.9903749933845,0.6166112645970168,9.22818731579349,9.22818731579349,0.415032956949114,-0.4617600006838641,36.608824999348144
194,6.466666666666667,track,1,323.78733511901754,237.1335725476323,319.188616190023,238.36590467505138,324.24945414631765,236.82575206617656,0.5552543959271603,5.3041220279174,5.3041220279174,0.5047621820824333,-0.30314760237147126,34.43805700044322
195,6.5,track,1,324.85690482201466,231.87376925018935,322.59322088399693,234.30535505273986,324.42241433918025,231.6969878002154,0.4690774570671353,9.407324815119283,9.407324815119283,0.7102214086899621,-0.03870597760428324,34.48615400156996
196,6.533333333333333,track,1,323.4360011990408,246.7534972022382,324.0298726302612,238.95567474002584,323.08249649605324,246.7634158517812,0.3536438245510197,7.432736954332877,7.432736954332877,0.8084394593425449,-0.29912175602243,34.09422500044457
197,6.566666666666666,track,1,324.9966221250807,245.84014703690826,324.98571235970826,243.83548355138024,324.6518771862305,245.9687189532894,0.3679399550806674,7.567401621370949,7.567401621370949,0.8864672291710227,-0.5962116948302898,31.84222700110695
198,6.6,track,1,313.5117287098419,234.70469148393676,319.9774312573259,241.34582659669147,314.05167297302,234.75314721210555,0.542114162267777,7.931712210975413,7.931712210975413,0.5931481379108876,-0.44260792409290356,35.9988379987044
199,6.633333333333334,track,1,321.286212392907,237.53212791392707,318.8990134774411,238.55719243441985,321.8813075326112,237.59882537807724,0.5988211561256189,3.050402858185369,3.050402858185369,0.5317539095430193,-0.2740528747109105,39.062894000380766
200,6.666666666666667,track,1,315.1023280732515,241.34716540035066,316.88464109072464,239.28499469800587,315.72608998663117,241.22784616139108,0.6350716537281095,4.4467868172892215,4.4467868172892215,0.39601784897712367,-0.30849809871395206,37.501230000998476
201,6.7,track,1,320.5964149369201,245.11983920309459,317.8423873225665,242.50048576703387,321.0703149265114,244.757951601781,0.5962749668727806,4.876851185632335,4.876851185632335,0.4427999688747038,-0.49733600584097915,33.511262001411524
202,6.733333333333333,track,1,322.22684300512924,242.82012471085184,320.2827543215322,243.70099538874638,322.58158420027553,243.0726694899719,0.4354539941194894,4.013212525859604,4.013212525859604,0.5649324873061307,-0.5873014259874012,37.68239000055473
203,6.766666666666667,track,1,324.5137054821929,238.73039215686273,322.9281732175882,242.20489794892725,324.56173644469106,238.6900234102918,0.06274240239430665,4.746101353364278,4.746101353364278,0.7432570088110139,-0.5014556172432905,36.29298099986045
204,6.8,track,1,325.40887897830936,241.87811676464625,325.0209137522494,241.63010001072942,325.5049443620835,241.46726393155302,0.4219343650621594,5.697128739503032,5.697128739503032,0.8896800978454442,-0.4602192730303868,33.63592000096105
205,6.833333333333333,track,1,321.4361408266787,237.04871678971423,324.2648189247783,239.05333111052013,321.32693434778287,237.17888594141823,0.16991192744525851,3.117601529197349,3.117601529197349,0.862212852397962,-0.29824193012035194,34.97083199908957
206,6.866666666666666,track,1,313.5908513986902,240.12763364979438,318.95825267344514,238.70002604095592,313.3879331336597,239.6181423697573,0.5484133356482109,6.62308413767556,6.62308413767556,0.5694854713487583,-0.2505856488302238,31.22757100027229
207,6.9,track,1,310.5863858816551,236.90943694695733,313.92397115137635,237.19413763603688,310.2393320492795,236.79831650148367,0.3644092698722836,10.272361757107975,10.272361757107975,0.25893273026135066,-0.14044998956808918,36.25234100036323
208,6.933333333333334,track,1,319.3134328358209,241.74794395370088,314.82870747171046,238.5631752336423,319.7103728179326,241.95423131686607,0.44734307371465426,1.9755768637065005,1.9755768637065005,0.293835373793808,-0.2066796169306574,36.30416300075012
209,6.966666666666667,track,1,319.8314668533147,243.26572342765724,317.47122660870275,241.14463312601086,320.08678771642735,242.74301352942703,0.5817339433524831,2.7443861481836724,2.7443861481836724,0.43215942557665066,-0.349961222802669,37.07436299919209
210,7.0,track,1,321.1873145780051,234.896726342711,319.9001599478231,238.9117479415889,321.2834515393286,234.52629772743342,0.38270050215407303,5.622158341998699,5.622158341998699,0.5756296401651996,-0.2026649577543187,39.345717001197045
211,7.033333333333333,track,1,311.78764691172796,243.33543385846463,316.7328559882044,240.09815788059734,311.7012398100019,242.9326967557823,0.41190212563866857,8.80171181944022,8.80171181944022,0.36848916757132066,-0.2663656704893571,33.266694999838364
212,7.066666666666666,track,1,310.44502725496244,235.87272446775685,312.4594863885429,238.5885306708579,310.9604068833784,235.6749879437685,0.5520107737220264,10.020976649040744,10.020976649040744,0.08824764942099933,-0.18958419818803512,35.29110899944499
213,7.1,track,1,323.4051854846861,234.28964924694228,316.22255812189286,236.6309729725605,323.7061575808241,233.94323380282765,0.45889853189437896,7.10070565374382,7.10070565374382,0.29677690329568834,-0.0550923567770259,34.0897780006344
214,7.133333333333334,track,1,322.29503732096026,238.9027637684083,320.475329532963,237.01887246746944,322.32251893199367,238.5139998201061,0.38973407144424266,2.7572251856012233,2.7572251856012233,0.5268711872307963,-0.045567591712305094,39.227155000844505
215,7.166666666666667,track,1,323.63262714017173,239.1738048061779,323.60819390163437,237.63862259146245,323.2878365379221,239.54862530725984,0.5092847606506409,3.3186756716108587,3.3186756716108587,0.7609357178572882,-0.05614534601944507,33.267106000494095
216,7.2,track,1,322.65008791760863,243.06581260989702,324.85864805471107,239.9244482442726,322.89029970181394,243.11147287237014,0.24451290526312672,4.246774752892021,4.246774752892021,0.8767742801470597,-0.17064145686303867,36.800353000217
217,7.233333333333333,track,1,312.96554128074894,238.62593367194503,321.2699952360524,239.55508256017924,312.90630003584107,238.3952773468252,0.23814253172422267,7.27294396892488,7.27294396892488,0.6708682873512977,-0.15808367926049582,34.472631001335685
218,7.266666666666667,track,1,309.71968756465964,231.15663149182703,314.9221368137491,235.5814353231221,310.28461230104676,231.32779440844817,0.5902852715495457,13.022899368539814,13.022899368539814,0.2884847736251791,0.10251960713068117,34.23111399933987
219,7.3,track,1,318.18035777631377,232.6512947853849,314.4946648193009,233.33918495341194,318.3595133052531,232.31317702820164,0.38264908372052414,7.8599264624682545,7.8599264624682545,0.25198134819536083,0.2630416030083746,34.49162399920169
220,7.333333333333333,track,1,320.17515284910735,233.1649792125214,317.34888727762683,232.44021948607042,319.92041182729787,233.27681286130993,0.2782081113014103,6.723658199156287,6.723658199156287,0.3983218367070502,0.35746931732304965,36.359343999720295
221,7.366666666666666,track,1,321.449578820698,243.06912154031286,319.9026687573199,236.8429272125422,321.6833582100062,243.5423048710068,0.5277833526286322,3.9219406755270647,3.9219406755270647,0.5504545999072717,0.11489134381417908,35.12280899849429
222,7.4,track,1,314.8836989973196,249.83172838280552,318.2944434133633,244.58925890191924,314.6250588520352,249.44424005205045,0.46587759253272987,10.866630687790911,10.866630687790911,0.46790321293970705,-0.3417993640531718,36.68047300016042
223,7.433333333333334,track,1,323.41619150357013,241.24472183695485,321.02353986332434,245.3107683857055,323.69562960429494,241.00175901835115,0.3702925645493576,3.828994555100465,3.828994555100465,0.6360676970236483,-0.39917999569065277,34.455172999514616
224,7.466666666666667,track,1,309.08956097560974,238.7411707317073,316.3775057261176,242.42661142487958,308.8419167083565,238.6825656996076,0.2544842488068753,11.235588808740914,11.235588808740914,0.34631315846358224,-0.24390171915941675,33.80614999878162
225,7.5,track,1,324.0159300091029,245.2185192677253,318.48791617213766,243.1578126035044,324.2466847367067,245.07673639844478,0.27083228451004776,6.6187297657686335,6.6187297657686335,0.4748305944649897,-0.3040285932615901,35.2485080002225
226,7.533333333333333,track,1,318.1150527325024,231.29989403037797,319.3488724827633,237.80584481942358,317.82123042303886,231.2095528740337,0.30739725774333415,9.056434041271462,9.056434041271462,0.5177623367247619,0.023857436439691987,35.57899800034647
227,7.566666666666666,track,1,311.0298439400081,228.8802188893393,315.3346600575442,231.48229391785904,311.1818750597839,228.55833653698957,0.35597992939837997,14.44544877330049,14.44544877330049,0.28734156713078,0.4332948587267527,36.49085799952445
228,7.6,track,1,319.12595629781487,238.2103605180259,316.58423839872273,232.38875305552156,318.62394427060656,237.74196423293546,0.6865938794865051,2.644287218843534,2.644287218843534,0.35045810818264767,0.4129013401810423,36.1323529996298
229,7.633333333333334,track,1,323.13732484730275,232.8764820612842,320.26307086193395,232.7717782047323,323.1530658313232,233.16960794203646,0.29354822524539037,7.523036607790051,7.523036607790051,0.5441979008838643,0.4168901195045911,36.66328899998916
230,7.666666666666667,track,1,318.4188223193623,236.30758549755723,320.35331470769205,234.6320044152333,318.77832453455744,236.2849431079457,0.3602145479260239,3.9107721301636063,3.9107721301636063,0.5629461533023578,0.33559940871755317,33.48858299978019
231,7.7,track,1,321.2320735444331,239.37073544433096,321.47973479799316,237.2261420652996,320.9107180297681,238.93503129018725,0.5413940124749256,1.4012728794295821,1.4012728794295821,0.6582268714051481,0.20237798564974546,34.26176100037992
232,7.733333333333333,track,1,313.2328941993464,243.7578125,318.68003615139673,240.74204130017552,313.306717602611,243.87130871102318,0.13539307510425588,7.732209282426423,7.732209282426423,0.48742807894577334,-0.0077680690789647365,35.93764899960661
233,7.766666666666667,track,1,319.838435982622,239.20204446716076,318.13974442805875,241.4928976967914,320.2198829594114,239.67863828337647,0.6104452979234269,0.38938652872272445,0.38938652872272445,0.45886625936848924,-0.05343719194417551,34.85060700040776
234,7.8,track,1,321.0847849545244,236.35157494476132,319.7096095645725,239.27298383720006,320.7366072325471,236.2007931573955,0.379424397584746,3.869956440056333,3.869956440056333,0.5602789972845225,0.06678351705144626,35.50162000101409
235,7.833333333333333,track,1,311.77264742785445,237.7159347553325,316.3025838911258,238.2671901343658,311.60132568134236,237.82701603575632,0.2041817614003396,8.675228505332846,8.675228505332846,0.3584214249127547,0.13303774348038475,35.965111001132755
236,7.866666666666666,track,1,316.447412608762,236.42604182567547,316.0931600104154,237.0700212891482,316.4966104252972,236.69741363554056,0.27579536678719363,4.814645906694455,4.814645906694455,0.32731597980203225,0.21461156011542643,34.4492589993024
237,7.9,track,1,327.23979566031056,235.56441252339286,320.6023604719845,235.97197286481102,327.44344409467965,235.91725696120807,0.40739646797451445,8.489620174744292,8.489620174744292,0.5588228295374388,0.29595688893645133,34.54452799996943
238,7.933333333333334,track,1,314.2148986765922,246.49653639371382,318.4965617768258,239.59623207385093,314.6956174576615,246.90922129845808,0.6335608708534063,8.710557565766502,8.710557565766502,0.4201412091448509,0.05603550727788175,33.86783700079832
239,7.966666666666667,track,1,320.82159176500124,242.6661812703992,318.30520766846917,242.5836140387782,320.3552379813708,242.98865225968618,0.5669862347871878,3.0096904081210236,3.0096904081210236,0.4098834023215969,-0.10060303350810944,34.46635000000242
240,8.0,track,1,312.79358540532587,240.21117159531167,315.9197797293916,242.29367518211637,312.4415876601231,240.47372354638352,0.4391308912379881,7.573243103057072,7.573243103057072,0.2474049740429318,-0.09111867466411425,36.181354998916504
241,8.033333333333333,track,1,319.6620761658546,239.07507208909217,316.6721324926312,240.64184015999606,319.4657874344638,239.08283217842546,0.19644206539711576,1.0614046721720114,1.0614046721720114,0.28162604451148426,0.000147337752850224,35.27732200018363
242,8.066666666666666,track,1,317.0248368013056,230.01637086903304,317.1321780917901,234.93375167540864,316.93059546054474,229.79799867959682,0.23783995338792796,10.653735268361839,10.653735268361839,0.30243233950676063,0.33366216732197646,34.46138100116514
243,8.1,track,1,330.82836879432625,242.2002026342452,324.0622184521026,237.19906128241357,330.8357149606182,241.62830890133696,0.5719409129437147,10.957376902613968,10.957376902613968,0.7263704941338811,0.20945712636949806,39.48345100070583
244,8.133333333333333,track,1,323.74419780553166,236.97906659250646,326.3578579589568,237.8949443836055,323.67968676653027,237.08486503327438,0.1239152299839016,4.694476176742655,4.694476176742655,0.9191318670372491,0.1644175092126749,38.2883230013249
245,8.166666666666666,track,1,313.5854365535509,235.81088510170423,322.2848433397498,237.55789796072503,313.5663419419956,235.4944830251731,0.31697772512221223,7.854402537289423,7.854402537289423,0.6914832196940293,0.19522638165791878,33.10897300070792
246,8.2,track,1,314.91545954676224,241.24716095492857,317.4870396464628,239.17387515668244,314.85591257075816,241.33773309289668,0.1083935169986829,5.315182528146593,5.315182528146593,0.40076811599917583,0.11524343094530475,38.55869300059567
247,8.233333333333333,track,1,319.84699287986666,239.75094682623845,316.9562656164857,239.6186759759946,319.84323271334375,239.30501857367676,0.4459441055614465,0.7124430960433575,0.7124430960433575,0.36397854336337504,0.06994808335659781,34.86487599911925
248,8.266666666666667,track,1,322.52871316897176,242.20640408899578,319.6143906561135,241.06656292313855,322.38548292560284,242.00429230803908,0.24771773173716954,3.115720854699172,3.115720854699172,0.5254135277304286,0.0037187084070843673,33.215838000614895
249,8.3,track,1,312.0942058553504,238.20809956135878,316.4448892617233,240.07909148484322,311.9378486243067,238.33478148340373,0.20123591397328916,8.232328802508347,8.232328802508347,0.3339648598624916,0.053019186994740126,38.431607999882544
250,8.333333333333334,track,1,315.6781430363865,228.28516938519448,315.89442684678994,234.79488444383665,315.39166416118536,228.41215426783697,0.3133613032207729,12.470562453863595,12.470562453863595,0.2864930792997901,0.3439158235372165,36.2984889998188
251,8.366666666666667,track,1,309.8775232135648,231.00560153411385,313.0819642817522,232.47418255788486,309.4720668613947,231.34149380939976,0.52651540728819,13.63110801158902,13.63110801158902,0.11055553737636681,0.5057558054099192,37.77311599878885
252,8.4,track,1,321.9849066257355,231.64313123561013,316.02987663522595,231.25614100186937,322.49110134082207,232.06790216193906,0.6608051372650698,8.314070122558299,8.314070122558299,0.27742162597221776,0.608963312432333,36.418723000679165
253,8.433333333333334,track,1,312.23920635724045,229.34463734372628,315.87362136803966,229.95129442905,312.3491420229177,229.8000523802312,0.46849621776773825,12.750472902269593,12.750472902269593,0.24088250678964265,0.726501733170428,38.03727400008938
254,8.466666666666667,track,1,321.5325537607769,233.99494599147755,318.02230117724906,231.17612038046178,321.51472239426136,234.34683964028045,0.3523451400255594,5.85257259539609,5.85257259539609,0.3681182715744433,0.6863821242059356,32.21640199990361
255,8.5,track,1,325.8408883942123,233.79130830719419,322.8652198088005,232.84269811384954,325.7001117323674,233.92772648186894,0.19603057644607708,8.328492026799832,8.328492026799832,0.6583019973413428,0.6143254502018339,38.30466200088267
256,8.533333333333333,track,1,322.4554286001913,236.47526048220666,324.1955453938173,235.15298210786386,323.01741434769633,236.35911283662276,0.5738625758607131,4.7287259047368,4.7287259047368,0.7741941555332561,0.4971884927601274,37.07068900075683
257,8.566666666666666,track,1,314.9056584977087,243.93962940824866,321.2904730672459,239.95260313486267,314.95048914536807,243.6106229357582,0.3320467525969556,6.207588731163557,6.207588731163557,0.6111063343587175,0.2075419707544019,32.950677999906475
258,8.6,track,1,310.84076719444585,244.50826632036362,315.5714940981845,243.96448664584628,310.5490510064672,244.6958332691138,0.3468136309204663,10.553259542419791,10.553259542419791,0.27149761682013296,-0.05503167690259897,35.21360699960496
259,8.633333333333333,track,1,311.22240112710074,237.97272818758177,311.9339290559719,243.10063183863576,311.6062507136249,237.8169004536138,0.41427380770252425,8.673001251697954,8.673001251697954,0.03221099753272971,-0.020612308875388702,39.420454000719474
260,8.666666666666666,track,1,307.12202636496795,235.31430880347492,308.43220949004456,239.25038814119534,307.0584294771965,235.72410402097623,0.41470071668754155,13.629656416070356,13.629656416070356,-0.21872515442994928,0.19053647247110828,33.607456000027014
261,8.7,track,1,319.2268807019293,232.63168652475198,312.2091500719807,235.3355286722776,318.80494576053616,232.46729148616873,0.4528297952644314,7.626916296223957,7.626916296223957,-0.026684753105753745,0.4305815282001435,37.41971400086186
262,8.733333333333333,track,1,322.30390561432057,238.5746541903987,318.2616382556329,235.72733170929078,322.6254470308228,238.81616130388343,0.4021374993580965,2.8800080156275856,2.8800080156275856,0.3155309005927356,0.44535505003026366,34.35454700047558
263,8.766666666666667,track,1,325.33153477218224,231.17685851318944,323.4887754325256,232.82340934895583,325.0635227492275,230.59701701122444,0.6387852627051789,10.679670019206917,10.679670019206917,0.6428846746546328,0.637786611516731,34.39713799889432
264,8.8,track,1,312.7848649738009,229.15014107214833,320.7755428165479,230.14204569641677,312.9731025936606,228.8586528001288,0.34698532282415284,13.172201964261607,13.172201964261607,0.4871042359711562,0.8342274644441499,38.6580899994442
265,8.833333333333334,track,1,317.14421687347385,227.1639009318782,318.18331386194103,227.56494469066692,316.94821451895,227.2142242545007,0.2023594815635204,13.144940320767756,13.144940320767756,0.32499078339220056,1.0359760617806795,33.579945000383304
266,8.866666666666667,track,1,315.2461216574811,243.47504592774035,315.7453472257425,233.83490843467126,315.46766216477687,243.66772795996127,0.2936095398886704,5.8304643589406115,5.8304643589406115,0.17230457039239,0.6869851854309859,35.313586000484065
267,8.9,track,1,312.3845217567705,238.78892382594583,313.4248229686124,238.35011084785648,312.0539538387396,239.2276265305702,0.5493042977039518,7.983496124703799,7.983496124703799,0.012683106388009124,0.40683633512517203,38.069915000960464
268,8.933333333333334,track,1,318.05405673477486,228.85424518944654,314.7726536165953,236.00287911939233,318.2299063662193,229.20085198121356,0.3886635575638362,10.943254972996378,10.943254972996378,0.07339241740459934,0.558777219411446,36.97600400118972
269,8.966666666666667,track,1,322.1061516155758,234.7207435791218,318.7033725628052,234.52471497128857,322.6739364297788,235.0920630545056,0.6784229860778616,5.589076944491566,5.589076944491566,0.28942886001226764,0.6713483297176148,41.71561300063331
270,9.0,track,1,321.13173349534225,240.8798602673147,320.80792870460624,236.74010897972065,321.02189674535254,241.21277708250796,0.35056770742142596,1.5859070622260976,1.5859070622260976,0.4164385248545699,0.5434352651774317,38.570619999518385
271,9.033333333333333,track,1,317.54860323677974,228.23817132254408,319.9239117411142,233.58535562372182,317.6499531719457,228.4160750328505,0.20474750181366208,11.819900073122346,11.819900073122346,0.37157742731651044,0.7544353782199893,34.39005200016254
272,9.066666666666666,track,1,326.550398077212,236.1761053527615,322.9517557412659,233.57774112094384,327.069727220344,236.12893080992058,0.521467349312026,8.060162507322998,8.060162507322998,0.5656982475100771,0.7683255792953807,38.420777000283124
273,9.1,track,1,321.0956741628204,241.56832465874496,323.2873571918214,237.70989871468709,320.75237366985056,241.48708448575897,0.3527820774644343,1.6665792531018182,1.6665792531018182,0.5993960006939764,0.5309851718288972,39.21496200018737
274,9.133333333333333,track,1,311.76808382027,230.061706629055,317.6665820806665,235.20171265027085,311.7094056155795,230.56660443793612,0.5082961037807096,12.558778088546322,12.558778088546322,0.26631316356460666,0.6948432024773096,31.53040400138707
275,9.166666666666666,track,1,315.0282592500621,234.9796374472312,314.5892521544795,234.13621164337354,315.10900354597356,235.06969124438413,0.12095175775449088,6.944767147932438,6.944767147932438,0.04974513328540209,0.7868533061798182,32.08021499995084
276,9.2,track,1,311.06546016552,240.047562069997,311.14453437051753,236.17102230326188,311.26383819729807,239.8139787788262,0.30645553903679773,8.738142075848573,8.738142075848573,-0.19660576010706982,0.7036966998657709,36.827645999437664
277,9.233333333333333,track,1,321.11546402135053,244.36029004481594,313.86501952187456,239.61830134368614,321.40712722046624,244.6678820254926,0.42388707021444955,4.875359434800046,4.875359434800046,-0.059426685656498,0.47641371722004816,41.336763999424875
278,9.266666666666667,track,1,318.81063560148175,244.80273932540456,316.9339548150546,243.2515806124383,318.2724298577073,244.64782288399385,0.5600576099394956,4.958503419129413,4.958503419129413,0.11268207991849813,0.2595582613411216,31.975047999367234
279,9.3,track,1,319.07017985792737,237.73424353871732,318.99400886122345,242.10529218108832,318.6198470013338,237.99980845055703,0.5228043650622423,2.430141669572028,2.430141669572028,0.22816366276986355,0.31474864813083603,34.920955999041325
280,9.333333333333334,track,1,326.05936420881574,226.35547430428602,322.9402064909073,234.09718770667882,325.7309002296096,226.17191605453212,0.376274124394253,14.968604579073014,14.968604579073014,0.4642337358635099,0.7683150774491053,33.83539300011762
281,9.366666666666667,track,1,316.1375479907858,230.60455592526236,320.72890991718594,230.7400959327364,315.8069762715661,230.77875447564867,0.3736613393228469,10.129798468260818,10.129798468260818,0.34061756919492125,0.9895390604620633,36.697515000923886
282,9.4,track,1,315.75385086198105,229.8412730796695,317.59356127163954,229.20006337262365,315.42393692100876,229.29660038243074,0.6367978922430609,11.640580598762615,11.640580598762615,0.15324538185856285,1.1245281120234845,35.642294998979196
283,9.433333333333334,track,1,320.30937208960347,234.99892162148913,317.8625146788679,230.97186899046127,320.0748813122156,234.87020128334305,0.26749738341225926,5.130345220775539,5.130345220775539,0.16790719579426433,1.050683283477785,30.510661999869626
284,9.466666666666667,track,1,320.7866211672605,232.8799116776233,319.43404214658824,232.3056093275076,320.40730419246285,233.0466180754371,0.4143336704175451,6.965300919130195,6.965300919130195,0.25769327667959374,0.991343314524191,35.27778999887232
285,9.5,track,1,322.0698109392377,242.8826711151552,321.0766748914905,237.88572624492386,321.49713297489495,243.33073065628878,0.7271295642762569,3.651735731027054,3.651735731027054,0.3606191778446803,0.6846557677193444,33.79343400047219
286,9.533333333333333,track,1,316.4710090922641,235.18383266259255,319.51072301292373,237.92831399689413,316.9298863626078,234.89581770776064,0.5417757501447472,5.956364211405417,5.956364211405417,0.29472923052726374,0.6841098469075577,34.07569999944826
287,9.566666666666666,track,1,308.623344740366,239.0578534940237,313.8481398596725,238.43299872902398,308.9075821808559,238.78943329626978,0.3909479826505159,11.158279653183351,11.158279653183351,-0.0622995388650133,0.6558505962109984,35.641440999825136
288,9.6,track,1,313.86780405068345,235.27521700089792,312.46163000639285,237.0185205581165,313.97384096127314,235.11973752395855,0.1881958930390057,7.7544538553716125,7.7544538553716125,-0.18536243413188858,0.7329356736290982,37.89617499933229
289,9.633333333333333,track,1,319.77226349678057,241.82704309063894,314.5915133712976,239.03940521056666,319.6328919942157,241.75254415868207,0.15803324520462017,1.7905807203367219,1.7905807203367219,-0.07607885566958832,0.6051635607125939,34.78463399915199
290,9.666666666666666,track,1,311.29894520195523,234.56233599176744,313.7470760201505,237.83290526292998,310.9164859607445,234.5492600692722,0.3826827026879763,10.593431601411403,10.593431601411403,-0.15523692541353223,0.6795282722335281,34.24750999874959
291,9.7,track,1,313.51926897099725,233.93742550655543,312.9371754772309,235.41104543629538,313.92770155320596,233.9395002387132,0.40843785172680525,8.579187944292544,8.579187944292544,-0.23231954765748644,0.828269866536241,34.17882299982011
292,9.733333333333333,track,1,316.12194879936493,235.4867037110538,313.86486393790767,234.6668256780854,316.26435274814673,235.56407037842808,0.16206321559581408,5.7993561709743275,5.7993561709743275,-0.21157117896116018,0.8939370584259752,35.6366350006283
293,9.766666666666667,track,1,314.39902676399026,237.5646796431468,313.8158005252628,235.30047884596914,314.07247316488986,237.61240519737885,0.33002269863175365,6.390319500811708,6.390319500811708,-0.23647153853929959,0.8825573577636913,35.92080300040834
294,9.8,track,1,324.00407601773065,246.72405359963315,317.915641369942,239.71360346006892,324.3036450795663,246.63458425208438,0.3126441858725302,7.9081647155886525,7.9081647155886525,0.005979006656389325,0.5974186632002568,37.4686790000851
295,9.833333333333334,track,1,315.8176308539945,235.6273478587528,318.6412901535936,239.6781849755444,315.8063166285886,235.38515209084613,0.24245989707257057,6.235687728252135,6.235687728252135,0.03996970301913588,0.6023122742764505,35.72104799968656
296,9.866666666666667,track,1,328.6646968267369,240.2707950538809,323.3215450762142,239.50186175205528,328.18252305065187,239.91339239586654,0.6001901451205329,8.182981385261906,8.182981385261906,0.309019086763493,0.6029404674547305,35.319798000273295
297,9.9,track,1,327.9962692288036,235.18572085654418,326.36759057587324,237.10856756558113,327.9398510861455,234.70891552962286,0.4801315721773991,9.541321194825796,9.541321194825796,0.5160174748628965,0.7624345470237587,34.720734000075026
298,9.933333333333334,track,1,325.609256297481,237.74750099960016,327.10759071007493,236.76951486181403,325.2056572269084,238.1779998452946,0.5901029282348424,5.515301598988942,5.515301598988942,0.6082970585912559,0.7950567954219759,37.60431000046083
299,9.966666666666667,track,1,319.3315623277029,247.6491403939652,324.74950397285323,240.8683916288555,319.4820147686493,247.78977325571228,0.2059454752838873,7.806976115968824,7.806976115968824,0.49409547757225425,0.5374500297514152,31.688207000115653
300,10.0,track,1,313.0185298621746,234.62307299642674,318.7679264666341,239.80341123344294,312.5538032231778,234.62440271494768,0.46472854134926395,9.183838664208954,9.183838664208954,0.14712027788496262,0.595432220057927,35.079672999927425
301,10.033333333333333,track,1,309.9841852163998,242.12894749888454,312.58350765643394,240.0536871767365,310.0720416809256,241.97183798606144,0.18000599261827158,10.121882306594609,10.121882306594609,-0.2429226629425907,0.6006418681760536,35.09598299933714
302,10.066666666666666,track,1,315.31764345517666,231.81248723708393,311.4651896088447,235.60267735814898,315.78717366966094,231.34054308192185,0.665725099350551,9.629854609787706,9.629854609787706,-0.3730990560601663,0.851415434477891,32.424643000922515
303,10.1,track,1,314.1423162358643,241.23813610662359,310.7508187490108,237.0836326743793,313.97876630048603,241.6452530123758,0.4387399643427776,6.2419638527385235,6.2419638527385235,-0.4504586161649069,0.7643449422024615,35.784898998826975
304,10.133333333333333,track,1,318.52188568879194,240.38645714568977,313.7006811700838,239.15389560785252,318.82531302056515,240.37737359605526,0.3035632661258121,1.2338153551700755,1.2338153551700755,-0.30257085429689357,0.6421019357760193,37.04408100020373
305,10.166666666666666,track,1,320.46472553223316,229.54399960113676,317.6015942177698,235.0187253683998,320.0447079791389,229.36976330720836,0.4547230267197971,10.630330707375592,10.630330707375592,-0.08419710055171216,0.8996201531592489,35.17612699943129
306,10.2,track,1,320.6191404297851,233.59655172413792,320.0819928475417,232.7236225967919,320.5322617955095,234.070957682006,0.48229545918898614,5.952885470721128,5.952885470721128,0.07163163196970995,1.0702455514546931,33.90875299919571
307,10.233333333333333,track,1,318.91302401909593,240.23094136953603,320.61312245403707,234.89025143892735,318.9735556311243,240.38459179014205,0.1651439608558716,1.096129046892403,1.096129046892403,0.11748903754806551,0.9536515807852635,37.14270400087116
308,10.266666666666667,track,1,313.4674707236513,235.2205484936443,317.396122690541,235.68921042623774,313.79185757667364,234.98128163010256,0.4030824511224066,7.983017375945676,7.983017375945676,-0.0702026270585634,0.9222378598748271,37.01524999996764
309,10.3,track,1,322.67338203822595,243.06656335325806,319.02437361644894,239.25395071452442,323.0831958599448,243.58817816887444,0.6633471069826917,4.730868766132476,4.730868766132476,0.036626665068982295,0.7053142518248154,32.29912699862325
310,10.333333333333334,track,1,314.9959385398317,240.66622626737131,317.78828578130583,241.1608852633202,314.51048581664503,240.75695974919788,0.4938592017708176,5.541457753259614,5.541457753259614,-0.039831984997038584,0.5812423190768158,35.88465400025598
311,10.366666666666667,track,1,318.2608069879399,238.34875179909673,317.4970077114964,240.3485805490522,318.14705054104047,238.0396439556327,0.32937545157792486,2.697483552896259,2.697483552896259,-0.06705120698439108,0.6208295955446995,35.7640510010242
312,10.4,track,1,314.8689317991012,241.37779643439183,315.8095457341165,241.11436877113658,314.6079691371593,241.75415642048821,0.45798291459647095,5.670190611731403,5.670190611731403,-0.1720493314863684,0.5442853078764981,34.49496099892713
313,10.433333333333334,track,1,320.3023935500126,234.34950869236584,317.2892638263582,238.34022056950735,320.17804585796944,234.37414866874133,0.12676544068571935,5.6286680066393195,5.6286680066393195,-0.08661463930476296,0.703055952105259,34.79429599974537
314,10.466666666666667,track,1,315.47275442933665,232.65404820766378,316.97729636482825,234.74749273673402,315.45856823246316,232.33580969473212,0.3185545468121366,8.90867080627379,8.90867080627379,-0.09646075318218258,0.922737264948839,33.825409000201034
315,10.5,track,1,318.0124290467802,233.16319240555882,317.75635096149136,232.73594982167893,317.81616796016357,233.4218009364135,0.32464871222715896,6.931221053925967,6.931221053925967,-0.049442049705893665,1.0702213641877203,34.32081599930825
316,10.533333333333333,track,1,329.01912064930536,241.5726734053677,323.2559369339417,235.55514376974241,328.8449713054121,241.51480857183464,0.18351112483514212,8.973748514576693,8.973748514576693,0.2986764363221596,0.910972850087742,36.24639400004526
317,10.566666666666666,track,1,328.03099070278915,232.09692092372288,327.653538900404,234.90079895115213,327.90211672849597,231.62045444896083,0.4935876850391372,11.51782238240876,11.51782238240876,0.6091787876121266,0.9365330495117292,37.9183329987427
318,10.6,track,1,312.8457943925234,227.2089739724651,322.84638534748615,231.77650910119817,312.5934760062509,227.22676161662258,0.2529445953876338,14.765236756265276,14.765236756265276,0.3442681112383795,1.144781453632723,37.99066800092987
319,10.633333333333333,track,1,317.1026199766888,235.2572847514316,318.48015452972146,232.2043167002534,316.7812991276358,235.04161845542714,0.3869871306237712,5.911478905258714,5.911478905258714,0.1037925447868136,1.1328832402236837,33.91110899974592
320,10.666666666666666,track,1,318.3074698314551,244.01136930288223,317.40577906619797,238.3138929638445,317.9570303898844,244.4266432154985,0.5433785280152414,4.875335371559056,4.875335371559056,0.024813632595576965,0.7946598568857006,32.439323998914915
321,10.7,track,1,306.53849936080246,239.6147113777166,311.2915240563992,240.20242294233978,306.9975031737613,239.7534249461729,0.47950594822653547,13.004834600006168,13.004834600006168,-0.3413887863194524,0.6692411784862456,36.31906800001161
322,10.733333333333333,track,1,309.20255733712196,235.30657600974223,308.7196228009669,239.1968171140594,309.4049734274471,235.0532829101695,0.32423705512121714,11.692929403700493,11.692929403700493,-0.542045500243971,0.6807430970187601,34.93224300109432
323,10.766666666666667,track,1,323.0559009325178,230.56933721046826,313.1562044652237,236.35802280498808,323.07761850183886,231.20601341367504,0.6370464979473722,9.316970308170152,9.316970308170152,-0.29720391918213923,0.8496206144767139,34.27207999993698
324,10.8,track,1,320.7258451690338,237.9095319063813,318.1552442598627,236.04235334074383,320.39216820718667,238.1260857668475,0.39778874965280264,1.9145105003471636,1.9145105003471636,0.0013807655539844442,0.888571829659699,35.3820230011479
325,10.833333333333334,track,1,320.7285849385297,242.2127818426161,321.31532267897455,238.2044328051986,321.15014626197257,242.16392600720675,0.4243828955983491,2.4505942521346187,2.4505942521346187,0.21813044201065387,0.7822501213706895,36.76477900080499
326,10.866666666666667,track,1,317.01036977085334,241.8326167231524,321.24006379957297,239.76855725298375,317.0648805609158,241.49543256316622,0.34156197677554767,3.2941227470553938,3.2941227470553938,0.22617769975239155,0.6695070194596278,33.0767850009579
327,10.9,track,1,312.1307601619765,231.16397560100467,317.05731867457445,236.27900706760164,311.93755962289237,231.53099688181683,0.41476628222580225,11.69303034504793,11.69303034504793,-0.0020098719263295095,0.8616251694389626,33.46248300113075
328,10.933333333333334,track,1,321.8327795659848,233.7679887862112,318.64077567847545,234.82945823607872,322.0968248554777,233.90035347713928,0.2953647343672795,6.449989316145873,6.449989316145873,0.10200762670377761,0.9547887513657296,37.70579199954227
329,10.966666666666667,track,1,307.320988273028,233.08835321238848,314.0535691403235,233.49493065484324,307.20476760338295,232.91753589241802,0.20660542310073213,14.624611786937308,14.624611786937308,-0.18769172981538007,1.0469269964432288,37.78536799836729
330,11.0,track,1,320.44978232256756,244.84585400425232,315.4935439175483,238.60903510142873,319.81861807573637,244.47271284979942,0.733213903049051,4.47638912955637,4.47638912955637,-0.10502006116884013,0.7396564666809295,36.82365399981791
331,11.033333333333333,track,1,310.97370112215134,241.37634089673242,313.9680604036773,241.747898751062,310.97224956725387,241.73181430789202,0.35547637481704436,9.192358711069074,9.192358711069074,-0.18799309363990604,0.520646623406218,31.69058599996788
332,11.066666666666666,track,1,323.83144447758224,238.19758425290783,318.98784790525326,241.76529371867545,323.19886594656174,238.35665087989796,0.6522712547169837,3.5962952707769276,3.5962952707769276,0.11130201512843292,0.5007870117759161,32.82754399879195
333,11.1,track,1,309.7877360853665,234.28700966885427,316.3333997117175,238.29640964355738,309.65427108044776,234.30982440234988,0.1354009586466406,11.807294576191135,11.807294576191135,-0.05666211393956762,0.6938580246769098,37.70244800034561
334,11.133333333333333,track,1,313.7328923811418,229.79933359856773,314.0255662025766,233.2109624474192,313.95360865661377,229.76103062008085,0.22401516113686007,11.890977345882803,11.890977345882803,-0.21633094551357207,0.9997358996518032,34.1995480011974
335,11.166666666666666,track,1,311.86881175827995,241.60971249813795,311.88812105809836,235.78130779980285,311.6343368748788,241.48291401267792,0.2665639264059296,8.496078712677361,8.496078712677361,-0.3640844971835343,0.8515514112889886,37.23716300009983
336,11.2,track,1,314.2636922923023,232.34146951433002,312.30444611092037,235.07291007170932,314.428104921667,232.05990762695254,0.326050010149017,9.700055755328316,9.700055755328316,-0.3635694518112972,0.9110074436649155,35.285882999232854
337,11.233333333333333,track,1,324.80142849906287,241.30545565067627,318.48317352622246,237.5872316842671,324.33398826246525,241.03205593545692,0.5415235720376788,4.455176058597288,4.455176058597288,-0.0010546297464272547,0.7597774229262562,33.14203700028884
338,11.266666666666667,track,1,314.2579484398876,236.33302114654705,318.38945169060395,237.90079635286014,314.10344687007563,236.10554282469334,0.2749856759683159,7.066550467117488,7.066550467117488,-0.011301368870321168,0.7430502550506873,33.46115699969232
339,11.3,track,1,310.282955792835,241.92046701925955,314.154082674317,239.91945840291442,310.4709943231444,241.57320626305662,0.39490318013348225,9.657998091512905,9.657998091512905,-0.2571012342613012,0.6216669559359032,34.921862999908626
340,11.333333333333334,track,1,324.2789742562356,242.47971551637784,318.2176848027625,241.51717065483012,324.70280237768884,242.20031805804675,0.5076349241890948,5.192085299777193,5.192085299777193,-0.012072084816884397,0.5147626289351558,38.06184899985965
341,11.366666666666667,track,1,319.289882972795,234.19600790313592,320.3217722856914,238.62340564803858,318.88344490798573,234.0240948036931,0.44130036742103634,6.079320536766501,6.079320536766501,0.09888551211767924,0.6814625673912357,37.341094999646884
342,11.4,track,1,321.3459779258228,236.10574724072785,321.4298933144545,236.39277283071362,321.25535459481324,236.06732371376356,0.09843249233685712,4.128178524609272,4.128178524609272,0.19731442123014872,0.8243562702763514,31.96453000055044
343,11.433333333333334,track,1,309.5552857213659,242.4222134113099,316.2874086179228,238.25217899666126,309.65828010503355,242.40052896372316,0.10525235548061893,10.616671309389709,10.616671309389709,-0.1097399762302282,0.7111520893352293,33.474665999165154
344,11.466666666666667,track,1,313.27425988930077,230.65942212969077,313.12686652101206,235.23111604305927,313.4353733506905,230.8292620249359,0.23410069939634598,11.27815401792808,11.27815401792808,-0.30653267356530717,0.9056172845447004,39.04083400084346
345,11.5,track,1,309.8090171100287,233.8509304358686,310.61559735887766,233.21814735539365,310.040736683201,234.31567424364704,0.5193079697631547,11.467278888981308,11.467278888981308,-0.48424094342158963,1.0542415430904228,37.472949999937555
346,11.533333333333333,track,1,315.21331049423145,236.59599979847852,311.81124653659225,233.60232997527083,315.55892700956997,236.21163443794066,0.5169018340614954,5.837366095948095,5.837366095948095,-0.43970992017050636,1.048166779380783,34.849243000280694
347,11.566666666666666,track,1,322.9737797900393,246.92447385442063,317.4609196968569,240.04067878358154,323.2194201545438,246.87440560590338,0.2506910811805629,7.590923433019107,7.590923433019107,-0.11318904467611793,0.6654500372477223,32.71254499850329
348,11.6,track,1,318.34021391443423,241.54138344662135,319.67054379734003,242.83912039115518,318.6620729461743,241.58071297359493,0.32425306167347745,2.0709182278037974,2.0709182278037974,0.0631466231058791,0.45380238246683396,33.90262700122548
349,11.633333333333333,track,1,309.6814353529682,236.54657751008116,316.4219801437708,241.67177454911194,309.9988116738031,236.14438143182534,0.5123372076973044,10.718654881994757,10.718654881994757,-0.14827199653608508,0.5049907816322599,34.921233000204666
350,11.666666666666666,track,1,313.6046888823356,239.54443133785512,314.0086944904864,240.3578746634868,313.8928647058184,239.4673269337654,0.2983125782966794,6.1303215329157394,6.1303215329157394,-0.312186863132687,0.5898428163907015,36.69750399967597
351,11.7,track,1,308.40838400957034,236.41551191306948,310.19903272335887,238.04915327829266,308.68146374787983,236.69917165907657,0.3937453428041865,11.790026744108845,11.790026744108845,-0.5643809904808298,0.7016328082609997,34.344865000093705
352,11.733333333333333,track,1,320.38116692948864,229.9618783009186,313.4234544320242,233.66384185999112,320.4309581949777,229.98528336301433,0.055017879373018004,10.023984950354622,10.023984950354622,-0.388512508849863,0.9746107561329693,38.797671999418526
353,11.766666666666667,track,1,322.6598293157658,237.3115735888606,318.8943500477747,233.70758482674697,322.6654396508315,236.7810481447534,0.5305551080751875,4.179260649758543,4.179260649758543,-0.06848391485671614,1.0154041723732103,86.66015199924004
354,11.8,track,1,318.83824043989,242.39355161209699,320.6073609952299,236.73035629569802,318.6041216332949,242.50659562196844,0.25998185276926866,2.8690587353183834,2.8690587353183834,0.039527290897002035,0.8426906703915724,86.61642700099037
355,11.833333333333334,track,1,321.3272780544975,235.0566949897451,321.4820847566341,236.8525081320358,320.9407162567086,234.78464145984924,0.47269773284691696,5.299519957313047,5.299519957313047,0.11112334998683777,0.8482167955235492,80.89613099946291
356,11.866666666666667,track,1,317.55499162564075,235.37763284778967,320.09734860058325,235.8022183612572,317.9746731654713,235.85497095773542,0.6355975661384488,4.613373445525397,4.613373445525397,0.0374088505047869,0.9162651256070246,84.38583899987862
357,11.9,track,1,316.2004903432403,250.5557390173121,317.8530153094914,242.76869927171904,316.52083565032945,250.79345372679302,0.3989102641918852,11.340336323250762,11.340336323250762,-0.08444229625050187,0.4849474164440475,82.26017700144439
358,11.933333333333334,track,1,317.9003764115433,251.0327227101631,317.28617645345184,249.30441076504334,317.9250945616022,251.02111452230056,0.02730818499619932,11.214731289333564,11.214731289333564,-0.12778670326959538,0.04426012243557115,86.02208500087727
359,11.966666666666667,track,1,307.5066786283892,238.1628289473684,312.03343513115954,246.66067624571096,307.15930022914176,237.96597820013534,0.39927680742802635,13.000800563336222,13.000800563336222,-0.4601385727417115,0.16278948246862673,81.33323600122822
360,12.0,track,1,320.9785399015778,243.39957384201716,314.4119648451484,244.37579097896966,321.39085338524745,243.13334948704872,0.4907930480295923,3.4281703789693374,3.4281703789693374,-0.329208721790911,0.25608643468653014,89.06309200028772
361,12.033333333333333,track,1,315.71979756476424,237.83730019542014,315.9071840654194,240.95897488016251,315.69608726405187,237.56702514420144,0.27131306948089284,4.943989430369422,4.943989430369422,-0.23793688670023716,0.4317695220319842,82.32453399978112
362,12.066666666666666,track,1,311.02659789644014,231.09334546925567,314.38135862691814,235.46139048704003,310.65322300777314,230.8252851932256,0.4596358548594888,13.0972375685893,13.0972375685893,-0.31387430686407164,0.7464756590489432,90.30146199984301
363,12.1,track,1,311.72062174067133,229.58812212039896,313.53358776592955,231.35099615474414,311.9561386414141,229.39470222781836,0.3047613252717143,13.310749279916301,13.310749279916301,-0.3657252632193969,1.0136580655013447,89.41653499823587
364,12.133333333333333,track,1,319.72755756701645,247.36076988113592,316.3338766535039,236.43193406497352,319.54392195675473,247.1164331088737,0.3056509375672046,7.131032700430165,7.131032700430165,-0.19990233350244024,0.714421841132578,67.64040000052773
365,12.166666666666666,track,1,322.0894984482931,246.566873560917,320.1434840351529,242.9464587092545,322.3728616635684,246.6406891617324,0.29281983316520127,7.051895136570238,7.051895136570238,0.028091821559010577,0.30996154863860365,40.54881499905605
366,12.2,track,1,313.0438547056714,233.14908550642963,318.3635878811209,240.90475167674072,312.8094732242333,233.3346173341379,0.2989259740034214,9.80464182902125,9.80464182902125,-0.06862014972992272,0.4297793895388771,40.02724499878241
367,12.233333333333333,track,1,322.0735844350212,246.4277874781741,319.52480032906783,242.55307690358325,322.3011385400688,245.8894277514524,0.5844758900758037,6.323021257292075,6.323021257292075,0.042624705522072086,0.3025202183599538,30.71523799917486
368,12.266666666666667,track,1,318.68210663069004,246.20301803827513,319.91358255121384,245.41158842209103,318.38125555048356,246.0223687560592,0.35092098202664157,6.236125321607822,6.236125321607822,0.06771540092696715,0.10278812443123736,32.177776000025915
369,12.3,track,1,313.96784165129384,230.17036446128535,317.6428840338355,239.24008442506857,314.05991215502416,230.34800239918238,0.20008052038483357,11.333388782364205,11.333388782364205,-0.06850003253050412,0.4621276213729134,30.82972100128245
370,12.333333333333334,track,1,306.90649942987454,230.56115214912498,311.74982754772276,232.93287157928847,306.4426994715664,230.25268245385402,0.5570134237405597,16.697622494345442,16.697622494345442,-0.41998753438033565,0.8600710144435441,32.85987799972645
371,12.366666666666667,track,1,320.5437993121586,235.55416750960956,314.48342501908087,231.68276889681226,320.4449264181494,235.83692113113995,0.2995420832843173,4.186786976419552,4.186786976419552,-0.267530667236724,0.9577396939374424,28.156542000942864
372,12.4,track,1,310.23109592384674,235.6820600439346,313.4724146142639,233.0967201417968,310.4537499017459,235.5590573709598,0.254370696884007,10.52866859450155,10.52866859450155,-0.3524734277163102,0.9039357226760194,32.87860400087084
373,12.433333333333334,track,1,310.8438317568927,246.32576977259006,311.5041927002202,239.68439346052713,310.53770251260516,245.9238133556124,0.5052564451420585,11.163630162813995,11.163630162813995,-0.4939260682457691,0.5260512097457323,32.075394001367385
374,12.466666666666667,track,1,317.3898948007283,248.80563423022457,313.5552482008868,245.29058483874434,317.38435255725597,249.12379027646958,0.3182043152205237,9.49132027453158,9.49132027453158,-0.41574821286625324,0.19416715364491355,33.447531999627245
375,12.5,track,1,320.0746572128669,248.01261665189512,316.2808901096111,248.3209464296587,320.2537091643921,248.12160829160476,0.20961578869822217,8.125570108143778,8.125570108143778,-0.28266037210645895,-0.03679085655793496,30.75966399956087
376,12.533333333333333,track,1,312.992193877551,235.39938775510205,315.081394763375,244.68248965269353,313.42261811469166,235.3829949913157,0.4307362843117099,8.036086592079387,8.036086592079387,-0.3679755800726172,0.1558507884968061,32.64596499866457
377,12.566666666666666,track,1,309.8775041214967,244.26372583304192,312.1349441192137,243.11385764560407,309.62794271292427,244.231688711896,0.25160936743289597,11.202087382303748,11.202087382303748,-0.5631152525092171,0.2126170760541033,31.556653000734514
378,12.6,track,1,309.813030868034,241.6819453076445,309.88605098358346,242.5159058325251,309.6171037456478,241.6312404769286,0.2023818597218181,10.5102559494149,10.5102559494149,-0.7317032631558037,0.22824654217926846,31.008848000055877
379,12.633333333333333,track,1,312.54725916968965,238.92190648931881,310.01009045023784,240.73797926533453,312.5613176598947,238.8817481120563,0.04254804826551017,7.522265765172348,7.522265765172348,-0.7535597090695606,0.3237718543594918,34.582966998641496
380,12.666666666666666,track,1,316.693434784844,232.92961801449798,313.13717453825825,236.35903208677829,316.81385425896934,233.05501066508847,0.17385098955927203,7.640968626105111,7.640968626105111,-0.6012949555692084,0.5776836336188135,34.58966500147653
381,12.7,track,1,328.19724137931036,241.22983397190293,320.83626633069406,237.5337757664845,328.29944583490044,241.49367680357273,0.28294662140764126,8.432785516066295,8.432785516066295,-0.13524576306317665,0.5116584587642748,32.552122000197414
382,12.733333333333333,track,1,324.48313192346427,235.57849949647533,325.26492987299775,236.97811414989854,324.7589912972767,235.12500895904623,0.5308032231042991,6.812748037094483,6.812748037094483,0.18231851183138056,0.5393709224245321,30.966076999902725
383,12.766666666666667,track,1,318.09087968952133,245.99017315155737,324.383095383337,241.46578440624265,318.39565701291133,245.849442617873,0.3356997169552892,6.065467447774283,6.065467447774283,0.16196462002483156,0.2649043286926359,32.85632000006444
384,12.8,track,1,315.1958757739165,235.21285200718992,319.88729064695855,240.01678403459786,315.5218311022274,235.4713278935794,0.4160007931471888,6.368898470257625,6.368898470257625,-0.07303405698592443,0.35121602005050556,32.559599001615425
385,12.833333333333334,track,1,318.2631578947368,247.15187123531155,318.03903746003317,242.903927676178,318.6425341808923,246.95772992945686,0.42616571088732097,7.088915235866872,7.088915235866872,-0.1744570141085561,0.15660982988317484,29.38319200075057
386,12.866666666666667,track,1,304.35062916729333,239.8057101318494,310.9048727661611,242.6493428059884,304.59822312773167,240.10133576821408,0.38561287079345363,15.402110237271357,15.402110237271357,-0.6191222872487993,0.15914420267932766,32.54351599935035
387,12.9,track,1,320.859109683341,247.7358625261333,313.3672438776408,245.09082378528652,321.0610855057991,247.64356259244988,0.2220664554037681,7.716861509403683,7.716861509403683,-0.4849109367014825,-0.013669802800946623,31.188412998744752
388,12.933333333333334,track,1,316.5954705193284,245.5080534947286,315.84534011379384,246.36758488749552,316.7304715592107,245.15068517060078,0.3820175386801471,6.100768308317979,6.100768308317979,-0.3386771831858601,-0.12931118828347893,31.413725000675186
389,12.966666666666667,track,1,308.6909173985886,244.05554145301315,313.38669870215386,246.1955088663549,308.9296553803419,244.4849477228827,0.4913100533623509,11.944341173751855,11.944341173751855,-0.5018777958545735,-0.1489853741870918,29.50099200097611
390,13.0,track,1,308.20607110115105,236.9062340837323,309.8609046678006,241.81742510697663,308.01524695174953,237.1557577562144,0.3141272339733817,12.317630436446915,12.317630436446915,-0.7365941900713974,0.0746954635464051,34.3542559985508
391,13.033333333333333,track,1,311.4082500741913,232.46255811652983,309.30877407357764,236.66095398492178,311.23658403481676,232.66862816257472,0.2682053186487609,11.425693519319562,11.425693519319562,-0.818945227751606,0.3717767226190122,33.92320900093182
392,13.066666666666666,track,1,320.3461027684135,236.4419246092553,313.3329419599046,235.23096404617016,320.12950444574943,236.67549053906623,0.3185402281491955,3.3270308921479828,3.3270308921479828,-0.5961340819284925,0.47002453723262755,34.52064500015695
393,13.1,track,1,313.02705977382874,239.84425484652667,314.5834993405051,236.84349678624065,313.5990673922134,240.1632940538569,0.6549646794323944,6.403015164549509,6.403015164549509,-0.5422788467258963,0.38750701978438645,32.38496199992369
394,13.133333333333333,track,1,322.2911230367781,230.9581999901531,318.3695550443188,234.42431160435677,322.7335080443647,231.49507725572496,0.6956591789269522,8.933407922774682,8.933407922774682,-0.3322109553066367,0.5275752136116197,35.6528829997842
395,13.166666666666666,track,1,320.60892994611237,247.54806261226585,320.155107805138,240.59846380136557,320.8528392718434,247.15918413516297,0.4590405528190401,7.209802514963053,7.209802514963053,-0.2195224031999837,0.1979160079606263,33.748638999895775
396,13.2,track,1,319.4252318011442,243.22351548628922,320.6292970079484,242.70096276878655,319.3760744148362,243.17638717062303,0.06809938888248562,3.237084891305848,3.237084891305848,-0.1571950949521653,0.058300864410472414,34.63313599968387
397,13.233333333333333,track,1,316.18834171875795,238.69644762921178,319.4425978698878,242.0142390867873,316.8437628256426,239.05771692435172,0.7483931660302809,3.2938929089223095,3.2938929089223095,-0.2156927859779102,0.0910093536645197,35.38114600087283
398,13.266666666666667,track,1,316.52172384348785,243.73459239539906,317.7932546720475,242.50305247291834,316.75789073943463,243.55893218153622,0.2943319783432927,4.814277799443849,4.814277799443849,-0.30707137507936233,0.05932311356025402,30.14726699984749
399,13.3,track,1,317.8090622970475,244.26177748913423,317.27051877379586,243.23463238212386,317.79110806328447,244.56699655496803,0.3057466805354925,5.0731312935086486,5.0731312935086486,-0.34281902869846675,0.008773375219724794,33.45060699939495
400,13.333333333333334,track,1,312.7359673719092,233.46994646953863,314.73814052484653,238.82954698250455,312.4694781793245,233.29218147128037,0.3203387025793564,10.084819696251612,10.084819696251612,-0.4924614448693446,0.24309870237325476,31.228189000103157
401,13.366666666666667,track,1,320.8454125677575,235.9693836579,316.65755503105294,236.94476334188727,320.9977700257469,235.54792034280752,0.44815635772992324,4.5625166627932545,4.5625166627932545,-0.3771729421546589,0.3627171153050869,34.87171699998726
402,13.4,track,1,320.5400902464422,239.53056974264888,319.1789927587269,237.40969156849766,320.25841334814453,239.71464364717585,0.3364893421230612,0.3849749428162406,0.3849749428162406,-0.21879575609293864,0.3574960283167825,30.593634999604546
403,13.433333333333334,track,1,310.86246504194963,243.83075309628447,316.2548409041079,240.0404994588407,311.2004672536468,243.86503332132415,0.3397361166272454,9.610944757363237,9.610944757363237,-0.39793791907869824,0.20367840602066675,32.58517600079358
404,13.466666666666667,track,1,308.1581658938691,244.14003091190108,311.1707337569547,242.90438551224344,308.0304625563137,244.12582831008072,0.12849068573738723,12.660658982062191,12.660658982062191,-0.7137339101181224,0.01911716505053651,34.135213998524705
405,13.5,track,1,309.6554522574349,246.6402999640454,308.7605133368026,245.7924207006893,310.09336303944093,246.5553819955666,0.44606828442258833,11.879161964385942,11.879161964385942,-0.9031928234923514,-0.17791133868302234,34.41057599957276
406,13.533333333333333,track,1,321.7433549029368,248.648631159781,313.0874470481504,248.36988745296617,321.73186593748204,248.6197140663723,0.03111582585161115,8.791975330460554,8.791975330460554,-0.6622892230378072,-0.36523021142582457,33.07347600093635
407,13.566666666666666,track,1,325.53143230738283,245.27846509756588,320.33480393866967,248.07669589239237,326.0175381021416,245.47302002465614,0.5235937961369955,8.134169472110413,8.134169472110413,-0.24977625758232813,-0.39928302068339544,31.489208000493818
408,13.6,track,1,316.2933172059268,234.5120955548836,320.6714774260612,242.3754052339615,316.19315762672596,234.9587345620299,0.4577317380413213,6.317151737217231,6.317151737217231,-0.20508301524476655,-0.07556767462226478,33.895789998496184
409,13.633333333333333,track,1,306.9958314269737,237.04743022723807,314.0385311066168,237.94178467639998,307.27034721692536,236.66012094593637,0.47472876289014493,13.160503488598486,13.160503488598486,-0.572256307163838,0.2051682169037765,34.28998200070055
410,13.666666666666666,track,1,310.325885939921,237.9617134003099,311.07008773706497,235.93206128304035,310.1824479371467,237.93011004629366,0.1468782918778536,10.033382925379113,10.033382925379113,-0.7733089896503034,0.36580641722519563,35.63625499918999
411,13.7,track,1,309.2316819633893,240.78702905532174,308.8789400239162,236.35800169754677,309.4468097541187,241.2681145784968,0.5269945416726309,10.629108097576216,10.629108097576216,-0.9310163882939804,0.35878305507882613,30.71934099898499
412,13.733333333333333,track,1,317.0816479400749,248.2352559300874,311.80018012880646,241.77128209146048,316.75544686777863,248.19664905557758,0.32847774707984934,8.81545125153037,8.81545125153037,-0.7772172563594089,0.04065319652161524,34.97184899970307
413,13.766666666666667,track,1,310.16143925327447,248.32538766497717,311.9428309164323,246.5543943725901,310.16111706562384,247.92153570411986,0.4038520893757716,12.631482308423037,12.631482308423037,-0.7677342729369594,-0.2709581937980546,33.22229100012919
414,13.8,track,1,321.14511009220536,247.1369980349675,317.0168732604539,248.74864069782723,321.5029496859245,247.39215714690633,0.43949442230645136,7.543397446971675,7.543397446971675,-0.4828235306518714,-0.4565335637966457,29.59482799997204
415,13.833333333333334,track,1,326.51784640064164,249.96641267294967,322.6646491741098,251.06307647392774,326.269837408174,249.88584385179217,0.2607677036895598,11.706441380152858,11.706441380152858,-0.13781297002026605,-0.6520763537252021,32.474927000293974
416,13.866666666666667,track,1,316.1067062433969,242.80575539568346,321.72794345660594,249.26812543234476,316.18465134973064,242.62068594376316,0.20081369882420466,4.628701776843052,4.628701776843052,-0.1745207546548981,-0.5828983251773242,32.05699800128059
417,13.9,track,1,310.627766200258,238.18864741490523,316.53255409899015,243.93433488565063,311.0223865540734,237.77480760693933,0.5718291793032724,9.249271558918398,9.249271558918398,-0.4594645435152366,-0.3002399676065113,34.43995399902633
418,13.933333333333334,track,1,314.5176191437803,250.69562802907916,314.4626188807076,245.80670202696265,314.0183547183973,250.26509277722957,0.659261381804059,11.880749555480522,11.880749555480522,-0.580093091952996,-0.44275288280438596,33.19141599968134
419,13.966666666666667,track,1,306.12499370245354,246.26389238752583,309.99072246444643,247.12330919895368,305.99656299339705,246.0186369976299,0.27684770777768297,15.242054956833623,15.242054956833623,-0.8518580997977709,-0.5574902225349713,34.87653599950136
420,14.0,track,1,316.9196764675959,247.09100620612475,312.21766637711625,248.06550320269136,316.9882053783396,246.7601125266546,0.33791543131530505,7.400677551149961,7.400677551149961,-0.7350414715698212,-0.6410938570929209,32.51011300017126
421,14.033333333333333,track,1,314.2872267759563,237.40339578454333,313.98208907998117,243.33375012953488,314.6021440683099,237.29149418494896,0.33420782309080205,6.039275818295392,6.039275818295392,-0.6464121387332669,-0.3728747114508279,31.755014999362174
422,14.066666666666666,track,1,318.0548021738026,239.19990857839403,316.3691297385941,239.75319465140205,318.5244087955065,239.15528893551232,0.4717216251975358,1.7002665041829674,1.7002665041829674,-0.5109716145727723,-0.15893496134549995,33.95253800044884
423,14.1,track,1,311.070503087357,242.13488207308433,314.47646513513075,239.24170852428847,310.7695325999691,242.49719396129038,0.47101288582577766,9.562296068588228,9.562296068588228,-0.6293850371475415,-0.10886630964122503,34.54800600047747
424,14.133333333333333,track,1,313.2518152480839,245.38871520774507,313.2367507475214,241.9533923299064,313.04772127330216,245.27962448623992,0.23141982642100511,8.72975453316985,8.72975453316985,-0.70920480747802,-0.2645932289661585,33.68159700039541
425,14.166666666666666,track,1,315.2700478091577,242.38971856671103,313.9560888008071,242.8435777981741,315.2097918343065,242.75014718674163,0.365430667353513,5.523531824785634,5.523531824785634,-0.6842898886505542,-0.3315345414526406,30.530066000210354
426,14.2,track,1,319.72551045510454,230.52772447724476,316.68117376374425,237.49689966958118,319.8226084493217,230.34860659362207,0.2037430654389736,9.653023487329113,9.653023487329113,-0.5223403264159093,0.0008092967026891995,33.161994000693085
427,14.233333333333333,track,1,322.1184767277856,238.64456981664316,320.26418964938796,236.05346831403415,322.4384915466679,239.0850166975911,0.544429002938883,2.604502921261135,2.604502921261135,-0.3114937066068443,0.1348297303473731,31.769707000421477
428,14.266666666666667,track,1,319.1765759312321,245.11353868194843,321.0019409551647,238.80075752582326,319.48453399102374,245.14566327332042,0.30962906188123224,5.171417187658386,5.171417187658386,-0.2365960460040035,-0.016343192368857895,32.22947500034934
429,14.3,track,1,322.38984081922337,248.7756767717733,322.02175277948805,244.47024463992196,322.81821381019483,248.77079782030512,0.4284007744639011,9.212449374875387,9.212449374875387,-0.15525510420109287,-0.34929772004002646,33.288313999946695
430,14.333333333333334,track,1,320.0407017898675,236.5434320962686,321.4830221406771,242.22191638974837,320.4709775368213,236.2755129279647,0.5068706927425143,3.7541475450424486,3.7541475450424486,-0.16406079915788188,-0.2148781551808848,34.024372000203584
431,14.366666666666667,track,1,305.9160002011971,239.57376389517628,313.9441021853335,239.98166159610489,306.4593360861354,239.29242755973107,0.611852937807306,13.55913854145841,13.55913854145841,-0.6167721114049394,-0.08627015902403917,32.99660300035612
432,14.4,track,1,313.04157394294964,248.9647481286668,310.9076680515564,243.84925802471219,313.4893694978453,248.54750921227085,0.6120532430594393,10.744683488565041,10.744683488565041,-0.8093854709190563,-0.3250560973772205,31.400506999489153
433,14.433333333333334,track,1,315.8200068382748,239.9520343867533,312.4584662284802,243.27631082772302,315.2926440498538,239.55882959235785,0.6578157195953762,4.7279838588933645,4.7279838588933645,-0.7395708729982566,-0.2942493081310067,32.97541600113618
434,14.466666666666667,track,1,313.4488522954092,243.0194610778443,313.177913733608,242.80650285348796,313.01748676306465,242.7171310478823,0.5267633904436902,7.492549114643382,7.492549114643382,-0.7071416028066304,-0.2683012957141854,31.844529999943916
435,14.5,track,1,311.7839211301962,252.08943998373817,312.7780401819238,247.00159145201866,312.2454159864882,251.90349578680213,0.49754672821572415,14.206575420171779,14.206575420171779,-0.7352226422379043,-0.5060636169463153,32.3666599997523
436,14.533333333333333,track,1,315.5224220927287,251.899721307322,314.17600354387287,249.6778272484603,316.0159619402563,252.00122561872888,0.5038697315098337,12.64523529291253,12.64523529291253,-0.6664989413282447,-0.6861454933134452,33.72333299921593
437,14.566666666666666,track,1,312.9218242669464,241.57540336680154,313.9616577014315,246.97823029409724,313.34866150935017,241.90016504421015,0.5363396112689534,6.917436729919414,6.917436729919414,-0.6889347095671825,-0.5441893397270599,31.276409999918542
438,14.6,track,1,314.38176954524806,244.24034724675718,314.0185151277497,244.6143103946839,314.7552776788411,243.9638642909104,0.46470544513047257,6.574141186711558,6.574141186711558,-0.6962888513483829,-0.40960095814310926,33.24802300085139
439,14.633333333333333,track,1,320.5773717146433,244.72520650813516,316.97893416939775,243.49822378915917,320.75706352980745,244.80300511209742,0.19581054929567449,4.862304319455798,4.862304319455798,-0.5158881248286314,-0.35376556671563775,30.266056000982644
440,14.666666666666666,track,1,320.7413861979427,253.25222211125538,319.94977076489465,247.7998533149382,320.9216664274252,252.85228649153436,0.43869062112597806,12.885291500929236,12.885291500929236,-0.31861177676141095,-0.6027690143592053,35.1652869994723
441,14.7,track,1,312.36922147245446,237.1263470641555,317.6057956599613,243.18487366838133,312.3535347659334,237.30101178796588,0.1753677236700928,8.108820379345488,8.108820379345488,-0.453632451498097,-0.3310470953939947,33.03425400008564
442,14.733333333333333,track,1,315.5899681528662,251.64808917197453,315.8685279132963,245.4062227634257,315.5214654271177,251.37529885962704,0.2812599828372758,12.225166504646651,12.225166504646651,-0.5489830190329513,-0.4828669296265041,31.447962999664014
443,14.766666666666667,track,1,307.1833800662758,252.60010196278358,311.2753181445368,249.86705418397887,306.8799826893217,252.93087686556993,0.44884519007775125,18.421249434960423,18.421249434960423,-0.8196926246129708,-0.7720369460712186,35.67186899999797
444,14.8,track,1,314.0377396366556,242.7950918398073,311.6026482770274,247.83815876699575,313.6498281041041,242.85772779868074,0.3929358986278426,6.963568860776716,6.963568860776716,-0.8168242037069842,-0.6730844667538988,34.69003200007137
445,14.833333333333334,track,1,318.59846084200996,238.38353201549216,315.08403227644294,242.46835661820265,318.16623064759085,238.439790374791,0.4358760649067268,2.4076885414085263,2.4076885414085263,-0.6319668271029203,-0.37376391825276495,28.725170999678085
446,14.866666666666667,track,1,316.30813153199085,246.89510578638797,316.335026998572,243.13064651112325,316.65384584486253,246.74566603312368,0.3766306227327089,7.529990561772462,7.529990561772462,-0.560579021658227,-0.4218837091041613,32.714264998503495
447,14.9,track,1,315.7475104888035,252.26684527119244,316.41238315661127,247.83452171593785,315.9245127303521,252.06747385900783,0.26660598926074314,12.737092361402565,12.737092361402565,-0.5492066961123326,-0.703487391328893,31.707584999821847
448,14.933333333333334,track,1,319.8693383321512,239.27241868477049,318.32625138130345,244.73781315904557,319.8798880041039,238.9249231910433,0.347655596444264,1.0817657032438588,1.0817657032438588,-0.4260776115866404,-0.52728626769634,32.63443399919197
449,14.966666666666667,track,1,309.34548904959735,251.33892393701595,314.76923875959517,246.6705056935436,309.0850372071152,251.0750456781768,0.3707652865902282,15.549696123839919,15.549696123839919,-0.6424538352250748,-0.666794682597843,32.81011700164527
450,15.0,track,1,305.55782654547284,248.67127002460705,308.97079760196726,248.55275451422997,305.05522302447406,248.42066531673697,0.5616164339894404,17.15383231889327,17.15383231889327,-1.0044024288795903,-0.8102120148315141,28.165435000119032
451,15.033333333333333,track,1,306.245131201312,245.25476629766297,305.7935679498898,247.88926252757597,306.5794687018452,245.21066947195678,0.33723299705121734,14.39658767454062,14.39658767454062,-1.2470099503353986,-0.815477926143827,34.453689000656595
452,15.066666666666666,track,1,323.53606060606063,240.01580808080809,312.0280913498627,244.86786245865534,323.6134198329027,240.0199183213644,0.077468342276279,3.6134747305523813,3.6134747305523813,-0.894811323009099,-0.6492395883224151,34.2785000011645
453,15.1,track,1,326.13040625788545,246.2481958112541,320.7408765572849,244.45179868168896,325.90247543692396,246.57106205308085,0.3952152189067428,8.832783977259371,8.832783977259371,-0.3696238903854043,-0.6165302436317074,34.15021299952059
454,15.133333333333333,track,1,315.176223566465,237.8381242813578,321.08843892247563,240.56962962247943,314.69537420466384,237.44203394391948,0.6229796659254649,5.889163367797327,5.889163367797327,-0.33728921520246236,-0.38043949240333264,35.00975200040557
455,15.166666666666666,track,1,310.5311357121676,249.9428190174953,315.97405985477315,243.62307848596805,310.7063739243179,249.874580419329,0.18805567600404757,13.560192627407382,13.560192627407382,-0.6290908824684277,-0.5677324216438743,31.279451000955305
456,15.2,track,1,312.5013843443242,250.76506418323686,312.8582828874828,248.21690111968522,312.3741738494498,251.00266957355083,0.2695159207031194,13.387007216818727,13.387007216818727,-0.8348776972619336,-0.857703410506617,30.039129998840508
457,15.233333333333333,track,1,324.3985273350817,240.81016743998387,316.95593424143857,246.15489355811522,324.0952825368977,240.42421407245192,0.4908333826615038,4.1171952390292805,4.1171952390292805,-0.5875442508407468,-0.7475212468740313,32.321534999937285
458,15.266666666666667,track,1,318.1504593604097,250.50891108991416,319.01018520266564,247.46930143932158,318.4131572977311,250.6738613169241,0.3101915273884289,10.791171631230446,10.791171631230446,-0.46443189435146864,-0.852800519682859,31.637961999877007
459,15.3,track,1,313.875831702544,247.92509784735813,316.8916932642485,248.45563479616524,313.911477337218,247.62688443936383,0.300336224886183,9.759071393663445,9.759071393663445,-0.5849457277524766,-0.932209480781248,31.214443000862957
460,15.333333333333334,track,1,320.0105790925044,239.69701679618953,317.7582517588476,244.4221890950296,319.72625222517865,239.8369932554481,0.31691509372357757,0.318604838301373,0.318604838301373,-0.5228540087031553,-0.7032149589017179,30.203619999156217
461,15.366666666666667,track,1,315.37456849914986,248.24730794992013,316.99835377833335,245.01826219675266,315.694186653291,248.11755953288628,0.34494987487950834,9.188841131864784,9.188841131864784,-0.5657548906592826,-0.7524695541491604,32.33166300015
462,15.4,track,1,325.2533551890175,238.4830959942629,320.8005747549127,242.09539632897435,325.42980030837225,238.92165411629054,0.4727220182522986,5.535843317301577,5.535843317301577,-0.32142144240544523,-0.5734437108906896,31.263819999367115
463,15.433333333333334,track,1,321.0032427424336,235.98821288861438,322.28240690161084,237.86239219017153,320.68001685756644,236.14600731204249,0.3596860474263116,3.913525592787727,3.913525592787727,-0.19226523952297703,-0.30657082549073617,31.067353000253206
464,15.466666666666667,track,1,312.9598633646456,234.84784246747375,318.95433323560286,234.86397985698676,313.1153380609512,234.73812716485733,0.19028880371563706,8.665210658039381,8.665210658039381,-0.37572803515698616,-0.0978213595830561,32.54301699962525
465,15.5,track,1,312.14390344543017,242.25216628842583,314.5972643016206,237.18183162078668,312.12267297432595,242.00583475520241,0.24724473131596522,8.128693261194734,8.128693261194734,-0.6304587825547735,-0.2095405605493264,33.165363000080106
466,15.533333333333333,track,1,307.34157406463453,248.92292792333572,309.7640062714867,243.5193148330798,306.9055988735786,249.38730426725903,0.6369613457752709,16.11163623800283,16.11163623800283,-0.9369242210617279,-0.5652342984326075,30.508253001244157
467,15.566666666666666,track,1,312.728871470204,241.03356446588282,309.5072343276752,243.79347270397008,312.98788875290967,241.39310749643062,0.44312655478510465,7.149157477506137,7.149157477506137,-0.9789303758776593,-0.5813691947864374,33.36758699879283
468,15.6,track,1,312.21898288016115,239.8333836858006,310.5709266075248,241.83595593429538,312.0842616009666,240.11590893913964,0.3130021435103857,7.916586971928251,7.916586971928251,-0.9456895197834057,-0.47300005358916586,34.196930999314645
469,15.633333333333333,track,1,322.05703175631885,250.52699536367714,316.094482813579,245.63867695545355,322.40013535777956,250.6304423077275,0.3583592493136831,10.898025206136488,10.898025206136488,-0.6239641786924173,-0.7137363285535804,34.362742999292095
470,15.666666666666666,track,1,313.24801567366626,253.5535014568472,316.52327147303083,250.97105832269006,313.20358108436506,253.6918380057469,0.14529774082154956,15.285867265301482,15.285867265301482,-0.5654367415913554,-1.0591893161105113,33.56050799993682
471,15.7,track,1,318.55793306399323,251.66377375430196,318.78551744943206,253.24008667997887,318.00428861922626,251.64595773991888,0.5539310260220387,11.8157181582554,11.8157181582554,-0.41075236121201153,-1.2560387808691829,30.494165999698453
472,15.733333333333333,track,1,313.10316073301044,238.2234982773256,317.48823209370624,248.14166526435508,313.31812069498494,238.2594663546576,0.21794836048715632,6.904851078579278,6.904851078579278,-0.47867915556131013,-0.9789444120349471,29.882879000069806
473,15.766666666666667,track,1,311.77820722461723,238.82486001684754,314.5541154619108,242.13853855338516,311.5067822658112,238.90223973223752,0.2822394880534986,8.563867414072767,8.563867414072767,-0.6481583458552036,-0.6235585043929107,31.898172001092462
474,15.8,track,1,322.76206129260646,246.266966723981,317.7256147757759,241.92822302554447,323.0656617257813,246.38950821724734,0.3273982904596363,7.08689615242044,7.08689615242044,-0.44769840833490765,-0.6149913092413719,33.690448999550426
475,15.833333333333334,track,1,322.3735524177164,239.91385615603414,321.3684013060406,241.05964884941628,322.1352514321035,240.03075088110222,0.2654274599449456,2.135472850445188,2.135472850445188,-0.20759061528259834,-0.5650796322718056,34.513077000156045
476,15.866666666666667,track,1,307.1760184473482,251.51555213937996,316.1321868165397,245.99198893619078,307.4032519652209,251.8021329860979,0.365737136958155,17.261761325926493,17.261761325926493,-0.5175369853155842,-0.8656224730099704,31.678626000939403
477,15.9,track,1,313.33908809207617,242.28562294033742,312.9690149558762,245.86294224063468,313.162843174837,242.8540837960416,0.5951554547515937,7.408947817787635,7.408947817787635,-0.704876106854162,-0.8625008144277487,30.579664999095257
478,15.933333333333334,track,1,310.6571923743501,242.3407774201535,311.1106248204664,243.89489032328632,310.10151324061565,241.85757493966403,0.7363857255671241,10.071277217025417,10.071277217025417,-0.8372452014443592,-0.7553858892247511,34.921800999654806
479,15.966666666666667,track,1,320.92299969882544,241.48554362011845,315.04992757823044,242.23010356928785,321.0288738346774,241.2043939260606,0.30042383911939097,1.5840284393960462,1.5840284393960462,-0.6115860944066485,-0.656753317424185,34.70979899975646
480,16.0,track,1,312.6129178870821,243.81986668013332,315.173822138446,242.47657790827844,312.0950996850578,243.8318537768614,0.5179569295179651,8.784677134443843,8.784677134443843,-0.6171734803127388,-0.6696140251776861,34.25315200001933
481,16.033333333333335,track,1,321.4856674856675,251.21329852579854,318.0556731971727,246.853120394251,321.6124157179564,251.51856654690818,0.33053544303231447,11.630875278458843,11.630875278458843,-0.46100792106247596,-0.9203734702757669,32.14363100050832
482,16.066666666666666,track,1,314.1827348492643,237.99629591521762,316.52944582097103,243.37850175261246,313.883499010622,238.3570161636282,0.46868025853597645,6.333323001366725,6.333323001366725,-0.5505784307438955,-0.7138097563674871,32.957161000013
483,16.1,track,1,309.9038140892038,253.34259066277616,312.79594691311377,246.88698547513377,309.99595445420334,253.16611065848926,0.19908550619105841,16.53564020998154,16.53564020998154,-0.7823622374063228,-0.9425108894801191,34.95067299991206
484,16.133333333333333,track,1,313.3483874159082,237.65898298377522,311.80559277533223,243.80471774977914,313.06725032586047,237.71513601888492,0.28669012322109055,7.299563100383392,7.299563100383392,-0.856101064403286,-0.7558756819520384,31.318680999902426
485,16.166666666666668,track,1,308.6298837908235,243.81161089961932,309.88025536197006,242.50763839237177,308.88667765496916,244.277434774231,0.5319163193784392,11.908080525104053,11.908080525104053,-0.9885001365731427,-0.6590659358242881,33.391822000339744
486,16.2,track,1,311.9409464811618,241.08119224129177,310.3132176430723,240.70585508072554,311.6350970611919,240.66967309215318,0.5127298292509158,8.391666296155618,8.391666296155618,-0.9974573288506646,-0.5332717530194414,36.726369000462
487,16.233333333333334,track,1,324.0752693510749,253.1526240007944,316.25658497198805,245.28677650689633,324.3697139336866,253.1123193427788,0.2971903055066759,13.821263271107524,13.821263271107524,-0.6466004854287247,-0.8113582828933783,33.182385999680264
488,16.266666666666666,track,1,327.6021478521478,246.59235764235765,323.66066851299803,247.51941211063877,327.4242590126291,246.9369752901624,0.3878218178542777,10.160770052654854,10.160770052654854,-0.1827302341896534,-0.9777518855557341,30.53876199919614
489,16.3,track,1,318.956359223301,245.21470873786407,324.1659929625811,247.89686210786115,319.2588972038646,244.876635222202,0.4536771227157308,4.932626525986013,4.932626525986013,-0.12478579171301202,-1.0159877488373716,33.83512999971572
490,16.333333333333332,track,1,313.72403486924037,238.56393524283936,319.365121235915,243.50620149556372,313.6017421903513,238.49187832574884,0.14194258913540256,6.573593688620938,6.573593688620938,-0.36818377813266834,-0.783238518131594,33.64535400032764
491,16.366666666666667,track,1,318.21494998240587,242.65203840546926,318.1262982792859,242.39848598571015,318.53808092045637,242.91194998186023,0.41468980053461213,3.2583216679740987,3.2583216679740987,-0.4410747439032275,-0.7081433320075923,35.45442600079696
492,16.4,track,1,313.75325068037495,249.22931156133455,315.4210653005087,244.83813703968903,313.55641350381984,248.92673423187622,0.36096802403581574,11.009377411112133,11.009377411112133,-0.6018969303404127,-0.8607720421892864,35.09824199863942
493,16.433333333333334,track,1,321.0293332014246,254.9455876533439,317.0707977499846,250.4901818532763,321.29298514274484,254.9160968245287,0.26529616496688235,14.97203242910173,14.97203242910173,-0.5273307463768409,-1.2082958333241114,30.330560000948026
494,16.466666666666665,track,1,313.38080936625096,246.18462713158564,314.993471067505,250.08462298114517,313.13725204185107,246.5761986826765,0.4611382112691769,9.50493022862943,9.50493022862943,-0.6595402550130472,-1.2065169203741049,28.59370599981048
495,16.5,track,1,315.742463436474,247.79076708785195,314.4196801507965,248.78985278287593,316.11067314777677,247.49851136107128,0.4700976508490161,8.44716141644871,8.44716141644871,-0.7139202896085717,-1.1525866655543084,31.71245799967437
496,16.533333333333335,track,1,307.8849109414758,245.71786259541986,310.56110946449354,246.96366261721874,307.6878791143441,245.7984006430125,0.21285656676008602,13.609179649041726,13.609179649041726,-0.9531229948456579,-1.0613615383076587,32.127857999512344
497,16.566666666666666,track,1,316.87056253413436,233.1170746239015,312.293550763242,240.06691373633268,317.2660229682003,233.67991653134197,0.6878807801376942,6.886079106517213,6.886079106517213,-0.8670944336963106,-0.6362884813642142,33.70323700073641
498,16.6,track,1,323.9510334023953,233.4295820910607,318.2019812588066,234.33517386186767,323.7921741229966,233.1218361003043,0.346329128832255,7.854280566048171,7.854280566048171,-0.5325698363313278,-0.25167936642743344,34.084557000824134
499,16.633333333333333,track,1,317.7171782178218,245.58455445544556,319.3400073364908,236.89244744047872,318.2527939447726,245.76678983009398,0.565768449747996,6.025661286854644,6.025661286854644,-0.45914602433623286,-0.3767305991519856,32.71457399932842
500,16.666666666666668,track,1,320.6212889750858,240.43843552638123,320.20031151040297,239.3252342118227,320.6343697765839,239.975955308191,0.46266517005833613,0.6348252993125959,0.6348252993125959,-0.40439552230843145,-0.5082329971389552,32.705944000554155
501,16.7,track,1,316.47930413917214,247.376474705059,318.7275598168036,244.09546538949775,316.9642831605092,247.27421076051266,0.4956435871583623,7.882240729508728,7.882240729508728,-0.457560579755877,-0.7834780648308111,32.08745899974019
502,16.733333333333334,track,1,310.4760521042084,247.65225450901804,314.9348054492512,247.1648090894564,310.5378139683779,247.9268595024322,0.28146479402170893,12.343746030615002,12.343746030615002,-0.6615524519699237,-0.9876402246374723,32.05990499918698
503,16.766666666666666,track,1,320.46043700143684,247.87068324827825,316.71963474489417,249.04948157890212,320.00101971669716,247.53512412935763,0.568914900321985,7.535124198355968,7.535124198355968,-0.5775786298286287,-1.1374265297088713,33.03082000093127
504,16.8,track,1,322.902823670772,236.10298387904277,318.9386725779101,245.47827286194266,322.977316734954,235.94710547685156,0.17276369086386142,5.028953067588101,5.028953067588101,-0.4336516994402821,-0.9310473771013733,35.575706000599894
505,16.833333333333332,track,1,321.33721817904217,239.87230902335997,320.93137213932,241.6248950512494,320.84835763038427,240.0953607179817,0.537342250812012,0.853700378098311,0.853700378098311,-0.29280204383916464,-0.692035664338516,33.88062500016531
506,16.866666666666667,track,1,309.12295795565115,242.73656987760538,316.53665363484333,240.48453865141457,309.1918090945807,243.17601800899737,0.444809104578378,11.265171150118567,11.265171150118567,-0.5574388077681159,-0.5972133731146622,32.03513600055885
507,16.9,track,1,314.5248375812094,238.80234882558722,313.79852912313095,239.50951672161287,314.0983528741741,238.63986500671723,0.4563882083594494,6.056352532483665,6.056352532483665,-0.7464302555178309,-0.5779785123783912,35.90169900053297
508,16.933333333333334,track,1,313.84633757961785,251.63201632165604,312.1694938086748,245.04458135836165,314.0540923412663,251.69328294035657,0.2166001836439761,13.11818142157753,13.11818142157753,-0.8580949715413151,-0.8864964951233656,32.37401299884368
509,16.966666666666665,track,1,308.12092418483695,243.2255451090218,309.54833772336195,246.08935903324607,307.7231665509804,243.4359099366495,0.4499605493751507,12.7485731212451,12.7485731212451,-1.0451736421336413,-0.9515862512618806,33.83718200166186
510,17.0,track,1,311.21943777511007,247.5578231292517,309.1230418444527,246.98345797638748,311.37553325337365,247.9540031057731,0.4258219958278817,11.732331058673372,11.732331058673372,-1.1160638632356077,-1.0155497703849958,34.23747999840998
511,17.033333333333335,track,1,322.8059739209542,244.48347316284242,314.82712220205747,246.04401386589663,322.5851271514775,244.06975514341545,0.46897323504319754,4.821388733203595,4.821388733203595,-0.7889516542222549,-0.9735190311619633,33.513151998704416
512,17.066666666666666,track,1,314.3313376241082,233.5253704535249,316.38324257431213,239.7940974452889,314.576563948976,233.22274257624676,0.3895119799365064,8.680142670910726,8.680142670910726,-0.7067563281380135,-0.6035619660995872,30.130503000691533
513,17.1,track,1,323.7279426610135,239.619069250959,320.1768439159716,237.5585973579614,323.44356334923935,239.5657411337967,0.28933627675288176,3.4708369744343703,3.4708369744343703,-0.4935760465750266,-0.411920371383207,34.8504329995194
514,17.133333333333333,track,1,322.8970847389356,250.17506671365993,322.27023818411647,241.82176061453413,323.22464666375834,250.23316680806843,0.3326746692549168,10.72921474423181,10.72921474423181,-0.3357087167301778,-0.6551907355311174,31.446373999642674
515,17.166666666666668,track,1,309.0729390775043,246.33982263735112,316.7399475940609,245.34931956511443,308.86718160810517,246.5488875103114,0.29333301437008363,12.916174858278454,12.916174858278454,-0.6581325220711458,-0.8583408163140118,30.2344779993291
516,17.2,track,1,308.8232439463678,242.81909145487293,310.9595852251985,244.89564167271553,308.33799126669226,243.09397444132526,0.5577013711416435,12.065451733744577,12.065451733744577,-1.022171078067834,-0.8552825277939631,32.100472000820446
517,17.233333333333334,track,1,318.18922742660806,239.83689555858723,312.1827302381821,242.9050519491201,318.2618451907837,240.3388240487295,0.5071543639665903,1.770870937363671,1.770870937363671,-0.9628827804252793,-0.7381322495690119,34.77834300065297
518,17.266666666666666,track,1,326.0286397370125,241.39831648154603,319.2440653760735,241.5239707319115,325.66343373771923,241.69035904847706,0.4676155288476407,5.9103126325351605,5.9103126325351605,-0.5632180252914227,-0.6457621859549991,33.481302998552565
519,17.3,track,1,317.9955180981147,245.68836166999563,320.1049772427491,242.8431951130574,318.1727226677374,246.20491376647942,0.5461021222051452,6.468376712780928,6.468376712780928,-0.5085321453238153,-0.7236737256306371,33.59791200091422
520,17.333333333333332,track,1,313.6219409712496,248.613435534391,317.070321552762,246.117461605908,313.469017024421,248.92163134820703,0.34404998643709717,11.056638030640816,11.056638030640816,-0.6596302904592952,-0.9197166285363869,32.328310000593774
521,17.366666666666667,track,1,313.00739160631014,238.83058835201905,314.66214480826693,243.51686851815305,313.5065871723516,239.11777773217878,0.5759114109235801,6.553069988952384,6.553069988952384,-0.803054754062683,-0.7653612309712025,37.46550800133264
522,17.4,track,1,319.323826412492,243.54716516427763,316.1235297732145,242.54653164374707,319.41364493323425,243.7533611209705,0.22490917994786097,3.7988856219600593,3.7988856219600593,-0.7132445157811919,-0.711850916387921,33.97835899886559
523,17.433333333333334,track,1,322.9501196931946,251.24705652450047,320.0334695267555,246.67810564251477,322.56940990294424,251.2092030225519,0.38258702539715994,11.499917375795983,11.499917375795983,-0.47826743126880683,-0.9441421285646399,31.708370001069852
524,17.466666666666665,track,1,314.7929701230228,248.12041174993723,318.546635943184,247.98975619566048,314.9181157092262,248.12060286679952,0.12514573213592833,9.579652335293082,9.579652335293082,-0.5555260292518648,-1.037760930322928,32.71620499981509
525,17.5,track,1,323.49621348719796,244.82123538199988,320.38752240221,246.88398081101477,323.3341964927934,244.49039831924847,0.36837843118981295,5.592901153968785,5.592901153968785,-0.4434115573040936,-0.9869818767095218,33.8420820007741
526,17.533333333333335,track,1,322.52769472457305,237.8833426240308,322.317598294999,242.1053062339772,322.05299966881114,238.2803117771278,0.6188052233743239,2.67808424513196,2.67808424513196,-0.28050056155921654,-0.7199138711973678,33.65386999939801
527,17.566666666666666,track,1,304.7215222290514,242.27519975414873,314.73287707338307,241.12443761850454,304.92372121880317,242.36334727057692,0.2205774605645208,15.260392924486226,15.260392924486226,-0.7322577356037613,-0.6559491699331553,32.29012900010275
528,17.6,track,1,305.3399114173228,237.26722440944883,307.5151432588233,238.91431756899166,305.1898425520163,237.10980241789917,0.21749102914338986,15.089532984743077,15.089532984743077,-1.200209523519975,-0.516314864105693,30.798666000919184
529,17.633333333333333,track,1,317.996987654321,237.67535802469135,309.4953725794163,237.70776487210534,318.36533116956,238.14606376154026,0.5976962739729231,2.4716839930473005,2.4716839930473005,-1.1071309368373046,-0.4221888362823345,32.505846000276506
530,17.666666666666668,track,1,315.36567653436884,247.8673659791215,312.9088729914192,242.03829595654275,315.52849963856175,247.79395601397363,0.17860679226173704,8.98554760880482,8.98554760880482,-0.9324749545701418,-0.6726171737929536,34.68157800125482
531,17.7,track,1,318.5321096353778,237.26279659752277,316.2760874917696,241.12458900207346,318.23046052464264,236.79484240548797,0.5567524691011849,3.661189036434223,3.661189036434223,-0.7382599992064265,-0.6036647958701398,36.547227999108145
532,17.733333333333334,track,1,317.960090760116,247.51158452035799,318.05900117255817,243.7399891907661,317.4630231067051,247.55060571342287,0.4985969369897671,7.9654189090521905,7.9654189090521905,-0.6264225390836134,-0.7652906596458429,34.31933499996376
533,17.766666666666666,track,1,314.7200516949995,237.64549159956258,316.96364242152816,241.7563775138875,314.9599375645115,238.11432332570496,0.5266387925601245,5.381264337830155,5.381264337830155,-0.6839333582805871,-0.6411594322009877,31.669386000430677
534,17.8,track,1,329.4564698715671,235.49322300624397,322.94397932826007,237.88372600236386,329.2674124134438,235.46178340708704,0.1916537786404984,10.318931276301978,10.318931276301978,-0.29910540103502314,-0.3984130011674443,29.21946599963121
535,17.833333333333332,track,1,321.5374607447286,251.23632919595235,324.49685914700615,243.36855244682113,321.16368431037375,251.51636132033084,0.46704048385868974,11.575004934539873,11.575004934539873,-0.1772323909978793,-0.7250085474877086,36.90869999991264
536,17.866666666666667,track,1,311.4312409197936,237.8906367416462,318.50569706964006,242.53622814639874,311.7531715734816,237.5249086305545,0.4872334112380776,8.610241366160148,8.610241366160148,-0.5126855861622498,-0.6663020271652493,27.58384199842112
537,17.9,track,1,309.13427561837455,250.00144328870752,312.0777857214623,245.73980676766212,309.3413608634388,249.89238040529145,0.23404916419922078,14.541862959278227,14.541862959278227,-0.9055916049737844,-0.8376611661042646,31.80194300148287
538,17.933333333333334,track,1,320.6462732004321,245.2486497103015,313.9436135960556,245.6874865004211,320.5998494265469,245.38255805721633,0.14172724563474667,5.415879482949473,5.415879482949473,-0.8021918971830184,-0.8460078948371907,31.155050000961637
539,17.966666666666665,track,1,326.45335448544085,245.59341896525254,320.6016031492092,245.68433319866875,326.1265021832342,245.90178463021593,0.4493571083070769,8.506767354443548,8.506767354443548,-0.41557817546477527,-0.8566483791829993,33.450662000177545
540,18.0,track,1,319.0521599839816,237.50282825249036,321.40990913116696,241.79030588703847,319.4892376267868,237.78992842857556,0.5229372590935848,2.2683241727559253,2.2683241727559253,-0.3539704654521713,-0.622566429608733,33.55132999968191
541,18.033333333333335,track,1,322.8760314047107,239.17532629894484,322.22792233279193,239.12700453594647,323.1062805318392,239.6094377164221,0.4913933081835242,3.130737555247473,3.130737555247473,-0.28576621524143886,-0.44014064390856444,33.12950000145065
542,18.066666666666666,track,1,313.29431023364253,237.11582915819238,318.159464809945,236.76072744539468,313.2607901403819,237.46052895610194,0.346325782076774,7.201795797908347,7.201795797908347,-0.49040024387830483,-0.26580366352716833,31.978752000213717
543,18.1,track,1,305.941580239491,248.67648679793578,312.0557236439626,240.81231672396268,305.8274183353331,248.92651264463882,0.2748560793952389,16.74946861952787,16.74946861952787,-0.8653395125330212,-0.49569419271057447,32.41301200068847
544,18.133333333333333,track,1,316.51577271370286,234.12598268484427,311.8415645518222,239.0605802276175,316.0776336378574,234.3044517688413,0.47309308146014584,6.915506310627081,6.915506310627081,-0.8866584233562501,-0.36282714742246075,30.75877599985688
545,18.166666666666668,track,1,320.5192733494364,235.82065217391303,316.13028126455873,236.29355593843357,320.96805218308646,235.80750056147323,0.4489714984741028,4.302810310857976,4.302810310857976,-0.6530024040851405,-0.1692461586282982,33.51064399976167
546,18.2,track,1,310.0760448521916,237.52604485219163,314.0344321716215,235.60344216213198,310.37092955375067,237.2749848879582,0.3872829622568835,10.007232635433658,10.007232635433658,-0.7908467076126926,-0.10143998026454912,40.997983000124805
547,18.233333333333334,track,1,312.1399273234108,239.72840858181095,312.1455395124905,237.22466945126547,312.2942668478465,240.12495889603838,0.4255265450202831,7.706746274394731,7.706746274394731,-0.9246959253799921,-0.16383322300601608,35.62030700049945
548,18.266666666666666,track,1,314.2564753935047,250.37382944809724,312.1772986910024,243.56048292253791,314.16107784975196,250.4116575068449,0.10262384412341528,11.937153090938267,11.937153090938267,-0.9379860199285651,-0.5396655470936949,40.84476400021231
549,18.3,track,1,321.4253462808695,245.86769852614975,316.5806774990948,246.81168488951596,321.2886737599083,245.53417550314103,0.36043998787977255,5.682233588919279,5.682233588919279,-0.7001229592032899,-0.7712653847179537,38.54914300063683
550,18.333333333333332,track,1,325.38804859905775,238.3243739151996,321.5225845530694,244.74012681887476,325.0838414722377,238.49172448239545,0.34720050165415767,5.3028614117143436,5.3028614117143436,-0.39059207262127793,-0.6605529492799115,32.321478000085335
551,18.366666666666667,track,1,311.3053106113148,251.3509858317646,318.2756495380973,247.3323062784049,310.9115377851641,251.05214017462356,0.49433365797479867,14.309086199685419,14.309086199685419,-0.5775165958697882,-0.8469302124898426,32.857132000572165
552,18.4,track,1,309.9620214550816,246.35253444506583,312.95833480220034,248.27091397566224,309.56986684641356,246.41970054848093,0.39786495516385734,12.247458215226104,12.247458215226104,-0.8976343918648116,-0.9460255617736553,31.65730700129643
553,18.433333333333334,track,1,310.80983162958506,231.22151232711965,310.170186852235,241.1441299321722,310.2587935662327,231.62984694635358,0.6858426266484241,12.843308176896459,12.843308176896459,-1.0815300177319584,-0.5248222958907478,31.084897000255296
554,18.466666666666665,track,1,315.9104845195014,239.86565138721352,311.949462727476,238.1530743629721,315.3284123728247,239.482996232031,0.6965866433722094,4.7001089194264,4.7001089194264,-0.9953116684077326,-0.34548808756192445,31.471428999793716
555,18.5,track,1,313.9585539252761,233.2412645590682,313.3439354304559,235.0687173426411,314.4232203522401,233.09447880694563,0.48729964639192686,8.876186917105349,8.876186917105349,-0.9205622445912681,-0.14161217898351985,34.70156900039001
556,18.533333333333335,track,1,326.5861881188119,244.32366336633663,320.2648427723358,238.5607384797585,327.1210421095297,244.40410847852272,0.5408698618534731,8.372897480340413,8.372897480340413,-0.5111809356061198,-0.33088189258989564,33.412090999263455
557,18.566666666666666,track,1,322.78222200139123,239.4797774023651,323.8884478498646,240.09135195394668,323.31109851213193,239.53344380367628,0.5315923684957786,3.3438074169082124,3.3438074169082124,-0.229336402307509,-0.4212250873303973,32.483540000612265
558,18.6,track,1,322.6585973301454,248.8305439330544,325.54586840331973,245.2784710061304,322.25516601199195,248.8633908213149,0.4047662863127963,9.145789774153625,9.145789774153625,-0.06305342242601653,-0.7316675064785234,34.67477800040797
559,18.633333333333333,track,1,312.37296995533904,234.0797807551766,321.4181437874235,241.7200233716763,311.9013820766819,234.14395245871125,0.475933960577395,9.994043479679442,9.994043479679442,-0.279877413717144,-0.5179088761139015,33.575260000361595
560,18.666666666666668,track,1,313.00078829383654,236.23712863970044,316.32431274981656,237.86441023039987,312.579540355164,236.1293538038972,0.4348163302686278,8.369296464819769,8.369296464819769,-0.5750783365551366,-0.2703173588846382,31.47227099907468
561,18.7,track,1,316.55855899892464,232.28292110665754,314.75959043932585,233.69086549144717,316.15852401076313,231.82914696812225,0.6049288888429998,9.028830325376,9.028830325376,-0.6956095318796853,0.012438324169463666,34.47882699947513
562,18.733333333333334,track,1,325.3830616938306,234.52819718028198,318.180015894325,232.2850311079688,325.22740431490826,235.00257094391512,0.4992591383604738,7.231877559951005,7.231877559951005,-0.4848480623542268,0.1335708977413781,34.088665999661316
563,18.766666666666666,track,1,326.9169860150301,240.3269297765391,323.5277504734034,235.36801022587645,326.78869468994986,240.31064601189075,0.1293206289884285,6.795798447427433,6.795798447427433,-0.1476945685020003,0.0033573090997395527,31.347235999419354
564,18.8,track,1,319.05346054823565,242.23125851885507,323.18942018681304,238.71849587683982,319.0166189641488,241.83730817328072,0.39566927742267466,2.083924083376342,2.083924083376342,-0.14724851573645562,-0.17586826402343902,32.31032999974559
565,18.833333333333332,track,1,312.0325,250.47632653061225,317.5808199589314,245.33038284047333,312.1826261600797,250.5424742489233,0.16405299320042344,13.124598928816129,13.124598928816129,-0.4491892905642759,-0.5613702963581686,33.43166999911773
566,18.866666666666667,track,1,320.4225877305001,246.67099146958165,317.8127174664564,247.756445698918,320.60095741248404,246.21154906471648,0.4928519725428199,6.240552186705891,6.240552186705891,-0.45408598045268567,-0.746460937567142,29.82808300112083
567,18.9,track,1,321.5087692772906,237.51149077713941,318.72015190025735,244.75803772328416,321.8943677557185,237.51316646538424,0.38560211941460354,3.126175014741739,3.126175014741739,-0.39292598540631,-0.5827307040284175,35.79995899963251
568,18.933333333333334,track,1,318.1199534554285,248.45320246888596,318.737754422228,245.5086371101902,317.7868048557828,248.67797921805922,0.40188627298627155,8.955755470950193,8.955755470950193,-0.38984093634857836,-0.6563988751033505,35.0605240000732
569,18.966666666666665,track,1,318.66277045511066,234.0518279035066,318.49683306389807,240.78495461795177,318.3789573508299,233.4737173711589,0.644019926533957,6.724592494861043,6.724592494861043,-0.39814856779211516,-0.37205279040641326,34.494860001359484
570,19.0,track,1,312.1720282563399,245.3494435127306,315.23751157317093,241.35196261322398,312.21854352333617,244.95461252473513,0.39756154133066984,9.224925483085254,9.224925483085254,-0.5977207457946851,-0.4119415375905265,32.04619000098319
571,19.033333333333335,track,1,311.84607635740906,232.4803062355193,312.33496602567334,237.35259533618623,312.1148506128364,232.2382762734043,0.3616878529089741,11.064354299546148,11.064354299546148,-0.7921300406556956,-0.19006155639945024,32.350497000152245
572,19.066666666666666,track,1,314.26219208138025,243.23466640071806,311.9454397435757,239.81436137599752,313.83985341367014,242.9266998046881,0.5226981676966421,6.820042354108423,6.820042354108423,-0.8356835372678418,-0.3373643993534451,32.27621999940311
573,19.1,track,1,312.02698404810417,240.11310440789146,311.6657278090619,240.79126434015072,311.9622439086254,239.76920583811855,0.34993929752398434,8.041068892229944,8.041068892229944,-0.8734929940976317,-0.3929891676384746,33.84354599984363
574,19.133333333333333,track,1,314.8345459170695,236.48343932841516,312.92108770785956,239.4565063637197,314.9842014166722,236.02528726769154,0.481975185363975,6.399732551668721,6.399732551668721,-0.8172460315799701,-0.3054234581200826,30.32870099923457
575,19.166666666666668,track,1,328.1105944197331,229.6034169025475,320.51086279909913,234.23543772791103,328.5740333683065,230.00049178815956,0.6102820035349701,13.172099782475756,13.172099782475756,-0.3557572387504161,0.027777288007982293,32.206480000240845
576,19.2,track,1,311.2255206476908,242.80737308416926,318.54575903900735,236.7182615023639,311.1385576275119,242.93529108382938,0.1546789627444175,9.33493945710073,9.33493945710073,-0.4710253675743612,-0.10464923366852194,32.36835800089466
577,19.233333333333334,track,1,320.76410670162875,234.70803287781757,318.7984212172093,236.68197070589977,320.9935929283135,234.44135474641524,0.3518254595765333,5.6467480873857765,5.6467480873857765,-0.43621968543121054,-0.07555290348681326,29.910509001638275
578,19.266666666666666,track,1,323.84430067465513,228.6437669922465,321.80173937911115,232.3684601378247,323.41688477323595,228.94806050402823,0.524670271788323,11.568079709968822,11.568079709968822,-0.24651673231314492,0.195672470734739,31.100541998966946
579,19.3,track,1,316.4280141231081,244.6057628206711,320.03719734518194,237.36867752875762,316.49782125468624,244.30897464695857,0.3048872835570217,5.552703708308162,5.552703708308162,-0.3381504673996045,-0.08470095050896431,33.86005300126271
580,19.333333333333332,track,1,309.35222480097826,237.90431983229766,314.32414661923974,239.40334736731546,309.74094090588886,237.9788122823671,0.3957895088733616,10.456265742911018,10.456265742911018,-0.6612602970517212,-0.21966956854426578,32.76928000013868
581,19.366666666666667,track,1,322.16474903280914,237.47646083505,316.7362061822007,240.0294602970818,321.98139259496236,237.98716957203553,0.542626019771635,2.8244296675809286,2.8244296675809286,-0.5143924395787735,-0.25081126864883585,32.42582799975935
582,19.4,track,1,309.6497169325785,237.1990735975296,314.2667989962489,238.97934771179848,310.0286068401485,236.83215534601007,0.5274339440693552,10.462500719242326,10.462500719242326,-0.6773691855000223,-0.18830791157325905,31.76270899894007
583,19.433333333333334,track,1,318.3258997461297,232.23500423117127,315.10313107041037,235.57548298324545,318.014330287631,232.1054097358311,0.3374466782939848,8.140481536477424,8.140481536477424,-0.6298416267363824,0.029337148584564515,30.255866000516107
584,19.466666666666665,track,1,321.43792179436286,227.2680627233029,318.6407085204955,230.4401363345613,321.6619349444269,227.24995539668612,0.22474378006702242,12.857902828455371,12.857902828455371,-0.42465691362937746,0.364514897992005,29.59050599929469
585,19.5,track,1,327.3984395051589,230.64621939325497,323.7638173047015,228.97286476765635,327.1646487986432,230.66449645870614,0.2345040417020552,11.767914801586977,11.767914801586977,-0.10945662405524442,0.518182729878737,31.470461000935757
586,19.533333333333335,track,1,311.8255603578249,238.09815056789628,319.77094492861283,231.74740339493505,312.04625157742237,237.97002713015908,0.25518665659674167,8.208709022857757,8.208709022857757,-0.32352576504543973,0.39202138199798353,30.838687000141363
587,19.566666666666666,track,1,322.3938821188759,233.15190251181298,319.4890964869907,233.25691262951267,322.1799480339768,232.8654021900818,0.35756150105078405,7.460205046788528,7.460205046788528,-0.3276033545647035,0.3434418221680278,32.37904500019795
588,19.6,track,1,316.206003143538,246.4939917862394,318.2624959742499,239.75846807933766,316.666159289016,246.00430266834064,0.6719665991770883,6.867761237787537,6.867761237787537,-0.38106342195519677,-0.016728638011999,31.568162999974447
589,19.633333333333333,track,1,322.4186430501351,240.2230561392975,320.28044836456786,241.21001773067852,322.5642242158318,240.5220882728191,0.332586970105711,2.616834345860188,2.616834345860188,-0.2751129888664612,-0.10722652416565318,32.756462000179454
590,19.666666666666668,track,1,313.4435784143375,245.10375812937497,317.49336495375746,244.12632373260817,313.10703200682747,245.1469831568193,0.33931090080552745,8.602583528887262,8.602583528887262,-0.39864443484100054,-0.2948305855506505,32.18880799977342
591,19.7,track,1,309.3341193356572,246.54162394914906,313.8713642569302,246.47805570214157,309.642586320128,246.03115357016387,0.5964326351984619,11.985442483400456,11.985442483400456,-0.6007194763026453,-0.463535382906356,32.7891479992104
592,19.733333333333334,track,1,323.2661146040996,232.09185707713542,316.9585901798991,242.21928939282475,323.4114927524299,232.13709153416295,0.15225295437045974,8.57109166571061,8.57109166571061,-0.40839896739656045,-0.21272618488312806,33.32981599851337
593,19.766666666666666,track,1,322.8032977006858,224.53640580879386,321.0014989801057,232.99917542338227,322.653680807185,225.00668341572842,0.493504044973204,15.22634440772359,15.22634440772359,-0.14986762314400237,0.34199258383895803,35.16127399961988
594,19.8,track,1,313.0463347865761,236.14164047450066,319.12740567767224,231.57256383751604,313.64663936567626,236.0300117589034,0.6105952487814833,7.491728637919266,7.491728637919266,-0.25839373971536517,0.4460188226162134,36.310915000285604
595,19.833333333333332,track,1,314.7279803359279,240.11685784514543,316.2171646410146,235.52121760519358,315.03038903629744,240.1480356207361,0.304011637523921,4.971815329993608,4.971815329993608,-0.4340790288386455,0.2528355163825649,33.44848100095987
596,19.866666666666667,track,1,308.507582245957,231.32898382790066,311.4706648130958,234.1179446384416,308.51311739468224,231.6022073285944,0.2732795623583218,14.229244313745733,14.229244313745733,-0.727938776855632,0.33794875492667553,31.4616779996868
597,19.9,track,1,316.44751160585037,230.14585933210202,312.21102102499384,232.5120219122163,316.4558635915475,230.44421425284017,0.29847179832230686,10.191856755632983,10.191856755632983,-0.7017158110478741,0.4634873986879412,33.445212999140495
598,19.933333333333334,track,1,320.55281812323403,241.37193278144053,316.3195355421924,235.93439101806845,320.2220017945407,241.66947228201684,0.4449372964062925,1.6841681914826097,1.6841681914826097,-0.4682152150112503,0.2716279021395786,31.200485998851946
599,19.966666666666665,track,1,323.505364117269,242.34231472783904,321.0356013191566,240.43320565155906,324.00405954681014,242.77513374833345,0.6603252501207094,4.871740979931165,4.871740979931165,-0.17743042167690695,0.025554457137323364,29.420737000691588
600,20.0,track,1,326.94427771108445,241.67722088835535,325.53607296123073,242.7550035631883,327.32547511634596,241.92260651708676,0.45334927877522097,7.573572571762172,7.573572571762172,0.12400264603045436,-0.16136648556303929,31.50502599964966
601,20.033333333333335,track,1,319.10282503037666,231.25318955042528,324.5354837123576,239.1272755812647,319.3391881989007,231.29011901033945,0.23923070965965337,8.734912655002471,8.734912655002471,0.09437236910915131,0.053895838866345996,34.19285500058322
602,20.066666666666666,track,1,311.4811030091404,235.60449830543288,318.31442188370255,236.32595199739467,311.5572150510724,235.40431073020193,0.21416841084507998,9.612542720756874,9.612542720756874,-0.2402702894358571,0.24053850584567557,33.356110001477646
603,20.1,track,1,316.96620706944094,234.5340185510153,316.47164716604345,234.22023419519041,317.0346213580401,233.96310311037786,0.5749999610806662,6.725889870204638,6.725889870204638,-0.3651150843254135,0.3985472442150651,34.262680001120316
604,20.133333333333333,track,1,313.2444790985462,236.8877207102973,313.82932403359496,234.19781233837236,313.2959342084208,236.94462935973272,0.0767217225612968,7.3674817873700595,7.3674817873700595,-0.540113813214837,0.4452258863052241,33.13659299965366
605,20.166666666666668,track,1,323.205911525491,242.65691331085102,316.58516971099846,236.89673769865732,323.23668052502956,242.24630017027326,0.41176435317756743,3.9397925422635223,3.9397925422635223,-0.37873641154506915,0.29836556670726555,32.78013199997076
606,20.2,track,1,320.10156599552573,242.65582898334577,319.224813422275,240.40965446466265,320.1368937290616,242.76494339902706,0.11469090838533155,2.7683301632716635,2.7683301632716635,-0.2112195473373416,0.11225423858763992,32.25367999948503
607,20.233333333333334,track,1,320.6254726368159,246.11915422885573,321.0380740820527,244.30316781088192,320.7367020725459,245.6553372594219,0.47696768077887797,5.703119274703901,5.703119274703901,-0.0799886865550358,-0.15473639815772816,33.455161999881966
608,20.266666666666666,track,1,314.405640341779,230.63930458833408,319.1127687577843,239.56497923225277,314.51300314287846,230.38643310184503,0.27471942002541977,11.069227751535454,11.069227751535454,-0.1884681918678302,0.10647888607174728,35.96767499948328
609,20.3,track,1,319.6207516993203,230.47565973610557,318.66448303184416,233.5086291913175,319.8152392363957,230.54099330594275,0.20516792494279282,9.460810968304331,9.460810968304331,-0.22174456561293981,0.5090394237986522,30.72246699957759
610,20.333333333333332,track,1,316.1110662766065,238.45616866740644,316.92424926574205,233.60062778113198,316.41570588414055,238.73231186478722,0.4111694978207677,3.801867635405516,3.801867635405516,-0.3254655651759987,0.5221699485815039,30.60733999882359
611,20.366666666666667,track,1,310.258358662614,228.69042553191488,313.13368475156983,231.32317044479316,310.77058784397235,229.08546114716268,0.6468631010880489,14.293677172649677,14.293677172649677,-0.5558218457268045,0.6717000478802324,31.129570001212414
612,20.4,track,1,314.200411311054,231.74997429305913,312.60036831497473,231.1918575991243,313.87413382639295,232.19413131937577,0.5511192802136182,9.92259150807355,9.92259150807355,-0.622257880281563,0.7147427728315442,29.703387999688857
613,20.433333333333334,track,1,311.74881992568044,235.9475745706538,311.36267452228174,233.10397978500458,311.6571447420477,236.3582960149234,0.4208282833615145,9.103034756061572,9.103034756061572,-0.7260824774111705,0.6420038231423852,34.33290999964811
614,20.466666666666665,track,1,310.57346066850965,236.97702940437296,310.17874729848575,234.83834440905312,310.6209375909565,237.28165825594132,0.3083063336567785,9.76504959077142,9.76504959077142,-0.8302825277156789,0.5663446915679116,33.90531600052782
615,20.5,track,1,317.4424236334405,240.41182676848874,312.2000369314748,237.34549881767427,317.894241604249,240.64309700031785,0.5075681223991214,2.2017702362176093,2.2017702362176093,-0.7294129842006778,0.4243731593052847,35.17218699926161
616,20.533333333333335,track,1,324.7031591799359,244.89143816452153,318.21819635222033,241.5532636889005,324.24207770916973,244.80804344853706,0.4685624839207708,6.411903390854771,6.411903390854771,-0.3890018805172175,0.1723725325212559,34.06447400084289
617,20.566666666666666,track,1,326.050503048025,236.91673687862416,323.3860876575609,240.87172480666257,326.0962541309724,236.54389028038733,0.3756431117532141,7.007782018827297,7.007782018827297,-0.06139849777617973,0.177580480311082,31.61056200042367
618,20.6,track,1,321.7072361908533,242.63962581666996,324.6075926867163,242.51522656246445,321.97146140965,242.76008267459528,0.2903873634809242,3.3918603244149237,3.3918603244149237,0.06730791689669177,0.06290297571360365,36.315004999778466
619,20.633333333333333,track,1,312.7500515039143,234.92799752781212,321.0926966491542,240.0773868751536,312.3372815783529,234.78296396181585,0.4375085675887544,9.270098091884595,9.270098091884595,-0.12519466723691597,0.20560643007405652,32.897611999942455
620,20.666666666666668,track,1,316.8631212284747,242.76455870087818,317.97305640234174,240.47235839211825,316.73312716544893,243.01989117267212,0.2865189829214637,4.448842637350831,4.448842637350831,-0.292537178836366,0.18670232005563617,32.320346999767935
621,20.7,track,1,317.7424410401129,235.11620640999797,317.25668382784636,238.46579531790675,318.14552099901067,234.78003648104098,0.5248653869326599,5.53959488630472,5.53959488630472,-0.3312829193165667,0.2865930136378527,30.324699999255245
622,20.733333333333334,track,1,324.1391344572368,233.74234169407896,320.529241647858,235.38124162940153,323.8650930060769,233.85648772250258,0.29686366021916316,7.258215142125931,7.258215142125931,-0.14625372292425803,0.48070559335405927,30.423787000472657
623,20.766666666666666,track,1,315.5018362932032,236.75856517583136,318.58057672672726,235.00342670412306,315.6553355438567,236.2354500174579,0.5451710638609467,5.748734278737576,5.748734278737576,-0.258943828033735,0.5182150436067445,34.62151200074004
624,20.8,track,1,313.88644898810765,227.71223659503443,315.56723336820806,231.3037364090912,313.50680390121425,227.39082996945385,0.4974259854183176,14.182833441753086,14.182833441753086,-0.4415731354182726,0.7476794864422353,32.120640000357525
625,20.833333333333332,track,1,318.0087944867311,232.47510800246863,315.7197445046368,231.11489605733826,318.24176817385535,232.52305197921345,0.2378557625923026,7.680893884178578,7.680893884178578,-0.45942807060613833,0.8007569838941282,34.74553700107208
626,20.866666666666667,track,1,318.3702498967369,234.12747831474599,316.2171111995578,231.9174772736813,318.1916745741808,234.27485667816444,0.23153731412000703,6.003940947512931,6.003940947512931,-0.45152978543242955,0.795292289396609,30.532814000252984
627,20.9,track,1,327.2112366290113,238.86519044286715,320.4403390706775,234.562576645121,327.6373645637413,239.15489487966332,0.5152801931538276,7.683979447129634,7.683979447129634,-0.21378504559288902,0.6562756592236582,31.648596999730216
628,20.933333333333334,track,1,319.38542360719595,228.62785095587105,321.5973873361377,232.89732284629952,319.53700030294885,228.9706788308027,0.3748418953712697,11.039035019999389,11.039035019999389,-0.12051919100577821,0.7874611621333572,33.320257998639136
629,20.966666666666665,track,1,318.29993522993374,230.15031637686215,320.0643445287249,230.60425224338164,317.87138148236687,230.5321424520808,0.5739768865298289,9.70419204989789,9.70419204989789,-0.1967440789955688,0.9585094695932768,32.86151400061499
630,21.0,track,1,323.913362262457,240.87171429996508,321.6511346070571,234.46816022100842,324.20267715547254,241.0271733751772,0.32843664744728407,4.32638190822351,4.32638190822351,-0.08167317998208024,0.7444663073520704,35.300846999234636
631,21.033333333333335,track,1,325.68587621627046,241.66882335239242,324.268665764738,239.32966414863964,325.75612795607964,241.74233375891606,0.10168130021536564,6.01404489293355,6.01404489293355,0.0959865295920086,0.45426550389866566,31.670200000007753
632,21.066666666666666,track,1,327.7353029095257,228.61677959346352,326.83310790985695,235.95623147386613,327.45315414890473,228.566187098049,0.2866487811106716,13.64850117207589,13.64850117207589,0.2829836576544281,0.6646182146088805,31.43578900017019
633,21.1,track,1,313.7196017298602,233.0293171075128,321.5044911408246,233.31138627855114,314.13398773908995,232.78447300876564,0.48131527851988803,9.299135960205044,9.299135960205044,-0.01696540460950574,0.8287920815676262,34.61649200107786
634,21.133333333333333,track,1,321.6283427776121,236.2035987672731,319.7543665747732,234.15575368480168,321.84490005678373,236.72765264330857,0.5670357309288668,3.7565826814228345,3.7565826814228345,-0.09002252579330453,0.7929808058576286,33.56152699961967
635,21.166666666666668,track,1,311.00312639571234,240.34067788199096,315.09820485039984,237.54040921103504,310.95737074312973,240.5430035065574,0.20743490087124053,9.058918074766975,9.058918074766975,-0.36679389040225896,0.6075005483029785,29.948280000098748
636,21.2,track,1,318.3538717315734,235.2727593329639,315.670795563723,237.23206496084015,318.1273482384456,234.91332187712823,0.4248625396483274,5.420435309618134,5.420435309618134,-0.34301524541175155,0.6299999650005431,33.197510998434154
637,21.233333333333334,track,1,324.1715434891905,239.94228255404727,319.86344453397874,238.42312031746962,323.80430191830425,240.10113636118473,0.40012610940688115,3.8056460225784354,3.8056460225784354,-0.10155164532091648,0.5676085037736744,30.914486000256147
638,21.266666666666666,track,1,322.10700321702546,236.00777035387281,321.7119946087562,237.38800128337402,322.5581042176097,235.88160859000837,0.46841104106274256,4.848200180896553,4.848200180896553,0.019184981704747445,0.6229032144231755,34.57909899952938
639,21.3,track,1,319.00627667587247,245.97961335676627,321.336541728107,241.24423491809378,319.3909814306684,246.2895193074032,0.4940034884520125,6.318936361128218,6.318936361128218,0.00873041733132697,0.3798293127850303,31.968960000085644
640,21.333333333333332,track,1,311.52299718196457,243.35738727858293,316.65032784765555,243.78790934735622,311.7604413966448,243.10085929051954,0.34955166105308255,8.803729568638845,8.803729568638845,-0.25031737968876344,0.19431301049553168,33.737908999682986
641,21.366666666666667,track,1,308.6278195488722,226.7848842886437,311.95442540249473,237.2367626070153,308.8679677696288,226.89901176649786,0.26588766262074964,17.19180136787254,17.19180136787254,-0.5476460579333138,0.5854233844499889,32.42657599912491
642,21.4,track,1,317.0041700160772,237.74301647909968,312.74890336367787,235.1412871578428,317.29557283798744,237.2857486661787,0.5422263893898843,3.8315906067561563,3.8315906067561563,-0.517897559796874,0.7056431022692273,36.074292000193964
643,21.433333333333334,track,1,319.93467336683415,240.4295213440942,316.58353300406947,237.4666165261972,320.2510965578216,240.24220964293286,0.3677081848241059,0.3488767582965651,0.3488767582965651,-0.31061934024964,0.5876882345034196,36.627844001486665
644,21.466666666666665,track,1,312.86695455480157,227.06112482006992,315.64945046252626,232.6449036139587,313.31598053258733,227.08017063652605,0.44942971847769886,14.546412170086315,14.546412170086315,-0.37865777785879895,0.8967199138636346,33.53431000141427
645,21.5,track,1,315.9659096656719,234.7173132365586,315.33207570613644,231.7635376966489,316.4239886558219,235.12115150936327,0.6106731628282909,6.0490511428056735,6.0490511428056735,-0.4143241283975577,1.001991849462682,32.214103999649524
646,21.533333333333335,track,1,318.71594676166444,231.01523922616397,316.58255376133746,229.980876788926,318.33524289609426,230.53054273869068,0.6163327982746185,9.614678207759653,9.614678207759653,-0.3599460951130279,1.1527504178436274,31.845909999901778
647,21.566666666666666,track,1,317.39097146266283,247.35442975042258,316.8857044497875,236.61163881410133,317.24546472594056,247.04711306514724,0.3400231690343838,7.566324545577375,7.566324545577375,-0.346872358940134,0.7682375915461411,33.557238999492256
648,21.6,track,1,324.39464762687487,241.25339017875487,320.43242754778174,241.06737465316857,324.2894932532579,241.09944869811054,0.18642806053207275,4.428153092376311,4.428153092376311,-0.16853852124671614,0.4745991550435773,29.005293001318933
649,21.633333333333333,track,1,318.8636386474401,243.2760387881224,320.3554393911908,244.40576023288654,319.0419050607946,243.28919833388468,0.17875146929450492,3.4258971952119053,3.4258971952119053,-0.1483864988843306,0.22906574722125211,33.181762000822346
650,21.666666666666668,track,1,317.35690890481067,238.77702149437053,319.43818118736635,244.01164380807182,317.7916147913007,238.83158842157982,0.4381172871436687,2.49842967613425,2.49842967613425,-0.1785837678777955,0.22517373562661014,35.500807000062196
651,21.7,track,1,317.646667338913,229.39104567913682,318.3038533293739,237.2968038528086,317.33289685910705,229.46776728248892,0.3230141148906262,10.864684311105032,10.864684311105032,-0.2431999006981118,0.5870008173118457,31.57633800037729
652,21.733333333333334,track,1,312.99312031799417,234.87443306324212,315.395303071278,235.03728914565727,312.894398525332,234.96000771990532,0.1306484374550837,8.711549489052905,8.711549489052905,-0.4143057328203476,0.7394194169511159,31.17499600011797
653,21.766666666666666,track,1,323.40375351264555,231.65450622240064,318.2985588026921,232.31770679505317,323.69724514418834,231.62206135537974,0.29527954074343554,9.157482055087295,9.157482055087295,-0.23848281767187585,0.9187681567932666,30.202046000340488
654,21.8,track,1,326.2370812775902,238.1353414697481,323.1263222957365,234.0465924772368,325.83773607193694,238.02899833576961,0.41326196948500615,6.161494137463148,6.161494137463148,0.060870902006582184,0.857255625849394,34.34445600032632
655,21.833333333333332,track,1,318.27036087556695,240.9543482547821,322.4212027822246,236.97153751659482,318.14960948048576,240.79546461463008,0.19956179624870934,2.0141273613743342,2.0141273613743342,0.033629146267919685,0.6918435994551924,29.910461000326904
656,21.866666666666667,track,1,312.75660078647667,240.66344926203973,317.4747962902526,239.6403024339797,313.0638356598728,240.34556777083316,0.4420881245661802,6.944767299016655,6.944767299016655,-0.23945903653256834,0.5064379433101103,33.44842299884476
657,21.9,track,1,318.15839588896165,225.4337246208877,316.74818131036477,233.88410732433863,317.98439616045545,224.93000723064597,0.5329231790344268,15.204188268578152,15.204188268578152,-0.2819932861714135,0.8814476865731495,35.88130400021328
658,21.933333333333334,track,1,311.7417543504654,236.23097936058275,314.20193531042315,232.87966148926108,311.9740726089012,236.61433508959166,0.4482559404699681,8.710811522054641,8.710811522054641,-0.44963400760967487,0.9492738807322738,31.819335999898612
659,21.966666666666665,track,1,324.80990287373584,230.27921297686993,318.3902495082017,231.5257992483621,324.72352641910226,230.46253455751395,0.2026516564079569,10.64307046385453,10.64307046385453,-0.19948775578985697,1.0582032821700662,34.62817400031781
660,22.0,track,1,315.9505818271849,234.08249566724436,318.6353769729132,232.08798573989645,316.270192481279,233.926210787707,0.3557751168680456,7.127578798026327,7.127578798026327,-0.18998982855283753,1.0475785701505682,34.59428299902356
661,22.033333333333335,track,1,322.4160431618059,238.2165216063521,320.3758863798993,235.23874110261622,322.26398364454315,238.1119842595917,0.18452683722937707,2.9479188216075993,2.9479188216075993,-0.11066559810918442,0.8848577232677991,34.233325999593944
662,22.066666666666666,track,1,324.59307250176465,236.93652314207927,322.62186992459743,236.6653845627533,324.0373493010216,236.56409655189924,0.6689767117898925,5.30147355771302,5.30147355771302,0.04742664048669282,0.8002480196264705,31.52765099912358
663,22.1,track,1,327.95383765320474,230.00909182238297,325.5663863322607,234.29668318174365,328.08621435989517,230.20882281292373,0.23961648744732558,12.698583125014286,12.698583125014286,0.25122380608479145,0.9528839364835077,33.9433730005112
664,22.133333333333333,track,1,326.31054407854367,241.60825322151769,327.1182526586202,236.76602137662007,326.10945326638296,241.6947123417862,0.21888968503120193,6.340147406450405,6.340147406450405,0.37626139494972893,0.8003709843901733,32.08351099965512
665,22.166666666666668,track,1,311.2495861134802,234.8742788340942,320.0702745572961,237.04211515471633,311.68016362916046,234.5856773986472,0.5183510254176081,9.926457901440184,9.926457901440184,-0.03506062343923691,0.7900761560562951,30.89224399991508
666,22.2,track,1,324.792004023133,240.74845360824742,320.024492013655,238.83378190406015,325.0477483152,241.15465602477514,0.4800057771712817,5.1781264555004896,5.1781264555004896,-0.01834531231973348,0.6746077743966357,34.191830000054324
667,22.233333333333334,track,1,324.72133497133495,230.6866298116298,322.6621786250136,235.54605821704112,324.68256664739835,230.82213340368068,0.1409404356440747,10.303381273502469,10.303381273502469,0.14827827973804347,0.8751879051772309,33.694351001031464
668,22.266666666666666,track,1,317.9519483742864,238.82094812608588,320.9810909129663,236.07570757105464,317.7088656408696,238.67192679179865,0.28512553964550696,2.6482211195310206,2.6482211195310206,0.05567440465383368,0.8428177878342084,36.697867999464506
669,22.3,track,1,312.1439371031146,233.35760004031852,315.8787641916147,235.07477227995682,311.6893066866041,233.90649745349816,0.7127251825295738,10.305260629093667,10.305260629093667,-0.2402204803882179,0.897464738960944,33.55626600023243
670,22.333333333333332,track,1,312.25657593487665,237.39129992368353,312.77672496244315,236.27460916954774,312.6775173126822,237.44585172555279,0.4244614736769581,7.755154809153111,7.755154809153111,-0.45132122160373833,0.8359410894959609,35.40997900017828
671,22.366666666666667,track,1,313.51497363446424,242.5674559745299,311.61954895385446,239.39997399655144,313.6872436197918,242.35800084444762,0.27119808141382906,6.738772966814892,6.738772966814892,-0.5654463118630828,0.659455071289008,29.87836700049229
672,22.4,track,1,326.43352743782077,234.96762731938412,316.55064512767865,238.17289948826377,326.50138711509265,235.2679175486652,0.30786223802396495,8.041183914481971,8.041183914481971,-0.28030441706431564,0.731369614154104,35.000608000700595
673,22.433333333333334,track,1,315.1736693263307,229.75073224926774,317.8114293179339,233.93659288134165,315.21327517779014,229.7585749902715,0.04037489388567564,11.304845012358737,11.304845012358737,-0.22684572657546415,0.993285675851797,32.65400000054797
674,22.466666666666665,track,1,323.75340212352324,232.68466178156623,320.40612502584105,231.81323410254643,323.75468393924467,232.27367158411445,0.410992196340755,8.590331907076836,8.590331907076836,-0.10435920689110043,1.1546925835651696,30.58024899837619
675,22.5,track,1,330.7269558084692,235.731518507126,325.6795595720883,232.3163579487183,330.65488919854806,235.9308434734188,0.21195291565145732,11.405467928636444,11.405467928636444,0.2296917228332422,1.171424975090284,34.10702800101717
676,22.533333333333335,track,1,321.99570408112294,243.1017033817873,325.1053008420983,236.34757457639265,321.94855524491624,243.0447829742155,0.07391174165033361,3.61490952895964,3.61490952895964,0.2195743852421113,0.9393922483069836,30.66303000014159
677,22.566666666666666,track,1,326.53669116146153,231.41426821800368,325.5458395885505,235.39082684165302,326.6086768112861,230.93031024563308,0.4892823855420626,11.22202661895341,11.22202661895341,0.27927502973821317,1.0151129464415831,35.89222600021458
678,22.6,track,1,315.13417593528817,236.95131445904954,320.91716604389967,235.34482181768135,315.14619584031186,237.27121641756128,0.3201276951099713,5.568273939058044,5.568273939058044,0.014892940484651715,1.0203582140845588,33.44393199949991
679,22.633333333333333,track,1,312.6975515594839,234.12506349690136,315.2078305375261,234.81424192242673,312.83219516678645,233.91007425524097,0.25367158890415165,9.405563337924972,9.405563337924972,-0.33390142409238843,1.054421346572272,31.467150000025867
680,22.666666666666668,track,1,311.51026274648245,245.22774723889253,311.31327958443507,239.82126103562032,311.93903405901733,245.7485611705962,0.6746050621730486,9.900763982328275,9.900763982328275,-0.6064640241668344,0.7687142318142652,32.72927699981665
681,22.7,track,1,319.86628624305985,248.6649701830146,313.0422576667147,244.63932901169508,319.44167544611093,248.88651898053627,0.47893444078379993,8.904040987041038,8.904040987041038,-0.528053005619489,0.46349304520192075,35.3694750010618
682,22.733333333333334,track,1,324.18909221385,239.85960326003382,318.5441193821515,244.2785271300163,323.9100464086267,239.75125916661005,0.2993409494080833,3.917950346777035,3.917950346777035,-0.2134614475953029,0.460798258354554,33.263917999647674
683,22.766666666666666,track,1,334.3759943253787,235.72493286720373,327.6937132176273,239.95819355645813,334.28658784305793,236.24216880776925,0.5249062176176496,14.77253828787433,14.77253828787433,0.3421996574283569,0.6838156411668699,31.333766999523505
684,22.8,track,1,331.7001843853401,233.02020661261398,332.239937461726,235.7275051433452,332.04469299590164,233.25269720642518,0.4156176836489701,13.805822117994444,13.805822117994444,0.6861156367285743,0.932302776365874,34.35660299874144
685,22.833333333333332,track,1,327.8505531829874,243.71908793486676,332.8846524172716,238.04352417734083,327.4008628955523,243.73606568590486,0.45001066503341464,8.290413645178281,8.290413645178281,0.7834745099350082,0.7882479901392805,33.38663499926042
686,22.866666666666667,track,1,323.8068595610668,241.38293475051668,329.2347964815523,240.50628108436095,323.7050235564067,241.11549660333276,0.28617081335158545,3.8693064269420776,3.8693064269420776,0.6206088896976762,0.6373414208514968,31.81645699987712
687,22.9,track,1,316.5778858822337,237.19332117158206,322.3247867990092,239.513644920551,316.7354000310888,237.58667278359312,0.42371711997656203,4.0597735417711895,4.0597735417711895,0.24748244940200242,0.6446583974547059,34.02095800083771
688,22.933333333333334,track,1,309.91123494875114,240.41267787839587,314.602312300661,240.17283796867326,309.4957030502202,240.51750356984002,0.4285500954188272,10.517036861870869,10.517036861870869,-0.21162641715391803,0.6264318529256562,32.245524000245496
689,22.966666666666665,track,1,311.5233565313173,234.09472788264156,310.65558450963664,237.66319560730432,311.56299336126807,234.02031453028647,0.08431147785011514,10.341166246546361,10.341166246546361,-0.4974072184986043,0.7423409831062088,31.801372999325395
690,23.0,track,1,315.7847564926973,241.50829968595784,310.2638980304891,239.1432814736946,316.2499593467335,241.08853847996068,0.626588513670344,3.9048330212067603,3.9048330212067603,-0.5560389932135487,0.6430908875027092,31.714287999420776
691,23.033333333333335,track,1,323.4017577533084,237.50141428427114,315.58120949885995,239.16177179328483,323.4034428299826,237.94732979281846,0.44591869241647836,3.9745286609119845,3.9745286609119845,-0.2627048160164325,0.6379102623146896,33.47730399946158
692,23.066666666666666,track,1,322.8675656275636,236.92324651353567,320.5610125572719,238.01754493841486,323.27740729918247,237.1374256867463,0.4624315236146368,4.3515204588321135,4.3515204588321135,0.04117543908453557,0.6986813858081524,32.3143000005075
693,23.1,track,1,324.21882824236354,232.87441161742615,324.2031182183946,235.29281525353835,324.21640743167194,232.8904885975192,0.016258216793894054,8.265787561500884,8.265787561500884,0.29184663575737213,0.8562819121186536,33.046171000023605
694,23.133333333333333,track,1,318.54881716118683,240.79686246992782,323.5822932677478,237.17388412843442,317.9843595296455,240.78277715904923,0.5646333445589506,2.1623012247279987,2.1623012247279987,0.2745426304007414,0.7438235369810091,34.15928399954282
695,23.166666666666668,track,1,325.4696,241.63595,324.3526250743992,239.99414463038926,325.5003070683377,241.47763692158637,0.1612636190921515,5.69533043097947,5.69533043097947,0.33319587319326976,0.5690074893180281,34.085620998666855
696,23.2,track,1,330.8867333233846,238.34318260956076,327.5016204295553,240.20432326178152,330.61405813702703,238.12441191543414,0.3495888640442836,10.778499932697274,10.778499932697274,0.5584237439282003,0.5589746653852288,33.577148999029305
697,23.233333333333334,track,1,317.3303616147451,239.9180106180507,324.0203976099234,240.12438380718825,317.73051170667117,239.5231664528228,0.5621583503631006,2.3190401775886094,2.3190401775886094,0.3697970892497958,0.5463324358014651,36.107963000176824
698,23.266666666666666,track,1,313.985804493612,234.90777815850018,317.8395727882849,237.69296253569712,313.99323507387106,234.5877484687972,0.3201159412062604,8.085399898259814,8.085399898259814,0.009603186989609519,0.6680732167675446,35.94384899952274
699,23.3,track,1,320.03679707206095,228.91597012710815,316.9946862971496,233.11508079269245,319.88937188585635,228.61268804122184,0.33721537501574805,11.38784932400192,11.38784932400192,-0.07996350782453508,0.9340963233433993,36.19345699917176
700,23.333333333333332,track,1,316.6667166941818,227.01285707138928,315.29781212385785,229.34220733761757,316.22672732135237,226.73280635044725,0.5215544597671206,13.7933322312689,13.7933322312689,-0.21252996313254277,1.1814713902914757,37.05645599984564
701,23.366666666666667,track,1,316.7791863958047,243.61458174227383,314.45663862435015,234.07576487002697,317.22207281726,243.43071172759252,0.4795378656669578,4.4143699879423925,4.4143699879423925,-0.28494846365045007,0.9094946221065796,35.51076999974612
702,23.4,track,1,327.25555162122515,229.25858667610905,319.42372791924805,233.95263450532173,327.49149586384533,229.10670548294954,0.28060217829013046,13.220679850643588,13.220679850643588,0.007896851100917607,0.9488148017130529,34.40327899988915
703,23.433333333333334,track,1,330.90823817292005,243.5553629690049,326.5283454593873,237.8115026352292,330.98101123181664,243.6254963555296,0.10106735381214546,11.56403180111684,11.56403180111684,0.44470502704058723,0.7123706633622946,34.33240600134013
704,23.466666666666665,track,1,322.16293961678923,241.3049177047376,326.52564231860833,241.15428747955588,321.9976862421047,241.45448199805668,0.22288597012972103,2.471086442147525,2.471086442147525,0.4685898503922481,0.5058743311387097,29.597101000035764
705,23.5,track,1,327.65567262177433,234.2930727337507,327.0228077797686,238.80297069343655,327.50510625152583,234.71688309133404,0.4497615490954313,9.17812312607127,9.17812312607127,0.536661316447595,0.636716529563152,30.24409599856881
706,23.533333333333335,track,1,319.1391251824634,232.67418331907183,323.59053798852057,235.09736816332781,318.86916099240256,232.36150120581746,0.41309898071093243,7.721752436450684,7.721752436450684,0.35405966098146624,0.857024387208793,32.685932999811484
707,23.566666666666666,track,1,327.2953966111861,239.74164042585096,324.39272968599846,236.40717695685126,326.8701370071791,239.72654470336244,0.42552745109763446,6.875577088264729,6.875577088264729,0.42678004242489587,0.7815424972930456,32.47103600006085
708,23.6,track,1,324.18735834802317,238.80901536136994,324.74990362865435,238.1247044061961,323.7472847856652,238.9236246314571,0.45475270760747477,3.8988109980972223,3.8988109980972223,0.4756320474719207,0.6771743962221299,33.730881001247326
709,23.633333333333333,track,1,314.154107196327,241.43886615430682,319.9792295723379,240.38310044551932,313.8290731981507,241.03494353538946,0.5184598171927487,6.2571116112169936,6.2571116112169936,0.19703390187583317,0.5541600776347345,30.127821999485604
710,23.666666666666668,track,1,321.8412067471844,241.93405697395912,319.15406871316486,241.94522893428362,321.4086504057968,241.84442415113583,0.44174543733005095,2.320818048672609,2.320818048672609,0.15212998855002996,0.4258507930417245,30.245195001043612
711,23.7,track,1,326.42116694639157,237.10968506269128,322.5796353009817,240.20344001296147,326.01629564994766,237.56113728159696,0.6064073487673278,6.491830612916166,6.491830612916166,0.3614130235062125,0.5271033519948054,32.412719001513324
712,23.733333333333334,track,1,311.74681471626667,234.67778744307424,318.1894991499806,236.98516844332474,311.49924960425807,234.6335748165252,0.2514820888854636,10.052923780698787,10.052923780698787,0.09169914758781245,0.7046679642319464,34.03191399956995
713,23.766666666666666,track,1,314.7415707498031,232.24059252483676,314.74904239563404,233.68041793548116,314.68649266485386,231.63189390510348,0.6111854097627565,9.912545576999689,9.912545576999689,-0.1430417709936723,0.9147791172941742,36.19652599991241
714,23.8,track,1,315.0204009493511,228.23092460738272,313.1141417806316,229.82594143602773,315.00186135481334,228.28645151175417,0.058540188543425055,12.735329132103127,12.735329132103127,-0.28705092381565184,1.1715981665804114,34.76482699988992
715,23.833333333333332,track,1,325.7376086097946,242.74901263823065,317.31190297993874,234.2226832784928,325.91840883477107,242.46598332010961,0.3358486508348591,6.411601739858388,6.411601739858388,-0.05051507663485911,0.9258211812267483,32.742969000537414
716,23.866666666666667,track,1,330.43704490291265,243.82650687702267,324.71300190915633,240.18183118533267,329.9645277796235,244.37312529884605,0.7225400548607251,10.88191337726485,10.88191337726485,0.3915299938137604,0.5781476089358463,33.33136400033254
717,23.9,track,1,317.21598458339673,247.36041381408793,323.36154229122855,245.6087616625847,316.9861949253885,247.57906509488942,0.3171934260410834,8.15630116782879,8.15630116782879,0.3184232200198872,0.22250856028816707,31.5045099996496
718,23.933333333333334,track,1,318.71925892723743,245.90786393744708,320.40361490156596,247.66524837650766,318.7396066268233,245.97326912771948,0.06849721011110281,6.104796108578435,6.104796108578435,0.12859089523491296,0.041507294807593687,33.437636999224196
719,23.966666666666665,track,1,325.4959105918212,236.9786639573279,321.84808534014434,244.17284768363405,325.88479639799,236.8255203102651,0.41795352238645955,6.6864153285849195,6.6864153285849195,0.24728780908092854,0.21752314931925146,35.20090100028028
720,24.0,track,1,331.9657906547649,233.7473694709021,327.374728462319,238.20768118541764,331.6028144288439,233.5293432793183,0.42342314627376637,13.285130826118762,13.285130826118762,0.5857950791348912,0.5550000095802924,32.77758900003391
721,24.033333333333335,track,1,328.56686360133574,235.00128435653738,329.3306121066672,235.01497381330162,328.5947826425583,234.7054180211446,0.2971806879350414,10.0946959837155,10.0946959837155,0.7532144834255657,0.7678545021925862,34.70317900064401
722,24.066666666666666,track,1,315.2307464747066,239.80223843802386,324.1991506087671,235.4821213682294,315.62011399826304,239.4991073239538,0.49345267322997555,4.4084345136485945,4.4084345136485945,0.4680466362044312,0.7499289600655923,32.20951699950092
723,24.1,track,1,322.09084559740586,243.41756048889997,321.3685195350427,239.25533466127047,321.8917439879384,243.27115096929126,0.2471380147297889,3.7787728139961323,3.7787728139961323,0.28934412862570036,0.5403117852041367,33.93845900063752
724,24.133333333333333,track,1,325.22489756689765,231.43603621832162,321.47329405519866,236.287650399602,325.4290847135447,231.41815819707057,0.20496832560107583,10.15494803321768,10.15494803321768,0.30564337767074456,0.7304507569564298,31.60039000067627
725,24.166666666666668,track,1,326.9656562639988,235.99054302921706,324.19945297814246,234.7850455061238,326.67157003332096,236.01239998999102,0.2948973343531397,7.772438520138312,7.772438520138312,0.4717049715898591,0.8480090495807089,34.73422400020354
726,24.2,track,1,320.6741762604208,236.45593489479953,323.03742612751046,234.41729082580127,320.8571880162147,236.69472322620885,0.30085406757433997,3.41461942923444,3.41461942923444,0.4108046330136059,0.885117853079251,30.068883001149516
727,24.233333333333334,track,1,325.46005551349987,248.90219530658592,323.6123007815054,241.15280335763688,325.1999556258357,248.44951836849518,0.522080800108694,9.92138595006754,9.92138595006754,0.4614960238189745,0.4792886495116322,31.64586999992025
728,24.266666666666666,track,1,320.2450753768844,250.34577889447237,322.20289404930907,247.8866752092685,320.49746217436063,250.23322878724156,0.2763451142647011,10.245313076082592,10.245313076082592,0.40040962483733644,0.039013435712797195,31.11048699975072
729,24.3,track,1,314.8205166867712,241.03834941696823,318.5544879520446,247.23106141184763,314.53152066367966,241.26265819267613,0.36583210387049253,5.612358859097903,5.612358859097903,0.17982136065539323,0.042243380769555916,35.20726399983687
730,24.333333333333332,track,1,317.4284270117266,234.02936716538616,316.65192406619303,240.74946327189372,317.8284415348342,233.97345833681476,0.40390273062857135,6.4058465939905815,6.4058465939905815,0.041647263859227124,0.38292725108533415,39.60637499949371
731,24.366666666666667,track,1,328.35763063382063,233.61581263594516,321.02149907315214,236.1501053770741,328.3791430864295,233.87424235255008,0.25932355088142234,10.379544576625246,10.379544576625246,0.30302053230536935,0.6538212446744923,32.88475400040625
732,24.4,track,1,317.5820671731307,246.7687924830068,320.8180956585575,239.883220092828,317.2787447889315,246.65887333140765,0.3226246869732565,7.19345702478993,7.19345702478993,0.28366246793712296,0.4173093594814057,31.42172299885715
733,24.433333333333334,track,1,316.78375690058186,233.1148853633063,318.3757401595531,237.935598256954,317.1295593651767,232.665175383959,0.5672904106755471,7.876489166254584,7.876489166254584,0.1366706707696171,0.5485856640624593,32.12572899974475
734,24.466666666666665,track,1,323.2192097203394,242.72591253702868,319.9980222115918,239.32810028967762,323.39214624044826,243.1422761122867,0.4508499382156039,4.6239112537369165,4.6239112537369165,0.23440845778441513,0.4582729187085755,34.228593000079854
735,24.5,track,1,324.8709530092358,234.1162590074089,322.9912104103142,237.3268064227629,324.73027005305266,234.333038927739,0.2584283808306534,7.381727614138052,7.381727614138052,0.4191355046540397,0.5839088956239723,34.8093369993876
736,24.533333333333335,track,1,319.8078800203355,249.75510930350788,322.3006364562408,242.71941945822883,319.4487299291748,249.74551688064108,0.3592781687734375,9.761096145507828,9.761096145507828,0.3870849933170573,0.24661790767042321,34.43210099976568
737,24.566666666666666,track,1,331.4172793210638,233.45778852321507,326.61754020247594,240.03182618170663,331.8756439126184,233.44250441511963,0.4586193440657232,13.565827165530147,13.565827165530147,0.6720216385575664,0.4066480293461242,29.01258199926815
738,24.6,track,1,332.4559947696641,236.12145443572723,331.20326682297497,236.99191592267553,332.70989848039653,236.13294978813644,0.25416380043335074,13.285164535039078,13.285164535039078,0.991606121056348,0.5948747654835567,35.47115199944528
739,24.633333333333333,track,1,320.7343151400567,237.43141449823375,328.04648437179327,235.94064311052463,320.81239168966533,237.6013885884237,0.18704849353761271,2.532452755962356,2.532452755962356,0.8389556131946396,0.6650380282594869,35.37227999913739
740,24.666666666666668,track,1,312.0350487349124,241.50946921872634,319.3826663719599,238.25454998534735,312.0125890114974,241.75672123707227,0.24827001379951932,8.178313017000047,8.178313017000047,0.35395884305688624,0.547969219608253,33.4818940009427
741,24.7,track,1,317.13554261830126,246.07025924267305,316.1996457637879,242.14071341389064,317.0079644372446,246.44788168329208,0.39859114383137434,7.108266667094488,7.108266667094488,0.12974105528403643,0.3245199905542454,31.603191999238334
742,24.733333333333334,track,1,321.81123797178043,239.4365558159246,316.7186581696505,241.63708948211763,321.63146114265817,239.04098787891402,0.43450397130528384,1.8924507149179124,1.8924507149179124,0.1462374162955291,0.34575370167581365,34.84136699989904
743,24.766666666666666,track,1,319.4755145144654,251.8833439756373,318.0477261512968,246.09669862251602,319.18098672599956,251.7066489898348,0.3434643157393624,11.735263666155488,11.735263666155488,0.21219910069762887,0.08392149134358912,32.98098400046001
744,24.8,track,1,328.4962786851354,243.01679760181932,323.245562070396,245.23103420648192,328.09097296863905,243.31538642256285,0.5034163363436148,8.743891050908738,8.743891050908738,0.5063123455292466,0.09416539001081137,32.75873699931253
745,24.833333333333332,track,1,321.44383397432694,246.02961890015484,323.4786282470276,245.86887459362433,321.0361484678109,245.9391845895365,0.41759530260797867,6.028890215946436,6.028890215946436,0.5272878982242436,0.027203587916646843,32.178120000025956
746,24.866666666666667,track,1,324.540620822813,237.92667953859103,323.90600084462505,242.4905858927096,324.0733075953618,238.2711076078585,0.5805276457242847,4.425031488027747,4.425031488027747,0.5623440304147899,0.1880498577778973,32.86223499890184
747,24.9,track,1,326.72578344074384,233.31396664534856,325.2705328812984,237.76893631284378,326.4569805556624,233.3835925914516,0.27767384356261166,9.24496862580382,9.24496862580382,0.6540957239303731,0.4495023801976704,31.46160200049053
748,24.933333333333334,track,1,323.4407682458387,237.72409731113956,324.68147922977823,236.6893612296813,323.1947893113317,237.42719059661934,0.3855635269944236,4.101954042882886,4.101954042882886,0.644235648782651,0.5336051377047774,34.026786999675096
749,24.966666666666665,track,1,316.55328569990945,235.54991446110495,321.2783999386622,235.21969529339296,316.3356571044938,235.95893907990057,0.4633177574014352,5.4550510736198925,5.4550510736198925,0.472640904408549,0.6412713778668397,34.61989900097251
750,25.0,track,1,321.4211318921545,242.73179499635657,320.9424345920524,237.23171149037873,321.49068335656847,242.98583071588592,0.26338480024277,3.3372626407698402,3.3372626407698402,0.4589123152998686,0.5262258278863385,31.52774099908129
751,25.033333333333335,track,1,315.36087990487516,242.8057372175981,318.5717737668527,240.39463440691011,315.57245836698485,243.0769535248852,0.34398216664115755,5.391731438636937,5.391731438636937,0.3252525116479015,0.35640567807076534,33.37090700006229
752,25.066666666666666,track,1,312.1165194700923,248.63051987153753,315.1772321754133,245.24228708776175,312.3724440094686,248.75680369038682,0.28538565618846584,11.612976416951147,11.612976416951147,0.11697404939286846,0.03416330007309165,32.29160199953185
753,25.1,track,1,314.67205054390746,243.585713193896,314.0445184988219,246.0718336760994,314.0865948404155,243.88012393959693,0.6553137171885253,7.072745037680473,7.072745037680473,0.01728375805867624,-0.06627769152865529,31.80355099902954
754,25.133333333333333,track,1,313.6149478207489,242.78621853898096,313.00521928977605,245.95008057859562,313.36299293033835,243.2242192035196,0.505297782439308,7.378716169841692,7.378716169841692,-0.07983136906306659,-0.11070253956943027,30.273084999862476
755,25.166666666666668,track,1,321.513219208319,239.3254034433708,315.6483508646116,244.27668550360343,321.5736274722283,239.0266982374046,0.3047522902618484,1.850302608338135,1.850302608338135,0.060963175084459253,-0.03433744117738988,33.281616000749636
756,25.2,track,1,319.8257035275466,241.15527150217994,318.5019138600447,242.4503252525365,320.09933578540745,241.1778094949431,0.27455887102737764,1.1819910340779296,1.1819910340779296,0.22642908024525982,0.06058170662700861,34.05664000092656
757,25.233333333333334,track,1,325.28752436647176,248.20277777777778,322.8047899549995,244.44626632433256,324.8331296275804,248.41574498050068,0.5018262728950927,9.70483928634666,9.70483928634666,0.487594605069252,-0.05349378920067763,34.32948800036684
758,25.266666666666666,track,1,320.4270264907233,242.90366107748784,323.27696342542527,243.65614066124581,320.3624326405221,242.69589701755882,0.21757359693216308,2.7201503907318023,2.7201503907318023,0.5531271194331118,-0.025931353961571285,32.07944099995075
759,25.3,track,1,329.36615245009074,248.62321032466224,327.1768028978602,245.63703582855246,329.52057532156266,248.86821874372293,0.2896127563562341,13.011020641750852,13.011020641750852,0.805719384248931,-0.14876018039289685,32.43631600162189
760,25.333333333333332,track,1,323.1566763020437,247.063618844769,327.08947899883066,246.3527867403251,323.7419276688526,247.05384805930626,0.5853329228740254,7.9849104642884665,7.9849104642884665,0.8547932189309263,-0.21363286350401633,32.18677299992123
761,25.366666666666667,track,1,321.23573225968795,244.2342476094615,326.15676012859365,245.75978442206858,321.10393362088325,243.7597575547149,0.4924547626373532,3.918474997949092,3.918474997949092,0.8240061634878084,-0.19850745529971253,34.036905999528244
762,25.4,track,1,312.9161706597309,232.23253138598508,320.5991016099973,239.91520455463996,313.21346289894876,232.451669607135,0.3693294402940641,10.150585083816331,10.150585083816331,0.4985165511192733,0.1506602913186625,35.12333899925579
763,25.433333333333334,track,1,325.91656340355223,245.9141883519207,321.08887005626025,240.13704575987214,325.6131567591431,246.0338114937625,0.326136915935161,8.241019957807078,8.241019957807078,0.5469943096212473,0.13460910549490585,32.44976600035443
764,25.466666666666665,track,1,316.3691235355183,237.00093924563745,319.5248711113153,239.03466661827753,316.559294852519,236.90139612323807,0.21464846383512518,4.630312937263147,4.630312937263147,0.4703126932333006,0.20549849995554315,32.986734999212786
765,25.5,track,1,316.12381331080076,233.5847706148417,317.1111457379598,235.55610229104968,315.68217907307746,233.48814102025455,0.45208193779392347,7.813314592991998,7.813314592991998,0.2907773376835481,0.4212467190256895,33.124287001555786
766,25.533333333333335,track,1,320.30704310258216,246.03154827690145,317.75896637830874,239.52900800912113,320.31075966589805,246.04621005337603,0.015125492794340615,6.054190910393761,6.054190910393761,0.31767155938134234,0.16490491253356668,31.71629800090159
767,25.566666666666666,track,1,322.033057020849,238.76578749058027,320.0038782718569,240.4412695810855,321.57983407827936,238.82556541871577,0.4571481558134826,1.9685457324149387,1.9685457324149387,0.44306562640737207,0.1637353165772493,29.9869430000399
768,25.6,track,1,322.6627813504823,245.93207395498393,321.9391148779971,243.14622112009482,322.71075841651424,246.2826111578774,0.35380521403366194,6.8424713484082895,6.8424713484082895,0.5636319856187031,-0.01560312703966163,34.256248000019696
769,25.633333333333333,track,1,317.45283769009046,243.5185866216082,320.5280833657517,243.7965123450619,317.1168302046485,243.10329089919426,0.5342018039358564,4.235927581280046,4.235927581280046,0.479470903605567,-0.0696233290602182,32.68091500103765
770,25.666666666666668,track,1,320.23801020408166,243.6894387755102,319.9038743084667,244.0185378309739,320.49605279990226,243.70880544316134,0.25876833089414486,3.7418319304204517,3.7418319304204517,0.4385430706607235,-0.10207982577462851,31.09862999917823
771,25.7,track,1,311.57951482479785,245.6394751563851,315.4780619068889,245.01884638449417,311.46850131977584,246.06615211058542,0.44088232164937724,10.46826973092624,10.46826973092624,0.17098849425379511,-0.17859523097003663,31.65821699985827
772,25.733333333333334,track,1,319.3726898352752,250.54208517476897,316.2243729350593,247.8742435087908,319.8584247457626,250.41819050688719,0.5012866365620924,10.419152412284152,10.419152412284152,0.19987537354458784,-0.3797799500633324,34.024452999801724
773,25.766666666666666,track,1,326.1967213114754,238.08054854981086,321.12500570222085,244.52299986207987,326.27418289039736,237.62992820205528,0.45722969503350813,6.70690772782568,6.70690772782568,0.48847864608931024,-0.19475136936747528,30.84155299984559
774,25.8,track,1,314.05717181956413,239.21211353269132,319.35716434241533,240.6506575519518,313.80182187637047,239.44289374510123,0.3441846886904926,6.223164744041976,6.223164744041976,0.37209392383547707,0.023295369994161867,34.27698000086821
775,25.833333333333332,track,1,325.4215838899212,236.96133179330087,321.5323205478609,237.7266643650765,325.8548800730809,236.96673509284932,0.4333298720222098,6.5939606206825,6.5939606206825,0.511266280670441,0.20450008821649862,34.208033999675536
776,25.866666666666667,track,1,326.0735765838011,250.74413592622292,324.80563946873264,243.16038563689634,326.2074206591389,250.49546276449652,0.2824049890954999,12.193720100135048,12.193720100135048,0.7181935850062267,-0.12495343920396021,32.73999999873922
777,25.9,track,1,318.7880744968459,252.6097927305497,322.90262044699944,249.62136271415412,318.61635575192867,252.24235559425375,0.4055827615731902,12.320297963173497,12.320297963173497,0.6450689370586478,-0.540679542113708,30.246901000282378
778,25.933333333333334,track,1,318.25255496285956,243.6295927015305,321.07503553932435,249.0074448893107,318.7560855977045,243.29609462150836,0.6039570097331403,3.523004796217926,3.523004796217926,0.5432499910707675,-0.5368202563685295,27.3393749994284
779,25.966666666666665,track,1,309.2083026645076,246.94783846116098,314.86755406050963,247.86645418010627,309.45387026077225,246.57938306787256,0.4427898160284803,12.430170313814372,12.430170313814372,0.1800054360259313,-0.4994406965668825,34.48033799941186
780,26.0,track,1,315.96037802597664,241.41476727144084,314.01232717996896,244.48023647698156,315.96186806823493,241.13185816195355,0.2829130333809742,4.193758743313868,4.193758743313868,0.08338374356719835,-0.32809236241530837,29.622095000377158
781,26.033333333333335,track,1,323.59954898521676,234.07396642445502,317.2608022511219,238.9478822913565,323.3182171166011,233.90466462351208,0.3283454280194984,6.940005632906189,6.940005632906189,0.26187766230456944,0.003627467154828215,32.37330999945698
782,26.066666666666666,track,1,318.1868032083943,246.88059325026484,318.82779548513275,240.57035503123936,317.82130693092427,246.99357386625525,0.38255999324813184,7.325078764901235,7.325078764901235,0.3371618141024796,-0.0983956977610477,33.0335879989434
783,26.1,track,1,322.8885227618372,232.0600730001014,320.99829088205104,237.17718669849313,323.12991989475773,232.48367156037344,0.48755339814917603,8.1419648586775,8.1419648586775,0.46721229354452914,0.1272554739665689,32.52052799871308
784,26.133333333333333,track,1,314.71000248200545,247.27629684785308,318.6769088443451,240.53786795589826,314.90446774957104,247.00488481020616,0.333888056792999,8.662151009963903,8.662151009963903,0.32185148442142303,-0.07280108003391049,33.89410399904591
785,26.166666666666668,track,1,322.24185488706775,248.60358784729164,319.63987477897416,245.74236065787264,322.26241828302057,248.897446725292,0.29457748290178887,9.18058248243298,9.18058248243298,0.372749970188165,-0.39427148770585774,32.06523299922992
786,26.2,track,1,322.20001004066467,249.42943922887696,320.4919137237173,249.23443289267098,322.09880349848606,249.18825908802503,0.2615542477596243,9.424918100118004,9.424918100118004,0.36661253252590287,-0.6444071958149843,37.28318799949193
787,26.233333333333334,track,1,328.76567367601245,231.8552375389408,324.12076462847915,243.10948965739064,328.5726678934548,232.3066022396597,0.4908984876282927,11.518637241891087,11.518637241891087,0.6186415729395914,-0.2913636312967126,30.674501998873893
788,26.266666666666666,track,1,316.4877350776778,246.67983442354864,321.9684383590559,242.54457919351057,316.27634135179625,246.76173423158366,0.226704402026667,7.719241125066172,7.719241125066172,0.4887878667243777,-0.2835342792565389,33.10695899926941
789,26.3,track,1,326.5763012412642,234.62313549598414,323.1663882896526,239.16988334539326,326.21019979056564,234.37579541408542,0.4418228019435772,8.378440109170928,8.378440109170928,0.5775621950307209,-0.07284847486423451,31.94465699925786
790,26.333333333333332,track,1,330.2657208974746,244.8926954421974,327.36448982303597,240.64303964772517,329.9585659970542,244.6297178975291,0.4043529669138201,10.982136610349821,10.982136610349821,0.8488806185600379,-0.16235343147589318,30.220070999348536
791,26.366666666666667,track,1,321.95982545892264,235.53736583408568,326.0734341477026,238.69011396979593,321.553595397311,235.20285320068422,0.5262333749033321,5.042447428851556,5.042447428851556,0.7927409013579121,-0.03242028827521298,35.0848580001184
792,26.4,track,1,317.833241386228,238.99684036310748,321.5374727237761,237.94959379628105,317.44894401956293,238.43456016437838,0.6810605611166594,2.9930734194594657,2.9930734194594657,0.5443449497474214,0.03545465507902437,34.47992299879843
793,26.433333333333334,track,1,322.8076845906902,252.3628109951846,321.09215013550096,244.21335143047136,323.30923932331126,251.96662778216003,0.6391543538903914,12.415766000360746,12.415766000360746,0.5228397632617311,-0.34502232832291546,34.60553800141497
794,26.466666666666665,track,1,316.7959786205141,246.48841944515144,318.9257266646402,247.48150506917727,317.4175759018551,246.10747648765957,0.7290409570340811,6.6310016792332265,6.6310016792332265,0.39947840761009407,-0.5850041776555054,35.79454400096438
795,26.5,track,1,325.21793827034736,249.29311398594274,321.51151793411896,250.37647915724773,324.785820778962,249.0621051475895,0.48999041802723803,10.248211074832156,10.248211074832156,0.5322100299548788,-0.811763844672035,32.87911499865004
796,26.533333333333335,track,1,324.13806847215125,236.51640265712825,322.8228034487267,245.97444938989028,323.8414855494501,236.59414003308217,0.30660158130405546,5.133896506639724,5.133896506639724,0.6151621503263571,-0.5732478205477324,33.50654499990924
797,26.566666666666666,track,1,329.77851874305344,243.7740224310397,326.44762311256187,243.54289119161692,329.41652874196194,244.08956295780231,0.4802109795911103,10.266232937841618,10.266232937841618,0.8377705035557365,-0.42433525891893425,33.936179999727756
798,26.6,track,1,316.4703504707448,238.39133435204812,322.63513530122486,239.75687304787496,316.21670187186834,238.0359678138242,0.4366039260030189,4.262718282347437,4.262718282347437,0.6161748910686915,-0.21185154201004075,36.78041199964355
799,26.633333333333333,track,1,321.52696164014566,243.7705891155784,320.64333860313207,240.45303207435396,321.3125662663168,243.94127777990806,0.2740437856435619,4.154094455097273,4.154094455097273,0.5052115622875465,-0.21348010949888363,32.65963100056979
800,26.666666666666668,track,1,316.08137550200803,239.7965361445783,317.9094245918366,240.30719479787103,316.0442321121069,239.42747965556993,0.3709209127193352,3.9969837537413873,3.9969837537413873,0.33942848178658774,-0.2118954638172174,31.343052000011085
801,26.7,track,1,323.2812391228681,245.3019740440555,319.7066254353317,242.81945420176248,323.22907961339746,245.34452772494404,0.06731589845929468,6.244271915312036,6.244271915312036,0.45488885892207276,-0.377454798161024,35.02915100034443
802,26.733333333333334,track,1,325.073109538863,249.67268804255104,322.8270954722786,246.92453415964633,325.212504525357,249.4189495109319,0.2895068301230825,10.765073771988355,10.765073771988355,0.6259994320213152,-0.6323421876229729,35.40232299928903
803,26.766666666666666,track,1,323.1734683595324,242.784058847239,323.883378420688,246.17749597599544,323.3614008996379,243.1090120716062,0.3753841201451211,4.57875223936385,4.57875223936385,0.6977053222316949,-0.6051575439186798,34.80026699980954
804,26.8,track,1,320.99175892369556,243.40063545648613,322.8110119992409,244.609016326172,321.3591193568969,243.56001595852075,0.40044454336483953,3.8106323689401234,3.8106323689401234,0.6533343381231751,-0.5271863836220415,31.154424999840558
805,26.833333333333332,track,1,321.3776516894137,251.3064969585442,322.1561927409109,247.39669946454345,321.93024055145406,251.15124711455326,0.5739834183234385,11.317072978306273,11.317072978306273,0.6238754809747505,-0.6880066778096938,34.736960000373074
806,26.866666666666667,track,1,325.50918262402666,246.73137763847396,323.6087802242338,247.238464564296,325.1829990994835,246.4863439919525,0.40796713055221917,8.302778935223134,8.302778935223134,0.7086011128005791,-0.7027513187547452,31.671900000219466
807,26.9,track,1,314.05796591423257,248.72867125835805,319.67412854406456,247.96667873222898,313.9641187909282,248.5381985617927,0.21233730404566079,10.45622764913931,10.45622764913931,0.5193032082250507,-0.7652034045037935,34.56411200022558
808,26.933333333333334,track,1,322.6407677778345,250.2952167032518,320.4338586913197,249.06326771792817,322.7763323790305,249.99196448532038,0.33217415428922303,10.370505086771669,10.370505086771669,0.5104529101601838,-0.8517248809492124,32.86999300144089
809,26.966666666666665,track,1,314.43615682721827,238.66530776586643,317.9834352426404,245.5387894049788,314.79849303536946,238.35042823767242,0.4800381703709272,5.45680874707631,5.45680874707631,0.3905143609194575,-0.6896523405605339,37.18925099929038
810,27.0,track,1,321.3060543219867,240.21005513125286,318.6057867008041,243.56189641634376,321.7732091095978,239.8767225697022,0.5738851733386149,1.7774892042376813,1.7774892042376813,0.40476454796434297,-0.5918187916476996,33.68625300026906
811,27.033333333333335,track,1,324.0577941634645,234.97050576383842,319.9518901234707,240.49144821769082,323.9071425815038,234.82230570015597,0.21132713508383316,6.486469102280357,6.486469102280357,0.46559394845468666,-0.3982571203847593,31.964939000317827
812,27.066666666666666,track,1,313.6880016101844,235.84700732130727,317.9221589012673,238.49241774896467,313.79429524623356,235.91386034759515,0.12556936007002323,7.430162094454915,7.430162094454915,0.3463229426061816,-0.2970212895585281,31.593454001267673
813,27.1,track,1,327.4758960438345,244.18654803197106,320.18394181573393,239.2999958088957,327.79125240653474,244.433284285374,0.40041030735839145,8.964241385486966,8.964241385486966,0.4854890408575744,-0.35129735375295307,34.1888069997367
814,27.133333333333333,track,1,316.64494919306634,245.48216776250248,320.79026685581096,242.4658781236276,317.1648999308494,245.04286621048178,0.6806868761251055,5.785178650561844,5.785178650561844,0.5083372335215405,-0.5395216615025944,35.14907900171238
815,27.166666666666668,track,1,327.4597032671629,239.5137510339123,323.1351141015774,242.43431106518437,327.2501421092373,239.402348689765,0.23733175344367188,7.27473351352208,7.27473351352208,0.6660193092371773,-0.5303542700670741,32.845814999745926
816,27.2,track,1,318.54427810200457,245.60898249175335,322.13175798197966,243.7210827939693,318.5651350566963,245.78850275609707,0.18072780048750958,5.963690263827032,5.963690263827032,0.606523404240457,-0.617234691284301,32.135841000126675
817,27.233333333333334,track,1,329.842383107089,246.22006033182504,325.503008501403,245.62360026386597,330.1664456395516,245.83829371055444,0.5007616978787975,11.723578395381582,11.723578395381582,0.8281875286924534,-0.7419427028108829,31.107011000131024
818,27.266666666666666,track,1,319.4643926380368,252.65884662576687,323.8373394013089,249.84929114673923,319.07579038397586,252.82817471987687,0.42389115975234937,12.86142410691909,12.86142410691909,0.738845764080853,-1.0213759571287497,34.71905299920763
819,27.3,track,1,328.0633637015048,252.48863752687072,325.3612423195214,252.75957578424908,328.05269168057754,252.18194447318885,0.30687867506130373,14.602931707376401,14.602931707376401,0.8245754814308774,-1.2449266318289887,31.91214100115758
820,27.333333333333332,track,1,321.24112440913206,236.3148446143015,323.2120691728266,246.35509748207753,321.50703687677714,236.50775197663125,0.32851589138140125,3.8035452415725373,3.8035452415725373,0.7070453492392731,-0.8857786757363544,33.844593999674544
821,27.366666666666667,track,1,313.8357142857143,233.3309693877551,317.9523125658045,238.01843472300467,313.3605738904441,233.11537203015416,0.5217668213120105,9.564522013537141,9.564522013537141,0.40059291439952227,-0.38266580855034077,31.890730000668555
822,27.4,track,1,315.58802938421337,243.29709609032196,315.4283436087926,237.74329890979425,315.48601954445616,243.65323340598218,0.3704588978725711,5.807076189582496,5.807076189582496,0.23019776485016252,-0.3515116235159985,28.988689999096096
823,27.433333333333334,track,1,330.1648890891793,241.8745180511742,321.54815011850684,239.66875680575845,330.4994762701848,241.8665309999589,0.33468249831789193,10.664095832370474,10.664095832370474,0.5913298088611545,-0.4595331505872628,31.088345000171103
824,27.466666666666665,track,1,328.4970365828735,238.55763335377068,326.9847026942883,239.34598901820303,328.17441896834487,238.35375525589808,0.38163910176537474,8.338539873834002,8.338539873834002,0.944154935212546,-0.4187752968069221,30.792092000410776
825,27.5,track,1,325.1395395799677,248.89579967689824,328.3957302389609,244.0616399666212,325.2105014782018,248.66315898255613,0.24322270384355946,10.109384215242105,10.109384215242105,1.0544128022432715,-0.7000237576402918,35.3555410001718
826,27.533333333333335,track,1,325.8484751045042,236.86289544633803,327.7384367968951,242.17800588925584,326.1971068605817,237.26939515287106,0.5355241476881544,6.7720260094474565,6.7720260094474565,1.0497988177292,-0.5813856851985734,35.22185899964825
827,27.566666666666666,track,1,328.31246156999384,245.43333674933388,328.1842824538089,242.96995796742763,328.23263252650753,245.74545510450417,0.3221653982322624,10.039247614955158,10.039247614955158,1.1098049101499954,-0.6368389822597013,31.954698000845383
828,27.6,track,1,323.56852919067904,240.70483588073165,326.35029576072407,242.37944302523016,323.8055865302557,240.85884697454728,0.2826934722724458,3.9012955495518025,3.9012955495518025,1.0238558962249862,-0.5995985109763446,32.141009000042686
829,27.633333333333333,track,1,320.20839565260746,244.77355668561174,322.80595421387034,243.34400474735304,319.9528210828386,244.9179758329489,0.2935562140887566,4.918202125136182,4.918202125136182,0.8291990610344927,-0.6490013924021724,33.00070699879143
830,27.666666666666668,track,1,318.78960162722626,245.7477799275686,319.9202855265348,244.51899597558125,318.79773632556726,245.77969073799494,0.03293133977179897,5.903411129992982,5.903411129992982,0.6561087656738199,-0.7179933355845384,35.091053001451655
831,27.7,track,1,312.6161774364674,240.02657505178598,315.422484981014,242.65718213049124,313.0659625735744,240.00803906188236,0.4501669162477896,6.9340420865168655,6.9340420865168655,0.3714976663098921,-0.623907424728123,34.782759999870905
832,27.733333333333334,track,1,314.525364164205,250.86141387389222,313.4678716329124,246.01704067634768,314.3901662895947,250.84900984440472,0.13576569981651762,12.21356822809741,12.21356822809741,0.210590127071907,-0.8082850319874115,33.81737999916368
833,27.766666666666666,track,1,328.9140790937595,253.93875796500456,317.9532532577644,249.47040722537798,329.0992723503497,253.98999867629558,0.192151379854772,16.688823214013336,16.688823214013336,0.46814372446680097,-1.0404141460349825,31.488077000176418
834,27.8,track,1,320.46023763743034,239.09840753340237,320.95087037931194,246.71829996205298,320.0672527535314,239.25671122149302,0.42367107127599585,0.7463250907694017,0.7463250907694017,0.6229869712093203,-0.8776074049679675,32.740465001552366
835,27.833333333333332,track,1,321.02789087947883,244.23997353420197,321.3758215758038,244.06011141276002,321.2110294793616,244.3673150900327,0.22305967499398066,4.53211137280519,4.53211137280519,0.6522374062014182,-0.7119485574161379,34.46710699972755
836,27.866666666666667,track,1,327.9742196709548,253.58105683973145,324.8445626954676,247.15413642408606,327.52694488107386,253.78048223301045,0.48971953723283773,15.702120551601956,15.702120551601956,0.8709318665125148,-0.9140624166883269,31.69299500041234
837,27.9,track,1,315.9214521122541,243.78223309697393,321.83028619903365,246.70409799156272,315.81882964680966,244.17983810279668,0.4106350095513106,5.912125851839487,5.912125851839487,0.6917503612153046,-0.8922992413488222,34.7328589996323
838,27.933333333333334,track,1,323.34228559911315,242.84551043031342,321.4674767246929,244.32188978446842,323.79032030107214,242.46294181042768,0.5891467076041108,4.5202445007181185,4.5202445007181185,0.6787753925450319,-0.7589395465260522,33.959324999159435
839,27.966666666666665,track,1,319.29344044207943,242.88861031518624,320.52777431652083,242.82647983899943,319.18250591871765,242.605103581115,0.30443806716185257,2.73035917806978,2.73035917806978,0.6281268615496614,-0.6641218454395432,34.517718999268254
840,28.0,track,1,323.26329990327343,250.8033905207962,321.7915402657607,245.90881125063547,323.5998217192916,250.77634181965578,0.337607116171351,11.361701431772687,11.361701431772687,0.7042023783172717,-0.855626778764355,31.498935000854544
841,28.033333333333335,track,1,317.90404790182106,244.4593725257324,320.35444372532453,246.20845771217088,317.7599798665045,244.6920339228535,0.27365475422568186,5.199314621339355,5.199314621339355,0.5950589273171695,-0.8785031055558319,32.267442999000195
842,28.066666666666666,track,1,328.31761118170266,246.96904701397713,323.71220345980305,246.44873755832526,328.65277057058194,247.49540693131166,0.6240084763289234,11.447775487538344,11.447775487538344,0.7902922802146275,-0.9019184773768814,32.484731998920324
843,28.1,track,1,328.9709648986364,248.12702856846582,326.4579342062807,247.21146176028182,328.85042949514366,247.88787984287725,0.2678075735407632,11.855325835428486,11.855325835428486,0.9584360318094451,-0.95728071795592,31.738382000185084
844,28.133333333333333,track,1,313.8183184713376,243.6024458598726,321.26557413055633,245.64665129015228,314.02402168915347,243.6440630827947,0.2098709295342147,6.999393725394747,6.999393725394747,0.6480888867582122,-0.8740042992142578,34.479963998819585
845,28.166666666666668,track,1,319.93854297958154,248.61255356692715,318.6197919277123,246.40432542236888,319.63159851304243,249.03158590043319,0.5194256463272612,9.039096389158379,9.039096389158379,0.4899072419942335,-0.9346712319006825,35.05598599986115
846,28.2,track,1,321.49624212878325,248.5775949624213,319.29616479842707,247.8231654205303,321.70772129376894,248.22144373760185,0.4142066297917542,8.396930936225715,8.396930936225715,0.5067377308643208,-1.0357387399277234,35.40319300009287
847,28.233333333333334,track,1,318.374962578585,248.07424408741642,318.50194557571615,248.439437350175,317.9746920326639,248.14852132025965,0.4071039391246725,8.396444013347626,8.396444013347626,0.44836719715866596,-1.0978812898841908,32.99965199948929
848,28.266666666666666,track,1,317.5718013095062,234.82031211539407,317.6901217313899,242.66662968978443,317.813533379231,235.1283158603135,0.39153633345810784,5.33984481428159,5.33984481428159,0.38365604613383,-0.7532987944294547,36.374606999743264
849,28.3,track,1,323.06552293302656,243.87290551693093,319.70025460081877,241.01488567871692,322.7423700576532,243.5832934414265,0.43393886106230806,4.51227053937183,4.51227053937183,0.5120295366519313,-0.6575116667868286,33.71897199940577
850,28.333333333333332,track,1,327.93064351378956,240.12717058222677,324.3428003365294,240.2740394949419,327.9558138002487,240.07767710461812,0.055526098784551864,7.956192993939322,7.956192993939322,0.771619219978816,-0.5880521943239495,37.623416999849724
851,28.366666666666667,track,1,328.1456115685881,239.57330789315122,327.43487094637084,239.59942473250896,327.76873661985627,239.9395065102622,0.5254865879883143,7.768972141216397,7.768972141216397,0.9836189293273745,-0.5676329468730011,35.24997100066685
852,28.4,track,1,321.21028675466545,254.3791533909877,326.0116120043808,246.00933730548786,321.15725392111824,254.1456545707935,0.23944556890059351,14.192913015803164,14.192913015803164,0.9186766944015798,-0.9372787372487379,29.581942000731942
853,28.433333333333334,track,1,320.5288317896624,252.8444378049995,323.0447611961383,251.54223404579366,320.0551676519497,252.90987426665527,0.4781627817690376,12.909992139837634,12.909992139837634,0.7579264578355365,-1.307364444471236,32.35139100070228
854,28.466666666666665,track,1,321.0128606011701,247.51129715553762,321.2848826456137,252.16923191059786,321.03650559259944,247.9714556138815,0.4607655503671051,8.038560097901403,8.038560097901403,0.6491908083963377,-1.420175527535469,30.661934999443474
855,28.5,track,1,321.3103618991039,233.7624634882915,320.434122742521,245.6252159330796,320.92316595596725,233.53589823374563,0.44861176193777413,6.529689657767039,6.529689657767039,0.5740566442065305,-1.046232283563997,30.862579000313417
856,28.533333333333335,track,1,329.9573180115939,240.00215461960704,324.54820444140313,240.82810949355138,329.93969389751123,240.01824202102614,0.02386239471674049,9.93971063701319,9.93971063701319,0.8227959574864311,-0.7383719555940711,31.20216800016351
857,28.566666666666666,track,1,319.08087653343887,236.1410763751484,322.4693604352433,236.336476979968,318.607069732086,236.5634827051402,0.6347597912796227,3.7080865482269307,3.7080865482269307,0.7264662523316454,-0.42954686837640554,34.33944199969119
858,28.6,track,1,315.858973738937,237.3576437587658,319.4537271640703,234.4373643618824,315.8071178318363,237.0567246562458,0.305354452010569,5.122804956784566,5.122804956784566,0.5616408751583153,-0.25094492668584917,32.68358300010732
859,28.633333333333333,track,1,328.66790278125785,250.2361814081684,322.9766900791124,239.1403591127251,328.21726367342615,250.4860111277111,0.5152576969576881,13.322156418879409,13.322156418879409,0.7812361949420304,-0.5105173116484092,33.56488800091029
860,28.666666666666668,track,1,322.5133437990581,241.94014280650225,324.3002146896961,242.00413134033346,322.4935635765678,241.45100927163966,0.4895333207545084,2.8850107827822473,2.8850107827822473,0.8900121422432048,-0.6889512837588233,35.88418700019247
861,28.7,track,1,326.24104794659115,247.9648998583856,326.4190302586499,246.32529841825416,325.7818380418007,247.87070639333734,0.46877088808440515,9.76614920384361,9.76614920384361,1.043717645597396,-0.9598125131228428,32.631492998916656
862,28.733333333333334,track,1,324.6240003973576,237.55535687676948,326.8010094541631,244.1198012993927,324.7993689504492,237.80462100399328,0.3047732510147383,5.277653954044677,5.277653954044677,1.0896237144596752,-0.8300681200674009,37.258083999404334
863,28.766666666666666,track,1,322.7875198687381,245.18125416602575,325.2580076117052,243.77080681564956,323.23998341355906,244.74536462298002,0.6282698091811761,5.74595317812181,5.74595317812181,1.0184746913888763,-0.8234558630610832,36.19096600050398
864,28.8,track,1,314.6284903461207,251.8371763036538,319.80276605035255,248.00042973110817,314.62819163169814,251.7360197078732,0.10115703682999411,12.906993597633258,12.906993597633258,0.7227761486855305,-1.0736327163675459,34.151769999880344
865,28.833333333333332,track,1,322.9835089326615,248.55555555555554,320.1833357161565,249.21876724801442,323.359446123181,248.7488547930787,0.4227213815774181,9.371677461635764,9.371677461635764,0.7242851662997505,-1.1682833179593426,30.847801999698277
866,28.866666666666667,track,1,323.76667659321026,235.84737939249553,322.15873658751775,243.26007506735607,323.6610304732664,236.36198047128383,0.5253335825447262,5.1612334007972835,5.1612334007972835,0.8475146428174564,-0.8179332617402177,34.044021000227076
867,28.9,track,1,315.1026092358666,244.6469765997101,319.2404932554709,241.94139020456956,315.4448464337829,244.41909724677703,0.41116334847695696,6.346482843929585,6.346482843929585,0.6626931045210983,-0.7434810973901556,34.213782999358955
868,28.933333333333334,track,1,322.60939873572795,240.2051746949576,319.8121960864547,240.86776843659692,322.4456974723497,240.13301103378382,0.17890136283896343,2.4493117525880583,2.4493117525880583,0.7022950954977748,-0.6657475906319235,32.47006700075872
869,28.966666666666665,track,1,312.093513807242,235.92753050437187,316.24977418690315,237.81801209302057,312.4444328546883,236.13780703171975,0.40909704938324465,8.485465774578756,8.485465774578756,0.4875627302511995,-0.4714223155176246,31.361850999019225
870,29.0,track,1,316.24628624116383,246.27876242188302,315.8372499820186,241.0060904207024,315.9498775594315,246.70277523888123,0.5173441558431396,7.831391171851638,7.831391171851638,0.44015624944799986,-0.6487063979414202,32.49466000124812
871,29.033333333333335,track,1,316.6905150433452,247.25583885772565,316.0417179097733,245.0330720339739,316.85769087176686,246.91066313325888,0.3835284062095324,7.5915328886042985,7.5915328886042985,0.4264258009028974,-0.8905373833090731,34.753277999698184
872,29.066666666666666,track,1,314.10182325396033,251.35244594998505,315.00580345296817,249.43152314916358,313.59668342552953,251.2032419175784,0.5267144288449903,12.904072714328366,12.904072714328366,0.3447771534464209,-1.1733530871082718,28.60344299915596
873,29.1,track,1,317.0188896683034,246.3190700470989,315.6819583003539,249.719213777412,317.059687065227,246.15358343203448,0.17044133114131452,6.819972815884425,6.819972815884425,0.3536305774472997,-1.2449701473114756,34.32791600062046
874,29.133333333333333,track,1,319.6218207870631,234.46855329819354,317.27924175901956,244.5643580145908,319.1458657354797,234.48667796112534,0.4763000257549434,5.579091794026044,5.579091794026044,0.4319504911479697,-0.9451617043868985,29.82506199987256
875,29.166666666666668,track,1,322.23094419733116,244.51900525677314,320.0758715292936,242.62350017530616,322.17823555026763,244.7470653812965,0.23407183058384964,5.222962746062176,5.222962746062176,0.5866978100121044,-0.8463818030579138,33.47989499889081
876,29.2,track,1,325.3885077186964,242.3275653314499,323.5955867497839,242.42453142414612,325.6800196271491,242.65346956631004,0.4372559468657709,6.269252244417379,6.269252244417379,0.8051292676430541,-0.8310955229089164,31.931063000229187
877,29.233333333333334,track,1,324.9298885407571,245.54841029328676,325.5180193851536,243.84734890243894,324.68388037043036,245.92173288725846,0.4470903477343847,7.550208984693153,7.550208984693153,0.9461822606877223,-0.906746004925572,32.767951999630895
878,29.266666666666666,track,1,324.7247008161835,231.93044915126933,326.4007293031006,238.57124281174876,324.9060225697514,232.2381781908687,0.35717606320931106,9.182316442576829,9.182316442576829,1.0208054729396985,-0.5733170865624115,32.941516999926534
879,29.3,track,1,309.4895802173696,234.58036693588593,319.1251471673488,234.62885759422335,309.13444225392976,234.93650646985557,0.5029496403541034,11.987464780469697,11.987464780469697,0.5838056048631346,-0.3127128218380189,31.947838999258238
880,29.333333333333332,track,1,310.742766407904,235.47918136908962,312.56360237173885,233.73727456055346,310.85464569379025,235.80063688761408,0.3403683666268682,10.0634067758278,10.0634067758278,0.15144518374723087,-0.2063677214790346,32.97436399952858
881,29.366666666666667,track,1,317.31177513294506,245.07125854646745,312.0284876769738,238.17347196182254,316.81752733958274,245.35743805338512,0.5711213456203214,6.231394284601345,6.231394284601345,0.08551505258234393,-0.44386377693408,33.09897400140471
882,29.4,track,1,312.5761885616645,252.9113478741582,312.0088147841226,246.64035450116998,312.5217874216925,253.10542356144092,0.2015560875401893,15.088929388499597,15.088929388499597,0.04678486004688359,-0.9361560964354085,30.38134300004458
883,29.433333333333334,track,1,321.7769765776823,252.23028536360846,316.4998410890719,251.68429639343492,322.09482069397717,252.32585822746864,0.3319021762051155,12.502601920543237,12.502601920543237,0.2655868173758979,-1.2807675667976284,32.38224599954265
884,29.466666666666665,track,1,330.204307997029,235.68066353057688,323.36722300971456,246.897059604743,329.8456614346952,235.5989338264756,0.36784113582675704,10.784546005761461,10.784546005761461,0.6764901231307829,-1.0126455399054723,31.95195799889916
885,29.5,track,1,320.47348350027966,248.71693700106778,324.4798363626532,246.10509345801304,320.6010464426218,248.36235847395253,0.37682653323539256,8.383930824683247,8.383930824683247,0.7468421350954402,-0.9976465381183883,34.72766500090074
886,29.533333333333335,track,1,329.626518117033,238.825805480277,327.16094022641846,243.0494137851701,330.0179705282012,239.32641242504485,0.6354858797480698,10.040590307598546,10.040590307598546,0.9157978975662959,-0.8410675690091791,33.54688900071778
887,29.566666666666666,track,1,315.6133541940042,231.8249722418492,322.2027088123705,237.41304130263737,315.39426594942205,231.938011784786,0.24653112822006262,9.284850032547785,9.284850032547785,0.6310078881257294,-0.4882015125395299,32.10267900067265
888,29.6,track,1,325.17710352368175,244.1502658913573,322.03406263784206,238.69930923068364,325.235976021892,243.93847540129738,0.21982079684445593,6.551872510088425,6.551872510088425,0.6343202330404636,-0.5527246108604539,33.918159000677406
889,29.633333333333333,track,1,316.3008060882191,247.25314174135082,319.4447967414617,243.49563478181682,315.82042894752186,247.66794813768146,0.6346861773674052,8.733054610208608,8.733054610208608,0.49480059025814255,-0.8228728122035955,31.429227999979048
890,29.666666666666668,track,1,324.83223716990534,237.40936721474839,321.76106728123375,241.77630966400977,324.6245685328186,237.45318766522888,0.21224159514518373,5.27947792715136,5.27947792715136,0.6341721855070286,-0.7117777951018038,34.2274169997836
891,29.7,track,1,323.4549794322279,248.49581026865064,323.3741784151077,244.30425050775239,323.4011409826244,247.95320420084678,0.545270504862749,8.64992584037887,8.64992584037887,0.735200246887632,-0.8716314031243775,32.9801440002484
892,29.733333333333334,track,1,324.948927425822,240.69291299117884,324.62344093955795,243.6473816982965,325.28525222785794,240.71518123100216,0.3370611917283818,5.333420600820366,5.333420600820366,0.823858262250251,-0.8310219072277494,29.84903799915628
893,29.766666666666666,track,1,314.197605408474,245.7967177581669,319.943000358531,244.41091035208578,313.9221651916316,246.3263627254166,0.5969850118613608,8.772852517360295,8.772852517360295,0.5479587400828151,-0.8849456861360396,33.99625199926959
894,29.8,track,1,317.99989742011593,232.30512386521002,317.4202143828094,238.7956910565209,317.95222921317173,232.17889167368915,0.1349326651683581,8.084744933965212,8.084744933965212,0.3885168240420158,-0.5364851183716326,30.783394000536646
895,29.833333333333332,track,1,325.5757265132489,244.55112500640664,320.7792184828505,239.72564406014854,325.9162339895229,244.88690035057172,0.47821587504770313,7.673566293139314,7.673566293139314,0.5827623202031388,-0.597788661130389,34.22621800018533
896,29.866666666666667,track,1,328.9263894564773,240.62760523089497,325.8738988970897,240.6209884127635,328.54767869656274,240.25389434722206,0.5320541929640712,8.551448616417211,8.551448616417211,0.8939471090682971,-0.6323051593681289,32.21165300055873
897,29.9,track,1,329.1446606267637,240.93925441853557,329.0357975482861,241.23373028048744,328.978802608898,240.78270517029728,0.22807136868603944,9.012853248176365,9.012853248176365,1.1217196480119052,-0.6670534411956248,31.61163500044495
898,29.933333333333334,track,1,316.9981191541277,238.38089670597805,325.2056190199306,240.367764950685,317.1450870246324,238.5398318686989,0.21647157067335415,3.2066523148900283,3.2066523148900283,0.9118558311207223,-0.58567938349607,34.74821800045902
899,29.966666666666665,track,1,324.17247395443894,239.59603210208863,323.4224413709778,239.67223508092857,324.5610198677038,239.92177388582905,0.507026267947945,4.56169064695614,4.56169064695614,0.7997748100928096,-0.5644671549925683,33.54296600082307
900,30.0,track,1,318.9858969822575,243.23080422585048,320.1621694711346,241.00297615686435,318.61892062836654,243.6448918303706,0.5532993661050998,3.897770732848944,3.897770732848944,0.5913111990781329,-0.6051870143185094,33.451398001489
901,30.033333333333335,track,1,312.60275314497835,233.73504846360075,315.322268903322,237.6514743978989,312.4697419929297,234.13623860745963,0.4226647585247929,9.544028673557793,9.544028673557793,0.29616942042145744,-0.4084220427177231,34.38057499988645
902,30.066666666666666,track,1,314.8709677419355,234.01618106139438,313.3322969177397,235.54864395091232,314.8874270971586,234.39766210265418,0.3818359532770903,7.584496792991964,7.584496792991964,0.12955731575998414,-0.26143642045025917,31.10769599879859
903,30.1,track,1,318.2478474169003,238.31107328794553,313.58313422688934,235.93603914552386,318.43598686722873,238.57215105295487,0.321804369380147,2.1177558157301535,2.1177558157301535,0.11352395075839211,-0.2605291475997989,33.000682000420056
904,30.133333333333333,track,1,324.862161342499,237.03371411241406,318.2423260287654,236.58754134619235,325.1738736570273,237.16031822586265,0.33644192451399535,5.90192859980945,5.90192859980945,0.3532240171880587,-0.2763084246920597,33.715641000526375
905,30.166666666666668,track,1,328.2393259537458,245.84216248270408,323.5988488652901,241.0541297483764,327.7247166023368,245.8317622915203,0.5147144339672519,9.678878964591712,9.678878964591712,0.6644235532678958,-0.5136117182162057,33.67647599952761
906,30.2,track,1,318.70059331313183,239.7456647398844,322.83121314207324,241.4033541847963,318.5432356858794,239.42657246926714,0.35578265840566375,1.565561049559454,1.565561049559454,0.6187197843715583,-0.5264616935364989,32.96255600071163
907,30.233333333333334,track,1,320.44358395732894,238.8600369268643,321.20300079576344,240.26309847353326,320.23962790987287,239.33549250462434,0.5173548837278354,0.7063934785942392,0.7063934785942392,0.522887551159956,-0.44328236025482376,33.472766999693704
908,30.266666666666666,track,1,317.4715180435431,242.7736852569838,318.8106502605244,241.28917990377735,317.41253337531253,242.78152848261237,0.059503842519022764,3.798931985894909,3.798931985894909,0.37646419888924537,-0.5026851965118687,33.33764300077746
909,30.3,track,1,319.55015635082145,239.26976721099916,318.308025321507,240.41578153858853,319.5988810966886,238.87153839419938,0.4011985685288239,1.1976318175298493,1.1976318175298493,0.3251206576566886,-0.42821149627482147,32.94078100043407
910,30.333333333333332,track,1,325.65424367394735,237.36276157018483,320.74264822429916,239.00993222722357,325.81258574422725,237.53173703125262,0.23157054576002634,6.314940626552516,6.314940626552516,0.46972604466055146,-0.3524727616600184,33.3508730000176
911,30.366666666666667,track,1,326.40376939012685,238.3516750037896,324.1716308039119,238.15582681805034,326.7508099430773,237.94800153420567,0.5323433247802345,7.055787170201027,7.055787170201027,0.6832787858154925,-0.2815837736911734,31.25219499997911
912,30.4,track,1,327.21775720597515,235.47817168104356,326.7896160050354,236.3994268529594,327.5016999216338,235.51573670407365,0.28641682340754687,8.73980085708096,8.73980085708096,0.8678349602138482,-0.1570603722775905,32.142710999323754
913,30.433333333333334,track,1,315.1652217997465,236.26514575411915,322.7424305319546,235.68158981734237,315.4654471937379,236.61571404357917,0.4615554276272723,5.658229456959743,5.658229456959743,0.6349968345108226,-0.08928152656224728,34.31330999956117
914,30.466666666666665,track,1,312.00413738098797,244.49209909775186,316.217151385482,239.45015358286398,312.45810776769247,244.25310862437226,0.513035630703012,8.658468190993739,8.658468190993739,0.24088866234584244,-0.27595072425564426,32.790633998956764
915,30.5,track,1,317.43374904555867,237.33896665818276,314.65851977737,238.87955891369563,316.92021903713186,237.16262052201455,0.5429650350587021,4.1875736508553505,4.1875736508553505,0.1304614673999713,-0.22587525250349585,32.784946999527165
916,30.533333333333335,track,1,324.9194617083569,248.03015049565977,319.09765534767286,242.92251450663875,324.46603198956007,248.07345492297023,0.4554929014955732,9.226381529343238,9.226381529343238,0.38116663702244735,-0.4708982405476625,32.95581600104924
917,30.566666666666666,track,1,321.2715030628259,241.01584569432492,321.47246462189264,243.48490600651286,320.7604572265256,241.08482712643536,0.5156804095327618,1.3248188886127061,1.3248188886127061,0.5374555538041336,-0.5355244738862988,32.99447499921371
918,30.6,track,1,325.55725494090774,244.36155526864633,324.7417529232871,245.02005416918485,326.0219251567029,244.53186605527765,0.49489814456116005,7.536669857165614,7.536669857165614,0.751711321529684,-0.6501776332776485,31.929003998811822
919,30.633333333333333,track,1,325.7656038162189,248.85026362038664,326.6918307982484,247.84095382402788,326.26564815972296,248.9397829775114,0.5079941542679626,10.916870730499767,10.916870730499767,0.9050515568186837,-0.8406020949814021,33.84697000001324
920,30.666666666666668,track,1,326.4742195010879,237.3650255528007,328.0554233495067,244.64847397094962,326.8717456863305,237.37071717130846,0.3975669282960808,7.357582277545649,7.357582277545649,1.018025468193712,-0.6621359930869175,34.607401001267135
921,30.7,track,1,323.6091105419115,245.8729345587866,326.91929693806276,244.00991682598342,323.9409819909101,245.68326031851907,0.3822498869607171,6.9159805451382725,6.9159805451382725,0.9792186334877169,-0.6470757813828105,31.372772999020526
922,30.733333333333334,track,1,321.9212522759458,237.31160226583046,324.40883015185835,241.14849339655825,322.16801576877805,237.77118047083056,0.521636221811608,3.109329327568465,3.109329327568465,0.8531479034283065,-0.49525218778042657,34.45671599911293
923,30.766666666666666,track,1,311.08685985144643,238.6111708365911,317.48112353791487,239.61200745971786,311.27769401680956,238.75787585480887,0.24070737637247194,8.810306127284482,8.810306127284482,0.4606006275837378,-0.41869362034546287,34.19540700087964
924,30.8,track,1,314.29579375848033,230.3837881300568,314.4793445696164,234.8990953128889,314.33009336996133,230.03132919352484,0.3541239405758638,11.468314559743579,11.468314559743579,0.24868042019795322,-0.11642752215664309,34.70040899992455
925,30.833333333333332,track,1,311.6455814410695,235.59874176742358,311.6150038381572,234.11322318922942,311.6031921512917,235.80691065429988,0.21244090319707457,9.385541023785109,9.385541023785109,0.03346215407699671,-0.025708979583453362,37.20960900136561
926,30.866666666666667,track,1,313.69687453267534,242.5385075519665,310.6896786510011,236.43865782911533,313.37029936680443,242.18428983297827,0.481789924561349,6.980261639813077,6.980261639813077,-0.062314012363194726,-0.14548166967818998,33.14649099957023
927,30.9,track,1,324.4970095398151,232.81997923978054,315.8597280359827,235.9375023108569,324.05722052968906,232.8054939743725,0.4400274949836557,8.259658308872156,8.259658308872156,0.22428252992289138,-0.07817926734069328,30.55816699998104
928,30.933333333333334,track,1,323.7092237352152,242.97957459497067,321.36338227424204,238.46931276293893,324.1123018300684,243.28697612188816,0.5069197661383136,5.26452641435552,5.26452641435552,0.5562262085040074,-0.1891559568893953,30.429626000113785
929,30.966666666666665,track,1,321.9974389876469,237.7240132570051,323.8585979260932,238.1183151815704,322.10526515382264,237.2189016346928,0.5164922391547994,3.48807245988587,3.48807245988587,0.7416744685248509,-0.15688575629962354,34.099395999874105
930,31.0,track,1,325.0897461623357,244.80796628875288,326.4103978552539,241.12707934714703,324.97816450977587,244.3849161734745,0.4375178456075126,6.633974052918068,6.633974052918068,0.9342178507365577,-0.31171838176578925,30.963762001192663
931,31.033333333333335,track,1,321.93755651562344,241.62343012157137,326.4327750215007,241.74729020096274,321.5912312765027,241.38736916536408,0.4191252155353388,2.1111158604689177,2.1111158604689177,0.9919390209188745,-0.35213250613182845,34.65695900013088
932,31.066666666666666,track,1,317.4881463883132,248.2872162968205,324.4917341898067,244.7458446271804,317.9106954623086,248.0935779925701,0.4648048115147994,8.358899339807415,8.358899339807415,0.8944063298274401,-0.5449354797282897,32.50816100080556
933,31.1,track,1,317.45620774431467,234.53938742061052,321.0427620442724,241.88167484602158,317.5719556076378,234.33180094477535,0.23767564623565102,6.1663506307159635,6.1663506307159635,0.7033671934106378,-0.3648850446442118,32.681816001058905
934,31.133333333333333,track,1,318.8639307787392,237.3734981458591,319.2591226458927,238.33326036856545,318.7501304274897,236.99423804038085,0.39596558884816324,3.2552694060831047,3.2552694060831047,0.5857845221361508,-0.1357654749023482,33.19738999925903
935,31.166666666666668,track,1,318.4307174437299,237.02617564308682,318.04661670712346,236.13444902305616,317.99957884286505,237.3167178477308,0.5198992843187151,3.346892277113127,3.346892277113127,0.49353165752967076,0.030634886529674055,33.41593300137902
936,31.2,track,1,312.8251420348823,242.05353908750342,314.86654996307374,237.34966328608212,313.0681586817142,242.15080589320726,0.2617592827948054,7.257850236271728,7.257850236271728,0.280187772541722,-0.024356800554285712,32.481202000781195
937,31.233333333333334,track,1,313.77859305249115,242.79824516393865,313.0806546888448,240.185859355745,313.83778088094334,242.5688210280128,0.2369359263223098,6.676210447943363,6.676210447943363,0.13191379216506094,-0.1695019059705804,30.63681200001156
938,31.266666666666666,track,1,323.6575518262586,240.67285291214216,316.9168791816015,241.1158888023483,324.20272910734445,240.95688988043776,0.6147318660771569,4.310286555787735,4.310286555787735,0.3405411735652988,-0.22767250485101265,35.005919000468566
939,31.3,track,1,316.62746649522774,233.5149102418278,318.024626976167,237.59496440271045,316.72869426593684,233.25596096748413,0.27803199140719725,7.495565600927801,7.495565600927801,0.3833284336746304,-0.005549294073663835,34.471595001377864
940,31.333333333333332,track,1,318.1169075430608,229.87997426252227,318.08062329302606,232.51175711900677,317.84343086347076,230.11867249620505,0.36299633750613763,10.113922269717373,10.113922269717373,0.37549094867582367,0.32267396085930977,31.581758999891463
941,31.366666666666667,track,1,321.1206984580823,233.76820177677934,319.5690806118276,231.37178145455619,321.3733455593663,234.2325584372013,0.5286375562381713,5.928698019441457,5.928698019441457,0.47210538871915025,0.451761968479283,36.84533699924941
942,31.4,track,1,317.8061578709061,240.95723700759672,319.0146034604605,234.2820432322327,317.72507652592066,240.60404136140505,0.36238287624195575,2.3537507895283434,2.3537507895283434,0.41091817424874744,0.3078699462265824,33.505274001072394
943,31.433333333333334,track,1,319.4975208301385,245.6151408270715,319.0254504245649,240.37594382140225,319.7985712102698,245.49550891092275,0.32394926568619525,5.499199191460838,5.499199191460838,0.4008585655359843,-0.014808558400181143,35.44052399956854
944,31.466666666666665,track,1,314.02721395278905,244.4627374329675,316.53310154135534,243.932065435665,313.8609072901382,244.3900020153079,0.18151679543277,7.547223131369975,7.547223131369975,0.249877678050077,-0.2659360652431402,32.65792700040038
945,31.5,track,1,324.2245099980202,231.6497723223124,319.5429666273798,240.05137993861143,324.47579136899776,231.51275773038262,0.28620853551570236,9.595102382047566,9.595102382047566,0.44967466060157196,-0.030252196172007247,35.516099000233226
946,31.533333333333335,track,1,325.4280276469999,240.95948111790042,323.47008963681515,239.02048904522638,325.1869170311336,240.93011377789236,0.24289250655914607,5.269650835462335,5.269650835462335,0.6698008111166291,0.054916004397265315,32.50148200095282
947,31.566666666666666,track,1,325.45072169039236,239.95937701502902,325.87527962500747,238.32671684687034,325.52830047084365,239.6944552631829,0.2760471006504599,5.536737638910364,5.536737638910364,0.8442786718024092,0.12098841617674388,32.75233400017896
948,31.6,track,1,322.5276828778135,245.60123593247587,325.78662534439655,240.73559398251928,322.06464982404435,245.13636410619105,0.6561291212529519,5.535793992490525,5.535793992490525,0.8609263010710795,-0.022504445120303345,37.10215499995684
949,31.633333333333333,track,1,308.5215951920139,242.28628909035348,317.9049264588166,242.2980853153623,308.49570035519065,242.47974418950744,0.19518047536260394,11.768519089628757,11.768519089628757,0.38842813680275246,-0.11464221767203667,32.85042300012719
950,31.666666666666668,track,1,308.721555088562,243.0227659361553,310.79507181016527,242.9383674284383,309.0050146200605,242.91960129415673,0.30164921573911574,11.376017546660409,11.376017546660409,-0.07989217838046542,-0.16455352911353102,31.713824000689783
951,31.7,track,1,314.7104241185488,240.57496167603475,309.6636579546108,242.10437153221253,314.2856795029187,240.2252109009989,0.550212316424269,5.7187567436718485,5.7187567436718485,-0.1882003954960772,-0.12283285646972096,31.87358499963011
952,31.733333333333334,track,1,328.96553116326015,230.36522836235176,318.4552696951676,236.14592200740734,328.9723600450207,230.35112332371966,0.015671175479604164,13.1758895673708,13.1758895673708,0.3119045795396793,0.24336078667994107,30.621292999057914
953,31.766666666666666,track,1,316.32888275015347,236.6925005115613,320.0476645649615,234.32037920111756,316.7508069688621,237.1656503340415,0.6339485790235073,4.311704231799101,4.311704231799101,0.3862294387430914,0.36855836560040134,32.633495999107254
954,31.8,track,1,328.5099950024987,243.30434782608697,324.3307007062196,238.21821300301673,328.07999565042314,243.07405087903302,0.48778696846860153,8.645005408774516,8.645005408774516,0.6330565838503905,0.1757115047719451,34.277532999112736
955,31.833333333333332,track,1,320.07368629980647,229.4121470748772,323.0514852021511,234.22526713706506,319.94373430836083,229.49718394546233,0.15530225188193086,10.50296676675262,10.50296676675262,0.5693853440701724,0.4394060589984209,33.5087260009459
956,31.866666666666667,track,1,316.35543554355434,230.05650565056504,319.4780368223077,230.52090812853038,316.4477253222285,230.4156769594068,0.37083882259389295,10.221443319452607,10.221443319452607,0.36756958202880424,0.7032283684074766,34.166003999416716
957,31.9,track,1,322.86232790988737,234.3818498613463,320.26218620834516,230.59571017914766,323.1370953201972,234.84869390271336,0.5417014756563894,6.0313615010166375,6.0313615010166375,0.4030332406633738,0.7359956208432528,31.665032000091742
958,31.933333333333334,track,1,328.5953855373552,248.92973431881742,324.6625952910519,239.26516873236523,329.0993278776094,249.35702713059527,0.6607094893354714,13.05188586170351,13.05188586170351,0.6895870401379967,0.23230614088281554,32.27642999991076
959,31.966666666666665,track,1,316.1294053410106,239.19304080214434,321.94393313738226,241.98685399718835,315.78861464945527,239.52052335071699,0.4726342296855077,4.238592269609149,4.238592269609149,0.5311247867812177,0.07382141431091954,33.23219300000346
960,32.0,track,1,322.07575982209045,241.49152458611317,320.97932353599066,242.3502491575888,321.8032024137366,241.7009745126395,0.3437394544861846,2.478881448870568,2.478881448870568,0.4611581570833931,0.03285989657822527,36.55666399936308
961,32.03333333333333,track,1,327.66170927982074,240.28639095446675,323.3548035042225,241.82659374946564,327.4578913832774,240.43894228481255,0.25458523787059245,7.470797428264251,7.470797428264251,0.6135283667787975,0.0492476904081086,31.24928799843474
962,32.06666666666667,track,1,325.1084612709296,239.0920653848065,325.0758074253326,240.5447104512478,324.98893705431254,238.98546451320524,0.16015550001189952,5.091048535013057,5.091048535013057,0.7396002335797027,0.11342809749365285,31.479482000577264
963,32.1,track,1,325.5695771498272,237.6259402317544,326.19772293224344,238.95331591718355,325.3802856627785,237.10000629789897,0.5589613312652049,6.112073075915017,6.112073075915017,0.8373855343343253,0.20350344364658737,28.654580999500467
964,32.13333333333333,track,1,327.3863565244602,250.94242202983207,327.56941831915725,244.04590986842766,327.4223302122586,251.0672476880879,0.12990593201549203,13.325725389985099,13.325725389985099,0.9471020441170281,-0.11878737807935799,37.53015899928869
965,32.166666666666664,track,1,313.97219886223104,236.27123423200592,321.9118728193453,242.48585394361103,313.98957107389,235.85617776269672,0.41541986766805844,7.300446466497051,7.300446466497051,0.6169307906723961,-0.028285939890088624,31.150193000939908
966,32.2,track,1,315.06097067745196,236.14398382204246,316.5742753418561,238.57321407820356,315.149325569874,236.07979802122478,0.10920807681448563,6.236748029339593,6.236748029339593,0.2773637900507313,0.20165145357418202,34.302437999940594
967,32.233333333333334,track,1,321.3676418929091,238.17007075826768,316.59890030676075,237.12813047363275,321.3213658171814,237.65993520041977,0.5122301851370734,2.687361324617505,2.687361324617505,0.2641806934135069,0.29273140351688187,32.53337400019518
968,32.266666666666666,track,1,321.24026964522955,243.1189784972691,318.77905717667255,239.57300241374702,321.18605306986484,242.95478770387018,0.17291053664031666,3.1839428794308215,3.1839428794308215,0.37455306315524706,0.14672833065138305,34.253738000188605
969,32.3,track,1,312.14986091794157,236.8720941784224,315.9313107733694,238.39407729489278,311.9464339886744,236.91772662732976,0.20848221973191244,8.623243858470587,8.623243858470587,0.21337526973933169,0.23140281117448286,30.964087000029394
970,32.333333333333336,track,1,324.6600878299934,240.11544091666246,319.70707715531756,239.07530201418538,324.3924345909393,240.32848438656137,0.3420903045143773,4.404700174574255,4.404700174574255,0.4202092490887149,0.1986569433579114,37.389701001302456
971,32.36666666666667,track,1,319.3036107221444,236.22154430886178,319.92622048137986,237.87255777902945,319.04056645359475,236.6292989761934,0.48523824658363035,3.50458815295871,3.50458815295871,0.4267168508908896,0.2663389703916505,87.94646600108535
972,32.4,track,1,319.49229702283645,230.9896963392282,320.1037810424533,234.99497450381028,319.90754741797633,231.37699521466791,0.5678321139040045,8.623500391823663,8.623500391823663,0.4320736170207222,0.43367424929440146,86.04476700020314
973,32.43333333333333,track,1,315.81424831904735,228.27295591028076,318.84846128951403,232.04210099833455,316.00038292213753,228.71858241440384,0.4829379583802665,11.969432714633028,11.969432714633028,0.3725668645635029,0.6208069369468557,92.64474800147582
974,32.46666666666667,track,1,312.5538352917444,237.16430480609208,316.83705540867055,233.01236004534786,312.5209310638337,237.44383534781906,0.2814604980678124,7.903825015838028,7.903825015838028,0.23680039273300013,0.5768923182074608,87.77751199886552
975,32.5,track,1,311.9919500905615,243.86073656671363,313.98234831818655,237.9186499528244,311.76902857701674,243.9888164352634,0.2570961958660783,9.146559305017078,9.146559305017078,0.04372935732008387,0.30470178410171816,87.04487700015306
976,32.53333333333333,track,1,313.83303512090384,242.74091304125557,312.7593964290693,241.48263009493007,314.321626877631,242.65499188512533,0.49608905431633543,6.268405158166159,6.268405158166159,-0.06921255648512215,0.08088289011951362,84.7878380009206
977,32.56666666666667,track,1,319.91154036651807,236.02189202575533,315.0625994922434,240.568588343061,320.10969164787383,235.6654228078303,0.4078409415826337,4.335964909047459,4.335964909047459,0.04829624911176275,0.13270055612067932,84.1880609987129
978,32.6,track,1,327.97544441096716,228.13673797328514,321.97674770274955,234.3513859431792,327.8365586679072,228.42658515863673,0.32140416998159776,13.97696615313348,13.97696615313348,0.4415911425341945,0.4922829528485053,87.80489300079353
979,32.63333333333333,track,1,323.98017577149704,238.57020872865274,324.69425436210355,235.02817936156316,324.34371997744734,238.2628787591922,0.4760421197842094,4.678193395718127,4.678193395718127,0.6152681865843405,0.461527659211381,86.15000799909467
980,32.666666666666664,track,1,324.32481129778427,240.77311906501095,325.4313103592821,238.24018871759267,324.34064969369786,241.0129476205164,0.2403509742458898,4.4572752489956375,4.4572752489956375,0.6900762755780393,0.28443359851112837,84.49833499980741
981,32.7,track,1,320.1131573562513,227.53340495191324,323.62110140600765,233.95513925418305,319.87729494486786,227.26994979186586,0.35360952823588204,12.73064157189932,12.73064157189932,0.6009126632830539,0.5602464336103378,100.54903899981582
982,32.733333333333334,track,1,314.29266045654623,231.38611935715016,318.6893201330018,231.08659701647034,314.5735321721997,231.4940041237697,0.300878785431398,10.089525208482232,10.089525208482232,0.3222731652427037,0.7745357975912377,45.016082000074675
983,32.766666666666666,track,1,313.7419630299377,239.27571830419933,315.17841506578037,233.42413708874693,313.5252922149198,238.79148455720045,0.5304984107545653,6.586527953152822,6.586527953152822,0.09950894729681789,0.6577658039113703,31.41254399997706
984,32.8,track,1,320.60198560436834,233.01801935964258,316.6119067242441,233.9975973370594,320.9303134144005,232.762366287128,0.41612215072817405,7.297179236575921,7.297179236575921,0.17067764087126353,0.6527104881962525,39.152560999355046
985,32.833333333333336,track,1,317.34446848115914,240.81279871207929,317.4145885149532,237.19310232732352,317.0902656772938,240.68711181700678,0.2835776103396742,2.9897619433334124,2.9897619433334124,0.21286499524878216,0.49042985212487505,31.689383000411908
986,32.86666666666667,track,1,318.15737489025463,242.54887328065556,318.2116002583911,240.23056116047232,318.37328383667096,242.58148521313524,0.21835798882264626,3.0512737310296867,3.0512737310296867,0.2569963044477014,0.32741752343121205,32.66248799991445
987,32.9,track,1,311.2662367572547,234.2373714110241,315.4849803454081,238.307022880107,310.8747563499412,234.45727910522467,0.449017041189934,10.676695490193458,10.676695490193458,0.07710036802901324,0.43277858811074554,31.069599001057213
988,32.93333333333333,track,1,324.4555687203791,239.40817535545023,318.55650161190084,238.08201158077696,324.5743436718997,239.67433788408192,0.2914617998234776,4.585921482362439,4.585921482362439,0.2613353410617033,0.44149649008436387,35.79393799918762
989,32.96666666666667,track,1,324.8772647271974,234.12936121751733,322.9868796350008,236.32564686425454,325.37580335822923,234.4825087561538,0.6109451290222959,7.703374025209222,7.703374025209222,0.53571659228435,0.5414386336219725,32.86076500080526
990,33.0,track,1,312.7922945549528,229.43228852722524,319.77763633056196,232.7982174441006,312.6693538954692,229.51657518668833,0.14905920541080186,12.792207320327138,12.792207320327138,0.3557642068298284,0.7713340775332921,29.759570001260727
991,33.03333333333333,track,1,318.06888656612415,236.7708426658703,317.83296824816506,233.43002186098715,318.2573418620921,236.81710732059298,0.19405106764711058,3.6287274896634707,3.6287274896634707,0.23226581594879167,0.7502088660116064,34.08164000029501
992,33.06666666666667,track,1,324.5954105668406,233.0776049845499,320.8450272060173,233.51979230922288,325.047915402799,232.979399610989,0.4630387909905298,8.646980960774508,8.646980960774508,0.3906071175870876,0.7577224441268513,33.166235998578486
993,33.1,track,1,317.47468066845056,227.20866360377644,319.52105446273583,230.65961312526466,317.21989139643875,226.97581823529046,0.34515871531467784,13.317594170411851,13.317594170411851,0.3491513880408106,0.9336751072900897,34.43610899921623
994,33.13333333333333,track,1,310.12374564816713,229.12799508498873,315.2340489206804,229.64085483441065,310.1140787621783,229.57734518516082,0.4494540701889295,14.365346223105965,14.365346223105965,0.08331203861549402,1.0248548472151648,32.89100100118958
995,33.166666666666664,track,1,324.4193077039351,232.35703128936362,318.5170841969372,230.39460986053567,324.6073748312196,232.44982971772768,0.20971598096446753,8.844940594863479,8.844940594863479,0.27788432229131715,1.0085599714342388,31.875882001259015
996,33.2,track,1,316.20175394637937,241.25281884239538,318.9940296131448,235.44590781846753,316.40611464666017,240.95569957013814,0.360614971633093,3.718786576467217,3.718786576467217,0.2927427829605826,0.7176739624060765,32.78228799899807
997,33.233333333333334,track,1,322.47040232768137,247.6631383565767,320.5094656231383,243.16144998316986,322.88963354737956,247.9602479705341,0.5138374628961553,8.468502216480424,8.468502216480424,0.37302836944627904,0.24923741287753262,32.39264500007266
998,33.266666666666666,track,1,319.79240971635784,241.5958968754657,320.35803875989745,245.06075678943375,319.3730198219407,241.346020760212,0.4881863952564478,1.4848824972370638,1.4848824972370638,0.3504883753253585,0.07293421800206162,28.72492999995302
999,33.3,track,1,314.3024761528196,233.82513715217715,317.69835178833347,242.14336075729287,313.99299806403303,234.15399448967202,0.4515792686375381,8.382115048452631,8.382115048452631,0.20211543932931902,0.22442741427038848,32.87959199951729
1000,33.333333333333336,track,1,319.91101465002714,228.41552804222366,317.74492138398097,235.03576976074478,319.62547175968734,228.16822880516986,0.37774548954421017,11.83769745388029,11.83769745388029,0.1783328890200686,0.63253580202696,32.696143998691696
1001,33.36666666666667,track,1,308.4689741111846,227.3193377752912,312.732634593156,229.6597242525217,308.1990606493194,227.5124172062508,0.33186283846755965,17.181440381678804,17.181440381678804,-0.1271900701713627,0.9838021349595731,29.374966999967
1002,33.4,track,1,324.48338853758906,229.90795944996486,316.82863084793803,227.6436373380102,324.08486868361496,229.39965619134009,0.6459026836452317,11.360169057904587,11.360169057904587,0.10489733629163611,1.1405661470325854,32.149081000170554
1003,33.43333333333333,track,1,318.6347104883577,240.6086956521739,319.19013694957414,232.90705730728817,318.2691555415207,240.336849017859,0.4555557174982388,1.7633178387009585,1.7633178387009585,0.230693497744377,0.8532892471532978,31.68686500066542
1004,33.46666666666667,track,1,321.9673950574656,237.869185616337,321.0095168997547,236.99248563209687,321.58925922898356,237.8670639823582,0.3781417804376032,2.6599174709496425,2.6599174709496425,0.34108473207288614,0.6060903542509503,35.47404200071469
1005,33.5,track,1,318.4942557567852,236.7823207745949,320.4318951856643,238.7258522587287,318.0247278550374,237.0684329214236,0.5498332575269069,3.5349378470997395,3.5349378470997395,0.3019114728430047,0.47627698549023983,35.54993500074488
1006,33.53333333333333,track,1,316.48082037643206,247.24319762684124,318.99390461361827,244.25070465509953,316.9857466996274,246.84784169416758,0.6412931508723595,7.4818887205830045,7.4818887205830045,0.2513304507020133,0.13257526836158112,33.08812300019781
1007,33.56666666666667,track,1,318.7122097378277,235.1045692883895,318.9522777518608,242.45269533393775,319.01680166223656,234.74565256120064,0.4707413912872436,5.3455444978971185,5.3455444978971185,0.24894847333028833,0.22202233060234108,30.128295999020338
1008,33.6,track,1,320.3169813215505,230.44215705965053,319.67220706677375,236.63428291740888,320.39855069242867,230.21119699352823,0.24494104271982856,9.796913133938979,9.796913133938979,0.3059097585766761,0.5512902837483938,30.969240000558784
1009,33.63333333333333,track,1,318.5636701300005,234.8750188224665,319.36571381390127,234.42685725928132,318.5568738367328,234.81152747400105,0.06385405963712595,5.385430370560205,5.385430370560205,0.2752735002662742,0.7094474744063384,28.352351000648923
1010,33.666666666666664,track,1,314.22344142105004,240.27973232298382,317.0974767544874,235.77131191142243,313.8865979664341,240.22526441025713,0.34121879554676887,6.117550856227996,6.117550856227996,0.13120139416567533,0.6359278059563551,34.41152199957287
1011,33.7,track,1,303.06850208113934,239.1586680708089,309.7007101635305,237.93425545628452,303.4368492590421,239.26506868069885,0.38340674648978845,16.57944771431738,16.57944771431738,-0.31783113059980983,0.5100930245949089,35.60955500142882
1012,33.733333333333334,track,1,308.5606848830749,237.1299560583868,307.3140303949303,238.31293010102706,308.70169643120926,237.17061940729073,0.14675750287918995,11.647190994868655,11.647190994868655,-0.5250042638455898,0.4752906605673962,30.612643000495154
1013,33.766666666666666,track,1,312.0825871642239,229.28052623680657,307.78483569094,234.77869903670268,311.90500248120804,229.16309191871164,0.21290171137938252,13.52655024725598,13.52655024725598,-0.5444046422146629,0.6982174249626123,32.71764000055555
1014,33.8,track,1,319.24259492079455,237.3682172491828,313.0776183895464,234.64492574343546,319.5936461387882,237.2262962157013,0.3786535849550083,2.803311638679278,2.803311638679278,-0.26312733490653145,0.7112310107214097,33.03999899981136
1015,33.833333333333336,track,1,324.95048386304467,229.06670924006485,320.41939596593244,232.15294626615685,325.0341306164617,228.84972177923484,0.2325517953374419,12.23401714336166,12.23401714336166,0.14307376255678195,0.863171558671715,35.585789000833756
1016,33.86666666666667,track,1,323.7027241601747,234.914454423659,324.3504577270061,233.18319755122522,323.37312880852113,234.6169664714309,0.4439956954211317,6.352562312057563,6.352562312057563,0.4359028153300392,0.8323966465070136,33.09653600081219
1017,33.9,track,1,317.33677644710576,225.70414171656688,323.4996176541626,229.70750502233028,317.5638706728282,225.19263653980687,0.5596510816649696,15.006423249427863,15.006423249427863,0.4052834808761701,1.0721075819688428,34.05152799859934
1018,33.93333333333333,track,1,311.90683666298565,232.82873205501457,318.08733856438823,229.7228948183139,311.70585046196084,233.20181038652166,0.4237722199985523,10.724192211078655,10.724192211078655,0.09259523285166146,1.0980142206965064,31.49576499890827
1019,33.96666666666667,track,1,312.1455754475703,233.43365728900255,313.73436496019946,231.61337370823344,312.32363405763033,233.6247691194334,0.2612060495990447,9.97848499832028,9.97848499832028,-0.19008960356669635,1.0172277953250948,31.60799500074063
1020,34.0,track,1,321.7222924142113,240.4278061353414,315.82779000136793,236.2546006400998,321.42473182893167,240.31685873800103,0.3175714516271452,1.4595411074096494,1.4595411074096494,-0.0761335551226567,0.751601703897028,34.074371000315296
1021,34.03333333333333,track,1,309.1078977188747,232.81780558703258,313.3829758667752,236.17338115797776,309.1296624210089,232.50212768051054,0.3164273106498999,13.205390126785058,13.205390126785058,-0.2525487925760784,0.7660492306426647,32.412123000540305
1022,34.06666666666667,track,1,310.2429827190091,232.58126061332536,310.61012007346363,234.2983072330963,310.6208963431202,231.9948798328591,0.6976110140966721,12.330836723307218,12.330836723307218,-0.4558381349871507,0.882235940054305,35.83408799931931
1023,34.1,track,1,314.66227871084885,229.53296010490746,311.2616827126273,231.59610790622838,314.541433612586,229.71753912707555,0.22061947601852971,11.641518312017045,11.641518312017045,-0.4487399856977669,1.0611817436719677,34.55325399954745
1024,34.13333333333333,track,1,319.69144064811553,233.87898153273287,315.42608423259526,231.83633242397067,319.91248130803245,233.79489207984332,0.23649526300493132,6.205725084326153,6.205725084326153,-0.22249596671803398,1.066309003966517,33.25656800006982
1025,34.166666666666664,track,1,327.85889276152955,243.55447795120472,322.762507130827,237.7328134255638,327.45240269893867,243.3150357889923,0.47176977439222395,8.156455619290048,8.156455619290048,0.20874912122267672,0.746311526338459,33.920416000910336
1026,34.2,track,1,321.67918927218756,228.63609376599447,324.3313405012371,234.44088918134972,321.5731137544741,228.9187010577889,0.30185906783390815,11.192402473605233,11.192402473605233,0.3214088380681124,0.9550794630529196,33.98332399956416
1027,34.233333333333334,track,1,324.49899638699316,235.65721597751906,325.04795563677214,233.7717091438574,324.53058474796103,235.76490461540695,0.1122259652611003,6.201792569496216,6.201792569496216,0.39571039880150183,1.0010053735026787,32.542250999540556
1028,34.266666666666666,track,1,324.2814374301108,238.4949679780421,325.29704534872843,236.0797033042781,324.7036856392123,238.31996392999582,0.4570776377400283,4.9947151859788095,4.9947151859788095,0.44344777892911275,0.8815836519280668,32.68768499947328
1029,34.3,track,1,319.70151462825004,237.27924416596773,323.05680886967946,237.04829295014406,320.2096334317345,237.69703883571648,0.6578275644308106,2.312482713427039,2.312482713427039,0.3316473507957851,0.8268049090831071,34.220700999867404
1030,34.333333333333336,track,1,313.99699894963237,234.38803581253438,318.0920960656072,236.0557357256172,313.76791168135094,234.43799374446698,0.23447125932964769,8.353133447876344,8.353133447876344,0.050903826141382294,0.8787451782083777,35.973833000753075
1031,34.36666666666667,track,1,319.5525246367977,232.77247790307834,317.54574853224415,234.5092852401446,319.3676782048896,232.54203113883042,0.29542158780545297,7.484726473742821,7.484726473742821,0.015976251127081148,0.9786893531596605,32.072144000267144
1032,34.4,track,1,320.83042582072295,242.33402041124126,318.9915655200753,237.77247418729212,320.71797100203725,242.69979539575115,0.3826714328753203,2.7936316039674036,2.7936316039674036,0.09139257643041697,0.8109051444823421,33.519369000714505
1033,34.43333333333333,track,1,314.27663092494237,231.60842769816614,316.8860321239706,235.03393195266543,314.27930237031933,231.6283371875399,0.020087916455569246,10.13958182647398,10.13958182647398,-0.025105263122156357,0.9597415260484243,31.597123999745236
1034,34.46666666666667,track,1,324.08430379746835,232.85787341772152,319.95256681050483,233.74835973205273,324.07854003615813,232.41128121164968,0.44662939834784177,8.6152853507708,8.6152853507708,0.13753786402860402,1.0448308689373174,35.82865300086269
1035,34.5,track,1,321.5308641975309,233.06990866204958,320.9074455996479,233.0404510858418,321.55794369438684,233.3085273381145,0.2401503106742486,6.87044357662887,6.87044357662887,0.19704794341588025,1.1039952539826094,32.6918900009332
1036,34.53333333333333,track,1,320.25604479511327,245.94268261644186,321.00825496830845,237.7159883293373,320.20155664322806,245.75690323511216,0.19360510639730014,5.760430534159251,5.760430534159251,0.20846429045295542,0.817282287485747,30.724197000381537
1037,34.56666666666667,track,1,311.171959798995,244.61507537688442,316.88136578821855,242.771138136796,311.0682456577619,244.16014764868046,0.4666003225250976,9.853073839615261,9.853073839615261,-0.02176617449284976,0.4884966979210779,30.713045998709276
1038,34.6,track,1,315.4202458643193,240.5224363838721,315.4468650461972,244.02232812343584,315.1700819084633,240.70485768914904,0.3096119142224141,4.8810790951290555,4.8810790951290555,-0.12549335206570178,0.35596280021864113,31.785082999704173
1039,34.63333333333333,track,1,317.3436465750677,238.08248921873434,315.54623504586027,243.04579631095172,317.0678910926705,237.75347432022946,0.4292923124285853,3.6937975410557535,3.6937975410557535,-0.13169041114377045,0.38680842668400583,30.983370001195
1040,34.666666666666664,track,1,306.7164042195383,232.78937980940734,311.4357659060764,238.1341771372608,306.27977292619477,233.10124623891838,0.536570178245858,15.356999525064001,15.356999525064001,-0.37895961200580575,0.6502025654455178,30.06169400032377
1041,34.7,track,1,307.0940847930947,236.63467885250063,308.67296568418027,236.49366556362364,307.2848038337149,236.84488981916917,0.28383516865041564,13.100798975646267,13.100798975646267,-0.5766136664416293,0.7587736317102027,32.85835499991663
1042,34.733333333333334,track,1,317.90493890020366,244.0433299389002,311.943367588379,239.0169213881821,318.06165600049405,243.8128256124273,0.2787337332404402,4.277244043914533,4.277244043914533,-0.40875370743468475,0.5999927009625471,34.981402999619604
1043,34.766666666666666,track,1,310.290602189781,236.18207623682076,312.35233857087144,238.74763115049612,310.25789504206017,236.67894168888952,0.4979407946448313,10.29262052721812,10.29262052721812,-0.41841613441975,0.6188866888761887,27.804448998722364
1044,34.8,track,1,316.92031492904067,239.92392558046237,314.3747504740207,238.9676535515454,316.6407215688969,240.08352193920652,0.32193701986706774,3.3603165761581844,3.3603165761581844,-0.3296170948745495,0.6084289567228569,32.82707900143578
1045,34.833333333333336,track,1,318.7464667005592,234.45444839857652,316.7114435206078,236.60071762354917,319.1911900185199,234.55062032327308,0.4550031523382938,5.509075462113972,5.509075462113972,-0.2084736990869236,0.7414474612539319,33.885774000737
1046,34.86666666666667,track,1,326.78954745694836,235.4536443732479,321.8746088037894,235.54888857688871,327.0979474499642,235.10226021163857,0.4675268812828351,8.623729647719236,8.623729647719236,0.08502257835665997,0.8142095353050227,33.452154999395134
1047,34.9,track,1,327.5782066747085,230.6618918375553,325.5004825913053,232.89807242538532,327.39429603169845,230.93531109496467,0.3295166383275222,11.698042517851519,11.698042517851519,0.3215902466910961,0.9798351473757283,30.30752600170672
1048,34.93333333333333,track,1,314.2954893532928,231.86655797638457,322.56823100189945,231.6654945646992,314.65729453406726,231.99577738240956,0.38418829202449123,9.623517101748922,9.623517101748922,0.1565801966004409,1.0753924745421901,31.841629999689758
1049,34.96666666666667,track,1,313.1729242979243,238.3125763125763,317.2859869387523,233.83974773812406,313.0722059117469,238.28669324477556,0.10399099246067524,7.136508317569062,7.136508317569062,-0.15528414218506842,0.980841405818552,33.6841110001842
1050,35.0,track,1,313.66768230753604,231.89046313223645,313.8152475706913,232.99233411904007,313.2753398170273,231.58340349328708,0.4982150657399927,10.773121707902048,10.773121707902048,-0.390594750720147,1.0413519602906527,34.943848999319016
1051,35.03333333333333,track,1,314.0644870575277,237.55730235818356,312.0927911389664,234.9573139794771,313.96164316030547,238.03023876144786,0.48398936840433304,6.3515126277437375,6.3515126277437375,-0.5390108812200187,0.9482450904767645,31.279078999432386
1052,35.06666666666667,track,1,321.73349211979934,232.7981553742462,314.67531526465086,234.23373196467801,321.2816809729137,232.9224359912883,0.46859255672969874,7.192678111367163,7.192678111367163,-0.40202303379622684,1.0058420219468205,31.15019799952279
1053,35.1,track,1,321.27230784830664,245.62563374569052,318.46251428039415,238.9522025001303,321.1597969450127,245.72863455966555,0.15253809701033122,5.844859525416787,5.844859525416787,-0.1893972346660854,0.7143178555010783,32.87566099970718
1054,35.13333333333333,track,1,322.67430482751735,244.84004792571514,321.4039150563261,243.6987745390249,322.9545311858779,244.81774781009614,0.28111226774482256,5.65154390321894,5.65154390321894,-0.0020171593331549664,0.4000922878564349,32.926073001362965
1055,35.166666666666664,track,1,327.65710121620265,232.41014172278622,325.53887097800316,240.3897161310426,327.4007819689691,232.18005939098197,0.3444378549330037,10.7667564698375,10.7667564698375,0.26949502633628175,0.6039995380548719,27.83111399912741
1056,35.2,track,1,328.5213974241963,237.20271777710173,328.5051374327322,237.75464407819803,328.77041832037673,236.8194227703002,0.4570847503182216,9.329325218282653,9.329325218282653,0.49420142224976615,0.7463030425200083,31.377507000797777
1057,35.233333333333334,track,1,315.99312977099237,230.30605597964376,324.03882101434226,232.98937440694831,315.5102446336822,229.96648259535587,0.5903288398441994,10.992241571157187,10.992241571157187,0.2560079652148035,1.0403634695832564,31.92083499925502
1058,35.266666666666666,track,1,315.71617095726066,242.23359160209947,318.6353702603586,235.83307470037153,315.54487872788576,241.98833922240885,0.2991483872397294,4.878688185630873,4.878688185630873,-0.04983862287343979,0.8764366759254603,36.36205499969947
1059,35.3,track,1,308.8697521497218,236.0691957511381,312.33005235430034,236.93422339518804,308.8912623515367,235.72493414481656,0.3449329534405228,11.902950903391211,11.902950903391211,-0.4383341958676298,0.7988499407355908,35.06103899962909
1060,35.333333333333336,track,1,326.4936385468295,239.33513872566553,317.07825018237617,238.95177787892882,326.89549575780944,239.04946481647872,0.49305050492484054,6.960702470374657,6.960702470374657,-0.1640094903174495,0.6754999094527768,33.71827099908842
1061,35.36666666666667,track,1,318.4610473815461,231.67735660847882,319.3125457995156,236.0968818079675,318.0316810806477,231.482208586205,0.4716335133815163,8.74225657008534,8.74225657008534,-0.04309854847691019,0.8479071564438161,31.087071000001743
1062,35.4,track,1,315.6608669108669,235.00579975579976,317.80154132944944,234.59623258392145,315.5256546635759,234.97058430904445,0.13972286680304077,6.731625983520624,6.731625983520624,-0.13524726613876709,0.9404639197524092,32.12497599997732
1063,35.43333333333333,track,1,315.54537781749576,241.4747294211101,316.13310165431193,237.6822595874711,315.4733127477406,241.4852227629119,0.07282502661165552,4.7641142025815855,4.7641142025815855,-0.24012129847966784,0.7573064029809821,30.842394999126554
1064,35.46666666666667,track,1,327.3071815302891,240.04740014301768,321.18838729503176,239.89874277442465,327.43033027554105,240.2891622234983,0.2713199532202669,7.4359547332619265,7.4359547332619265,0.06849136862825447,0.6149576705027708,32.57004999977653
1065,35.5,track,1,323.89165701042873,244.32111819235226,324.26644532878964,242.78403526984917,324.14012363362025,244.6884719464203,0.4434911988620223,6.254789596303861,6.254789596303861,0.2885609068247819,0.43255449406742663,29.790332999255043
1066,35.53333333333333,track,1,320.79207470974256,230.9557799091368,324.289751380689,237.9945458664099,321.1503687918994,230.58558570352307,0.5151877319760007,9.484436983979878,9.484436983979878,0.31381559271413456,0.7105560858041557,33.919896000952576
1067,35.56666666666667,track,1,320.7199695508754,243.52631311849785,322.7207697057055,239.0876118819771,321.1333722921998,243.49315064437326,0.41473072736966704,3.6724153056280997,3.6724153056280997,0.24534118268048807,0.6294515395218601,34.27426199959882
1068,35.6,track,1,305.096622983871,228.8240423387097,313.831802151402,234.74987646119018,305.4833288078642,229.09494971383378,0.4721569656448022,18.15637255192785,18.15637255192785,-0.29316993230381144,0.9009623317741494,29.738834000454517
1069,35.63333333333333,track,1,313.1863406408094,237.98918758059716,310.55635601790704,234.66363373338348,313.5895867726663,237.58709917788462,0.5694580989444609,6.849488165004753,6.849488165004753,-0.5097084394909438,0.9120343403652713,32.72814299998572
1070,35.666666666666664,track,1,320.9960817802783,230.89908072537298,314.77500969463165,232.84612060331028,321.39963281078303,230.97546471029662,0.41071638313347536,9.132426249366707,9.132426249366707,-0.2836152026696191,1.0425262934485415,34.485909000068204
1071,35.7,track,1,312.247980206019,234.90375681680467,314.6023123313722,233.00024212005192,312.40628215709376,235.41148703212082,0.5318359514540643,8.87237295959024,8.87237295959024,-0.3195528571660661,1.051044951247516,35.618695999801275
1072,35.733333333333334,track,1,312.374483342463,242.3481400328669,313.04523762209897,237.6349201890766,312.4578113794513,242.39920603381196,0.09773074337609419,7.91459403763794,7.91459403763794,-0.4316005746552667,0.8013848928144309,32.762937000370584
1073,35.766666666666666,track,1,324.328219927096,246.37965775617658,317.9556312403373,242.64995841225033,324.3335628623179,245.78880597575628,0.5908759373867192,7.231185359718853,7.231185359718853,-0.14399337818728664,0.48797065829520797,31.19393700035289
1074,35.8,track,1,320.5012386048355,249.27710067380104,320.90711884076705,247.5890884750279,320.2299373277382,249.4759844781142,0.33639136518752194,9.478773813323581,9.478773813323581,0.055707991684168914,0.1535573832387751,28.031845000441535
1075,35.833333333333336,track,1,320.3172568172568,243.2934472934473,322.29375498261237,247.54869199875316,319.9266101606764,243.1216101908183,0.42677019593382115,3.1224727784140285,3.1224727784140285,0.17533290355375386,0.0802522215733249,34.49567999996361
1076,35.86666666666667,track,1,319.52130123879544,229.84268304965252,322.4648058322856,240.90079158845253,319.77639868480065,230.27972264979132,0.5060418155131702,9.722848827022801,9.722848827022801,0.205432676672614,0.45536005131014257,32.373948000895325
1077,35.9,track,1,304.60532699888813,235.12417871222075,314.5124274386826,236.00023873325287,304.62236143513763,235.28286425912378,0.15959722683759897,16.08487293793128,16.08487293793128,-0.2754443679025175,0.7338199958249052,34.59173500050383
1078,35.93333333333333,track,1,315.73906470469666,236.76239669421489,312.42912745666376,235.17241692760317,315.51758280662136,236.74318596689085,0.2223134796168567,5.540658944724275,5.540658944724275,-0.4072128611944157,0.7904752393529533,34.78051199999754
1079,35.96666666666667,track,1,318.0079900744417,238.21856079404466,314.88288252187857,236.3864750660156,317.65198938864114,238.046927547891,0.3952144474531663,3.0541194859142156,3.0541194859142156,-0.29386471064830444,0.7347599124313051,33.59383599854482
1080,36.0,track,1,318.208787968151,237.5744618106753,316.7143901704258,236.97514160142904,318.4242248675018,237.35804992003307,0.30536398611038507,3.0761936696568815,3.0761936696568815,-0.1986271117674694,0.7054954106179658,31.774175999089493
1081,36.03333333333333,track,1,319.0404296583619,247.68541449102392,318.2346863019226,241.978566240851,318.99800987833737,247.5029295874503,0.18735041438333008,7.569540051954713,7.569540051954713,-0.1108054879922249,0.42523441624864655,35.832317000313196
1082,36.06666666666667,track,1,309.8839642189316,232.7804113812099,315.27627430155485,238.89265800568913,309.47007790531507,232.46405568265652,0.5209441511393444,12.948734149492584,12.948734149492584,-0.30145771082391126,0.6104924218448367,31.554200999380555
1083,36.1,track,1,307.23161874440353,239.10998905581533,310.46634943358436,237.54424858202137,307.40418015546516,238.93309504436309,0.247121289805727,12.64092416480458,12.64092416480458,-0.6110632267861056,0.7086687944589781,31.100476000574417
1084,36.13333333333333,track,1,307.8732147460686,246.32343387470996,307.5818739895652,240.4398264763765,307.58526898004885,246.32161065313144,0.287951538119897,13.931557972729475,13.931557972729475,-0.8193316454128986,0.5480285315554466,33.783465001761215
1085,36.166666666666664,track,1,311.3934811996195,244.16457217243277,308.3656573472377,243.32961718287058,311.63091745766445,244.21376076182963,0.24247782158632294,9.370022537772291,9.370022537772291,-0.8314161669122595,0.32989556958688326,30.47719400092319
1086,36.2,track,1,318.1618851429433,241.6442747324524,312.5138329358449,243.7588732173572,317.94648404649627,241.91815504689308,0.34843659249380937,2.8100260773195203,2.8100260773195203,-0.6122094263397586,0.2843983390227366,35.06496200134279
1087,36.233333333333334,track,1,325.4377854740752,246.22320935602067,320.0234747144423,245.0747204779315,325.6249378267707,245.76482876065128,0.49511490921870843,8.054388629478217,8.054388629478217,-0.1790921737125248,0.18551340483947504,31.235331000061706
1088,36.266666666666666,track,1,326.6047287056684,235.96483782964535,325.32750793264717,241.01553580844399,326.1746013381036,235.79324650272048,0.46309085048618637,7.471444082062356,7.471444082062356,0.17232184582048385,0.3841562744386293,33.50047599997197
1089,36.3,track,1,313.91555578083023,235.0930609762279,322.5290181773992,237.86733309530908,313.9608986966735,235.41594738295746,0.326054614547778,7.581839021481166,7.581839021481166,0.026166589906909316,0.5681554654581276,31.569464999847696
1090,36.333333333333336,track,1,326.2767626638594,235.62608717447426,323.4070728330535,235.72312926578266,325.73219166414094,235.4553822053419,0.5706993606276971,7.315160433918728,7.315160433918728,0.11736460392866235,0.7012484431339124,31.98057599911408
1091,36.36666666666667,track,1,323.8578258681429,244.89864116758932,324.63953529674194,239.42231750916798,323.6921121195417,245.24232222498966,0.3815464790707465,6.411991439006092,6.411991439006092,0.21736597233929184,0.4784799649418772,32.945858998573385
1092,36.4,track,1,307.82396200398347,232.70394770440734,316.8784901619692,237.32461048117253,307.86391554784797,232.63000977736067,0.08404226748066315,14.198637318826256,14.198637318826256,-0.24138565935395065,0.6131208603434891,33.89153100033582
1093,36.43333333333333,track,1,323.63847940226174,248.00242326332796,317.7195692846926,241.66813574132723,323.0641958760484,247.66487314051014,0.6661393652189679,8.254669988976293,8.254669988976293,-0.18341058356937984,0.3392913856249503,34.3235670006834
1094,36.46666666666667,track,1,314.0528267384569,246.28755016000406,316.44826536666324,245.61154953361816,313.72091775327294,246.58914375333543,0.448466576217623,9.101850870195705,9.101850870195705,-0.24584077044835312,0.06880733792349697,31.74159199988935
1095,36.5,track,1,308.1620335587278,239.262509391435,312.5894722691314,244.32227709182533,308.2371183683991,239.54038334945824,0.28783965187387495,11.771857616557785,11.771857616557785,-0.497104951819488,0.1206317735847112,31.28925300006813
1096,36.53333333333333,track,1,319.63107088989443,243.12362996480644,314.4945101367012,243.41823992648838,319.92989994870385,243.2088726291255,0.3107492851305263,3.209638229947806,3.209638229947806,-0.3944482051194353,0.14498459434853592,30.742242000997066
1097,36.56666666666667,track,1,312.7334883490823,240.54549052589917,314.3693561574176,242.07006146265002,312.2971269419228,240.57971660939316,0.43770161348749037,7.724656930638289,7.724656930638289,-0.4235190677644444,0.20785904430625626,30.318936998810386
1098,36.6,track,1,319.4865760024088,228.2253726100266,316.59740954683866,234.84320603513282,319.22566264652914,228.143324650521,0.2735098662487691,11.881933709625004,11.881933709625004,-0.29692537268098984,0.6464163122525319,32.60278099878633
1099,36.63333333333333,track,1,325.1280414838452,241.43174112485042,321.64092813747453,235.67859911804933,325.08296956253486,241.44433943236382,0.04679952395921145,5.2841930291707575,5.2841930291707575,0.011900951771114748,0.6042196179497654,32.99238700128626
1100,36.666666666666664,track,1,311.21549267100977,238.74944014657981,318.12781372677927,237.54945102870133,311.3063632969616,238.83665712905278,0.12595345446856882,8.77112796393943,8.77112796393943,-0.19569535118482417,0.507981233636075,31.333438000729075
1101,36.7,track,1,317.7499873218723,235.06526700136925,316.7686798789131,236.57421805061517,317.9325898864525,235.54279654113625,0.5112515603314538,4.91333361897047,4.91333361897047,-0.2711186927855103,0.5772160305753615,33.7252660010563
1102,36.733333333333334,track,1,316.24331825657896,233.87165912828948,316.360245547443,234.73330334014977,316.50667966641976,233.57471681522514,0.3969054918760006,7.313518370630902,7.313518370630902,-0.3020854380567421,0.6992987023574485,33.218234000742086
1103,36.766666666666666,track,1,308.38043807408906,240.3666094680529,312.31403516752044,236.81852462727016,308.65574742154166,240.38558086199066,0.2759622267317053,11.35080345900642,11.35080345900642,-0.5634401846697061,0.5837212296609798,32.37915700083249
1104,36.8,track,1,319.2999852731825,242.14932992980218,314.19149922736995,240.07494202150767,319.58746935286825,242.48969178930025,0.4455258594893995,2.5236376008714148,2.5236376008714148,-0.46387716804542245,0.3939680368916701,30.811782999080606
1105,36.833333333333336,track,1,315.2469833511532,233.71315106155492,315.42062397938486,237.94677274729875,315.5696411866967,233.6204593504341,0.33570795663512476,7.7670211866634045,7.7670211866634045,-0.40858974634697875,0.5200160252739364,34.58249799950863
1106,36.86666666666667,track,1,311.0644683581795,239.66566294797116,313.4083292990439,238.0255679531402,311.37912355565817,240.04387900458744,0.49199113689446,8.620988112487538,8.620988112487538,-0.545250953287741,0.5115011934149594,33.65851199851022
1107,36.9,track,1,320.28822252909845,236.5394061945157,316.1067307854162,237.49621004285143,320.5322113927126,236.5755851241689,0.24665660444955084,3.465525387058426,3.465525387058426,-0.390735171844233,0.5477279427285295,32.43121999912546
1108,36.93333333333333,track,1,309.27974439598336,248.98361902829902,313.66698997047854,243.01540203480914,309.45373546028327,248.70918027305007,0.32494541209072325,13.677482106373635,13.677482106373635,-0.5545361842533949,0.2039604225024629,32.07539700088091
1109,36.96666666666667,track,1,309.52088687326784,239.4995212899975,310.61211228547126,243.2123077595991,309.58673965578953,239.94595118482357,0.45126072282027296,10.413400610306335,10.413400610306335,-0.757561983793843,0.17851242409188262,33.223696000277414
1110,37.0,track,1,322.47698344820645,242.53680132816822,315.5868623592236,242.88243495930377,322.36946436820443,242.8670264107362,0.347288003998855,3.719435687311899,3.719435687311899,-0.47242529449668347,0.1745168562901612,35.272786000859924
1111,37.03333333333333,track,1,318.328139684424,244.7588663006381,318.6156808870474,243.99460546060567,318.2066831630301,245.00488303907758,0.27436457894836197,5.316468707009021,5.316468707009021,-0.27392383485587546,0.09236030953023477,34.93353699923318
1112,37.06666666666667,track,1,320.72563575262075,243.3794954105432,321.2967499087081,244.0057063850546,320.3811209391054,243.6059020120618,0.4122504165464258,3.625987105715609,3.625987105715609,-0.08578098757587846,0.0665923351102202,32.27316599986807
1113,37.1,track,1,312.1419014798297,242.21847759983783,318.7702954943204,243.4207165677686,312.59383174244834,242.5094616731483,0.5375059936325536,7.819765095459456,7.819765095459456,-0.22752980982399426,0.08211878785679569,34.979691001353785
1114,37.13333333333333,track,1,321.109273832055,249.24599063651758,319.10188157932816,245.97871908284642,321.32314403271863,249.79681089954542,0.5908835967379374,9.885758136469397,9.885758136469397,-0.18813719492445333,-0.10015456091038877,33.82860300007451
1115,37.166666666666664,track,1,316.2239070899686,235.43092605740947,318.36278961547526,241.98901178277353,316.2870635685313,235.09394815075393,0.3428452279941961,6.152661350311597,6.152661350311597,-0.22832185458349644,0.12848659222120123,31.414186998517835
1116,37.2,track,1,316.3415338645418,243.6949701195219,317.17107120878154,241.32332274478287,316.12128618341796,243.65788740566234,0.22334764092692988,5.331468947996182,5.331468947996182,-0.2965914654914751,0.15185774238085595,35.39616499983822
1117,37.233333333333334,track,1,306.26868028319666,236.38532063362706,311.47152684553635,238.85621351854434,306.82239204841716,236.71444632170426,0.6441431808968325,13.58102405191089,13.58102405191089,-0.6307322069366076,0.28463813768998064,32.576312998571666
1118,37.266666666666666,track,1,308.30815347721824,241.0329736211031,308.77625063740504,239.4867778465817,308.4655818905323,240.91055127933348,0.19942651549616205,11.570302708067429,11.570302708067429,-0.8293731995431828,0.257924265668365,30.200827999578905
1119,37.3,track,1,308.52709335184176,237.32516979822518,307.36913130031473,238.2809556014268,308.43496036837854,237.64043658006503,0.3284533914781373,11.803291117890392,11.803291117890392,-0.9662395530007366,0.3284597889544958,31.91422700001567
1120,37.333333333333336,track,1,317.6738630684658,251.14182908545726,310.50787658632476,243.38505057724763,317.1937446998225,251.05829382576593,0.4873312913412988,11.408809365869304,11.408809365869304,-0.8075955884325041,0.007400341525120202,34.925573998407344
1121,37.36666666666667,track,1,312.73907815631264,251.11578156312626,312.6286537127862,248.90462922083177,312.8727368238972,250.68551687349182,0.45054671518800016,12.844382088489489,12.844382088489489,-0.6914255600567254,-0.36066636969283294,31.26802100086934
1122,37.4,track,1,325.6815531077107,235.96839954144446,319.76998085017584,245.28097049638433,325.4086371056164,236.25330106284383,0.3945275923111611,6.5795978802611845,6.5795978802611845,-0.24945343257863883,-0.16266100931090843,35.48099500039825
1123,37.43333333333333,track,1,319.9559396543111,236.35483065241283,322.45798013360394,239.57939248160235,320.3405609704639,236.61669158298153,0.4653006595712171,3.4004055080639044,3.4004055080639044,-0.05106462513580931,0.1488116060735238,35.01383200091368
1124,37.46666666666667,track,1,319.76524661460905,246.20257981615103,323.35755955311345,240.81554260545275,319.6079296493092,246.1375670459108,0.17022129087004656,6.150077105446811,6.150077105446811,0.03009629233307476,0.08604711233244185,32.48645199892053
1125,37.5,track,1,309.5579286721741,251.11233125125932,317.3393455602508,246.38737561085983,309.9040770377851,251.026573080229,0.3566134530743622,14.950350308692075,14.950350308692075,-0.31553534774594105,-0.2613623532578066,35.13887199915189
1126,37.53333333333333,track,1,313.2277597807127,244.28542237727385,313.63413545141253,247.08180029771194,313.1277456889602,244.3348358099372,0.11155494554994198,8.125188047960428,8.125188047960428,-0.5363319533758226,-0.3246672811522614,33.974816999034374
1127,37.56666666666667,track,1,306.9401161322898,235.331330472103,309.4322919620999,241.3559620425437,307.292774471284,235.5751899185068,0.428760228638956,13.455575977821798,13.455575977821798,-0.8083298461435611,-0.0247057239688065,31.737175999296596
1128,37.6,track,1,315.217108906903,243.51759730124365,310.9232971068364,241.50206017378395,315.2208354030469,243.85988153919615,0.3423045227925466,6.143215749214491,6.143215749214491,-0.7471815092019087,-0.04353535736704932,31.59152500120399
1129,37.63333333333333,track,1,311.81747176757375,242.32371523804787,311.7550525719504,242.0789898382766,312.1743529170104,241.84995392215893,0.593139055581453,8.041335820721237,8.041335820721237,-0.7156389772388518,-0.08589836276346313,32.92725500068627
1130,37.666666666666664,track,1,324.2445283018868,240.41338364779875,318.15571532072835,241.50065383326964,324.080427040531,240.43736987825122,0.1658449976028563,4.103800341573405,4.103800341573405,-0.36495586282399156,-0.06486192505437749,29.108282999004587
1131,37.7,track,1,319.73265532171985,247.35525123351124,320.2218690563321,244.24846273108733,319.921101458723,247.72613978693,0.4160171458106815,7.726542628303959,7.726542628303959,-0.23203872275614296,-0.22572056525059042,32.436190000225906
1132,37.733333333333334,track,1,310.0800378523757,237.3018726964837,317.2345297569419,241.7368900184794,309.69001450622875,237.22616529607322,0.3973031852585467,10.676608068412092,10.676608068412092,-0.40070397156937027,-0.07923029152500151,34.4787730009557
1133,37.766666666666666,track,1,308.87985919034446,242.47075685189841,312.3742838349386,240.964610726331,308.82936090930934,242.01859798704345,0.4549700159949362,11.351560048194347,11.351560048194347,-0.7013461540469457,-0.021328857510535267,37.509196999963024
1134,37.8,track,1,322.9588806683779,239.68297347626958,315.66090731563577,239.5313253621383,323.27855373521606,240.02882153439012,0.47095833039395724,3.278680416805488,3.278680416805488,-0.5046296832392149,0.042443592167690516,38.77170299892896
1135,37.833333333333336,track,1,309.02854443284104,240.90899597195286,313.93389632791826,239.6140762738111,308.81595742170634,240.84812295622115,0.2211306431670185,11.216154463181876,11.216154463181876,-0.6300074056974008,0.04555667776661281,37.49461499864992
1136,37.86666666666667,track,1,322.4146810340466,247.08772196084382,317.1624696219438,243.19505855792727,322.4953608957829,246.86193643231306,0.2397672725450622,7.301575008264149,7.301575008264149,-0.4346664013677027,-0.15438795889850815,35.9099729994341
1137,37.9,track,1,314.5616350017362,237.568778213205,317.15887459679965,241.49495793398594,314.92009877788274,237.224798923111,0.49680784094338165,5.788534999776221,5.788534999776221,-0.44006166236199623,-0.05379677446787589,28.41632799936633
1138,37.93333333333333,track,1,307.57787359862016,245.6282863126771,312.24333307687596,242.82864494102546,307.2587576362225,245.19561738315423,0.5376219861867871,13.759858173856742,13.759858173856742,-0.7453038499956182,-0.14623821499084355,32.60118800062628
1139,37.96666666666667,track,1,308.7239467300361,237.67463735828505,308.9122590656433,240.84702588199502,308.6075571272774,237.36238224735547,0.3332413448718189,11.693792456569147,11.693792456569147,-0.9849063601005514,-0.05370532806444102,35.32138400078111
1140,38.0,track,1,309.41379135376496,246.86913943576212,307.50777103404175,243.84191632511744,309.49356795703665,246.518883215549,0.3592265667062267,12.364503736558687,12.364503736558687,-1.1268754768829234,-0.2269271542780338,32.89591000066139
1141,38.03333333333333,track,1,325.5748840959484,240.57619431566218,314.32018891910934,242.87754983807912,325.76485222773874,240.40875332294746,0.25322791539876904,5.779325262233035,5.779325262233035,-0.73708256664507,-0.17862420660863113,35.301648000313435
1142,38.06666666666667,track,1,312.8412305516266,247.1249242271166,316.02361127228824,244.47811098949933,313.2435928957544,247.2239500078685,0.41436887096585184,9.891131920790663,9.891131920790663,-0.6582303989153915,-0.2935570101707641,34.22550699906424
1143,38.1,track,1,314.0235423213128,241.05371838994463,315.057079998308,243.59334314547817,313.5690233549992,241.63678131344312,0.7392901078043461,6.636001331870128,6.636001331870128,-0.7191029387798552,-0.25032058925125966,31.459891000849893
1144,38.13333333333333,track,1,327.5442546197141,246.41943517457787,321.0082308343909,244.61834645806513,327.25702145239103,246.25755933833062,0.3297069589365352,9.582348836960195,9.582348836960195,-0.3486568550303599,-0.3298730057106362,35.09404100077518
1145,38.166666666666664,track,1,320.9911023978284,243.42864324134118,323.18915740528354,244.5170594065479,320.8713223429103,243.76407435154852,0.35617592738858167,3.863606909254619,3.863606909254619,-0.1662520259466276,-0.34827481853280545,32.77921600056288
1146,38.2,track,1,322.9835241413639,249.44967645594824,324.95934330242346,247.232034488634,323.0987718810687,249.30740842606744,0.1830907803064862,9.809701258475377,9.809701258475377,-0.006242434261544028,-0.5225584200226814,36.139634999926784
1147,38.233333333333334,track,1,317.7787462626058,241.7429686312269,323.35011787746083,245.39239176995068,317.9918103955181,242.15109430782007,0.46039427953473544,2.942793266385722,2.942793266385722,-0.0707083393615309,-0.4309713687080342,33.56815199913399
1148,38.266666666666666,track,1,316.3503700740148,235.8395179035807,319.85623535613564,240.32871671843841,316.6420434217875,235.93979295792838,0.30842896803860925,5.268885423469434,5.268885423469434,-0.24624298962103275,-0.12843284035307295,33.88699800052564
1149,38.3,track,1,311.05834634957426,246.4726658940898,314.92917308532793,241.9043981272346,311.40379806612833,246.2271630841763,0.42380245179277803,10.614718449625842,10.614718449625842,-0.5462374450548904,-0.24584387515365994,32.631607000439544
1150,38.333333333333336,track,1,309.6407830506769,250.5365608172714,310.81635489660425,246.74397792144595,310.00612649905264,250.24762150898985,0.4657915404355486,14.31402298951798,14.31402298951798,-0.8190930411269743,-0.5402348486492641,29.099704001055215
1151,38.36666666666667,track,1,313.27697435897437,236.47210256410256,310.2341792543106,243.11720585098104,313.7419692112663,236.0308201105133,0.6410541447520054,7.410623344081442,7.410623344081442,-0.8812238526075264,-0.3299913393040975,34.78071900099167
1152,38.4,track,1,308.84885350956245,238.33193151096424,309.2042730431999,239.4067590180354,309.2940640045716,237.8756839133289,0.6374749055565428,10.914659150623923,10.914659150623923,-0.9710013477361482,-0.09842971334359071,33.83326599941938
1153,38.43333333333333,track,1,311.74969897652016,241.4064318683524,310.00479017114947,238.78444943620957,311.3447102069653,241.11929778535458,0.4964492774539517,8.727363229160915,8.727363229160915,-0.9616322845580474,-0.026721705449112385,34.7387029996753
1154,38.46666666666667,track,1,315.1693419354839,251.9481806451613,312.19488075860767,243.56102647138638,314.7467876850878,251.68709944987114,0.49670462556931333,12.81345125938846,12.81345125938846,-0.8536823750243163,-0.31637663432661717,28.73955399991246
1155,38.5,track,1,314.2438235739908,243.11564694588995,313.8013004406067,245.0144291489678,314.81519140810997,243.01151788483511,0.5807788419201951,5.995955312143217,5.995955312143217,-0.7749961866327042,-0.40297081812376734,31.633152999347658
1156,38.53333333333333,track,1,320.4141803968136,239.65973974568305,317.41987166031635,242.47445833624477,321.00381072205045,239.72217571168866,0.5929267832455833,1.0415480309995973,1.0415480309995973,-0.5709279432171225,-0.27248172401462367,35.78542099967308
1157,38.56666666666667,track,1,317.7097779117677,251.79439252336448,318.47743952162574,246.54519049268043,318.2518702992482,252.18887262142283,0.6704317298043554,12.313593026891935,12.313593026891935,-0.5018616172203766,-0.5358356853683015,32.56535599939525
1158,38.6,track,1,317.3554414060533,252.8953517651206,318.3724147268538,251.15878659452414,317.8567826708282,252.60943584884882,0.5771403425022734,12.79027962736922,12.79027962736922,-0.49422590573215897,-0.8490572058496366,31.54704599910474
1159,38.63333333333333,track,1,319.79337768218875,237.9893462711949,319.3307533920361,246.67564974396208,320.1121356413684,238.10370805707518,0.3386521144332489,1.8996045732906335,1.8996045732906335,-0.4243264265683559,-0.604798929361964,31.748764999065315
1160,38.666666666666664,track,1,315.4282330410241,238.93019856869267,317.9508859850258,241.40353720630898,315.5470433187907,238.51517560168796,0.4316942728880915,4.6939883573086485,4.6939883573086485,-0.48505811943844,-0.29306811417159834,33.59018999981345
1161,38.7,track,1,324.50680443548384,248.6976310483871,321.19603690453425,242.96100267117683,324.5559136836064,248.79553283689657,0.10952843669345298,9.905440291950562,9.905440291950562,-0.2730509605288582,-0.3952077771799456,33.89999099999841
1162,38.733333333333334,track,1,309.60320641282567,252.58967935871743,316.92168586479926,248.25834690496112,309.5971626486718,252.17062950080916,0.41909343886309475,16.010722888244448,16.010722888244448,-0.5278786741230495,-0.7258029583092482,30.963203998908284
1163,38.766666666666666,track,1,314.5938873452892,249.2950239959586,314.22334706040823,250.363833161198,314.4262215699896,249.68961506419728,0.428735260202115,11.178356143868749,11.178356143868749,-0.7124951502425175,-0.9017249043772028,31.054860999574885
1164,38.8,track,1,314.5328878472049,237.6614471650127,312.85712949082205,245.6601564837619,314.2650093547586,237.78061940955632,0.2931909114977251,6.1494526509474365,6.1494526509474365,-0.8078673070013983,-0.6405505698160859,36.137541001153295
1165,38.833333333333336,track,1,325.10774053288844,244.60281106223772,318.2520695454644,243.57029996110612,324.5979420648511,244.5350300325693,0.5142846935269627,6.458139718837985,6.458139718837985,-0.48836398922986857,-0.5354658605589719,32.095090000439086
1166,38.86666666666667,track,1,321.2717180265844,251.36331955991437,321.4552995129761,247.04482425672126,321.79825058048317,251.20760834303937,0.5490742330285374,11.350955462919133,11.350955462919133,-0.2665548273188579,-0.7348603148685451,30.73599799972726
1167,38.9,track,1,312.5581864240294,247.5360078581399,318.8665730252645,247.64003087687644,312.78185394993216,247.2077542348904,0.3972122899910108,10.200654562854794,10.200654562854794,-0.412467381363322,-0.7889800761814907,34.11955599949579
1168,38.93333333333333,track,1,317.39130654792024,241.86838376682522,317.26977919894495,244.98750840032636,317.35810381388706,241.50233177972683,0.3675547289941409,3.039180191198822,3.039180191198822,-0.4953522590670416,-0.6428728820481983,32.959553000182495
1169,38.96666666666667,track,1,316.99702770780857,246.3143073047859,316.92530887438835,244.68788335045383,316.8798494799744,245.98501326876132,0.349521529007466,6.749497988359224,6.749497988359224,-0.5179601704576361,-0.61875198152968,32.588297999609495
1170,39.0,track,1,311.747300539892,235.81573685262947,314.2189713103633,239.70077482081163,311.34369112893296,235.550063129515,0.48320087310375254,9.73311981959617,9.73311981959617,-0.6756554900408076,-0.34787175667907017,32.791306999570224
1171,39.03333333333333,track,1,308.78237876671324,238.8006385950908,311.1459233845458,237.97150136951237,309.28310056769425,238.6277046350273,0.5297437838435749,10.804403176986728,10.804403176986728,-0.8696155621969333,-0.2024592771829925,31.34751100151334
1172,39.06666666666667,track,1,308.4224989707699,251.4323795800741,309.07399853963005,242.40117158213818,308.55217165886825,251.52770472379143,0.16094063832166935,16.246253412000648,16.246253412000648,-1.0227559209354717,-0.4669881877175591,31.91251299904252
1173,39.1,track,1,310.403862468187,252.47277808273867,308.7339948151279,248.52809225857328,310.17238320838453,252.69312271360175,0.3195847369147868,16.052956613203534,16.052956613203534,-1.0860137420723617,-0.8499559701044497,31.975808000424877
1174,39.13333333333333,track,1,324.6742695665338,240.79613463188173,315.45679255769227,247.14347249574755,324.31447405167927,240.3877200117509,0.5442934084168488,4.331860241296555,4.331860241296555,-0.6933891275006608,-0.7780707754248588,33.349557999827084
1175,39.166666666666664,track,1,321.82234413965085,250.2388029925187,320.92594753811807,247.88773778375557,322.1595785121208,250.06332755521797,0.38015608777327264,10.292440956042597,10.292440956042597,-0.33971631827967974,-0.8245562416077872,32.437124000352924
1176,39.2,track,1,309.576728669632,239.1170642943793,318.03942380141285,243.31945001030402,309.65418987026857,239.40564788578183,0.29879880660878955,10.362868409669648,10.362868409669648,-0.5064767867147562,-0.5605663224998508,32.69492899926263
1177,39.233333333333334,track,1,308.5122431463624,244.09521886201847,312.4607138665722,242.11182523272194,308.357319126103,243.73917469195138,0.38828971540860596,12.228386864518837,12.228386864518837,-0.8413017089598515,-0.466291355461219,30.122059999484918
1178,39.266666666666666,track,1,322.55489584381604,245.26934688537787,315.68452913373466,242.35352531278943,322.8866775176693,245.24353938540804,0.3327838730460843,5.985617125856167,5.985617125856167,-0.647636798875067,-0.4781253313194893,34.203076000267174
1179,39.3,track,1,317.05991361992767,247.28003214142225,317.7311615754613,244.6521765747059,317.103966434509,246.8593332628405,0.4229990507229158,7.44563383622647,7.44563383622647,-0.5082540958399056,-0.6102502470143499,33.56046499902732
1180,39.333333333333336,track,1,317.5848069105691,238.52881097560976,318.9441143244411,242.0582807358049,317.40527344292525,238.7194760366522,0.2618882042142162,2.893500911818926,2.893500911818926,-0.4287116360318418,-0.4509973325301758,31.861040000876528
1181,39.36666666666667,track,1,320.25555279503106,243.68099378881988,320.062046459057,241.6935112895067,320.71567329284096,243.36354622824848,0.5590025279169641,3.4388415915320096,3.4388415915320096,-0.35217205969779913,-0.4090027946247625,32.690260999515885
1182,39.4,track,1,321.53858892011243,239.91825572059415,321.2891217961746,240.00689952013354,321.5635316113797,240.24762555027414,0.3303129161130086,1.583019113255469,1.583019113255469,-0.2586858681408574,-0.2960794174042178,35.93048400034604
1183,39.43333333333333,track,1,311.38353857488687,247.3389643195453,317.32995404000854,242.4821173789641,311.0839934649339,247.46692892887043,0.325733348210584,11.629711955252539,11.629711955252539,-0.48985035735586746,-0.44232552286713017,34.19980000035139
1184,39.46666666666667,track,1,311.85162859024365,243.6656197761005,313.4059544396726,243.82223214149283,312.14069376972225,243.45611444620212,0.3570030269378986,8.585652071131795,8.585652071131795,-0.7389367922184802,-0.5362685029483752,34.66993100118998
1185,39.5,track,1,316.65324028939403,257.0074914054082,313.34071706795277,250.80040212089776,316.59362447414605,256.6405370568107,0.3717654359704641,16.985607665380297,16.985607665380297,-0.7543166468354598,-0.981667167958789,34.25489899927925
1186,39.53333333333333,track,1,314.4417625308135,257.18154272801974,313.8646970910394,256.42361671575566,314.07002676744537,257.5735633227371,0.5402477435856766,18.547094392304796,18.547094392304796,-0.7368717784269119,-1.3831431968951937,33.46072800013644
1187,39.56666666666667,track,1,318.3310327066701,244.00262683492144,316.0943842833355,253.14703384688045,318.44731608148174,244.24345979376477,0.2674366043061742,4.518603586521322,4.518603586521322,-0.6120355262801719,-1.2345044752387686,33.675565999146784
1188,39.6,track,1,315.09037446594624,246.23810002513193,316.26903585016186,248.8989849458904,315.0015769128792,246.31666681481823,0.11856536539944243,8.055092364913515,8.055092364913515,-0.5927053847148145,-1.0121615924665979,36.67324500020186
1189,39.63333333333333,track,1,316.13244307140366,246.203398275948,316.67734386371365,246.2600907860541,316.6480001582633,246.2129967305351,0.5156464293890376,7.059548945410239,7.059548945410239,-0.5629106287194483,-0.8593415404557756,33.83336499973666
1190,39.666666666666664,track,1,313.42101515613876,246.67632997660462,315.59739018584276,245.04034000924028,313.5385814267042,246.72728378076786,0.1281332046480044,9.327715532021465,9.327715532021465,-0.6167816829998476,-0.7769901437414866,30.97517400055949
1191,39.7,track,1,318.98808239333005,241.84973025993133,317.20737460419866,242.39319781264382,318.66017531353776,241.75652265215885,0.34089692155338064,2.2091858269509133,2.2091858269509133,-0.5292256007552166,-0.6142379891269798,35.27998299978208
1192,39.733333333333334,track,1,312.8386254019293,242.47246784565917,315.82724185793444,241.01590372949062,313.1300278128418,242.47140521362684,0.2914043484103346,7.300983603752956,7.300983603752956,-0.5983222638432725,-0.5113868948106554,38.22005000074569
1193,39.766666666666666,track,1,322.430998509687,235.8788872329856,318.36587745949817,237.77683885362185,322.2230998865215,235.88297695780176,0.2079388452483001,4.678894296245971,4.678894296245971,-0.4610480776973315,-0.3033172898651803,32.00837899930775
1194,39.8,track,1,309.764714655001,239.57054086299462,315.84988408262024,236.84065554757268,310.1828015009149,239.64803509922427,0.425208145941527,9.823505772473352,9.823505772473352,-0.6253097491413286,-0.22567327303293006,32.34602799966524
1195,39.833333333333336,track,1,316.09555754323196,255.60922281852515,314.4159246792321,243.41628861523463,316.008485256525,255.712598861557,0.13515986603022306,16.211661017045145,16.211661017045145,-0.7078584395346499,-0.6291154274483053,30.104450999715482
1196,39.86666666666667,track,1,322.1978823294376,245.3999100988912,317.7820663879579,247.17780672341542,322.6409954170014,245.57266254278403,0.4755971144164638,6.1668001920259,6.1668001920259,-0.5042554484192804,-0.8461618740970661,36.17951300111599
1197,39.9,track,1,316.82573726541557,247.84966361475037,318.5590001949609,248.11044412079505,316.82960775301103,248.2235062180479,0.3738626388321023,8.813480669862518,8.813480669862518,-0.4336263603742605,-0.9272858053998234,35.0154299994756
1198,39.93333333333333,track,1,312.4127499746219,254.56212567252055,316.5352387252549,251.79878747643636,311.86408780511726,254.02157078899768,0.7702140990308679,16.21103064686865,16.21103064686865,-0.5541625984267258,-1.1826355429637634,34.461994999219314
1199,39.96666666666667,track,1,308.60169963073497,251.25246598209318,312.023027078796,253.01471931578183,308.6970256500728,251.05857208256208,0.21605993205168267,15.812945508675265,15.812945508675265,-0.8274005346356932,-1.3129887124741437,33.66046799965261
1200,40.0,track,1,310.3473635042558,249.60520033215695,309.99129865229094,252.58783678786745,309.9079273167184,249.5859973562879,0.43985556402027226,13.919097541126598,13.919097541126598,-0.9847989045401532,-1.3490141772025854,34.406976999889594
1201,40.03333333333333,track,1,311.3954936708861,236.56410126582279,309.40883139622065,246.05999477500268,311.56918779378987,236.84562853220723,0.33079789910036,9.001591737754325,9.001591737754325,-1.0490160266407385,-0.9785691890520857,35.225985000579385
1202,40.06666666666667,track,1,325.19373567608864,248.47766743060862,316.38207029952486,244.92064221882683,324.8685974334412,248.8044296825268,0.4609646907415998,10.060875856677157,10.060875856677157,-0.6403080272507177,-0.9335663566955761,31.778848999238107
1203,40.1,track,1,317.9452708247846,239.58365818629463,319.5597811494818,242.4230506335681,318.2166995113319,239.2546764856554,0.42650028280914165,1.9327875656467834,1.9327875656467834,-0.3915924008520911,-0.7990779112159638,35.16228199987381
1204,40.13333333333333,track,1,320.9496417197452,243.4998507165605,322.39358228801734,242.55518576732126,320.84492239739603,243.46154121942433,0.1115067443883922,3.5631673369903862,3.5631673369903862,-0.20079267689412514,-0.7967748539817243,29.920803999630152
1205,40.166666666666664,track,1,317.31959905303984,237.18143353649322,322.11541348183175,239.83413948165028,317.6882176314821,237.44956059156002,0.4558198920972739,3.4422491042215473,3.4422491042215473,-0.19215870344349742,-0.628702460905531,30.915270999685163
1206,40.2,track,1,313.24135997553265,246.61739219084515,318.2270533952034,241.81064737124183,313.12338817133633,246.20349265489392,0.430383750211341,9.261269424946017,9.261269424946017,-0.40663963480749277,-0.7349758549572022,34.179090998804895
1207,40.233333333333334,track,1,316.9358475097356,243.97853043656488,316.64697171682195,243.63203772414226,317.34741475244135,243.90854300189898,0.4174755517147491,4.723655035378773,4.723655035378773,-0.5119873732730358,-0.8489873417396978,33.7616729993897
1208,40.266666666666666,track,1,309.0803288431062,243.69106576862123,312.09351663302044,244.49458812128867,308.8493650560066,243.9372927975047,0.3375974240188673,11.825351336323546,11.825351336323546,-0.7906759877617413,-0.9153608246772842,34.79867600071884
1209,40.3,track,1,311.59654050857483,233.59294303173664,310.4568114289138,240.25377450957635,312.1244326326841,233.24058431513973,0.6346863476225132,10.378548152697771,10.378548152697771,-0.9125781114649916,-0.6391561035772433,32.726932999139535
1210,40.333333333333336,track,1,314.7058195679797,234.87130876747142,311.7395226823441,236.1712146062354,314.7162105356771,234.78631743268272,0.08562417414990083,7.422999192781715,7.422999192781715,-0.8750650097174819,-0.37728809371224203,33.49261899893463
1211,40.36666666666667,track,1,308.84959963740744,244.86634436218966,310.1515266563226,238.50922383340668,309.20891655961776,245.1964612747312,0.4879403923971255,11.977090280910168,11.977090280910168,-1.0013018412233547,-0.5003707435852784,32.10058500008017
1212,40.4,track,1,312.38399037014744,243.66676697763066,310.3860893881151,241.8694445938827,312.2430018872383,243.36023412080286,0.33740205190253486,8.453531396286209,8.453531396286209,-1.0280471439685979,-0.6927363994561265,34.56722900045861
1213,40.43333333333333,track,1,318.1952802656738,255.2862533963973,313.61243912093465,249.47652469055626,318.54479291712244,255.2341712713739,0.35337181731093015,15.303516000567019,15.303516000567019,-0.878146512168474,-1.1426880507453931,31.95984000012686
1214,40.46666666666667,track,1,325.74952832593954,242.7129672122788,319.32051278909404,248.47425370697758,325.7329442955154,243.11135929317697,0.3987371066097024,6.522822007898197,6.522822007898197,-0.5337543241280477,-1.1011729654491043,31.812551000257372
1215,40.5,track,1,326.131569664903,249.35605946082137,324.52983715527165,248.54304435987586,326.5651375586855,249.04759958590472,0.5320983113603841,11.178554890115537,11.178554890115537,-0.18904452945079636,-1.1166223874205021,31.140129998675548
1216,40.53333333333333,track,1,314.9717871485944,249.32178714859438,322.2824200914807,248.69883746611717,314.84733848508296,249.41348347061398,0.15458229304064378,10.731430088242194,10.731430088242194,-0.30203410220582627,-1.1510643123002349,34.478752000723034
1217,40.56666666666667,track,1,319.9802420968387,240.72223889555823,320.4307025566166,245.11950672403734,320.3774665557366,241.1164526604816,0.5596353841580856,1.1785361868844266,1.1785361868844266,-0.40669614533634774,-0.9457128434278677,32.699207000405295
1218,40.6,track,1,320.1235207476256,241.7472700492661,320.12240395053254,242.1937398848348,319.93918082712224,241.52075124994732,0.29204789459265434,1.5219669299974565,1.5219669299974565,-0.39974523954500646,-0.7604144443020009,33.088435000536265
1219,40.63333333333333,track,1,306.52753347991205,233.87837297621428,313.38200807277747,236.80731954147836,306.9045719189833,234.04714451429737,0.4130881462886982,14.384947864303854,14.384947864303854,-0.7674766384010385,-0.42428515302432224,33.52048199849378
1220,40.666666666666664,track,1,318.13409372675426,235.82429952888668,314.3529086554799,234.48380190801444,318.0515040422884,235.34221655036131,0.48910638327879324,5.048919009149038,5.048919009149038,-0.7490969714417519,-0.2340967864517025,34.356973001195
1221,40.7,track,1,319.8219420818145,251.0746253543945,315.8690418222484,239.71063927442663,320.37196182807304,250.91137433814166,0.5737356669947516,10.917712468672166,10.917712468672166,-0.6640831223028174,-0.5453816153888588,32.18431000095734
1222,40.733333333333334,track,1,323.7326042726348,250.10854526958292,319.83318704926864,246.21701918101357,323.77882708319436,250.359365541721,0.2550438337451884,11.02705711201676,11.02705711201676,-0.4222888471337358,-0.9265315961244713,33.092648000092595
1223,40.766666666666666,track,1,322.23467583000655,250.72530193541866,321.9866835989813,250.71363165325832,321.8978771256225,250.30642677449612,0.5374846674210139,10.479712326300348,10.479712326300348,-0.2775823527615412,-1.2386751735806967,34.005520999926375
1224,40.8,track,1,314.0481717644715,244.00229152137092,319.4364639733456,250.06995431891738,314.0724691357696,243.92983671755724,0.07642029081126835,7.111908237109428,7.111908237109428,-0.4210227808211516,-1.226519430972734,31.543369001155952
1225,40.833333333333336,track,1,319.8430217799665,242.6337005635376,318.65164852523344,246.46659553975343,319.4992865838364,242.80248337353015,0.3829380132705071,2.846862656335769,2.846862656335769,-0.45249474915890187,-1.0377028636326455,30.06038700004865
1226,40.86666666666667,track,1,312.7804047285113,239.3626026848327,315.80732775719855,242.1931297967132,312.925935059742,239.75556428653488,0.4190440283794329,7.078286769904452,7.078286769904452,-0.6092270518704831,-0.7881352232192658,33.530284999869764
1227,40.9,track,1,307.93188191505635,244.83485443328405,311.5154535210341,242.1704336659112,307.4239439975601,244.630340577826,0.5475644666198975,13.40138942211464,13.40138942211464,-0.8666285527827522,-0.7574113475986533,34.30664100051217
1228,40.93333333333333,track,1,311.67773742875875,231.6535027992132,310.5305492715105,236.40131107317342,311.9158570943208,231.6717560155799,0.2388182468638447,11.606593573631882,11.606593573631882,-0.9623687049495355,-0.4107079592722208,33.36232999936328
1229,40.96666666666667,track,1,319.4742822966507,241.8961822169059,313.35755672464353,237.13486503370157,319.1675863079274,242.14453431553758,0.3946405888827243,2.300421697269471,2.300421697269471,-0.8079845074101228,-0.43191774314904846,33.255424999879324
1230,41.0,track,1,310.3788859783522,244.4829733603519,313.1264463091022,240.58165294465954,310.649555223649,245.00220622076603,0.5855464146277134,10.604380443508264,10.604380443508264,-0.8489419864169728,-0.6187820826671676,31.150021000939887
1231,41.03333333333333,track,1,316.93711755634047,246.5388289139844,314.37622313623945,244.37958308418374,316.6631850738017,246.21195341319546,0.4264816502569296,7.051432411887005,7.051432411887005,-0.8008310780209762,-0.845599939874301,30.421004999880097
1232,41.06666666666667,track,1,323.907028335182,243.05470404356157,318.80915033002424,245.06573741010865,324.26898659088357,242.75307544595975,0.4711619570399869,5.07973138308417,5.07973138308417,-0.5320010021986573,-0.8908234413975831,35.38974799994321
1233,41.1,track,1,323.7935218612114,238.17539109506617,322.80061625198385,241.94488379279053,323.6910565622858,238.05144528228575,0.16081573924747897,4.173818878906865,4.173818878906865,-0.266563060429593,-0.72209621861184,31.886102000498795
1234,41.13333333333333,track,1,311.9012026637511,245.6498856972468,319.3224862145911,243.3248577038166,312.2794476935254,245.7890895546466,0.40304716406885194,9.649895636157343,9.649895636157343,-0.46214787731600315,-0.8088526886356234,30.889418001606828
1235,41.166666666666664,track,1,314.8304705003734,240.78536221060492,315.99556474466004,242.75648578636077,314.74014553698885,240.93200127385435,0.17222547396100357,5.34178765457075,5.34178765457075,-0.6663139024652874,-0.789045710531416,31.439010999747552
1236,41.2,track,1,320.59755183612293,237.870197351986,316.849813564041,240.75775449015092,320.10525660843905,238.10120632786735,0.5438011935791153,1.9017088007765814,1.9017088007765814,-0.611877682536453,-0.6631505043752493,31.284679000236792
1237,41.233333333333334,track,1,310.9643536597577,239.0797036146991,314.4175762119143,239.2826482636991,310.9560887635019,239.42922759709683,0.34962168522745557,9.061904412957164,9.061904412957164,-0.7713531037350809,-0.5652957782714562,37.13912500097649
1238,41.266666666666666,track,1,319.8106698756518,239.43326313678298,315.97116225664456,238.95190591776586,319.3916641025094,239.70250262171635,0.49805194324871577,0.6771833239687102,0.6771833239687102,-0.6810165280520377,-0.5296682863590475,36.55505500137224
1239,41.3,track,1,318.41140030973673,242.3904181445771,317.7496800479377,240.51315411281698,318.6431064295316,242.83175854987832,0.49846672837997535,3.140066344265265,3.140066344265265,-0.5706997580397825,-0.6011456588429114,33.94481899886159
1240,41.333333333333336,track,1,320.18791745588675,239.026517794836,319.6240684804048,239.9584875942487,319.94819449109815,239.27193340561442,0.3430683923954256,0.7299073753653936,0.7299073753653936,-0.4274790009559643,-0.5656880222881862,31.47087700017437
1241,41.36666666666667,track,1,307.71711350538715,239.0788774743172,314.99079576523724,239.59142441571157,308.18591951376277,239.3154412807503,0.5251109482796881,11.833897007131341,11.833897007131341,-0.7276809624031205,-0.5500427948888257,31.66183500070474
1242,41.4,track,1,309.5026208788517,242.63057855288298,310.6988009167922,240.8363921578517,309.56139112178755,242.76275413135838,0.14465242825492008,10.798026009536814,10.798026009536814,-1.012015101650401,-0.5859868819727949,32.352606000131345
1243,41.43333333333333,track,1,316.4075645284948,250.4178379759775,311.47932147103086,245.46222817265053,316.0281611361658,250.47005146618923,0.38297935018853085,11.198101699168257,11.198101699168257,-0.9833506274977629,-0.8697029945066597,31.201525000142283
1244,41.46666666666667,track,1,309.98489395758304,244.4049619847939,311.03885169009294,246.67311178111183,310.2469035379689,244.31758189777418,0.2761961256454171,10.666039754363908,10.666039754363908,-1.040626528996515,-0.9508452920350404,33.81480600000941
1245,41.5,track,1,322.75614194722476,248.51102011930038,316.27055428882363,247.92189264572505,322.70261877273987,248.07288584877986,0.4413914013791952,8.513262251228731,8.513262251228731,-0.7344703893624511,-1.0490853369318425,30.34347299944784
1246,41.53333333333333,track,1,324.72607705053855,244.3822493786247,322.22607023716546,246.8478700843081,324.2529549821009,244.83977870577093,0.6581622724234517,6.442909591218131,6.442909591218131,-0.36049881306677434,-1.0179737704444958,32.631321000735625
1247,41.56666666666667,track,1,313.74528676324667,243.9859099027585,320.323708262469,245.74256256742086,313.77512119212275,244.2087120848643,0.22479080385430827,7.514144900522078,7.514144900522078,-0.4749826057365741,-0.9667622107466772,31.82667300097819
1248,41.6,track,1,310.3496648016533,246.24779474771913,314.93264241183647,245.76324750779025,310.144102841256,246.08391441817338,0.262892529324101,11.582431672640963,11.582431672640963,-0.7661491960474164,-0.9729387672814878,32.33646700027748
1249,41.63333333333333,track,1,307.60989402893824,239.88383941308336,310.115247608223,242.79655219515533,308.12832973849953,240.38126265237156,0.7184744003318964,11.877790872375554,11.877790872375554,-1.0716280872487736,-0.8108505421752467,32.37448500112805
1250,41.666666666666664,track,1,309.98728259776817,236.35417713883584,308.320262306324,239.25427940919892,310.0797809069315,236.4260258757617,0.11712462676958228,10.544384187576151,10.544384187576151,-1.2299127962526022,-0.5987088513356346,36.54256899972097
1251,41.7,track,1,314.5628587681647,247.26648394270052,309.37290458955624,241.69429582179035,314.2411297736613,246.81427406823133,0.5549804649459148,8.921822535826408,8.921822535826408,-1.1960064407685373,-0.7408219308651807,35.825630999170244
1252,41.733333333333334,track,1,326.6128056465843,232.9193849256365,317.2360409631087,238.8572066988042,326.1838958031323,232.9239499498893,0.4289341362685551,9.397396001854398,9.397396001854398,-0.7319253446465877,-0.5429087507571435,32.32740600105899
1253,41.766666666666666,track,1,328.08072155598103,243.05547717424167,325.10186559128226,239.31304025149726,328.17831653706054,243.5328336900929,0.48723097557270784,8.908747120791638,8.908747120791638,-0.2273434263176124,-0.5255729237310925,32.7888490010082
1254,41.8,track,1,320.75180164289674,245.4879806480875,326.20082747686655,241.36055801512606,320.5910816934792,245.466178804156,0.16219193117902528,5.49804404196351,5.49804404196351,-0.12721950616496996,-0.6379057650259505,34.366656000202056
1255,41.833333333333336,track,1,315.8950974958432,237.21005693555702,321.70563391758236,239.98159540473367,315.3849368451575,237.46168648550452,0.568842086975662,5.267052631316245,5.267052631316245,-0.36047302948914645,-0.5379079856534867,33.7117639992357
1256,41.86666666666667,track,1,315.35144909337487,244.31212014666733,317.5166055095469,241.35071127790675,315.6205032378181,243.94100319853996,0.45838621470269403,5.891646467742587,5.891646467742587,-0.6030697421293193,-0.5900721099658472,32.62751700094668
1257,41.9,track,1,313.92332083448673,234.83881521000578,314.33673198760886,237.91967728547172,313.918631719581,234.6923704258208,0.14651983692860185,8.071801029434996,8.071801029434996,-0.8087324623041767,-0.38436314917995545,31.772258998898906
1258,41.93333333333333,track,1,312.0807592666401,247.89114188919888,311.7274988257399,241.7235237473827,311.85430795650905,247.9458710564425,0.23297098018261048,11.379330635542791,11.379330635542791,-0.9833773260101231,-0.605788085196519,31.69900200009579
1259,41.96666666666667,track,1,314.9710602868894,241.32646203230013,312.0939888339921,242.9531966597887,314.57323820171695,241.53039734054704,0.44704811978209663,5.638427053288689,5.638427053288689,-0.9993803877404566,-0.6983152726173565,31.523146000836277
1260,42.0,track,1,326.1601586026902,236.9544268219233,318.04020738016493,241.27184163718735,326.5937289097521,237.2430238057148,0.5208372396625266,7.146899934318074,7.146899934318074,-0.6471615689754238,-0.5923018088156384,33.4549250001146
1261,42.03333333333333,track,1,323.4418094655243,235.8626580987352,322.5784744043793,238.04734417777965,323.5652305918127,236.21564422062562,0.37394114063784184,5.1992516613144675,5.1992516613144675,-0.3448212148827072,-0.3900926737864899,34.93879399866273
1262,42.06666666666667,track,1,313.7805460924391,243.37580718970864,320.4420073686211,239.62729174802436,313.8288552359823,243.80616694189104,0.4330626855876294,7.25051270518211,7.25051270518211,-0.4816845534620771,-0.49496992904220205,33.772094999221736
1263,42.1,track,1,318.85540303436886,235.00660542883682,318.90997846248223,238.04772494351846,318.6909283334261,235.31879329344753,0.35286426577426105,4.86079878802841,4.86079878802841,-0.5307180037712687,-0.36091071509288264,31.012994000775507
1264,42.13333333333333,track,1,321.6073389050987,244.2126502151229,320.10307936967916,240.33597920021762,321.20015979967104,244.44740037442244,0.47000261827783646,4.606490381533356,4.606490381533356,-0.4501067693891213,-0.4730439009359787,32.69478599941067
1265,42.166666666666664,track,1,319.0342963935751,243.71340539448428,320.08492032757835,242.89353762612527,319.41425262820314,243.64880694302968,0.3854084848093506,3.6955232499699613,3.6955232499699613,-0.4282910062579552,-0.6449084290490155,31.933779999235412
1266,42.2,track,1,313.0255410811365,233.90060519027594,317.0052002714848,239.56643403352948,313.18175850674265,233.70551628363145,0.24992712049465948,9.279490412517541,9.279490412517541,-0.6039850195392611,-0.460132670112105,32.30981300112035
1267,42.233333333333334,track,1,314.06315894171473,241.7672070817585,314.52999044801453,239.47301132759537,314.1757699611502,242.24472158217102,0.49061322831994386,6.241829101065231,6.241829101065231,-0.7545170984053995,-0.43029562196899124,31.07312300016929
1268,42.266666666666666,track,1,319.0479252486687,232.30101476941627,315.9954131536049,236.16553685092907,318.9714754553814,232.488223608705,0.2022170131356657,7.5818630488620595,7.5818630488620595,-0.6720316729577916,-0.2087736719056159,34.230283999932
1269,42.3,track,1,310.6566277095195,249.37024273299372,313.7803721010128,241.4729111403337,310.5046583629655,249.17964979311952,0.24376289919089353,13.207099724327096,13.207099724327096,-0.8196269093778236,-0.5216232623316015,32.455270000355085
1270,42.333333333333336,track,1,319.30366518325917,248.59932996649832,315.57386412850894,246.9370714779113,318.9977556032445,248.79186059080033,0.36145361035527757,8.848802544915081,8.848802544915081,-0.7463793296547528,-0.8685477062518651,31.781216001036228
1271,42.36666666666667,track,1,320.10165184243965,246.28752223634052,317.4207510095293,248.86336477706018,319.7105063380584,246.0098828611104,0.47966491249186954,6.016851218417574,6.016851218417574,-0.6528448762593747,-1.0382367768345997,36.94738400008646
1272,42.4,track,1,317.21978300547556,230.77534982762117,317.36134432315635,242.56629194569578,316.7037451240523,230.84588771400513,0.5208365275970062,9.72949474288419,9.72949474288419,-0.6571171176879419,-0.6703468785608434,34.13165399979334
1273,42.43333333333333,track,1,314.77958647186693,232.85344522521612,316.03493289543184,235.9517916351766,314.20017407628166,233.21039067817514,0.6805356570716893,8.929545088549938,8.929545088549938,-0.7329563640154683,-0.2521293939719902,33.41196099972876
1274,42.46666666666667,track,1,327.9483667017914,241.8280395403683,321.32371593827565,236.15923791617118,327.3698872633387,241.46744530001254,0.6816646293378369,7.514561463109517,7.514561463109517,-0.4011342347868503,-0.24845451332421042,33.21422700173571
1275,42.5,track,1,313.61885883474685,232.11878355999397,319.58512131920327,234.47071830660963,313.93026243281196,231.96500626340946,0.34730340889881545,10.069897640074746,10.069897640074746,-0.4794251715195996,-0.10786871317639402,28.622077999898465
1276,42.53333333333333,track,1,317.1955060688133,231.59379075132912,317.56916782792047,232.0285485524263,317.61175459455603,231.60321076826105,0.4163551031295215,8.729821620106073,8.729821620106073,-0.6212981640947955,0.07991313217282847,30.88257300078112
1277,42.56666666666667,track,1,321.16619919424755,247.67948391044928,318.3945714517966,238.48964541624508,321.573748549892,247.81956955108646,0.43095297191101345,7.97636210703637,7.97636210703637,-0.5641193287828306,-0.2846948095572791,34.133940000174334
1278,42.6,track,1,314.9345156194262,234.01640931559905,317.0705779325453,238.47788170890095,314.3249845667489,234.08075460160708,0.6129179553653967,8.200199159412753,8.200199159412753,-0.6457689855409402,-0.25773777388496527,34.09947600084706
1279,42.63333333333333,track,1,322.576397326853,248.0834852166869,319.14917978389315,242.80389039409576,322.0903267547108,248.15330427725866,0.4910593674106518,8.416996886005373,8.416996886005373,-0.5127031411599607,-0.5222912075789333,35.405656999500934
1280,42.666666666666664,track,1,316.3618510499018,234.5362304244927,318.5149126867468,240.42693137796866,315.9176796814923,234.4885080326652,0.4467276924441947,6.858708543807407,6.858708543807407,-0.5476815836915394,-0.35122474193202285,33.08290300083172
1281,42.7,track,1,316.415904006508,247.06563961765303,317.1189763485998,242.88733049691479,316.03736775083604,246.8189824709978,0.4518068667630619,7.88675955522226,7.88675955522226,-0.6267526728244803,-0.5295464060709241,31.642108000596636
1282,42.733333333333334,track,1,321.0954844542669,239.72449645888793,318.6867134281436,242.4672622219316,320.8152301093942,240.21081362504492,0.5612903739767967,0.8420466232741659,0.8420466232741659,-0.5269689054013567,-0.5051687541685288,31.582421999701182
1283,42.766666666666666,track,1,316.7651793349766,242.89265053574124,318.26132016565026,242.522290081591,316.5228413087915,243.01419036330526,0.2711081861906548,4.60173620605192,4.60173620605192,-0.5338620543951669,-0.506536059873687,34.399258000121335
1284,42.8,track,1,319.16342567265133,236.19107773412244,318.9938539658885,239.3480038308922,318.97274715486094,235.8491044716229,0.39154055908848817,4.276117642832964,4.276117642832964,-0.48122910124657914,-0.3264060197702744,35.01254399998288
1285,42.833333333333336,track,1,320.52023239221285,236.20558556722045,320.0281636407625,237.33044762091782,320.51657222058213,236.49875660676102,0.293193886842245,3.5391456819092317,3.5391456819092317,-0.4103944191264606,-0.1923822057296335,36.60384800059546
1286,42.86666666666667,track,1,318.2502218278616,245.42857142857142,319.691395182119,240.01114690520478,318.30026325971426,245.04665379599277,0.3851820647127074,5.3252060545001845,5.3252060545001845,-0.4023409923554585,-0.34678541814429514,36.21723000105703
1287,42.9,track,1,313.46204097792736,233.5098485598337,316.86698267080016,238.3109010743746,313.7921094314355,233.60095539784535,0.34241150671924253,8.91547402730985,8.91547402730985,-0.5848775047004792,-0.22128896337605153,33.22169400053099
1288,42.93333333333333,track,1,310.9165253148291,246.55764584939604,313.01885153064546,241.1531306112105,310.42620262704503,246.7847227366969,0.5403519694625102,11.734140733443216,11.734140733443216,-0.8240133188988154,-0.3943820271207551,35.3497639989655
1289,42.96666666666667,track,1,321.27444063696834,241.98851038097158,315.79574208024763,242.80841115043023,321.01234217258786,241.47883572997802,0.5731176623486739,1.792147256968447,1.792147256968447,-0.6636033819617233,-0.49054569907172785,30.996298999525607
1290,43.0,track,1,313.89708533653845,241.12945713141025,315.79414818575407,242.3887176575463,313.7189610467945,240.80950546051653,0.3661930287491372,6.332988980117593,6.332988980117593,-0.6761646251551389,-0.4706072825891887,30.225614000300993
1291,43.03333333333333,track,1,313.01326232782014,231.65538430027138,314.13128097989056,236.9844446503722,313.12317748576794,231.32860861559837,0.3447661381867469,11.067236169600962,11.067236169600962,-0.7811188287363602,-0.16216314287729106,32.840145999216475
1292,43.06666666666667,track,1,324.891841468334,242.1121924162969,318.8894595804288,238.52537219123886,324.37660900566516,241.9392400760904,0.5434859727451148,4.78699889922533,4.78699889922533,-0.49275016582280406,-0.2437827251177998,33.6271209998813
1293,43.1,track,1,322.2262578298646,232.64856536674077,322.2064627135618,236.28469567616122,321.994499683123,232.4104562212574,0.33227669756381917,7.847241792848522,7.847241792848522,-0.2638844982194225,-0.11563897606563206,35.98830699957034
1294,43.13333333333333,track,1,324.268598315998,230.379990094106,324.91540351563987,233.47794710054498,324.33149189412813,229.90738492297888,0.4767716958315699,10.982836660982072,10.982836660982072,-0.05841783799665323,0.06290336397082918,32.079130000056466
1295,43.166666666666664,track,1,323.9327625283304,242.93019390581716,326.1590144711443,237.3675835775608,324.3538489838601,243.3117337694836,0.5682310010877241,5.470245107323568,5.470245107323568,0.053948556506783985,-0.15401306647578453,28.976299001442385
1296,43.2,track,1,309.3384935539539,242.10267993097148,319.11931257548866,241.09755145379717,309.0539102838006,242.20161122860742,0.301288963128597,11.165302148935202,11.165302148935202,-0.3509166047395329,-0.36776642069803833,34.39724999952887
1297,43.233333333333334,track,1,316.25170731707317,242.35292682926828,315.42040083793916,242.9189342985699,316.48780036117745,242.09556953092257,0.3492459083314048,4.08986038415449,4.08986038415449,-0.6005118926680404,-0.4918881409033653,32.73680599886575
1298,43.266666666666666,track,1,321.2940653698035,233.70391033869853,316.06412268008415,239.60794324211807,320.78350579779726,234.04404258042214,0.6134826961105846,6.007271437100744,6.007271437100744,-0.5660145267804089,-0.3130797615496693,32.47590899991337
1299,43.3,track,1,319.0306013702106,230.71809185485918,317.71404204435913,234.31088514312503,318.9601957330733,230.45304826036545,0.2742354111395303,9.60340983361796,9.60340983361796,-0.47128305720444563,0.036552935798628505,35.1618700005929
1300,43.333333333333336,track,1,310.74662145062507,237.8456243356785,314.8010853953292,234.42115763206598,311.1631722509538,238.0481424884979,0.4631718595466053,9.049821678437677,9.049821678437677,-0.6594293906559713,0.052852122010076386,34.08551800021087
1301,43.36666666666667,track,1,322.7032128514056,238.11942771084338,317.3406907589767,236.32803172688412,322.40456186438547,238.62193843762486,0.584559186548773,2.7714565537552156,2.7714565537552156,-0.5063982628028064,-0.03469410340657228,33.177100000102655
1302,43.4,track,1,314.4295229699285,238.08967577627584,316.8757675374913,237.6462055500783,314.7239498669871,237.84441965891267,0.3831941555081599,5.69940625091314,5.69940625091314,-0.5433907058667381,-0.09496124528838457,29.15085399945383
1303,43.43333333333333,track,1,326.2006598680264,232.99425114977004,321.10441527178745,235.67591917041042,325.86402650786795,232.91543402167838,0.34573712391377937,9.1966234013452,9.1966234013452,-0.3109125824746249,0.025365464523864706,34.56491299948539
1304,43.46666666666667,track,1,315.90139575670474,240.68565025698487,319.027194893326,238.00286246027338,316.0766212218281,240.67133956910834,0.17580887183298757,3.98040172018609,3.98040172018609,-0.4064941902135518,-0.08365990636894706,32.797930000015185
1305,43.5,track,1,315.059330821173,234.52697200374294,317.21284681519677,236.70740719663831,314.7181277225731,234.59321436093862,0.34757388334135114,7.558538595642088,7.558538595642088,-0.5023465213151063,-0.004560270470981842,32.26341200024763
1306,43.53333333333333,track,1,311.01149425287355,227.74267051496278,314.31692829748306,232.9477687016764,311.2702879194504,227.73846532295292,0.2588278298408888,15.051681156791798,15.051681156791798,-0.6691487250616057,0.2202931123855691,31.854622000537347
1307,43.56666666666667,track,1,327.45586901763227,226.41460957178842,318.85092536123165,229.92063170370673,327.16617012148265,226.25802862399084,0.32930691405358364,15.498250595118334,15.498250595118334,-0.38466174428090627,0.4409933661527112,32.465872000102536
1308,43.6,track,1,311.22698115069574,238.26236060396724,317.9440498104131,232.1018598647822,311.56846556535646,237.73428190419673,0.6288709872521427,8.730650113950857,8.730650113950857,-0.45585893360574975,0.3327890298900156,31.50216299945896
1309,43.63333333333333,track,1,316.02084767430426,231.06062543022912,316.0573932124266,232.8230322294931,316.01955370765756,231.3764452663501,0.3158224869086373,9.497876022062956,9.497876022062956,-0.5809485826213208,0.30206169132525285,34.72266700009641
1310,43.666666666666664,track,1,314.12633363246584,242.3666367534151,314.16023269677316,238.26305166750285,313.7086924347716,242.2513675757491,0.4332564521519368,6.682006198847362,6.682006198847362,-0.7128450878455339,0.004882604174798383,33.06077399975038
1311,43.7,track,1,319.1015928322549,233.37770034843206,315.4071960124194,237.57341551705295,319.38253010211525,232.88688604816974,0.5655302175291664,7.1398640859974405,7.1398640859974405,-0.6470216368654944,0.05751487533838985,33.76524499981315
1312,43.733333333333334,track,1,326.94322497903613,232.6795244907019,321.16799674258453,235.11153222107222,326.86091912926474,232.7028678107828,0.08555210984534169,10.016004666793073,10.016004666793073,-0.31636083400779375,0.2147178272028533,34.44414400109963
1313,43.766666666666666,track,1,315.66908391297915,239.62054166050024,319.8512849915675,236.6823126166857,315.3802696152011,240.07766866121196,0.5407206241495962,4.620383236179524,4.620383236179524,-0.3833604465609951,0.1302096997910839,29.333200000110082
1314,43.8,track,1,324.8252280401149,243.0975154966487,321.60167897315984,240.5620147822988,325.351567912946,243.0692119880222,0.5271003228346861,6.169225344748915,6.169225344748915,-0.2937453263759849,-0.09235483900471425,31.999507000364247
1315,43.833333333333336,track,1,325.93009942753844,236.1818820929999,323.55240832905025,239.66413578966015,326.1440373991006,236.4370463332259,0.33298385120942425,7.102382304067145,7.102382304067145,-0.15489919099313215,-0.05388616827907929,32.282468000630615
1316,43.86666666666667,track,1,323.3867608031646,243.89990486204997,324.21159691516124,241.44970570636,323.36268532700234,244.25469411480114,0.3556051777184573,5.423105624912748,5.423105624912748,-0.0928179004493056,-0.15418311284734026,32.67993299959926
1317,43.9,track,1,311.3499316836193,240.7126663630383,318.0620687004235,242.0040009917823,311.14524358769074,241.10779490356475,0.44499862938374973,8.923783988291959,8.923783988291959,-0.4526779453186845,-0.19302652661829406,33.33525299967732
1318,43.93333333333333,track,1,323.0738321456849,230.36312351543944,318.45881252081506,236.45801428157182,322.7778626533138,230.87553035621252,0.5917420982873073,9.53794879421538,9.53794879421538,-0.4197352952880719,0.14567803540194074,33.49551900100778
1319,43.96666666666667,track,1,323.5796074432832,235.70073923018097,321.29581112951905,234.3009544331462,323.9746489802391,236.13935199549354,0.5902871960458347,5.540978030169007,5.540978030169007,-0.24709319105917538,0.31846268838231606,33.82336599861446
1320,44.0,track,1,315.5611042029346,234.34036309375776,319.1878500223424,232.7322276557147,315.87881198660455,234.73041851168193,0.5030720275034974,6.689744367595733,6.689744367595733,-0.3691154366844269,0.44175477076821457,32.342954000341706
1321,44.03333333333333,track,1,317.34688048108245,232.26379353545477,317.415769502199,231.79507279090052,317.56916440060184,232.38128711231644,0.25142569773324824,7.997108713544975,7.997108713544975,-0.4809456661935887,0.5352264740434591,33.81997699943895
1322,44.06666666666667,track,1,328.70833968592774,245.63963002490217,321.92954302572684,237.79098045678992,328.75480864327375,245.4763606406667,0.16975351491339505,10.326528954444676,10.326528954444676,-0.19753034243578932,0.19424571365044774,32.03217900045274
1323,44.1,track,1,324.95735575470746,246.1264726613634,325.00162333524463,243.76718477546189,324.9867601415255,245.61164675361192,0.5156649428226503,7.507220257620708,7.507220257620708,0.024992852004946775,-0.17680706421648065,34.104166999895824
1324,44.13333333333333,track,1,323.3328826121795,230.37464943910257,325.81474878155376,239.68988973187447,323.3415402541329,230.61133293662294,0.23684178846367085,9.965588818375545,9.965588818375545,0.10330077369004079,0.051000566961831285,29.409759999907692
1325,44.166666666666664,track,1,315.5539347027885,237.75637590552745,321.21365857269353,237.30026094841625,315.44145380527556,237.3208669500516,0.44979995843151377,5.287541707519908,5.287541707519908,-0.15000462211061938,0.20281731927083496,30.60319399992295
1326,44.2,track,1,322.81993987975954,227.94764529058116,320.6185824344813,232.33892751922028,322.72711363437867,228.11610211575353,0.19233931937767001,12.19279203866004,12.19279203866004,-0.16644966176750636,0.5238131440445576,34.14500200051407
1327,44.233333333333334,track,1,310.763911209321,243.8596323824829,315.7737197886667,236.3262656160518,310.77581529157754,243.350430332736,0.5093411770520998,9.813815106757016,9.813815106757016,-0.4637423143006774,0.29909924961466555,30.664547000924358
1328,44.266666666666666,track,1,316.84218216036845,235.8092714575801,314.50075517672394,237.47249388262577,316.8475061831522,235.56506934850867,0.24426013856857606,5.4412155947730145,5.4412155947730145,-0.5790730387768703,0.21828425050308076,34.02156999982253
1329,44.3,track,1,324.05625485625484,234.44548044548046,317.68742049713956,237.16017376298282,324.11378676853525,234.61481962115164,0.17884540068907756,6.776681288780598,6.776681288780598,-0.3963180684051255,0.24716568568880126,34.83536699968681
1330,44.333333333333336,track,1,319.3393810032017,240.76485236570616,319.40965039621096,238.7931386821663,319.67479635262055,241.0559054938426,0.44408938292169087,1.1048501365325019,1.1048501365325019,-0.3003557677999712,0.1481259506849866,30.71721299966157
1331,44.36666666666667,track,1,318.9617975293913,236.1691397608928,319.40529713459875,238.30196155245892,319.4454662236481,236.48665895493195,0.5785791600009389,3.5568346894500054,3.5568346894500054,-0.29095460328957257,0.1650349797159431,32.77208500003326
1332,44.4,track,1,315.3789304220959,231.9302208582784,317.60333916911577,235.67604319044028,315.0277633485115,232.35621772419276,0.5520793813743547,9.118692055242935,9.118692055242935,-0.38487430563490177,0.31086704449058705,30.972847000157344
1333,44.43333333333333,track,1,315.4642521399238,238.49294938399882,316.44108105588697,236.8780426649255,315.2963770510805,238.92685467530535,0.4652481566625997,4.824490619072226,4.824490619072226,-0.4547965827798274,0.2603338939764292,34.54286299893283
1334,44.46666666666667,track,1,318.12028869286286,230.19481756214915,316.8393117233417,234.14473302250082,318.2026725570879,230.48025713217203,0.29709064142024827,9.687924969084271,9.687924969084271,-0.44406587274323794,0.42111366138685724,33.10573199996725
1335,44.5,track,1,313.7058294170583,236.7914208579142,315.40345845230627,234.90335248261326,314.03225751096676,236.94673566032674,0.36149410554138345,6.7034598188795815,6.7034598188795815,-0.5311263103463126,0.40509999390765783,33.59187199930602
1336,44.53333333333333,track,1,320.43501769563505,234.0853322847031,316.87449722450947,234.46465936449263,320.0321233789426,233.9381674606418,0.42893043242942436,6.061917654232568,6.061917654232568,-0.46590097949201514,0.44950316740006196,32.69904900116671
1337,44.56666666666667,track,1,329.94677964366167,225.73039115297973,321.12592037601587,231.36180497739096,329.83339979770926,225.48661950990214,0.2688486627025353,17.530943067386357,17.530943067386357,-0.19132771852930047,0.6733428099813699,31.616604001101223
1338,44.6,track,1,328.4885224860542,233.84899047242928,326.2228658797867,230.52928627795757,328.6157301954676,234.13696643548087,0.3148205149441557,10.4214187795986,10.4214187795986,0.148921272546095,0.7775211203148132,34.98930199930328
1339,44.63333333333333,track,1,315.73949070331446,228.99181487469684,323.96383602641214,228.665627290738,315.3398109594041,228.8220590751827,0.4342360293215631,12.110479974501256,12.110479974501256,0.02543198310704914,0.9303100607611949,35.33768799934478
1340,44.666666666666664,track,1,323.44230476866164,243.58901332792783,322.5643263492913,234.94510962600228,323.32230230232335,243.8462051027645,0.28381014952059413,5.082419333403592,5.082419333403592,-0.02702395808167543,0.5765113553645036,31.84338200117054
1341,44.7,track,1,318.42547885075817,243.76735833998404,320.51329671773004,241.41861554923113,318.69187958353945,243.62167419456904,0.3036333655112725,3.850675654423289,3.850675654423289,-0.12890324229463385,0.17969356978283746,33.298543999990216
1342,44.733333333333334,track,1,318.1898596021233,230.2013692513767,319.02266616570995,238.53018292404843,317.8060931867753,230.4743268669045,0.47093791674030666,9.775053746332608,9.775053746332608,-0.2131889816721318,0.3527280534867294,33.30889399876469
1343,44.766666666666666,track,1,314.1783512904034,228.02004510147833,316.15869819405464,232.4724546657226,314.35719388290994,227.42927875213883,0.6172435114332026,13.779125283068492,13.779125283068492,-0.38384607982401825,0.7208302708222294,31.638839000152075
1344,44.8,track,1,317.10719839478304,227.33764735390017,315.7712631029722,228.31450702430686,316.663170957591,227.10516165952444,0.5012085025902034,13.319582721889706,13.319582721889706,-0.4295283560354578,1.013682212584031,30.558742000721395
1345,44.833333333333336,track,1,318.04176215940925,229.56536796536795,316.1347463926193,226.97523547896324,318.19409580273765,229.49261884578766,0.1688134274559149,10.661442148676999,10.661442148676999,-0.4311117505748876,1.1643273325333112,31.552845999613055
1346,44.86666666666667,track,1,317.6564639349142,240.8177894632404,316.31382633926,231.2119089575126,317.39483686868476,240.9389286281103,0.2883113231373327,2.7691987847479065,2.7691987847479065,-0.43128340633955325,0.9416969130153212,31.14519900009327
1347,44.9,track,1,308.52504309033765,244.69507249315623,312.7818067332055,238.70820378275045,308.94076012368697,244.9095467217675,0.46778183649556193,12.100018002261411,12.100018002261411,-0.6418538018115487,0.5107709793280424,35.80069000054209
1348,44.93333333333333,track,1,318.3325719506624,247.34998223440434,314.66110165436334,245.0474004826189,318.29288139657365,247.5325485480779,0.18683093687134386,7.723570518569426,7.723570518569426,-0.5665116998683025,0.10507557216923746,35.76187399994524
1349,44.96666666666667,track,1,316.79034990078884,231.98436819435707,315.48366959271226,241.75926642889542,316.28689432338217,232.26155321212127,0.574716497496653,8.58316447789288,8.58316447789288,-0.5306796300410925,0.2892221632125793,38.696285999321844
1350,45.0,track,1,318.28188712695754,241.7822810991825,316.9705578594993,240.5746036183178,318.5646461656284,242.04771369409605,0.3878235892678546,2.5006743096280495,2.5006743096280495,-0.4492414389864137,0.33275534609838053,36.329562000901205
1351,45.03333333333333,track,1,318.1451000779828,228.99833636599948,317.98711574504335,235.17435968684273,317.98179897059475,229.11234392549937,0.19916067708584137,11.073129196017844,11.073129196017844,-0.3864555099071006,0.6305539015472564,32.95792900098604
1352,45.06666666666667,track,1,318.0204802259887,242.29635794995966,318.4784612107345,237.8092417310626,317.7225777211958,242.14383762109443,0.3346764901797431,3.1277295250090713,3.1277295250090713,-0.3552413618289637,0.47257764380050915,32.77263900054095
1353,45.1,track,1,330.5543575920934,240.17689927123888,324.5315307355561,240.02193464693798,330.96785586422294,239.91080711921722,0.491717250482034,10.968218525738438,10.968218525738438,-0.0032065092331695078,0.32870341864585545,37.74217600039265
1354,45.13333333333333,track,1,324.6186302486751,227.30748063595598,325.758802324941,235.02374860920173,324.84249211791956,227.7820586111784,0.524726968115634,13.142595698445303,13.142595698445303,0.09840983719657137,0.6360094995637943,33.448205000240705
1355,45.166666666666664,track,1,322.9351390245156,228.52880711312125,324.91405127356717,230.09848603830523,322.969779158563,228.69128753159995,0.16613195139959228,11.692158309892218,11.692158309892218,0.08707056422146256,0.964385184837095,33.817561001342256
1356,45.2,track,1,317.5041839955905,237.9612166157238,321.56362569524856,231.81552492654248,317.2648987399678,237.65324973088852,0.3900013278356412,3.603888972790992,3.603888972790992,-0.09421156951296425,0.8858780653855302,34.702520999417175
1357,45.233333333333334,track,1,323.0489507003639,230.40247245900005,321.2371345060796,231.71563733507173,322.8639616837763,230.7817547238881,0.42199048889357843,9.652891924014186,9.652891924014186,-0.09618259964892743,0.9276232984868917,34.89168800115294
1358,45.266666666666666,track,1,317.35719019218027,241.6432685935668,319.3973966745032,236.14735305091622,317.97283484102707,241.52096634185847,0.6276752141248082,2.534311976616157,2.534311976616157,-0.1888617556646574,0.7055434733621082,36.24110099917743
1359,45.3,track,1,316.74265641704426,234.14412258819937,317.8415276406081,235.63875762855832,317.24106634029675,234.46491315456396,0.5927217214385473,6.184569615192528,6.184569615192528,-0.27799684611539544,0.7324872413382816,36.71565100012231
1360,45.333333333333336,track,1,325.2869004151453,238.3195118291402,320.7974280174384,237.12376626337598,325.6367675598514,238.05602791237908,0.4379849236407636,5.962564549021049,5.962564549021049,-0.1223623783176363,0.6527627033659114,34.69239399964863
1361,45.36666666666667,track,1,310.66511278195486,238.1384962406015,316.5706153167641,237.97743609399754,310.9074560782025,238.19974878112535,0.24996429136335052,9.269048463616793,9.269048463616793,-0.3468461974307395,0.600260580864062,32.954280999547336
1362,45.4,track,1,318.38277702938683,247.06785411365564,316.7759615840186,242.00652761776067,318.81572924570474,246.52542112119673,0.6940325445701562,6.632014628183462,6.632014628183462,-0.35136710631635837,0.36895669532481934,39.40063300069596
1363,45.43333333333333,track,1,317.11969704470073,246.28894609177763,316.4989557439764,244.4501322439142,317.43196370108814,246.0516897131067,0.3921747747005376,6.574021510175515,6.574021510175515,-0.37967766363102917,0.2036201322687996,33.43906000009156
1364,45.46666666666667,track,1,318.9142272262027,230.55916069600818,316.93053188997936,240.84676279719025,319.35761271734503,230.59889830725504,0.44516263489105934,9.423023636723457,9.423023636723457,-0.3584757638720128,0.4234895559927727,32.39478600153234
1365,45.5,track,1,315.21542731361853,236.5633553450091,316.4898179667875,236.98817892846222,315.72809203951664,236.9412168476442,0.6368708160638585,5.254079557446461,5.254079557446461,-0.3857955958909418,0.6693497191881965,35.64162600014242
1366,45.53333333333333,track,1,318.05076218745285,240.20521205413291,317.20711363200525,236.3383741486892,317.69668163917584,239.69097006840946,0.624353949734407,2.323956748721579,2.323956748721579,-0.34781444748742263,0.7056266382480316,34.214713999972446
1367,45.56666666666667,track,1,321.674308934932,235.88431244669644,319.5888165346856,236.08893295443676,321.5254725712648,235.5806275252137,0.3381963847909222,4.675245409235744,4.675245409235744,-0.18893702891927747,0.724649826223016,33.979226000155904
1368,45.6,track,1,330.78631118185433,235.53208316752884,325.56315535714003,235.75487782837345,330.72659803891287,235.36732961602146,0.17524095461461175,11.684243252132386,11.684243252132386,0.14638954713587063,0.7502018201931269,34.92517199993017
1369,45.63333333333333,track,1,317.487891346682,235.5563489289459,323.2806761103264,235.56069810462637,317.70074081700784,235.42577304952016,0.24970974611698366,5.119584454335124,5.119584454335124,0.02801330186153253,0.7722618561856172,34.22585699991032
1370,45.666666666666664,track,1,326.07035175879395,231.9781407035176,323.7281023168816,233.71187213791947,326.4915321142799,232.02671621463358,0.42397225395943733,10.281694583711102,10.281694583711102,0.08492976593316368,0.8987720918622604,34.224742999867885
1371,45.7,track,1,325.34904546349145,238.48947057665814,325.0657005761256,235.24489905322437,325.02610727659135,238.60670164156224,0.34355813938382557,5.215652851890149,5.215652851890149,0.1880260212178397,0.8159108628783954,34.95762099919375
1372,45.733333333333334,track,1,313.3065828217797,236.28292658581623,319.72840095023156,236.3035041716293,313.2694276877216,236.27013933237424,0.039293992383923594,7.694963563962498,7.694963563962498,-0.10808206401910174,0.7628853940460644,33.0101020008442
1373,45.766666666666666,track,1,320.70781392520524,242.08791932704978,318.4002404331911,239.39795524654534,320.9901168645179,242.05553698587732,0.28415412290583253,2.2815704472385736,2.2815704472385736,-0.19451261211460474,0.5732218997766981,32.62194699891552
1374,45.8,track,1,313.26594239514907,239.6178372915614,315.5295671323483,240.59639920098758,312.98701981554314,239.5436237110485,0.28862685416740247,7.027814054505269,7.027814054505269,-0.3647473760279443,0.47710545068737653,35.61704899948381
1375,45.833333333333336,track,1,323.87229803765314,227.13970514991533,318.88319255183404,235.00938626179288,323.9406436099989,226.98408863421815,0.16996357614795352,13.59936104171495,13.59936104171495,-0.16887488681687463,0.8141619493903327,35.66569599934155
1376,45.86666666666667,track,1,320.7917895771878,234.44857423795477,320.8561356828886,232.85735109909524,321.31160472293277,234.12856458847546,0.6104211345503658,6.016149993220244,6.016149993220244,-0.03476073667986199,0.9826299460818637,34.522100000685896
1377,45.9,track,1,313.11187720181175,227.93824861600402,318.19174635922053,228.85791419764638,312.98085053618837,227.4621345155211,0.493814361661396,14.368943249321251,14.368943249321251,-0.1579174008663164,1.2584495367407702,37.37682099927042
1378,45.93333333333333,track,1,307.6413529677841,232.4010152284264,313.6873818015289,228.63436233075373,307.95196189122527,232.76569324467374,0.47902813994106186,14.053128352813383,14.053128352813383,-0.4413383328036534,1.3079112426785113,31.319548999817926
1379,45.96666666666667,track,1,316.4872937126658,231.8630150855523,313.36224670218076,229.81948306531953,316.2838670403755,232.00929030135072,0.2505570788382794,8.812552732420674,8.812552732420674,-0.47127954333270006,1.27571870898395,34.851514999900246
1380,46.0,track,1,317.88613811767067,235.7389495840433,315.715477997714,232.6942934948072,318.316513058105,235.57275477556036,0.4613494377589786,4.736520723152666,4.736520723152666,-0.3524075517437735,1.136474102731749,34.23399599887489
1381,46.03333333333333,track,1,319.6131656435594,250.1131905973948,318.1171826541909,241.5965409042593,319.56324515613903,249.68191628321236,0.4341538772576212,9.691762363407836,9.691762363407836,-0.2150717309592105,0.5967326535669802,33.900395001182915
1382,46.06666666666667,track,1,324.93967761313576,236.94538446135363,322.219806977643,242.4493104723771,324.36307922900124,236.39350788822426,0.7981437518113766,5.660675375857787,5.660675375857787,0.04074349556562987,0.5331947043143411,36.2459719999606
1383,46.1,track,1,314.5810975609756,234.60365853658536,319.96382359562915,238.7400148775167,314.7029982800242,234.87317461784966,0.2958017974330607,7.371741023699063,7.371741023699063,-0.08613877267913635,0.7344958181313326,35.57207199992263
1384,46.13333333333333,track,1,321.8856036606829,245.53849248252627,320.20272073009335,241.26833023547087,321.66756388168164,245.45344797511316,0.23403827351107048,5.702706735994323,5.702706735994323,-0.07022882296016875,0.5606001580389366,32.88603999862971
1385,46.166666666666664,track,1,326.89770745393423,231.58142709096884,323.9542884899284,237.60916008937198,327.3878210152658,231.24948927198963,0.5919408911958832,11.452132437001737,11.452132437001737,0.18078467543025892,0.7763985366497433,33.60201499890536
1386,46.2,track,1,318.4800823830813,238.63284271864168,322.5705331878891,236.81787092853583,318.6968139068738,238.97691706764707,0.4066444528687016,1.6568019434408707,1.6568019434408707,0.11263215026358611,0.817203372775956,32.88626900030067
1387,46.233333333333334,track,1,321.625513568349,233.53187927973624,321.6740074258539,235.10512938236172,321.6337623049499,233.5557301289546,0.025236970181619817,6.648142104373137,6.648142104373137,0.06537907242188831,0.9170301575886508,36.447826998482924
1388,46.266666666666666,track,1,316.9335268948655,239.87988997555013,318.92679560796495,237.08339301547207,316.665612827487,239.53252799462203,0.4386778924149145,3.3669968654620646,3.3669968654620646,-0.08984958901188392,0.8182943616079879,34.08743999898434
1389,46.3,track,1,319.898718333834,236.1628116551517,318.6019643353585,236.72389696546534,319.5273738759655,236.58251361924454,0.5603984698881829,3.4500128428411596,3.4500128428411596,-0.12368726671117386,0.8368861847031347,34.70720800032723
1390,46.333333333333336,track,1,311.46614076426596,236.5883618481713,314.91849974266387,236.6625070705248,311.8906293913728,236.62544388149752,0.4261052355212781,8.783479986029995,8.783479986029995,-0.34272500326685224,0.8413585732026659,33.129167999504716
1391,46.36666666666667,track,1,320.56665320137347,232.32407594425368,316.0933742583698,234.95271133788887,320.8795222192633,231.9926103679692,0.45580308315867946,8.055547656946244,8.055547656946244,-0.2806407615763082,0.9534239638505375,34.405989999868325
1392,46.4,track,1,320.04760950185425,234.55267114363036,318.2956460577728,233.95119853973938,320.21301882405373,234.8826065145461,0.3690766761145909,5.121825173155296,5.121825173155296,-0.15500751906251456,1.0319254013072978,33.70456999982707
1393,46.43333333333333,track,1,329.59831713913655,238.0476309726535,324.18266341966785,235.11085168378187,329.7116190095325,238.0709563602257,0.11567794751211272,9.901351077023124,9.901351077023124,0.1928335024032174,0.9886488771347179,35.03420000015467
1394,46.46666666666667,track,1,315.90458568785317,237.6270440566085,321.94671502342925,236.004360584539,315.99305253245427,237.15223793491768,0.48297746923510987,4.915829206450632,4.915829206450632,0.06613431503698743,0.9421778934206799,32.11933899910946
1395,46.5,track,1,326.46140044854224,242.18639421878893,323.11577586011975,239.1145069632786,326.43669071396357,242.26229152408467,0.07981836840040528,6.822679113601213,6.822679113601213,0.16075822596224826,0.7522497559837348,31.266291998690576
1396,46.53333333333333,track,1,314.068392329645,247.90011515545987,319.4974625748031,244.4335998494558,314.07451908455766,247.82225885049135,0.07809699961657307,9.813208323650407,9.813208323650407,-0.017581131771927334,0.419414157580994,34.005558998615015
1397,46.56666666666667,track,1,313.97813825804843,243.7443473920639,316.72390156433795,245.72765184225358,314.0989753294161,243.2343279033311,0.524138795267041,6.729262154880443,6.729262154880443,-0.17591735226875194,0.28710586792742704,32.015876000514254
1398,46.6,track,1,319.64746997440443,238.76063201417602,317.53146748726846,243.94382299704944,319.8249947173542,238.92004614793126,0.23859568395154165,1.0940416681059535,1.0940416681059535,-0.13208902942962283,0.362944797352192,34.356164000200806
1399,46.63333333333333,track,1,321.5121522546952,228.65064778547756,319.73186351966484,236.4182158761412,321.73203780810553,228.371117002172,0.35565027121314247,11.757162699643134,11.757162699643134,0.008460444750080346,0.7778844257437848,35.58381900074892
1400,46.666666666666664,track,1,317.1853808668889,232.57835342395487,319.1535454083957,232.99257920583818,317.6007389718462,232.97110666389486,0.5716445248903254,7.427098694077033,7.427098694077033,-0.024231826863716926,1.0060059564888595,33.2806789992901
1401,46.7,track,1,324.4478060508916,232.09136445602084,321.9229274427698,230.86212399283875,324.05694027443894,232.0377306406458,0.39452837838818455,8.936246289201938,8.936246289201938,0.13772606593284897,1.1741006695242566,35.88014200067846
1402,46.733333333333334,track,1,313.7247207968609,230.4849582452963,319.06727773542696,229.05855363906417,313.4669506204986,230.26648023929872,0.3379025050610249,11.72271901595214,11.72271901595214,-0.034527913626644695,1.3152782569224706,33.35972899913031
1403,46.766666666666666,track,1,327.4620531154239,233.77635342185903,321.64155403920967,230.19276266489723,327.52746120487785,234.37118831584104,0.5984202279874972,9.399265565280384,9.399265565280384,0.13870902845310465,1.2796096939119646,34.49288099909609
1404,46.8,track,1,320.3335664685018,236.74686516461009,322.3969425716706,233.44043443022184,320.67056909877823,236.87955143093214,0.3621828517251175,3.1916864176221806,3.1916864176221806,0.187955393506373,1.109509371032157,35.07528600130172
1405,46.833333333333336,track,1,311.90715118341694,240.4532461608636,317.3026322751848,237.71078056130412,311.4722630266888,240.27029944855326,0.4718020860568416,8.53201967167607,8.53201967167607,-0.09278447187136374,0.8613025244757652,35.00783300114563
1406,46.86666666666667,track,1,320.1234499723882,239.13082986093679,317.82834742265084,239.6930188259733,320.0822921506972,238.70201644287246,0.4307840686450182,1.300589601926689,1.300589601926689,-0.0645789641718459,0.7189151143088731,32.6630159997876
1407,46.9,track,1,316.5672473161839,242.09261697387078,317.4952772526659,241.56763562377594,316.87062306990276,242.45518376112346,0.4727489007530521,3.9775529250418744,3.9775529250418744,-0.08425124479394437,0.6035168920061387,32.157474000996444
1408,46.93333333333333,track,1,322.4928050263478,248.00851236319417,320.0223078318795,245.46052237868128,322.2028549836286,248.19231116511116,0.3432972864136902,8.483309042166407,8.483309042166407,0.05331283930313081,0.35029593592675107,32.11162800107559
1409,46.96666666666667,track,1,323.02815196004235,237.27985469956107,321.9058563799202,242.9332413177821,323.1430299908388,237.1216792823385,0.19549021605491915,4.261850264501491,4.261850264501491,0.1743938068024666,0.47520263381736194,34.429350000209524
1410,47.0,track,1,323.70016263367995,244.711251293677,323.4655185049631,242.96307885438236,324.2647571103921,244.28587651114566,0.7069021351979846,6.046229459707112,6.046229459707112,0.2817242071302981,0.4398708216041606,34.610773998792865
1411,47.03333333333333,track,1,319.2020095453404,231.5167043456418,322.02826265579364,237.8481446258952,319.2428527844536,231.8480733998147,0.3338766542372922,8.187012837465105,8.187012837465105,0.2073308760442275,0.7406600977420608,34.36961300030816
1412,47.06666666666667,track,1,316.29934527736896,236.28482972136223,318.77953999592887,235.2367572224935,316.83964223469263,236.58502827640126,0.61809382341255,4.652944559923052,4.652944559923052,0.02124463909117892,0.9225046914774971,34.04801100077748
1413,47.1,track,1,311.14860573583405,242.5476828421157,314.23507914686945,237.0867376491599,311.1829179444723,242.6374999333858,0.09614799813754692,9.203115878468475,9.203115878468475,-0.26597170492585365,0.8154630611558242,39.0735279997898
1414,47.13333333333333,track,1,322.52916038210157,233.13871292106586,316.63810072199016,235.69404040061028,322.15551778075263,233.04791977476384,0.38451552498984737,7.278576533997592,7.278576533997592,-0.13395533370985185,0.9141803779977048,34.72568299912382
1415,47.166666666666664,track,1,323.58517263713816,245.31597827711624,320.8900074000808,239.5291892803974,323.682088993762,245.0534917210454,0.27980702689386105,6.252644075321872,6.252644075321872,0.1128087792084905,0.6541871049951452,31.72046399959072
1416,47.2,track,1,316.4741621513145,235.58619305639172,319.86700220526376,238.86139419833998,316.3577470633258,235.31493245748106,0.29518601801708355,5.934295605434249,5.934295605434249,0.05712255849002899,0.7172611197261267,34.84007699989888
1417,47.233333333333334,track,1,321.44774382840956,242.2426649129907,320.22932688186745,240.0862747827299,321.84902354105486,241.86989458769617,0.5477071509492049,2.629713639252471,2.629713639252471,0.06712801738097658,0.6348226319926565,31.693425999037572
1418,47.266666666666666,track,1,315.0398901647529,239.14732900649025,317.9318956972582,240.15523004469802,315.1498842419444,238.68679140578817,0.4734908432880658,5.024752698238107,5.024752698238107,-0.0638358826679575,0.624626006382823,37.21165699971607
1419,47.3,track,1,326.22837230442906,241.42245341144385,321.2860223505939,240.78217706470812,326.08904844662624,240.95970899468827,0.48326341946347046,6.16421546831768,6.16421546831768,0.14313919590202367,0.5645418867460091,35.17760000067938
1420,47.333333333333336,track,1,318.12318948044884,234.62133570616442,320.9490767562399,237.9940547735212,317.79675773578305,234.28022938203367,0.4721347353113807,6.129441442495622,6.129441442495622,0.12375237310044172,0.7258034974988091,30.640335999123636
1421,47.36666666666667,track,1,326.58005117655915,233.45135718227885,323.5292088881366,234.77533873123608,327.0188744956761,233.02078366589828,0.614784074622241,9.898184673173375,9.898184673173375,0.2713029937686049,0.9255657951973715,31.864339000094333
1422,47.4,track,1,328.6608096640543,229.20541107173165,326.30267896611485,230.86847264062862,329.0014561427285,228.90274168477163,0.45568495831648564,14.288994184489331,14.288994184489331,0.44786074609311055,1.1792627738633283,31.272407999495044
1423,47.43333333333333,track,1,315.58818011257034,239.67078108028045,322.05332422155243,233.37675801277263,315.66614938648695,239.70567922071797,0.08542299386628804,4.343833083966812,4.343833083966812,0.20426607097692395,1.046778221986131,33.94935899996199
1424,47.46666666666667,track,1,318.5006627485307,243.47382768538202,318.8122943233103,238.83511078104,318.4147120217387,243.5495055955063,0.11451931503836296,3.887432050409419,3.887432050409419,-0.0018415985399569887,0.7324594440824727,34.65389600023627
1425,47.5,track,1,325.18447920333955,238.10843434089423,320.1925299705738,239.97278373234306,325.1186331295252,238.5038730545092,0.4008833766349262,5.3328042296428615,5.3328042296428615,0.0730296057238386,0.6595097560549573,34.299270999326836
1426,47.53333333333333,track,1,323.81141738213586,236.1362152934679,322.43046412147635,238.3541534721421,323.5926865294623,235.725969063399,0.4649141374458866,5.583434153458098,5.583434153458098,0.22281618206601783,0.7395359513165065,35.76611199969193
1427,47.56666666666667,track,1,330.8079585662274,245.56976565304342,327.1703377999424,241.68530852861528,330.59681074003663,245.49628681221523,0.22356776278019322,11.93740200304433,11.93740200304433,0.516510003550993,0.5485610982073037,33.72571699947002
1428,47.6,track,1,327.9782608695652,237.51099744245525,328.8399737841733,240.2234201762694,327.7071320361672,237.60045759470856,0.285506502799749,8.072031217587462,8.072031217587462,0.662912158953793,0.6172533653588542,32.542160000957665
1429,47.63333333333333,track,1,326.31412354264677,232.19196154632849,329.0241358313066,236.92276257502255,326.1036104681873,231.74105904697484,0.49762316911669513,10.269574792216167,10.269574792216167,0.7095263404789732,0.8031890139839893,35.575916001107544
1430,47.666666666666664,track,1,319.01906136465436,235.8843378290947,324.8187057667447,235.15352037633434,318.7996099151094,235.8470769073498,0.22259226176278507,4.322928008811979,4.322928008811979,0.48170826050606086,0.9086173377519464,37.83257299983234
1431,47.7,track,1,320.8891352549889,236.9892158838944,321.54705422006487,235.57536641885852,320.6606733790967,237.3796435634311,0.45235893014796286,2.7023614059772045,2.7023614059772045,0.2854613132620925,0.899150626909103,34.93177999916952
1432,47.733333333333334,track,1,311.6877846169244,238.88540259220338,315.3214354926047,236.9475230847816,311.4731181333281,238.75356305654213,0.251919356824671,8.617500764270021,8.617500764270021,-0.09175493777759056,0.8305790400715632,39.33118500026467
1433,47.766666666666666,track,1,324.8339936807262,248.42619990972466,317.56262922931603,242.27645022782954,324.81357900732183,247.9506315587497,0.4760063185917221,9.294250106529102,9.294250106529102,0.030877733264912097,0.49700911746784104,42.265531001248746
1434,47.8,track,1,327.2569835234474,237.97906210392904,322.77662888968126,242.2698251476486,327.3908517462903,237.95137543099156,0.13670132751904315,7.669520986371151,7.669520986371151,0.3375216805123835,0.4867500514546538,38.581083999815746
1435,47.833333333333336,track,1,316.2309223953407,238.59375777788838,321.06244120317115,240.26240259923304,316.4641513956102,238.34299925522296,0.3424552573053157,3.9048529833217716,3.9048529833217716,0.23083801564239176,0.6009076225708803,40.67585499979032
1436,47.86666666666667,track,1,317.8480307586139,244.13718144624636,318.59171037236877,241.7358252874943,317.3206748484054,244.57298902109056,0.6841290070764479,5.300095457157556,5.300095457157556,0.07547771302262185,0.5012865204589032,36.555062999468646
1437,47.9,track,1,328.6897225282981,237.81608734849243,322.4645860235883,239.79120124522876,328.50121834925255,238.066232065621,0.3132191006706983,8.718381262923797,8.718381262923797,0.31361491596833424,0.5960331905045827,35.329120999449515
1438,47.93333333333333,track,1,314.8517647058824,236.88160200250314,320.1618877237687,237.68971385937522,314.8848319269708,236.94043253161794,0.06748683031848966,5.960360518367936,5.960360518367936,0.16039623193755695,0.7281851728390254,34.99472800103831
1439,47.96666666666667,track,1,320.4231347773767,248.95276774969915,319.19383108242374,242.50388066856166,320.7907807461811,248.88654239035208,0.373563055719905,8.921657348500622,8.921657348500622,0.11274085574965304,0.4250321327940008,34.06464499857975
1440,48.0,track,1,324.28952544253366,242.6335165666448,321.54190508620195,244.21213529681143,324.02014214556937,242.31579835672449,0.4165479823481584,4.639446615663434,4.639446615663434,0.25453316533688536,0.3058880693082391,31.657257000915706
1441,48.03333333333333,track,1,314.6789524733269,234.83444790443616,318.84001318414636,239.92045708619622,314.69349338300594,234.5368161609159,0.29798673259930614,7.616126977396812,7.616126977396812,0.08682231583175891,0.5426701532252555,32.40077400005248
1442,48.06666666666667,track,1,316.08580198791657,237.5891151822257,316.4160448249639,237.40648693416333,316.61847961000615,237.27444819668077,0.6186766205918429,4.343191543153595,4.343191543153595,-0.07687992039235673,0.7079755385990661,31.82987500076706
1443,48.1,track,1,331.46912711182625,236.98169750603378,322.5957062129629,235.84485677876282,331.372631062951,236.6311522456105,0.3635841952749897,11.861107557317423,11.861107557317423,0.29690067488922095,0.8075848101252735,33.73829900010605
1444,48.13333333333333,track,1,330.8117816832449,243.88079163016027,328.7282928966929,239.08192761537344,331.10941099025865,243.8122246108761,0.3054253436226606,11.74529986991601,11.74529986991601,0.6982820926812697,0.6396782067680246,36.11508399990271
1445,48.166666666666664,track,1,319.3815942248473,247.51279721338784,326.758266357412,243.23820037011285,319.0824244287614,247.60270708474326,0.31238814295235573,7.657878292669531,7.657878292669531,0.6056756289452747,0.3781812425508131,32.61409900005674
1446,48.2,track,1,326.225,246.49690669371196,325.8594488499887,246.11840803681957,326.4147483403871,246.7710152347104,0.333376551256911,9.327145521496902,9.327145521496902,0.5647932583659927,0.16774531282658894,34.579093000502326
1447,48.233333333333334,track,1,314.1632788221509,248.00229252636404,319.6644281341037,248.39800689895938,313.8625286683391,247.58744506057968,0.5123954282441754,9.758989542687004,9.758989542687004,0.2389001679807807,-0.019260071891213038,31.038925999382627
1448,48.266666666666666,track,1,312.859574685615,231.64957570800533,315.1094694592871,242.10004656216438,313.0819815370039,231.6630496346799,0.22281461856165005,10.833453782066252,10.833453782066252,-0.06443675069866123,0.33591155535006545,34.7220509993349
1449,48.3,track,1,321.3017817940471,238.1478531679175,316.27112494562465,238.00721752426867,321.09237951924405,238.46990976389114,0.3841481012614963,1.8800183894578077,1.8800183894578077,-0.009823213900553213,0.5622903055075272,34.695754999120254
1450,48.333333333333336,track,1,326.7953086294929,233.4731813356251,321.7316020120492,234.8216835383702,327.2513745450097,233.25947914516783,0.5036514126877718,9.90035626563216,9.90035626563216,0.29704042815623505,0.762206244696273,34.827222998501384
1451,48.36666666666667,track,1,330.3242055272066,247.8862729247714,327.078923594359,239.89127841837876,330.329744476547,248.19392233397994,0.3076992670549706,13.184990867120389,13.184990867120389,0.6330425077662692,0.4516251184548605,29.922251000243705
1452,48.4,track,1,317.8926474977614,237.44443338971246,324.414316857918,240.4011596979927,317.5980902909089,237.3883066247669,0.29985690229176054,3.5482548579354662,3.5482548579354662,0.4885353190232473,0.4504170137472304,32.38164100002905
1453,48.43333333333333,track,1,324.1991869918699,246.6214430894309,323.3622230575781,243.26479375145368,324.58313900703035,246.20473489292533,0.566625865082675,7.713876992099906,7.713876992099906,0.4477777863254748,0.23866540992533042,33.18293799929961
1454,48.46666666666667,track,1,319.61186121159625,246.95883222092016,321.4890068327522,246.23635412159152,319.77670470630943,247.27021038142823,0.35232050265439335,7.273638689020176,7.273638689020176,0.35101844609771965,0.027854512248963792,31.429781000042567
1455,48.5,track,1,327.1664604266693,234.12438746720784,323.9173095012789,241.6416094150518,327.00445268496657,234.19714772640398,0.17759663197793585,9.095903029667467,9.095903029667467,0.5080910942613083,0.2844527719854189,36.23834099926171
1456,48.53333333333333,track,1,320.8156670625495,232.30809580364212,323.3084241959825,235.60102247896896,320.313836126651,232.31351562661797,0.5018602023530704,7.692888608100173,7.692888608100173,0.5025776121902619,0.6471722470083875,30.510200000207988
1457,48.56666666666667,track,1,326.9718773752217,230.17567772992146,325.56353796065224,230.93283546895387,327.375646806937,230.18486579266886,0.4038739586613145,12.277500776974207,12.277500776974207,0.6501826509697113,0.9618654279594843,32.53348399994138
1458,48.6,track,1,326.66838046272494,245.82695700388123,326.80025730706905,235.48968710557088,326.8406466963667,245.89673238818906,0.18586086061467968,9.031384173117143,9.031384173117143,0.747880850076339,0.7040712578477123,35.95013999984076
1459,48.63333333333333,track,1,324.4981200180478,241.02235925201785,326.30828539286813,239.6097279529713,324.60029369288503,241.09207661260587,0.12369304829739157,4.728142699686474,4.728142699686474,0.751485677143339,0.428158462626774,32.80059899952903
1460,48.666666666666664,track,1,322.8298325722983,248.36433282597667,324.9592030269682,245.4861350526316,322.86216016497684,248.62062273027468,0.2583207082164882,9.083341734610046,9.083341734610046,0.6995422599615438,0.0743789967004247,33.41081500002474
1461,48.7,track,1,319.8103518199331,233.31846294230965,322.5806182724248,242.12891872411998,319.7419141501158,233.7344734199389,0.4216022202827335,6.270839786771997,6.270839786771997,0.5672377958827819,0.2607764830459324,35.55235900057596
1462,48.733333333333334,track,1,318.33456590011144,242.7070712187215,319.81443314594145,241.15813234790946,318.1303405487941,242.33292418798737,0.4262557855652565,2.9896758570754978,2.9896758570754978,0.41148910377321174,0.2920113034287893,35.20094200030144
1463,48.766666666666666,track,1,310.0224600542659,245.0237162094262,314.1457496892942,243.24601567185294,309.8147798742689,245.10565951494593,0.22326164579498514,11.393264154409664,11.393264154409664,0.055601907481407586,0.15828698324943122,35.224151999500464
1464,48.8,track,1,322.1773024748627,243.7582307364409,316.40538931066305,244.0026511260434,321.8899534349584,244.08796733836192,0.4373736358999561,4.5037096871162605,4.5037096871162605,0.17059602845971233,0.09226544213922319,35.70123799909197
1465,48.833333333333336,track,1,323.9381242508989,242.83135237714743,320.7510236705464,243.76911895829312,323.5473002958242,242.76386361975864,0.39660824024991126,4.496919111723011,4.496919111723011,0.4163948234994378,0.0799068419724076,34.38940699925297
1466,48.86666666666667,track,1,313.9811082167876,244.46802053564653,318.7256619211917,244.28853757492809,313.59636898900203,244.91797184381468,0.5920138960525184,8.074214338347037,8.074214338347037,0.28284016868736095,0.025922757439638816,32.74595999937446
1467,48.9,track,1,312.4147335580939,239.28611684194635,314.7982606957988,242.16550025837395,312.0879389243569,239.4046318124558,0.34762124629278557,7.934429641974695,7.934429641974695,0.03229837382286238,0.12202192286648675,33.78713599886396
1468,48.93333333333333,track,1,319.9088494688314,230.70289637201844,315.9791946329155,236.49872322319112,319.6352921703442,230.4371970419373,0.3813525003998122,9.569755076058362,9.569755076058362,0.08497531656275262,0.4644989356293554,30.90768400033994
1469,48.96666666666667,track,1,328.2919395595895,241.57196637615388,322.36548671243503,236.9390598751672,328.0401328424544,242.0181057645996,0.5122957902589714,8.289540819697068,8.289540819697068,0.46264931728005465,0.4402708387618562,33.59698499843944
1470,49.0,track,1,324.6677430748272,241.13739341036379,325.58836717883014,239.28857357140834,324.6128324531823,241.3461535979727,0.2158610485936026,4.8052422155877546,4.8052422155877546,0.691873363138052,0.30647399998215286,36.671105001005344
1471,49.03333333333333,track,1,315.6525391754911,242.6595568076062,322.7507338891946,241.51773205601836,315.80295953950554,242.98663432273605,0.3600083149230766,5.151226378715326,5.151226378715326,0.5336320313272677,0.1690123387142859,34.20269200069015
1472,49.06666666666667,track,1,323.69260223617704,230.848113544698,322.3730173558387,237.03424620611287,323.933099253577,231.1054692235033,0.3522367964758902,9.725325057422758,9.725325057422758,0.5296151494610203,0.443267521386681,32.644781000271905
1473,49.1,track,1,323.0425456925633,245.40159105785207,323.0514827718242,239.52076093887015,322.52371362316,245.72954871628312,0.6137938920882752,6.260739488589582,6.260739488589582,0.5790136891132106,0.26234014213382334,35.5860190011299
1474,49.13333333333333,track,1,319.41424775655486,246.3617586604502,321.57223926462217,244.00256082739182,319.1138880182646,246.8188986173153,0.5469852946363598,6.876232456614574,6.876232456614574,0.5070867387630915,0.005871901419244124,34.324382000704645
1475,49.166666666666664,track,1,309.11403243678853,247.96917497733455,315.49591480680596,247.43478784562544,309.04769990663834,247.63501270450567,0.34068229942027634,13.350891218679475,13.350891218679475,0.16299096078837091,-0.2363549029275126,34.902978000900475
1476,49.2,track,1,317.8624229979466,236.13937997696198,315.5834806899273,243.937049151731,317.9988518145791,236.07616123518724,0.15036432861326396,4.404668513323185,4.404668513323185,0.15031424972585783,-0.048720884214095705,35.971562001577695
1477,49.233333333333334,track,1,319.06219729798624,237.1216925822075,317.28588054410517,239.61074553379035,318.5309585476991,237.53784389505438,0.6748307380305594,2.867105766046905,2.867105766046905,0.22938383507983356,0.18384221141743284,31.465602000025683
1478,49.266666666666666,track,1,316.11332649923116,239.15581752947207,317.09507093898,237.86329315816053,315.8930948726101,238.9486380291085,0.3023661931087097,4.239343312261728,4.239343312261728,0.2110159928912093,0.33017555365327744,33.457051000368665
1479,49.3,track,1,324.7060042429326,247.65355962306973,320.80698264996147,240.97483948060454,324.8014370464915,248.07687082191254,0.4339352383257852,9.396256700691145,9.396256700691145,0.4304831217996323,0.13978360594213024,36.33249800077465
1480,49.333333333333336,track,1,319.87311774870403,245.38321402122932,321.81832708788517,244.1511539278823,320.3025728975092,245.44026345358034,0.4332278414031686,5.448671104284882,5.448671104284882,0.5127388400819252,-0.06925578165089691,35.297988999445806
1481,49.36666666666667,track,1,323.17651252800977,234.0582603381544,323.59079525181414,240.66980795590948,323.0074427360559,233.75314360643443,0.34882777201192233,6.933103678186734,6.933103678186734,0.6297266132543673,0.13701770473664496,37.58796600050118
1482,49.4,track,1,310.26422439608706,237.9698542623278,317.9818313280863,237.96158097515922,310.41992860066426,238.4324171825099,0.4880658300377314,9.707475671154718,9.707475671154718,0.2894233317227227,0.2948372887494385,36.43260599892528
1483,49.43333333333333,track,1,326.4661144213535,245.9331976941336,320.3455710691621,241.172057363236,326.0671449489153,246.1572035486941,0.45755356278251824,8.644154288951569,8.644154288951569,0.41894249316379284,0.09950740198424537,32.20445000079053
1484,49.46666666666667,track,1,318.9339000955782,244.81362241561447,320.83288476574626,244.05052651296697,318.90980140826923,244.96704497416857,0.15530366448768113,5.0852796132390825,5.0852796132390825,0.48327302757113344,-0.09262174321782317,29.123463998985244
1485,49.5,track,1,312.72391071154925,248.64647290187466,317.7910586485206,247.5038886405829,312.1842091469422,248.55837518670273,0.5468445723035337,11.590184316701409,11.590184316701409,0.2910264534340493,-0.32630611266546317,34.050973001285456
1486,49.53333333333333,track,1,322.36985684252676,239.34863349684653,318.96174369842254,244.85034618396276,322.3806583413111,239.46288248705858,0.1147584599951613,2.440497769055031,2.440497769055031,0.358991656777697,-0.19104318360826203,34.3434749993321
1487,49.56666666666667,track,1,322.15339815408913,242.86145797344653,321.19466998390385,243.0710951233928,321.56690728313566,243.07953415690488,0.6257225930901957,3.4552465986507332,3.4552465986507332,0.49087028731127,-0.09180381738244192,34.69312299966987
1488,49.6,track,1,318.729315928943,247.17675925017176,320.8365754673619,244.2076592066876,318.7695444910135,247.57083219301634,0.3961209682514367,7.670170849101594,7.670170849101594,0.4678838925013199,-0.17840282634087812,34.84898299939232
1489,49.63333333333333,track,1,322.70535314876486,237.21268452706397,321.64841562477005,241.32777449818457,322.10504792001234,236.9100493549773,0.67227554994328,3.7388529971402265,3.7388529971402265,0.5100617812276539,-0.03922113948872222,31.626910000341013
1490,49.666666666666664,track,1,318.01560261919377,237.88494986699408,319.98377077786307,239.5215676743571,318.1633160700485,238.0150913699811,0.19686562514347267,2.704305849578712,2.704305849578712,0.41842759102694094,0.035954146125518026,36.85305600083666
1491,49.7,track,1,323.6169231540428,242.66093538523234,321.43285929566923,240.5520175172141,323.3778249280671,243.1097977971428,0.5085719481949316,4.591355310122038,4.591355310122038,0.48962693966456583,0.010757541837479387,35.43947800062597
1492,49.733333333333334,track,1,322.5302069921759,234.8267307120927,321.95219715534745,237.93789746726392,322.7787437361249,234.83124477414694,0.24857773401693647,5.868342810013467,5.868342810013467,0.5196101694605805,0.1574529035439059,29.251386999021634
1493,49.766666666666666,track,1,318.1860629286002,246.67981040742234,320.57039509263853,240.91249825026435,318.1937351596512,246.28517575622328,0.3947092234244092,6.53957391273293,6.53957391273293,0.4474064975017013,0.009825734428990915,33.91386300063459
1494,49.8,track,1,318.70189328743544,245.6023604622572,319.8038672079871,242.5961340653556,318.37165797776197,245.81447398754298,0.39248886272644246,6.038178988171866,6.038178988171866,0.4111976364049621,-0.08514048607493035,34.123471999919275
1495,49.833333333333336,track,1,317.9146194120016,251.60939387837294,319.0024864429365,245.8237383818854,318.2915329856,251.59585580799518,0.37715662702945874,11.721037985567166,11.721037985567166,0.3493498021061231,-0.27385798717471116,36.042147999978624
1496,49.86666666666667,track,1,313.917305922062,240.83450956326072,317.17153230118856,244.74877413346812,313.9295548831329,240.64400644049934,0.19089650816386222,6.104510480972286,6.104510480972286,0.23718791574309467,-0.24499306084872427,31.862997999269282
1497,49.9,track,1,321.8414465929326,241.2061545406666,318.1571761278451,244.03644065435327,321.62860587723185,240.88902547710677,0.381931948407485,1.8554577339026181,1.8554577339026181,0.2689692075234875,-0.22902069285086285,33.272931999817956
1498,49.93333333333333,track,1,315.57374931690595,248.871826717671,317.1959817935411,245.5919585365073,316.06218006993817,248.45895623526215,0.639551902312977,9.330614470208948,9.330614470208948,0.20129705846041104,-0.3312754564773389,35.595430999819655
1499,49.96666666666667,track,1,321.1033838383838,234.5260606060606,317.89431702884355,243.07393981474968,321.33041584443345,234.2167525274686,0.38368609468313936,5.9343034677761795,5.9343034677761795,0.21909456275170047,-0.22065681175687474,35.045425000134856
1500,50.0,track,1,326.04442325067765,240.6196667001305,319.6593491297959,242.5687302894672,325.95672410774705,240.3419414680522,0.2912429298776297,5.966530487929194,5.966530487929194,0.31637327364713114,-0.20523531026742659,37.69446399928711
1501,50.03333333333333,track,1,334.3129198444366,239.00858629223697,322.9818542212633,241.79088665190613,333.9923503461061,238.93005610069528,0.33004816958049193,14.033198072992295,14.033198072992295,0.4722115289247817,-0.17216482556749813,35.59386800043285
1502,50.06666666666667,track,1,324.09601990049754,241.51164179104478,323.43369267670244,241.70837004305423,323.58352078612836,241.69029799120517,0.5427461470014691,3.9621621021465363,3.9621621021465363,0.506834103099524,-0.172305734199251,35.37846200015338
1503,50.1,track,1,329.0448835784314,234.3078022875817,324.827614555255,240.14043537247758,329.26219117688504,234.79504005602215,0.5335009234673611,10.624490266153055,10.624490266153055,0.5941726072560881,-0.08476866471729386,39.62073700131441
1504,50.13333333333333,track,1,331.14267554787205,239.34738394264505,326.391273008273,239.84602822602986,331.3171477367218,239.21321937843018,0.2200924237064586,11.344463700028516,11.344463700028516,0.6970272357401619,-0.08014589635194638,34.93794799942407
1505,50.166666666666664,track,1,327.5065134479172,247.17333696567437,326.99606558518434,241.09508200651746,327.41424703239403,247.58189711092615,0.41884899871153175,10.604537842736663,10.604537842736663,0.7555420681292122,-0.13428840149270074,33.07496900015394
1506,50.2,track,1,327.77552031714566,249.05490584737365,327.54270300695066,242.4984005954094,327.76031552091723,248.94129376185825,0.1146250051407042,11.8393087264432,11.8393087264432,0.8132755203475885,-0.2099868185630298,34.90139699897554
1507,50.233333333333334,track,1,317.75656167979,235.12734706238643,326.2316252050803,241.24424710037925,317.4257138461013,235.61896093334443,0.5925744570725442,5.081382932403038,5.081382932403038,0.7247438969200806,-0.10557724667222546,35.61103399988497
1508,50.266666666666666,track,1,317.01106957323884,241.5568286643686,321.62593646671854,239.12401907053504,316.6798432882517,241.6668170654895,0.3490104586506478,3.7150665835721592,3.7150665835721592,0.4476660357725772,0.041031384785236984,35.53249899960065
1509,50.3,track,1,315.8229255345786,246.7889228303871,317.058790895976,240.6752529954114,315.4651879656272,246.69117304732396,0.37085197630340705,8.083088329118208,8.083088329118208,0.15204136471358545,-0.02266807213036666,35.55566000068211
1510,50.333333333333336,track,1,315.0038409056451,249.05660282003336,313.90154026722195,243.9812830497911,314.513384619203,248.74315558330127,0.5820623155002973,10.322098521648122,10.322098521648122,-0.08112695143310444,-0.20359288586780083,29.85401000114507
1511,50.36666666666667,track,1,317.20861678004536,247.15454774502393,313.2709843833431,245.62957640332996,316.7941294426777,246.72664645099184,0.5957342278839609,7.451535312064705,7.451535312064705,-0.1809775644422505,-0.3140520919632697,35.327079000126105
1512,50.4,track,1,321.66432682133734,252.950527755555,315.00872610959465,249.09839773104017,321.04455996434115,252.55729430831005,0.7339914856884089,12.600664500915034,12.600664500915034,-0.10438795943935866,-0.5493462071779964,29.848438000044553
1513,50.43333333333333,track,1,327.45571562948663,244.43289271746127,320.75371488712386,248.4105161598548,327.92550226124104,244.0933384576909,0.5796521152409935,8.920146065067994,8.920146065067994,0.22636852043258193,-0.5290666546952542,35.54526699917915
1514,50.46666666666667,track,1,332.1425301084901,243.79043495570818,327.84236914022745,245.70482052899953,332.5728411849826,243.57799055207943,0.47989607956859864,13.072044669965171,13.072044669965171,0.6668574196369502,-0.3924476957783807,42.389717000332894
1515,50.5,track,1,330.2524777766425,247.72994789005824,331.40110255337623,245.83645221052439,329.84575419008723,247.6643963683605,0.4119721809263938,12.47725319383069,12.47725319383069,0.9421952990974015,-0.4029848844305957,32.284261998938746
1516,50.53333333333333,track,1,323.8718173836699,248.10561379951454,330.2769724122507,246.29497258713815,323.37929714565996,248.13816441682727,0.49359469966442315,8.811887951737644,8.811887951737644,0.9153727390402882,-0.45020033437240115,32.588054998996085
1517,50.56666666666667,track,1,321.9201472962066,251.96943099273608,326.21934910768783,249.0365203463413,321.52487582949396,252.2999684675758,0.5152616371035098,12.39413048982195,12.39413048982195,0.7135214121812563,-0.6305717852631845,33.41926399843942
1518,50.6,track,1,334.34998250087494,244.66156692165393,329.2244509786759,247.52533231926458,333.98546341209146,244.36793646843336,0.46807372191360885,14.651691228087596,14.651691228087596,0.9337267498345247,-0.5625484436270819,36.20705800130963
1519,50.63333333333333,track,1,328.3987818880735,239.2014876940742,330.3070384707327,242.8438127738489,328.131059643086,239.3574253804044,0.3098253741692953,8.156410550062482,8.156410550062482,1.0539077855624193,-0.30654515620053424,36.610724000638584
1520,50.666666666666664,track,1,320.61036814425245,244.380015026296,326.8320198203643,242.31584404875198,320.3284446187123,244.04902273266478,0.43478359294739716,4.062322113914311,4.062322113914311,0.8723663862050216,-0.28145386844339393,35.2159149988438
1521,50.7,track,1,323.12433329978865,255.76401328368723,323.91960986756317,248.59379297124624,323.0364616064835,255.8277690125867,0.10856439311218799,16.116400683882507,16.116400683882507,0.7198511775922338,-0.6774232985041785,32.43406399997184
1522,50.733333333333334,track,1,324.8626698168931,242.90943099035243,323.67184283564455,247.86152390720278,324.9243329174998,242.5947822058923,0.32063405236915593,5.566143133120746,5.566143133120746,0.714969053279276,-0.651051618357642,31.76936999989266
1523,50.766666666666666,track,1,322.3855831700526,242.34129112096525,322.9538080873071,244.60964122987633,322.5324696672033,242.79032324971465,0.47244628868731753,3.768196711054636,3.768196711054636,0.6811328694615801,-0.4793266941742326,32.87339600137784
1524,50.8,track,1,319.14851881505206,246.3127001601281,320.929896440938,244.53208874106107,319.505545998272,246.38767474139175,0.364814469824905,6.406783386508317,6.406783386508317,0.5575025575049324,-0.4897124575407885,31.13697300068452
1525,50.833333333333336,track,1,320.5109695682944,249.41087857648367,319.91284903388646,246.92768936290346,321.08672778091454,249.49001116370002,0.5811707888040282,9.552030630026394,9.552030630026394,0.48668039945920116,-0.6401547800090875,30.29879400128266
1526,50.86666666666667,track,1,325.3124018042674,251.95894784856318,321.7765616556452,249.77446583765484,325.06931279397793,251.81283570368709,0.2836212717759365,12.85461082901745,12.85461082901745,0.5912433089030636,-0.838001034187474,34.20821899999282
1527,50.9,track,1,319.67025948103793,238.20189620758484,321.3226143464779,245.16640653527077,319.4919934365201,237.86904735909965,0.3775806384945475,2.1906688079896584,2.1906688079896584,0.5568528666808935,-0.576645504400281,29.45491900027264
1528,50.93333333333333,track,1,314.9836926616978,240.48646891100995,317.80916417796624,241.1620927156444,314.97229132321576,240.07717356920347,0.40945410895931655,5.028300935544249,5.028300935544249,0.34711436595574124,-0.32816537616910796,31.27024499917752
1529,50.96666666666667,track,1,315.793283063796,250.16390514932036,315.9592330685525,243.6747893586911,316.0811712767981,249.8940988630777,0.3945567833425128,10.641917631430315,10.641917631430315,0.21640328075211576,-0.48427723162488145,31.687869999586837
1530,51.0,track,1,331.1507837147579,252.07772046672343,322.5791965958112,248.56565823503504,331.88251764575705,251.88019448542943,0.7579254970388823,16.80277496764613,16.80277496764613,0.6106119725943352,-0.7892488456065326,33.56040399921767
1531,51.03333333333333,track,1,328.20176112220344,252.6619566886807,327.62229742389934,251.96246924604125,327.97485164714277,252.50135941579106,0.27799171558141483,14.828426957594777,14.828426957594777,0.9470576130971702,-1.0357330465541899,32.51909799837449
1532,51.06666666666667,track,1,329.21248701330825,244.6806015930342,330.8024799346763,249.96128792909568,329.1913350758849,244.79086699852795,0.11227583936654034,10.364991417014133,10.364991417014133,1.1707929615066952,-0.9492233111085027,31.462306000321405
1533,51.1,track,1,314.24195713788475,242.68405350305804,324.09055049207103,245.82715910314207,314.3670680597198,243.02677818451636,0.36484647462066794,6.394631218615559,6.394631218615559,0.7907107347614097,-0.7282483832868168,33.884283000588766
1534,51.13333333333333,track,1,318.9619221226391,241.72439110841054,319.53935662609985,242.65051259513368,319.54631931295177,241.31769750360027,0.7119829803014149,1.3936114511566504,1.3936114511566504,0.5228097600905932,-0.5385900410651882,31.514962998699048
1535,51.166666666666664,track,1,314.28443189268245,243.36376014927632,314.8397990952087,241.66343249223002,314.1465618150145,243.32958595321756,0.14204236689253757,6.734157794803317,6.734157794803317,0.1831316445240698,-0.4594134731440839,29.564160999143496
1536,51.2,track,1,317.7331690487925,249.3793001478561,313.8133431667061,244.05182946407888,317.78896593105685,249.6024294651075,0.2299999658423779,9.853695920130265,9.853695920130265,0.08938345594184993,-0.6050015534790569,34.19756400035112
1537,51.233333333333334,track,1,320.30569766275454,235.63155782927075,316.179025039398,240.888024103026,320.5994053557314,235.33572572390196,0.41687029575242557,4.702631316948989,4.702631316948989,0.19827655487305657,-0.4003125837119959,28.961078000065754
1538,51.266666666666666,track,1,323.54538192710936,239.96789815277083,320.13657322903833,238.81830523051184,323.16828054248873,240.1519933001673,0.4196385082159725,3.1719242675714114,3.1719242675714114,0.40732146913045586,-0.24782683955465104,35.22589199928916
1539,51.3,track,1,322.7129476584022,242.3664913598798,322.3421187662469,239.0849105396169,322.62333882365317,241.99116298483682,0.38587709491168604,3.293423236674915,3.293423236674915,0.5536038491025065,-0.22429910637261607,31.617081000149483
1540,51.333333333333336,track,1,333.094849720586,251.795046065549,328.3305274421058,243.89535421263443,333.3232845036911,251.90122842915207,0.2519070155287762,17.864745956468386,17.864745956468386,0.9347285486982613,-0.5118110316895492,32.763304998297826
1541,51.36666666666667,track,1,325.0747872816838,242.21958501268847,329.17180755597184,244.71299764710045,324.63869902090806,242.01917779677916,0.47993335305534757,5.059111343069984,5.059111343069984,1.0105581597395676,-0.5566751601366101,31.31494199988083
1542,51.4,track,1,327.9889621416442,246.84502047747478,328.9099467129891,245.56038754567783,327.83526643588425,247.28803621383082,0.46891930289564826,10.700788381021455,10.700788381021455,1.0278320408436006,-0.6124981647333578,33.757642999262316
1543,51.43333333333333,track,1,321.04086239695624,245.45514267596704,325.2811724997913,245.53884965717762,321.31791032817745,245.5056208406615,0.28160895103826106,5.661161406835434,5.661161406835434,0.8507200909005377,-0.6256964421107084,31.756704998770147
1544,51.46666666666667,track,1,318.922781326271,250.14062418860675,321.89398046549445,247.66340560899494,318.5821656832022,249.95308801340659,0.3888300828277709,10.053567284924654,10.053567284924654,0.6640392778611125,-0.7592522041698653,33.550087000548956
1545,51.5,track,1,314.1935033181977,244.17374382515843,317.73668755360296,246.5058493567114,314.1647966538202,243.75904462061473,0.4156915958121559,6.941182503798657,6.941182503798657,0.4164044574223053,-0.7227438361386012,31.67642900007195
1546,51.53333333333333,track,1,323.7378406169666,244.79696658097686,318.8147869951795,245.9463603425245,324.17804511499503,245.22159582881875,0.6116289710332877,6.687385436960486,6.687385436960486,0.47516657535468904,-0.7053676564273231,34.17959800026438
1547,51.56666666666667,track,1,325.6497012053074,239.29459130963232,322.2677433813044,242.96955451921107,325.451247307955,239.55895826808396,0.33056593607830637,5.469059793216562,5.469059793216562,0.6733348391571774,-0.546122897364897,32.540567000978626
1548,51.6,track,1,325.4353959281677,249.56330348656894,324.7227216680321,245.2866178560216,325.7284227895644,249.7477316021505,0.3462347055350856,11.30633004310259,11.30633004310259,0.8243353048502382,-0.7017050700434877,31.55326799969771
1549,51.63333333333333,track,1,320.81310182339683,255.28324113911083,323.59640775257736,251.11022151374834,320.62554564614277,255.346637684193,0.1979809120963843,15.35938135359954,15.35938135359954,0.7832542625024463,-1.0676028809442994,35.68855000048643
1550,51.666666666666664,track,1,314.37228110714824,241.97458180539508,319.45678820352924,248.44136121816274,314.4362719346052,241.96475900264775,0.06474035412661486,5.90045319650509,5.90045319650509,0.5316637689779187,-0.9317834685024794,35.516656998879625
1551,51.7,track,1,316.0071399635406,251.94829856187968,316.3869750030287,249.18742550409993,316.4510720838965,252.02128327799866,0.44989164947868293,12.53419885766892,12.53419885766892,0.33530965425971226,-1.0125746537363975,33.311207000224385
1552,51.733333333333334,track,1,330.56907195627974,240.17412205242385,322.4469553928024,245.389045808758,330.3801889918181,240.2281864129603,0.19646813824137496,10.38269678575472,10.38269678575472,0.6945014383873629,-0.7980943496579129,32.48285900008341
1553,51.766666666666666,track,1,333.01992390869043,245.99834801762114,329.760917185124,244.33336293015563,333.3698629905321,245.98446357660737,0.35021441818186877,14.648107068332772,14.648107068332772,1.1554202218700316,-0.7224721754755167,35.12912500082166
1554,51.8,track,1,316.7962542278762,243.945277399162,326.1259101217247,243.03697923668514,316.53377674008465,244.0650558148099,0.28851568493323115,5.342226358466858,5.342226358466858,0.9564675142503611,-0.6463880647298105,34.925513000416686
1555,51.833333333333336,track,1,326.39032192545955,246.24017467248908,325.06518778418734,244.0194573120637,326.578263727004,246.38209173622553,0.23550493359451743,9.165404987866875,9.165404987866875,0.9209288097071116,-0.7054894221791872,37.57403700001305
1556,51.86666666666667,track,1,315.0788826595849,242.47186977476147,320.3402858779158,243.40265283902667,314.68480311743775,242.79500902735813,0.509625021076908,6.00528045668251,6.00528045668251,0.6464464943895525,-0.6793095131837724,31.73294100088242
1557,51.9,track,1,317.5951607258911,245.02184672299154,318.3224127318053,244.17675268512525,317.66976539654354,245.45786217803058,0.442352047487134,5.9344968499041775,5.9344968499041775,0.5284105040638727,-0.7269169005552587,35.354929001186974
1558,51.93333333333333,track,1,323.23686242215246,246.66246332801484,319.736679172216,245.4324614451843,323.7947675952461,246.07562425769024,0.809714935408828,7.163342182428822,7.163342182428822,0.6172559681230115,-0.810815496791737,32.870601000468014
1559,51.96666666666667,track,1,317.31399176954733,252.08389917695473,319.13046715236817,248.93529094022722,317.2400800077097,251.80617578528404,0.287390380526233,12.124477103647434,12.124477103647434,0.5704415298726604,-1.0296910655333376,36.32827000001271
1560,52.0,track,1,331.2428615290144,248.9011360147375,325.06955634688256,249.8141101781189,331.6490812647502,248.9339232007596,0.40754076270783035,14.680465866920724,14.680465866920724,0.9019170254404223,-1.1194487824154948,33.377933999872766
1561,52.03333333333333,track,1,327.72441936621493,243.78381782457555,327.4472580598773,247.82992427984323,327.5361643109868,243.93508409018037,0.24149834146215585,8.501685675145952,8.501685675145952,1.060347590838505,-1.0220744984234174,33.956691999264876
1562,52.06666666666667,track,1,320.86264037933614,248.6130272023958,325.2660867865839,247.53037462565732,321.213985641766,249.0618655408318,0.5699994276153948,9.142820583306273,9.142820583306273,0.9430820625449825,-1.0294060011662265,33.861093999803415
1563,52.1,track,1,313.1393127789889,248.28381604899823,318.66825385297216,248.05226469068248,312.9659062783352,247.95488875551794,0.3718373016054608,10.618791343548953,10.618791343548953,0.5612848403291844,-1.0794096613473303,32.238119001704035
1564,52.13333333333333,track,1,323.38191241254214,243.90121793210676,319.30149485745267,246.2476846046451,323.7038410485189,243.88622825159786,0.3222774227022545,5.36853877104476,5.36853877104476,0.5914037974127637,-0.984926122693667,33.00136300094891
1565,52.166666666666664,track,1,325.9811151972965,233.39901600238545,322.83676132119103,239.388931460921,325.7030783648509,233.6116317595927,0.35001420029649594,8.56366461339274,8.56366461339274,0.7895129921981868,-0.5919264683213786,32.42352400047821
1566,52.2,track,1,320.4556425145165,246.77652108053522,322.5089873582345,241.31666216759476,320.756380426122,246.34578021339496,0.5253389249823167,6.390699325248802,6.390699325248802,0.7671244190021566,-0.7009554163668092,31.517307999820332
1567,52.233333333333334,track,1,315.0205510732227,241.82498604556756,318.6538182086665,242.24449370906262,314.78288582647696,241.61905153692143,0.3144738325553198,5.462564249396311,5.462564249396311,0.5424783034109208,-0.7613598855570272,32.95263200016052
1568,52.266666666666666,track,1,317.39060574695645,245.2378628813643,317.22160150546404,244.29911187366497,317.666606141054,245.5159733594104,0.39181839612379993,5.98921438944142,5.98921438944142,0.43210881062564827,-0.8871688498665476,34.80428900002153
1569,52.3,track,1,327.81852514410656,241.4299344066786,321.2402241091249,243.77082475387658,327.5311140208933,240.96160409315038,0.5494892504099914,7.592256636050932,7.592256636050932,0.6668225409570375,-0.8574254777335464,30.757409000216285
1570,52.333333333333336,track,1,320.6369481139183,244.8275151941333,322.4549171083865,244.06539567415317,320.86220027402516,244.8137248648857,0.2256738992740451,4.890330907755415,4.890330907755415,0.7299781736340684,-0.8829319399216137,34.689672000240535
1571,52.36666666666667,track,1,317.30978590183804,246.62936780448393,320.08950661180705,245.59669720355956,316.9893822037531,246.95364132433042,0.4558638452653695,7.577397124508797,7.577397124508797,0.5923979901635753,-0.9789441428403811,30.721539000296616
1572,52.4,track,1,325.71786000802246,238.97869033293222,322.4624550307971,242.8740386438245,325.9892380527319,238.59760871545998,0.4678346313875906,6.151233515909254,6.151233515909254,0.717344935477201,-0.8413972862375618,35.39359699971101
1573,52.43333333333333,track,1,322.4133789013419,245.81861587173947,322.58058953889207,244.117157329395,321.99480557143926,245.82085060757225,0.41857929541489347,6.1531740641330295,6.1531740641330295,0.7278442464923723,-0.9072960577203677,32.7437159994588
1574,52.46666666666667,track,1,315.9560115812465,246.01305429979175,319.8865561013165,245.02678709139474,316.1186550432958,246.3890684902558,0.4096822758891475,7.475629394647154,7.475629394647154,0.5880307377689941,-0.962417419426085,34.025351000309456
1575,52.5,track,1,324.8577018325904,245.7655770183259,321.5814966146433,245.52454097935853,324.43756046870595,245.39864108238928,0.5578178436805116,6.9883666510768485,6.9883666510768485,0.6632386752016715,-0.9995826379101151,33.33372000088275
1576,52.53333333333333,track,1,322.86449877994124,243.92878840695184,322.03911151799934,245.18226118633999,322.93215365289046,244.05560096272362,0.14373102008663746,5.004540359813637,5.004540359813637,0.6864505019282489,-0.9926610593977423,34.62788700016972
1577,52.56666666666667,track,1,318.52725947521867,236.08639455782313,320.9057948496604,242.2922456512678,318.0181915988197,236.57110211295398,0.7029164365571916,3.9604173086655114,3.9604173086655114,0.6253516994931182,-0.8439015728412049,32.064506000097026
1578,52.6,track,1,320.84086021505374,241.54649257552484,320.803431815735,241.8915652110614,320.92457150467226,241.31184577185894,0.24913189775742775,1.6049211184342065,1.6049211184342065,0.6143255976822253,-0.8147665658808683,34.03149699988717
1579,52.63333333333333,track,1,322.1738588798087,240.03886784931234,321.1187075707066,241.16405910215863,321.7080908460049,240.19723524375868,0.49195537697759373,1.719440629852121,1.719440629852121,0.625656825254022,-0.7660518777311098,36.56665399830672
1580,52.666666666666664,track,1,320.2263255209635,232.42781470191395,320.831992699854,238.55041082225702,320.2537695188463,231.8204142143652,0.6080201684929905,8.183521405437535,8.183521405437535,0.6062564416943539,-0.611929326859655,40.83527399961895
1581,52.7,track,1,327.900010034116,229.94646799116998,322.5725056719452,235.90358744846546,327.35343457845903,229.75906726623376,0.5778094499341937,12.607525663555156,12.607525663555156,0.6949986485696652,-0.4434185203014409,69.2632650006999
1582,52.733333333333334,track,1,327.8424339311585,234.89344057551082,323.9312043172787,235.0289210230428,327.87313134959794,235.07731345629236,0.18641772390453443,9.285420833522958,9.285420833522958,0.7719064653932992,-0.35814949069522223,91.59703700061073
1583,52.766666666666666,track,1,317.400071015522,233.6274221365527,322.63306710694076,234.06384893652768,317.918048396941,233.07898161275332,0.7543789338303687,7.227379746082705,7.227379746082705,0.7125210601832602,-0.26488408211998415,101.40259400031937
1584,52.8,track,1,316.4208463162127,247.62805307066037,321.36258876205756,236.33508648362954,316.32381117700146,247.4144000415225,0.23465599310806945,8.275729106131267,8.275729106131267,0.6241254516184165,-0.4072430184758583,83.13352099867188
1585,52.833333333333336,track,1,315.17786108507755,252.3770175986671,318.370208968152,243.77301458514768,315.7197347956163,252.46008224612962,0.5482032960783104,13.174760711305998,13.174760711305998,0.43274392757001956,-0.8508544184156228,91.51340599964897
1586,52.86666666666667,track,1,325.7009604264092,242.22658017800575,320.0807176119551,246.30803012887313,325.7781798996166,242.68127423883377,0.4612044405626408,6.369976020062145,6.369976020062145,0.5386639577633741,-0.9897641685302241,82.97435200074688
1587,52.9,track,1,320.36486418637344,249.04026710850027,321.34157480835125,247.86650088414237,320.93745688647306,248.72045165552095,0.6558538893471204,8.770695667407105,8.770695667407105,0.6295781060402303,-1.0931852516209817,84.13794599982793
1588,52.93333333333333,track,1,320.7481149278005,245.9811739194717,321.99983494850125,247.4178680414563,320.66904566463444,245.99287277461863,0.07993004184516983,6.0301033319613495,6.0301033319613495,0.68366972984061,-1.0916756373345606,86.00239799852716
1589,52.96666666666667,track,1,318.96788715486196,242.9889455782313,321.4081788600062,245.65140591026312,319.40959301558445,243.21178561612987,0.4947340193348727,3.2656005957902163,3.2656005957902163,0.6493631386380879,-0.9985193698668224,90.85655600028986
1590,53.0,track,1,316.78926785802685,238.80505915548736,319.1647343404374,241.97102462651011,316.69119585797694,239.22191219769906,0.42823425364505574,3.3990594990906673,3.3990594990906673,0.51671242758172,-0.7861751853381946,90.44145600091724
1591,53.03333333333333,track,1,324.262703303364,242.00818264471158,321.10134864206856,241.003866904407,324.5194902437834,241.48651766953083,0.5814412086361874,4.757680826356567,4.757680826356567,0.6332700558209703,-0.7225739509477416,91.15735399973346
1592,53.06666666666667,track,1,320.1327033076349,240.96692365083314,321.5009269466894,240.68958423909427,319.87807929807724,240.71879686292195,0.35552818330247454,0.729063500460538,0.729063500460538,0.6693145129015352,-0.6908677368184978,70.33858299837448
1593,53.1,track,1,326.91499280860984,236.15890492486238,324.74529403068266,238.26360952494625,327.16374461106886,236.10967168504263,0.2535771502516815,8.151925616121462,8.151925616121462,0.8643385796252923,-0.5387621853326626,26.15752999918186
1594,53.13333333333333,track,1,320.0660591108202,234.38779517647652,323.6034823492807,235.90809671602986,319.7730072448057,234.41890969553845,0.29469901504935025,5.585704494284089,5.585704494284089,0.8040227340046002,-0.36980684418217424,30.183254000803572
1595,53.166666666666664,track,1,318.32601787487584,251.4375868917577,320.8218296675309,242.09750304704966,318.2953926105279,251.55263158351883,0.11905119872893351,11.677713083337833,11.677713083337833,0.6409241455584983,-0.7353715540615692,28.16335799980152
1596,53.2,track,1,319.750037697914,238.87584820306608,319.5147825561743,242.86293351853595,320.2212201920112,239.17898782278408,0.5602736579443849,0.8502936954313407,0.8502936954313407,0.5838090070704389,-0.7668473749262429,32.84364700084552
1597,53.233333333333334,track,1,326.5246215844309,240.1188323176725,322.64621351109076,241.39192426693543,326.555908955596,240.39924350635502,0.2821512614410199,6.568054324640641,6.568054324640641,0.724482045622102,-0.678279854209272,33.310859000266646
1598,53.266666666666666,track,1,315.2908422695464,240.60952524794845,319.3954246323894,240.68050086671025,315.493721541051,240.97516779973753,0.41815604083293867,4.610585406131492,4.610585406131492,0.5487159586267754,-0.6245037509100532,32.508050000615185
1599,53.3,track,1,326.63999193710947,243.82261640798225,322.42193804345544,241.7574704620608,326.3261395409582,244.11163525119056,0.42665585464091266,7.544904633625772,7.544904633625772,0.7035247780729126,-0.6687458810885522,34.09483399991586
1600,53.333333333333336,track,1,316.9027591349739,241.23668903803133,320.297025353258,241.40934651292284,317.08200153901265,241.57391702723254,0.38190385715030506,3.31540794276316,3.31540794276316,0.5756359119372847,-0.6420473530748383,33.86498600048071
1601,53.36666666666667,track,1,323.698209331652,241.38910466582598,321.5199979359036,241.24982332041677,323.3147845937435,241.59483995119072,0.4351339302838593,3.678493084516192,3.678493084516192,0.6495658601856754,-0.6245116412970844,34.34157999981835
1602,53.4,track,1,316.24245164531527,245.5902034664657,319.6759626336302,242.66825764153444,316.27425098167083,245.7476202077016,0.16059647634360427,6.8495506275638665,6.8495506275638665,0.5648167852727363,-0.6934058255695266,32.49386099923868
1603,53.43333333333333,track,1,317.98561042867885,252.85094008523438,318.9516468703123,246.10370075469564,318.35664647884124,252.93505999136812,0.3804522429005444,13.039033237774845,13.039033237774845,0.4983862808593741,-0.8807898071515567,31.182764998447965
1604,53.46666666666667,track,1,328.1092190835526,250.49674825001242,321.57336121563674,247.8657026778916,327.8386701337714,250.43233239584825,0.27811173383264937,13.049073096720122,13.049073096720122,0.626443521379415,-0.9954053825851295,31.132758000239846
1605,53.5,track,1,316.3936300530829,247.4453858717844,320.14703214857934,248.27516309575526,316.6040940796631,247.06643701206957,0.43347127328523416,7.840070730887939,7.840070730887939,0.5413981580538166,-1.0450582271402693,33.35885100023006
1606,53.53333333333333,track,1,323.7354765094012,238.70496601676837,321.0468559934107,246.19759696627344,324.14141212292327,239.1004003072109,0.5667027442877812,4.237991738920935,4.237991738920935,0.5898125254043409,-0.9612382959979362,34.92095799992967
1607,53.56666666666667,track,1,319.7044461578001,241.48013364173735,320.72152388672487,245.2730365407941,319.6284535229417,241.62024409456563,0.15939203099422888,1.662298923355619,1.662298923355619,0.5696470308930951,-0.9282215294593736,34.29818000040541
1608,53.6,track,1,317.5010375018979,244.79219596133407,319.9356875540422,245.3287511988308,317.75826493926934,244.56862282118212,0.34080918933340376,5.0889773594245,5.0889773594245,0.5265534658481046,-0.9427128189050713,32.3769850001554
1609,53.63333333333333,track,1,327.1878842405158,236.04188534013096,321.50802354507084,243.37923615955344,326.74079213063874,236.4093855210165,0.5787466955976871,7.637459714143641,7.637459714143641,0.600064476430361,-0.8490891307396771,34.07101000084367
1610,53.666666666666664,track,1,318.2689648261349,244.40359755486523,320.8616061312614,243.59654167878955,318.12757470212716,244.4607329076871,0.15249792034319373,4.8377799216000605,4.8377799216000605,0.5652934869358465,-0.8619735736779307,34.05806099908659
1611,53.7,track,1,318.55219095119344,245.7234973790015,320.3873100225749,244.0463788033056,318.7501596037558,245.24600946723228,0.5169006609427591,5.392839358480343,5.392839358480343,0.5165149188054319,-0.8880530646554841,32.20598100051575
1612,53.733333333333334,track,1,323.00009748488986,237.60026320920258,320.8670253496236,242.82418148929582,323.52833264786057,237.5716680745378,0.5290085718825183,4.283214588854698,4.283214588854698,0.5558172601079867,-0.8264702042168315,34.32909500043024
1613,53.766666666666666,track,1,324.2511974991176,234.00211768265012,321.5057449712992,241.1209941936381,324.06790330499234,234.38649439167884,0.42584294762714586,6.932480256980236,6.932480256980236,0.5870417423157095,-0.7333060756897773,34.478810001019156
1614,53.8,track,1,319.41126816842313,244.9785724988762,321.17155125788526,241.66471880852194,319.4575628850158,244.86276693094675,0.12471619921989888,4.892927574409988,4.892927574409988,0.5692931915005016,-0.7523285482353991,30.902702999810572
1615,53.833333333333336,track,1,325.78595583847226,238.90118360851403,321.9941712789993,241.07629006838482,326.0730219713389,239.15012671847452,0.37997320515506133,6.132200295082993,6.132200295082993,0.6118763710941587,-0.7133796831128666,35.500248999596806
1616,53.86666666666667,track,1,325.3787677531419,234.90339225503217,322.63259278529245,239.90234364156427,324.92359504849543,234.43025119587566,0.6565399096132306,7.433968653593669,7.433968653593669,0.6484015057319484,-0.6457086394004922,30.898224000338814
1617,53.9,track,1,328.01739478156554,244.05743277016896,323.6120311548012,240.37784123616441,327.85710558988563,243.8199024729135,0.2865541259232989,8.73646170673132,8.73646170673132,0.7060143355181029,-0.631280286622892,33.37261199885688
1618,53.93333333333333,track,1,313.4918864097363,230.3493407707911,322.17337829598483,238.6393054755977,313.7264917341219,230.32167249926562,0.23623122460690646,11.53373006331916,11.53373006331916,0.5837999416496138,-0.5020330180914055,32.351484000173514
1619,53.96666666666667,track,1,316.30109525723475,229.2435691318328,317.98181720036916,233.92119206196708,316.6383212187381,229.32541336306505,0.3470156009430374,11.191411175442383,11.191411175442383,0.3092758237701771,-0.18090177375533245,31.78585000023304
1620,54.0,track,1,319.53765297313765,244.8883867364038,316.2546974139281,235.93801061821264,319.1505746065851,245.1756300211506,0.4820149027624778,5.2448707910503725,5.2448707910503725,0.19718833145599968,-0.2999841086424255,33.28142799909983
1621,54.03333333333333,track,1,324.6945260477869,231.45524872698786,319.8478985087085,235.3894361710664,324.5675104757732,231.80241486280292,0.36967185636822286,9.38416506823555,9.38416506823555,0.4058502990552259,-0.2248842929140188,33.78773400072532
1622,54.06666666666667,track,1,319.44757354790045,236.63847120945437,320.6403062788989,235.2954201163109,319.60795828095644,237.12613562481937,0.5133613197453936,2.900481538710941,2.900481538710941,0.4584174981480809,-0.1790719093291353,30.89518699925975
1623,54.1,track,1,327.15917536268773,242.90465767370833,324.61748505793145,238.50582959106458,327.4485978200382,243.17166485278958,0.3937742913138091,8.095743784427603,8.095743784427603,0.6980795053336173,-0.3246633594250981,32.245131998934085
1624,54.13333333333333,track,1,323.7622585438336,249.55367115847721,325.46236591619066,243.70079154658296,324.22672831187907,249.74994883781545,0.5042391226735932,10.62669913766542,10.62669913766542,0.7821658360542386,-0.6041737760477991,33.74785300002259
1625,54.166666666666664,track,1,320.0683531495067,244.30043005312422,324.29309672721985,244.82352410671666,319.6249350794553,244.29266703890121,0.44348601921360387,4.309021234746019,4.309021234746019,0.7258709935286989,-0.6765187432721782,33.431329000450205
1626,54.2,track,1,324.08888442008947,236.70443919360514,323.85963956404737,241.65507044697074,323.95336710761876,236.5081832994277,0.2384980460688627,5.274646467584103,5.274646467584103,0.7052692574758098,-0.5099203148101527,34.347340999374865
1627,54.233333333333334,track,1,318.1780470982363,249.34579761552862,320.941775843571,244.86600826108457,317.94233271243877,249.84627660310545,0.5532092630079704,10.058983925385377,10.058983925385377,0.5420358923747793,-0.6849350892817154,31.54193599948485
1628,54.266666666666666,track,1,318.7401709401709,240.70090497737556,319.2226830018621,243.28570942269891,318.80069933573,240.76575477549633,0.08870841552671004,1.4229203981649734,1.4229203981649734,0.42975568519589225,-0.6116205220899532,34.42349699980696
1629,54.3,track,1,318.12146555157307,236.12241138988452,317.9387847126922,240.16021863409813,318.2733764813448,235.76054834692445,0.3924561025700068,4.577573494105602,4.577573494105602,0.3347752489671403,-0.43258992429350046,31.095525999262463
1630,54.333333333333336,track,1,320.3383610872096,244.41423293010072,318.0885459787711,241.4396287017604,320.50937378401164,244.69129102410974,0.325586440017735,4.718863541651846,4.718863541651846,0.33105150514404524,-0.5190779233506684,37.949417001073016
1631,54.36666666666667,track,1,326.0361554685146,233.6994074520438,321.47433580824617,238.84215049093615,326.25991208140374,233.31044912866722,0.44872664188294104,9.161691444654405,9.161691444654405,0.5309217757424342,-0.34430843678523426,35.73914899970987
1632,54.4,track,1,323.3025479326654,239.27630575191984,323.5359886745264,237.76057366691455,323.56283717801244,239.26927218443032,0.26038425896157386,3.63700039833307,3.63700039833307,0.6716813745917306,-0.24740894138354952,33.052994000172475
1633,54.43333333333333,track,1,329.9199417026837,244.09769826113177,327.7321711687431,239.7710635566248,330.4025030029212,244.43304525258083,0.5876419089555087,11.307694678280544,11.307694678280544,0.9401453472185051,-0.3389567595428845,36.85739499996998
1634,54.46666666666667,track,1,314.8913995269488,247.70082029087615,323.37319659813403,243.00584568545628,315.2743814431635,247.32738877575576,0.5349076973016877,8.7190651457475,8.7190651457475,0.689474480547859,-0.5200644454421773,33.35646799860115
1635,54.5,track,1,316.9177480535037,243.25918346975445,318.8064909663528,244.21275022681775,316.41638878447395,243.12332480472597,0.5194407507169404,4.753675123508188,4.753675123508188,0.4057315631056443,-0.6132054489426312,36.0043910004606
1636,54.53333333333333,track,1,329.8047275441652,243.6235381935805,322.16094106102514,244.8629972305129,329.27952367452957,243.5741155574796,0.5275241242250341,9.944036486476325,9.944036486476325,0.6125173362941835,-0.6620210189316371,33.44242599996505
1637,54.56666666666667,track,1,322.2768840395839,243.29368180664807,323.5799622957784,244.34978493836192,321.72635295400227,243.34368738761515,0.5527974622947558,3.7630492778980402,3.7630492778980402,0.7226534838497674,-0.6475274074317158,33.613339001021814
1638,54.6,track,1,319.8686373615153,245.48853831623015,322.956742121172,244.96853725557085,320.3285528998164,245.63647139254005,0.48312161764639006,5.6460390334198065,5.6460390334198065,0.6895386352629707,-0.6986963113803467,33.14922499885142
1639,54.63333333333333,track,1,312.26088500964175,242.79970567339896,317.5293970294665,244.27163785800647,312.68203699861755,242.76059925677532,0.42296372142230915,7.821348396926896,7.821348396926896,0.3786489798799054,-0.6762461748518427,32.15712900055223
1640,54.666666666666664,track,1,312.6027817549601,228.23880139087748,314.05395864691303,236.69707768201937,312.9135437184492,228.22979569795282,0.31089242585924287,13.738834446278934,13.738834446278934,0.14864196614346187,-0.2094541205413617,32.974730000205454
1641,54.7,track,1,329.26582599007395,233.31084776663627,320.21237345406956,232.34272808048132,329.72422117207424,232.99676091698385,0.5556767873554401,11.983565206452619,11.983565206452619,0.497902704206288,0.07645532228443486,32.18191499945533
1642,54.733333333333334,track,1,327.4159710348989,231.97757216131953,325.9287467791966,230.77519016349126,327.69845961222336,232.38078628855328,0.4923224844750286,10.831375627395254,10.831375627395254,0.8729069382237916,0.22600328917384632,32.51898000053188
1643,54.766666666666666,track,1,324.0387299019112,249.6932450197189,327.47058047545727,238.71939966147795,324.2270667129035,249.92880621031603,0.30159547226422173,10.79116702481,10.79116702481,0.9862678851058098,-0.22513890852901297,31.119389001105446
1644,54.8,track,1,309.7693962206176,238.5647052798689,319.565652583242,241.18051657866587,309.83806030304027,238.32568496788207,0.2486874861291302,10.298948938188895,10.298948938188895,0.5426435183896604,-0.3533762186822342,28.738925999277853
1645,54.833333333333336,track,1,312.9022579026593,245.35358755644756,313.84015015024795,243.61513533648454,312.7238584561693,245.52065843490794,0.24441571336037862,9.133449803922902,9.133449803922902,0.13839238719766705,-0.49778444183266923,30.598380999435904
1646,54.86666666666667,track,1,321.86250567637114,242.7614914980574,315.0764999480252,243.88102209939143,321.65468374764976,242.42384738788576,0.3964763538864381,2.934793768648293,2.934793768648293,0.18791857866802789,-0.5250591450922304,34.69743899950117
1647,54.9,track,1,322.0752062829307,239.86842628491897,318.83684107106006,242.1849459310598,321.6552529311559,239.87210471029158,0.4199694613660541,1.660186577234587,1.660186577234587,0.38803229562087027,-0.4403589672094864,33.87148300134868
1648,54.93333333333333,track,1,324.5112116641528,238.5784816490699,322.45754707173097,240.32922262738617,324.8008725589237,238.7755701580246,0.3503531280314922,4.954554042993814,4.954554042993814,0.6020061954214849,-0.3172705211734109,27.803424000012456
1649,54.96666666666667,track,1,318.8519155827724,243.70853788147173,322.0512906780167,241.48259340681014,318.9236714493201,243.16296453109558,0.5502719191678492,3.341081826890407,3.341081826890407,0.5776677627678943,-0.40408429884941943,32.31305899862491
1650,55.0,track,1,322.3158289572393,234.71972993248312,321.97030749946276,238.8697066816676,322.22120127532213,234.3501657384399,0.3814866861423032,6.070779380655423,6.070779380655423,0.5709926811617033,-0.26378624093452435,31.30390200021793
1651,55.03333333333333,track,1,324.5568153438889,233.53304030767694,323.0428788499029,236.2378299025299,324.1884148480034,233.25044586855958,0.4643043639561718,7.943506776746633,7.943506776746633,0.6310034603020276,-0.1021590964214995,36.2620660016546
1652,55.06666666666667,track,1,324.2440243479982,242.20888800910575,323.6680898737815,238.4538688349431,324.5632513250447,241.94135512017903,0.41650895492378726,4.959044500523002,4.959044500523002,0.6735422034603857,-0.19771715085470454,34.20638099851203
1653,55.1,track,1,315.3124143879052,238.75440109583482,320.21307494165103,238.5243852278206,315.48456867319175,238.40800037272032,0.3868210941982892,4.78785785924979,4.78785785924979,0.4808425549349571,-0.1893833623601346,39.653384001212544
1654,55.13333333333333,track,1,317.8689048760991,234.45163868904876,318.9115920035138,236.85206208032938,317.6855392465585,233.96511149881883,0.5199342852032963,6.463482637163165,6.463482637163165,0.40819671578383604,-0.08535785991194855,42.02970500045922
1655,55.166666666666664,track,1,319.7033374536465,232.1168850432633,318.73682565963014,234.84620102204875,319.1563667155221,232.41427864757867,0.6225913139869854,7.632488817892882,7.632488817892882,0.38104325331579986,0.04616545770773456,38.11526900062745
1656,55.2,track,1,323.76906222611746,238.74627519719544,320.0462878708386,235.73740937973213,323.9561978842918,238.83521739602713,0.2071966922838156,4.124102352535954,4.124102352535954,0.43322847695969735,0.02921467054575408,38.944584999626386
1657,55.233333333333334,track,1,316.36199436506337,241.09413362849668,318.6490814554074,237.15566700009714,316.1556512780265,240.74588480704847,0.4047897123297205,3.916038973443082,3.916038973443082,0.35083772028838695,-0.022656183582337758,32.215320999966934
1658,55.266666666666666,track,1,317.09552917403386,243.97989391260418,317.8479099753245,239.07565437794952,317.66374238666134,244.16597109943956,0.5979054895759142,4.7763390622158,4.7763390622158,0.2919751164480287,-0.11021775274811273,34.50802699990163
1659,55.3,track,1,327.6336493131241,242.48289146854566,320.1910594825184,240.11244960235436,327.73503514205765,242.3210028257726,0.19101575580940783,8.075755244316863,8.075755244316863,0.3901735915707331,-0.15452582502996876,35.68956199887907
1660,55.333333333333336,track,1,334.94485016368674,236.42266431629312,323.9190235474609,239.3236512857787,334.6305307724022,236.6868434401208,0.4105938250921961,15.000981203657263,15.000981203657263,0.6473108633347491,-0.09281156244545884,34.1770169998199
1661,55.36666666666667,track,1,332.7426572732685,235.56995435602303,329.3373475456696,237.08782228860056,332.94439854091536,236.1456987450363,0.6100665050238572,13.506039084426877,13.506039084426877,1.0058645138661528,0.056464332300176945,29.206638000687235
1662,55.4,track,1,318.8427915246703,240.97184768113794,327.4518744174891,237.6959140495977,318.72039943313075,240.7487578372195,0.2544580565259863,1.4825707097908438,1.4825707097908438,0.8956569673781739,0.02732496544114346,29.711336001128075
1663,55.43333333333333,track,1,324.8712942138622,235.6223164996933,324.8681694043557,237.05918874121042,325.1967180389396,235.42304399238355,0.381589043471533,6.92491188910707,6.92491188910707,0.7680229223802374,0.08559359634140212,37.77417499986768
1664,55.46666666666667,track,1,320.279774383548,235.5911450534092,322.1083928137972,235.84861834748716,320.0530250590422,235.60286269746277,0.22705188690249808,4.397457005389687,4.397457005389687,0.6132171447100074,0.17699530210202807,37.25234800003818
1665,55.5,track,1,316.5374323358186,242.35277295475436,318.5894354340832,238.4715813939635,316.7592286015901,242.34573600913072,0.22190786852631614,4.000634534831207,4.000634534831207,0.40059854051052685,0.05554987923277424,37.67283599881921
1666,55.53333333333333,track,1,325.0752357420201,244.17749987393475,320.386656151459,241.10270533765703,324.71438923306494,244.11358573150386,0.3664631231485566,6.256760616426901,6.256760616426901,0.48192219670766234,-0.10043367487668528,32.332102999134804
1667,55.56666666666667,track,1,315.6587694483734,241.97858153162255,318.78663262531984,242.41811708156362,315.72473126563483,241.7946641283657,0.1953882610526451,4.636673601266642,4.636673601266642,0.38594507769524244,-0.181909051819071,32.779217001007055
1668,55.6,track,1,324.8333333333333,229.59361154044308,320.7339376737105,236.5945539457502,324.2803841610648,229.22114813150824,0.666694666326214,11.597643561050772,11.597643561050772,0.500642187253256,0.17663936166591573,31.115154999497463
1669,55.63333333333333,track,1,310.67430590610803,244.0289247854619,316.4733939782335,238.2141981049149,310.5013019552769,244.39422251728507,0.4041940126700699,10.465871013739912,10.465871013739912,0.22429277802324957,0.0810517745618597,30.858508000164875
1670,55.666666666666664,track,1,326.8965675290283,234.16663271542066,319.9585572263208,236.95779156664136,327.1422859662647,234.09550228268898,0.2558067412295796,9.266894955573447,9.266894955573447,0.43103655845358474,0.17502511064200432,34.95898999972269
1671,55.7,track,1,315.63811606734146,238.3821779156706,319.08083318017003,236.95775830517675,315.23527014054076,237.87744144557118,0.6457892419267635,5.216119769579818,5.216119769579818,0.36070628211018474,0.1858595060566926,34.692643999733264
1672,55.733333333333334,track,1,318.2432786224952,231.3705064948142,318.0764977376826,234.16423914746179,318.0785751875882,231.39817861325267,0.16701187864649278,8.81380760393914,8.81380760393914,0.28401564176002925,0.3567633942534881,34.53373499905865
1673,55.766666666666666,track,1,327.3009723261032,243.0286711543256,321.98439093422996,237.99284485181786,327.476902232256,243.58124564256326,0.5799050757926323,8.290318892726216,8.290318892726216,0.5181140296701642,0.1388292049269555,32.91446299954259
1674,55.8,track,1,316.81329423264907,238.890620980604,320.86940390735543,239.74189294756044,316.28147765073663,238.5998743216044,0.6061043610769214,3.973381478951383,3.973381478951383,0.44495609761648397,0.028141853426021435,34.535159000370186
1675,55.833333333333336,track,1,316.531164188384,232.05818351380756,318.14680587441546,236.4149219862841,316.1586051449276,232.175231382633,0.3905130528647401,8.716841076210356,8.716841076210356,0.27807033143492627,0.24807806194964116,34.80914599822427
1676,55.86666666666667,track,1,318.21036258860727,241.2306593910959,317.38317366009,237.74318886228147,318.204450432907,241.59589343268976,0.3652818894005058,2.4022643685469434,2.4022643685469434,0.2206252790655655,0.17174865622476276,33.160938999571954
1677,55.9,track,1,320.68541424748827,236.900540213056,318.7759425521012,237.96067616904747,320.91787434792974,237.25728873611772,0.4258018400664578,2.892223780348645,2.892223780348645,0.2920416041977742,0.16912663663852318,33.3532019994891
1678,55.93333333333333,track,1,315.75148911239137,234.49462943071967,317.63186132421697,236.19943564562703,316.062464525296,235.04086859487802,0.6285562281066086,6.332232616369973,6.332232616369973,0.22605879332112247,0.2775293198337224,32.23296900068817
1679,55.96666666666667,track,1,323.2271557596246,243.7156768757253,320.40625984104076,239.5295275332254,322.8299686353398,244.1072639068428,0.5577616109388074,4.987819090289931,4.987819090289931,0.35152267070667925,0.08354082482917365,35.02646699962497
1680,56.0,track,1,324.59382410817904,238.90857258186588,322.8063947973101,239.53766885873628,324.2866287998358,239.18357922253404,0.41230766410494984,4.363683003319537,4.363683003319537,0.5138346176923735,0.07694257427822983,31.72248299961211
1681,56.03333333333333,track,1,317.5539614141612,245.78552541376948,321.3135148530996,242.42020032464458,317.34746769836477,245.9680110882556,0.27557335875603073,6.530932855324729,6.530932855324729,0.42521103690478457,-0.08391941190153515,31.952168999850983
1682,56.06666666666667,track,1,326.2875076860012,245.18835827013731,322.8597270858282,244.88882062111043,326.077639583629,245.18086692154966,0.21000176355684955,7.986180874942749,7.986180874942749,0.5337147824171173,-0.2471564470529051,31.954168000083882
1683,56.1,track,1,332.150895913026,231.28281658949064,328.1654278015733,239.34005134969692,332.0878951032213,230.83384833525875,0.4533669544023631,15.170218995371158,15.170218995371158,0.8742351118300629,0.08368826794118225,35.157502999936696
1684,56.13333333333333,track,1,329.8795926721932,243.0688261181046,330.9143856513861,239.20464555319518,329.7756733789301,243.21266037059402,0.17744720820992957,10.29004259798315,10.29004259798315,1.0729583163080667,0.08293574506632923,33.460167000157526
1685,56.166666666666664,track,1,321.2267256202407,239.42309014984033,327.0924607793801,239.59610779331854,321.1083297105772,238.98857264888596,0.4503588014690922,1.5004599407947274,1.5004599407947274,0.8765678472633005,0.0440577294062844,34.04217199931736
1686,56.2,track,1,322.7476921507625,239.94027643188656,323.8903998558138,239.7290234336815,322.6371370941991,239.95587091298947,0.11164948890434831,2.6375062900249557,2.6375062900249557,0.6943048814003422,0.04304003386515458,33.47064599984151
1687,56.233333333333334,track,1,317.6290700573423,235.05340314136126,319.5931992747612,237.45256265660728,317.40399326192255,234.64746098305253,0.46416441023496313,5.948859126932538,5.948859126932538,0.45703553487241927,0.18528246144265934,35.17888399983349
1688,56.266666666666666,track,1,311.82857286029264,228.86114451793947,314.4214647571235,233.1567109252341,311.58844879465664,228.8155185347722,0.24442032901855784,13.994528192337803,13.994528192337803,0.1097819900986381,0.44161387611142205,32.77368799899705
1689,56.3,track,1,318.08094933280813,231.83347284455166,313.9332391723682,231.67724977935805,317.71640267239195,231.93994835655275,0.3797779644430193,8.377305607992069,8.377305607992069,0.019404630142586032,0.5652701774980349,33.85586799959128
1690,56.333333333333336,track,1,316.9859686179843,224.62110239388454,313.3816483384803,227.96198327431134,316.5086963608261,224.8010413248613,0.5100655118060565,15.594792268878829,15.594792268878829,-0.06925391314699861,0.8172650420818626,29.693168000449077
1691,56.36666666666667,track,1,328.71299584051945,231.20082175103988,317.3716352112535,227.8620474837188,328.17735385663775,231.6764012662249,0.7163017591492733,11.668393718827401,11.668393718827401,0.15750662495054127,0.8630412338851855,31.96586999911233
1692,56.4,track,1,317.0356890459364,243.6281171125694,318.9907293533516,234.0973290833954,317.4622794847012,244.19515718334247,0.7095870942370939,4.902995941943909,4.902995941943909,0.21916627365182398,0.5074399731927982,33.8088879998395
1693,56.43333333333333,track,1,328.88256246128435,245.04651042742103,323.11468868112115,241.66588996562527,329.16984467259994,245.5079382981008,0.543550134558398,10.696889062493595,10.696889062493595,0.4444320686945028,0.04591713292147882,31.753049001054023
1694,56.46666666666667,track,1,329.06497132125276,229.0511141566418,326.4898647440234,238.7022987155866,329.066395435507,229.40888457665645,0.3577732543649191,13.941709081155283,13.941709081155283,0.6610742790123829,0.22855668738888865,33.69907900014368
1695,56.5,track,1,319.8782193332348,234.71704338405476,324.3759434268961,235.644955830985,319.57172379261306,234.88658233679308,0.35026129234706543,5.13132153623316,5.13132153623316,0.5465840300336802,0.4069789818820213,31.05574199980765
1696,56.53333333333333,track,1,319.2284942200871,234.1680928789471,321.0088847518497,234.41001289332334,319.6025150477539,234.12056252194316,0.3770287977933377,5.892858334088941,5.892858334088941,0.3513480373204777,0.5013094808329474,31.657166999139008
1697,56.56666666666667,track,1,318.5774152756702,228.68839150227618,318.6884473794,231.08300473465255,318.6544812562174,228.4326989130532,0.2670540498499373,11.645294119340688,11.645294119340688,0.19922194328378756,0.7189164056022835,33.56401600103709
1698,56.6,track,1,316.24666798301905,242.50034554250172,316.3522647630055,235.360270123791,316.07605534983725,242.87115595971426,0.4081777016381051,4.862188618569172,4.862188618569172,0.04294193653558587,0.4786609496278417,34.48696499981452
1699,56.63333333333333,track,1,319.7408198227276,232.43379596295654,316.8679547710382,235.6317972846746,320.26968627938874,232.33755862580696,0.5375512571308522,7.667185826770851,7.667185826770851,0.0568196489141882,0.48652141750853695,31.46779099915875
1700,56.666666666666664,track,1,331.88609723779433,241.87921720517787,324.11465973026725,238.38596328810544,331.8299803758447,242.40942100866675,0.5331652421427706,12.072851580710957,12.072851580710957,0.4937066058095341,0.32106017513089163,35.828690000926144
1701,56.7,track,1,319.89848963821566,231.99578503688093,324.3666260199303,236.38009412005746,319.5778054124534,231.94018782521968,0.32546800548938676,8.070862442297644,8.070862442297644,0.5145493420110363,0.4512176861116822,34.068869001202984
1702,56.733333333333334,track,1,318.8129833129833,233.75493487993486,321.4269917737985,234.3404655834652,318.998176528356,234.06669470907156,0.36261648898445675,6.017288587370254,6.017288587370254,0.3568792817870997,0.5922165860186648,30.81795400066767
1703,56.766666666666666,track,1,320.89138222708726,235.1385212458951,320.54573172328446,233.87888621684903,320.67700786965264,234.62218532825312,0.5590698927439165,5.420261091426092,5.420261091426092,0.29849074770228884,0.6519446545044403,35.9005629998137
1704,56.8,track,1,313.7416603583144,236.13610900832703,316.8303724069616,234.20526565362564,314.0140147501897,235.92690761486398,0.3434270487318134,7.2403108350953875,7.2403108350953875,0.07910134156545318,0.6654502995561481,33.46699299981992
1705,56.833333333333336,track,1,319.952896750472,230.25206200934116,317.1328714110316,232.01783552799176,319.72062337404185,230.25178474517196,0.2322735419148835,9.75221779666522,9.75221779666522,0.06386543550207027,0.8131790765717497,33.56504200019117
1706,56.86666666666667,track,1,322.28280209445376,242.05180214529003,318.3460684222399,235.22641606006133,322.4234078961932,242.2048243983616,0.2078119376212598,3.2763022539048965,3.2763022539048965,0.1284518979229498,0.6307744978208316,34.044215999529115
1707,56.9,track,1,329.81944868273825,235.48311463737159,323.55254551642355,236.79895614529667,329.29476548739393,235.68251458340478,0.561295638638651,10.248577744651291,10.248577744651291,0.4285369075752986,0.5280249294462299,30.425840999669163
1708,56.93333333333333,track,1,320.83830083912255,234.26284206070565,323.5655924689987,236.84205559575724,320.8330807237225,234.52931489594363,0.2665239605074106,5.5337527049898325,5.5337527049898325,0.43224787916913987,0.5342840963838824,34.418052000546595
1709,56.96666666666667,track,1,323.0579166040947,232.6719227111178,323.029989997592,234.78987785119472,323.4282806465989,232.88037202873267,0.4249948729033872,7.90203838519511,7.90203838519511,0.40803651204039826,0.6595111397193163,32.772900000054506
1710,57.0,track,1,324.53673894277154,243.09444980449905,323.4661413456139,238.37462178097894,324.31384640216044,243.3161282237495,0.31436031273277726,5.441137489328915,5.441137489328915,0.43760673902652436,0.47690664186856113,31.58005899967975
1711,57.03333333333333,track,1,325.60599979933784,242.56029898665597,324.30868014979376,240.58681278978426,325.7069358524801,242.74807101620542,0.21318166409206035,6.334114865901249,6.334114865901249,0.4943563677410654,0.34689971279528653,34.216336000099545
1712,57.06666666666667,track,1,323.47078447230086,232.4007278608977,323.96921789902194,237.65608223759375,323.7594350374312,232.31611247021695,0.3007971294579232,8.554266734853485,8.554266734853485,0.49102650184884566,0.491008754103377,35.30776300067373
1713,57.1,track,1,312.698355679231,240.77880091070074,319.4970106916023,238.9473753791176,312.3678724277006,240.60123044472962,0.37516722928221274,7.655772288118453,7.655772288118453,0.25735948914414647,0.4208333212805188,33.92916300072102
1714,57.13333333333333,track,1,315.23393830308487,236.6161191940403,317.36059970472496,238.31285149294806,315.0738349181151,237.13621226840465,0.5441781876192252,5.698103420052864,5.698103420052864,0.12694181180790454,0.4493650099199969,34.277594999366556
1715,57.166666666666664,track,1,316.94100458461384,238.63373469696205,316.4670129109155,238.53057683581284,317.0536755536956,238.7283157261724,0.147106486465806,3.2090510490161015,3.2090510490161015,0.05436904187988084,0.4353750328636215,35.71796500000346
1716,57.2,track,1,322.4677618882676,235.0670988173586,317.58594072765743,237.5690695477987,322.71153468613267,234.85613919308753,0.32238042752555174,5.8147849792568245,5.8147849792568245,0.08846070289133678,0.4847155009010776,31.121592999625136
1717,57.233333333333334,track,1,322.0296830116414,225.7747820390062,318.32511274960956,234.14702357380315,322.4088598590355,226.1912331361923,0.5632109710820867,14.01729817473632,14.01729817473632,0.1095461338122334,0.6728128377386493,35.14090699900407
1718,57.266666666666666,track,1,319.8436195806943,226.0416359797712,318.31491833146634,231.6232659977136,319.31511778894406,225.92654737316144,0.5408877251838543,14.090107610763305,14.090107610763305,0.09519905660350772,0.8297635472370875,33.46167699965008
1719,57.3,track,1,326.4162689143902,227.1802579465827,320.0043928145501,229.97497695471395,325.9930953647547,227.49469155331872,0.5272042736512009,13.867225079217638,13.867225079217638,0.17335881860230143,0.9515467792408644,32.504061000508955
1720,57.333333333333336,track,1,320.8787818272591,241.57718422366452,320.0133669695894,232.16777898277928,320.4688110577753,241.35047616333438,0.46847900321121627,1.429534775941726,1.429534775941726,0.16275700937746362,0.8106848549424841,32.32353800012788
1721,57.36666666666667,track,1,326.06788472964945,240.98247177658942,321.4244984382056,237.48598859015772,325.784657404981,241.0752345619948,0.29803129331502015,5.883739512955121,5.883739512955121,0.24041362913848519,0.48983866455618635,32.78414799933671
1722,57.4,track,1,318.066531542944,237.24469217126932,320.12136143808726,239.93700759080278,317.6294625206034,236.77782900200148,0.6395236892473853,4.000229228627625,4.000229228627625,0.14411562670693223,0.344694555863361,32.17005499936931
1723,57.43333333333333,track,1,318.74707330553184,233.33884339044366,318.5060937947343,237.47092248457707,318.2960674199094,233.1114291638831,0.5050975542489247,7.096181677613302,7.096181677613302,0.04712932189126562,0.49067748447120174,32.29417500006093
1724,57.46666666666667,track,1,322.20993250730334,225.4834290319331,319.6625450335444,230.93325625625712,321.7839874235513,225.64424761264385,0.45529312566119606,14.466175643011908,14.466175643011908,0.11436497452467914,0.8818260940070319,32.17943500021647
1725,57.5,track,1,327.90256848428356,227.29682564341567,323.4166871751177,227.61387037075454,327.3319831774664,227.6644650237697,0.6787682272637349,14.350031375033677,14.350031375033677,0.30626089002700063,1.1280537311842662,37.87713400015491
1726,57.53333333333333,track,1,316.34134734546177,237.29638625886085,320.59716942016905,230.35436730562256,316.76646245332023,236.7941064948747,0.6580332941724761,4.553407321115951,4.553407321115951,0.13754590253524113,0.9955196629330656,31.897056998786866
1727,57.56666666666667,track,1,315.2457605669451,231.51804606428752,316.87431755539706,231.83919089980336,315.50567316640064,231.17882475188384,0.42734723369248784,9.90010638554902,9.90010638554902,-0.09434754950458019,0.9210949483307405,30.60430999903474
1728,57.6,track,1,320.12135535874216,244.34441237934124,316.92537888779907,238.60774623254213,320.27706809844517,244.15232445557209,0.2472735888924637,4.161558015397363,4.161558015397363,-0.1281614538319536,0.5416730419927738,32.50051499890105
1729,57.63333333333333,track,1,329.00240746313574,228.87471160597852,321.4279898563017,235.90740024921138,328.8035265458529,228.84585034872737,0.2009641545882867,14.209754891852354,14.209754891852354,0.14248326384111473,0.7128809730292178,31.01201699973899
1730,57.666666666666664,track,1,318.7295915810574,240.9749937359058,321.688691093121,237.19681414497848,318.4367106109019,240.8533383451469,0.31714239196282895,1.781027805893198,1.781027805893198,0.15284194993932018,0.6263974130269288,32.087564999528695
1731,57.7,track,1,329.34472172707467,239.16201227965934,325.03957192860224,239.07610638750555,329.88594676102014,239.16600323920068,0.5412397482884376,9.921063146596149,9.921063146596149,0.37531935242147957,0.5125024435054891,32.60329200020351
1732,57.733333333333334,track,1,315.6585754872153,239.38159796640582,321.6821881299167,239.86957185240294,315.77808304605685,239.37761378392534,0.11957395339416753,4.267545824938772,4.267545824938772,0.1819074723738193,0.44893381248912473,34.04454799965606
1733,57.766666666666666,track,1,329.3299924069856,224.50007593014428,324.2385615076725,232.59524748136138,329.0829694284829,224.52716320486007,0.24850366669300228,17.94182298786249,17.94182298786249,0.35790723709739464,0.9012875238767091,35.0388919996476
1734,57.8,track,1,319.26336204725203,228.08286736184576,322.8570248735115,227.94311604682645,319.67867381725375,228.05622565336216,0.4161654081406671,11.948095921908326,11.948095921908326,0.31822429512437134,1.2334847955440904,35.36788999917917
1735,57.833333333333336,track,1,313.79004211047805,237.76363636363635,318.97311187051605,230.27506166984162,313.8625574525745,237.62017901106913,0.16074354371159183,6.58268554332537,6.58268554332537,0.0881059570873906,1.1263152843196331,30.481695001071785
1736,57.86666666666667,track,1,310.25517275517274,246.42916542916544,313.40490245886457,238.72861974729912,309.9049030894751,246.11979224848096,0.46733350365103693,11.805203886314578,11.805203886314578,-0.2578696015270897,0.6558760990818407,33.51983900029154
1737,57.9,track,1,321.08265126788854,244.95525985438113,315.21776865734756,243.5939285909534,321.3214673551925,244.53502345260182,0.4833546906109399,4.723633525845122,4.723633525845122,-0.16573273933635274,0.3531300146003749,32.13462799976696
1738,57.93333333333333,track,1,316.6796114092626,227.51950407473663,316.52674843122907,237.3859087801214,316.3963019808252,227.91592811673434,0.4872537873791183,12.609973540548607,12.609973540548607,-0.10972784775884767,0.7209180737494216,33.30694000032963
1739,57.96666666666667,track,1,327.35919881305637,241.45427794263105,321.94307783640676,237.244338868403,327.5028834330385,241.5584807636526,0.1774922475159402,7.66303608894274,7.66303608894274,0.2178212143832347,0.7165243683222602,33.99572000125772
1740,58.0,track,1,321.98942959712804,230.51485839648984,323.79954242530306,234.27628866172773,321.60701691451595,230.49213983388714,0.3830869260485197,9.642712704519205,9.642712704519205,0.3395800429667143,0.9081180759571039,36.53201400084072
1741,58.03333333333333,track,1,320.5477998491325,242.09564998742772,322.74165201221365,236.9811636870348,320.65324654495106,241.7803010082691,0.3325116303461147,1.8963656631922263,1.8963656631922263,0.2949772116802838,0.7481010137676559,31.944664999173256
1742,58.06666666666667,track,1,317.17399578254384,229.03888288844314,319.834834835023,233.9671848084905,317.68002149612033,228.4253505283446,0.7952886140821278,11.804863855638326,11.804863855638326,0.13880044922961893,0.9450976340670547,31.5864389995113
1743,58.1,track,1,308.21532884515796,240.35577421025374,313.2264044932631,235.89436060630106,308.0812114808465,240.41226140671665,0.14552756018738688,11.925916284788078,11.925916284788078,-0.27973976243349835,0.8330740809745485,32.594181000604294
1744,58.13333333333333,track,1,319.47476332708953,237.61570394370474,314.1397100202171,237.50314327146953,319.67264465245853,237.50759957673418,0.22548519483082965,2.513806156699366,2.513806156699366,-0.24441454619214892,0.7425041101785381,33.24496999994153
1745,58.166666666666664,track,1,319.2111972006998,226.16705823544115,316.9576348850808,232.21472006316512,318.7731501249013,225.80976008418193,0.5652850692428459,14.243176242836642,14.243176242836642,-0.0957837727787499,1.0372392079410833,29.523103999963496
1746,58.2,track,1,325.2920649604276,228.54666461095692,321.6825273473604,229.78694333747833,325.09662949137044,228.75265297512914,0.28394758097214146,12.348216359870696,12.348216359870696,0.1769599751678108,1.2057342389962558,32.34383699964383
1747,58.233333333333334,track,1,319.87404293649604,232.36390932292448,322.11316881020076,230.09713824743275,320.0044792499458,232.4609461032809,0.16257234884291374,7.539055227368724,7.539055227368724,0.2341624304026976,1.2321354882881632,33.876395000334014
1748,58.266666666666666,track,1,316.93594201479016,243.4279347666389,320.97527186074336,235.11052661496214,317.26937931692004,243.01019486072562,0.5344970191161973,4.064180411153399,4.064180411153399,0.1733840732459518,0.9405701403410015,34.68091099966841
1749,58.3,track,1,317.21588686625546,234.76129582267689,318.96037093461155,236.9864781454593,317.7779265524356,235.17883961424036,0.7001652852824534,5.308596600947263,5.308596600947263,0.05965879537235641,0.8435409978032968,30.215527998734615
1750,58.333333333333336,track,1,323.32987572914027,241.73066193253868,320.5552260722372,239.47456105224643,323.06276308454636,241.7946898048494,0.27467932818941937,3.549849180978026,3.549849180978026,0.14093040066585721,0.6968963981380738,32.3864380006853
1751,58.36666666666667,track,1,313.4377475806047,235.51491751491753,317.134665318269,238.18916008027688,313.37318032228166,235.22211899170694,0.2998331303269531,8.169631936042322,8.169631936042322,-0.07061458820993344,0.767077684379161,33.67923299992981
1752,58.4,track,1,317.08741594620557,235.3386925527074,315.85515239773486,236.43310165786133,317.0987850703037,235.69087266151365,0.3523635707923444,5.194769146707415,5.194769146707415,-0.175782798648491,0.8708150125639218,31.682071999966865
1753,58.43333333333333,track,1,314.41269759272654,245.1786341564211,314.0971211247861,240.07300345070632,314.48398192236664,245.23189416155645,0.08898361534155723,7.602576665217297,7.602576665217297,-0.3019813458818317,0.6452493622502831,31.91571999923326
1754,58.46666666666667,track,1,314.4157934893184,237.2384028484232,313.473116039711,240.10070337524482,314.329982541411,236.80263349064484,0.4441378749434909,6.509397097723396,6.509397097723396,-0.36540954572400614,0.638926181355051,32.58121500039124
1755,58.5,track,1,325.8533963022508,230.26085209003216,319.13040437321047,235.11702650728247,325.8449766499195,230.49599088585364,0.23528948945024747,11.157506051079741,11.157506051079741,-0.03601503079299472,0.9313851714793921,34.4991130004928
1756,58.53333333333333,track,1,319.3561969944949,237.46367108069236,321.03166959671074,234.68565469987072,319.37542913346294,237.36907302569728,0.09653324390146771,2.7040461370769058,2.7040461370769058,0.10751930154564736,0.9934570450777038,30.927801999496296
1757,58.56666666666667,track,1,326.7393185774683,238.2091519522507,325.34858592011506,235.23206992513016,326.6815082203217,237.7159298930981,0.4965984665986675,7.0611279801083615,7.0611279801083615,0.38945997222250833,0.9931653035508643,33.98793800079147
1758,58.6,track,1,320.5004786617625,249.23771854688366,324.9712330630999,240.86129026807404,320.3762577791252,249.26116016471187,0.12641335819285296,9.268800219704714,9.268800219704714,0.39214020858221976,0.6481564085028044,34.28672799964261
1759,58.63333333333333,track,1,320.52305638286947,239.73559617952142,323.00190718383095,242.32811035760608,320.2382651931579,239.38726729583067,0.4499322537344868,0.6574280713729984,0.6574280713729984,0.29994863033199587,0.5541679789458551,35.60457899948233
1760,58.666666666666664,track,1,311.61712974764214,236.914708131532,317.2127704262177,239.8254373266883,311.25616809387543,237.29759697145775,0.5262102044142505,9.151916658888254,9.151916658888254,-0.025306151286295597,0.6670485535400824,33.537417999468744
1761,58.7,track,1,306.8804402452508,234.03211378027942,311.02092623931424,236.66717080999177,307.3683940998752,234.12770193446016,0.49722837757164207,13.92987265507514,13.92987265507514,-0.40884201765836364,0.8512778314812185,31.09949900135689
1762,58.733333333333334,track,1,314.4795792079208,234.47937293729373,310.70161805534076,234.87865896555002,314.77179859480725,234.2306355358667,0.3837479184842313,7.78586258890199,7.78586258890199,-0.45903697338950766,0.96333401814233,33.23662900038471
1763,58.766666666666666,track,1,314.4314208199357,248.68192323151126,312.25089131554023,240.59131819683438,314.46243096508096,249.15713663903955,0.47622411929319214,10.701300025816245,10.701300025816245,-0.40202287500862016,0.6087538539698976,33.60315099962463
1764,58.8,track,1,325.5318965517241,240.62662271805274,318.890478085853,242.73979923284492,325.28898428936844,240.73412918573982,0.2656388672564756,5.339691046731189,5.339691046731189,-0.015484403536942346,0.4700206620254133,34.9123989999498
1765,58.833333333333336,track,1,314.227298220568,245.42838933360525,318.76063458921254,244.53479271291351,314.82590283923116,245.29542320771228,0.6131944880051141,7.403565923111235,7.403565923111235,-0.031966072285319454,0.3309658689962962,30.191237998224096
1766,58.86666666666667,track,1,322.43054435483873,240.34107862903227,320.3726043765254,243.27786442450792,322.5234995983943,239.9203545607789,0.4308705361383541,2.5247561504202807,2.5247561504202807,0.05559809798752963,0.3789187970516832,33.05976299998292
1767,58.9,track,1,325.01546775073126,236.6431014823261,323.5462511802813,239.67852631159752,324.8150174234602,236.92938589700302,0.3494840479764248,5.71078486354976,5.71078486354976,0.2754672675236883,0.5518930853413428,32.466482000018004
1768,58.93333333333333,track,1,319.8999641815484,240.8038172235583,322.9026133752392,239.41514999507135,320.3292064335301,240.9034331294066,0.44064979244780417,0.9615447442459543,0.9615447442459543,0.2760603628652307,0.5895551656626109,31.548521999866352
1769,58.96666666666667,track,1,310.9596433357386,232.42047211627667,318.1775281154695,235.57014276089708,310.98108101934923,232.14274242168798,0.27855584275853096,11.961496404358623,11.961496404358623,-0.004402519914498998,0.8254498009565013,32.332942999346415
1770,59.0,track,1,317.71237839984116,236.2182846932698,316.34398174091774,234.30921572669965,317.39461494952,235.84116844161525,0.49314326277661535,4.907536163114998,4.907536163114998,-0.1434777108698429,0.9313120314665458,34.41422600008082
1771,59.03333333333333,track,1,316.8574897556534,228.42656953508373,315.20016601307066,230.29271379902406,316.96549179053227,228.8436725980959,0.4308589150895249,11.561655641464297,11.561655641464297,-0.2455837492722246,1.1933641227823446,33.966614999371814
1772,59.06666666666667,track,1,310.83920318331235,236.87185190677442,312.0307185820988,231.75350961602,310.36430738653064,237.0955930930989,0.5249629856083357,10.063903398886676,10.063903398886676,-0.4613965467381626,1.1652807835507,30.834356999548618
1773,59.1,track,1,310.40366738175504,235.23066707528858,309.94543071053727,232.29410422734043,310.44486513575794,235.25279221941827,0.04676298683406016,10.669422851582457,10.669422851582457,-0.6300244843237982,1.1723098983130769,33.69444999952975
1774,59.13333333333333,track,1,312.2301434923201,245.9039005658852,309.45785073185624,237.06734625170014,312.67029722484494,245.73431230201948,0.4716942733344735,9.306281768204078,9.306281768204078,-0.6983157280568788,0.8898789206002333,32.52295300080732
1775,59.166666666666664,track,1,313.83719874962185,242.56014923868105,310.8705401590608,241.2574615592325,313.584324617712,242.32920136066645,0.34246496017636696,6.825398859365401,6.825398859365401,-0.6578713278967128,0.6171044409075408,33.95069500038517
1776,59.2,track,1,319.92752682805093,247.00743698527577,314.9965368984401,245.81766583559246,320.08380001207905,246.64311318353148,0.39642545398057016,6.643641713039186,6.643641713039186,-0.4502348743496778,0.30585569221110687,35.560754000471206
1777,59.233333333333334,track,1,325.22017009712647,231.2575109455991,320.40002759080295,241.25312304844218,324.76256538423263,230.9834017168641,0.5334209805963299,10.197111043748617,10.197111043748617,-0.14926315539391793,0.561335889375453,37.2374589987885
1778,59.266666666666666,track,1,327.5320997172963,240.25052685684915,325.6178174616886,239.1217758190554,327.4033075788222,239.7809815777016,0.48688826654838574,7.406546575560854,7.406546575560854,0.2096508966933121,0.699168037745571,33.007471000018995
1779,59.3,track,1,321.35820229178034,230.82141971327943,325.74528053917885,233.71324845239664,321.53346994627583,230.32643838985243,0.5250954782264758,9.794351652940183,9.794351652940183,0.2827856503200218,1.027168526485307,32.50627699890174
1780,59.333333333333336,track,1,320.8243761996161,243.21446610768766,325.0479141205892,236.11899853130848,321.2257026884206,242.81114320692205,0.5689747910919499,3.0667365733341834,3.0667365733341834,0.272772480275223,0.8870575544024424,34.125174999644514
1781,59.36666666666667,track,1,325.61101028433154,238.54234724742892,325.40093632215513,238.1004226497225,325.2790654675028,238.21651598265328,0.46513801664105003,5.572194132503968,5.572194132503968,0.3166205358440749,0.7598100987609001,33.112539000285324
1782,59.4,track,1,315.73599132365854,232.53209729897227,320.95480800579986,236.37829264596115,315.45624502337506,232.34744716038188,0.3351919840982883,8.899846866702331,8.899846866702331,0.06701760863348068,0.8695476455141901,31.387632001496968
1783,59.43333333333333,track,1,320.80033504345096,231.67773008061982,319.4848016916699,233.29171595779025,320.7199292926713,231.55374190339066,0.1477773759783757,8.476884688432715,8.476884688432715,-0.035727747884263146,1.0638183641211927,32.478924998940784
1784,59.46666666666667,track,1,323.2948548318646,241.6183188955738,320.1244361367967,236.199712268764,323.53790041264557,241.68770420142195,0.25275576156598784,3.919832241473479,3.919832241473479,0.00012780396955071327,0.8935243026440447,34.85939299935126
1785,59.5,track,1,321.02469703942324,242.32908932862912,320.74910493580626,240.20489095912052,321.3578463752936,242.64252282792447,0.45741560803211045,2.970971840155995,2.970971840155995,0.0507618663004991,0.6572652291086932,32.91522899962729
1786,59.53333333333333,track,1,322.5600770283282,243.99842902751735,321.8532387151866,243.41842155453097,323.02046425156306,243.5812003260103,0.6213181026488535,4.684890614516702,4.684890614516702,0.12512850653972724,0.42582939469726133,32.594137999694794
1787,59.56666666666667,track,1,309.1144408585626,231.70344756928435,316.37006790198694,239.5917029919792,309.56350587234226,231.540623480933,0.47767255557376964,13.434338866054283,13.434338866054283,-0.21230035483592555,0.6205557256564618,34.2699859993445
1788,59.6,track,1,318.23020350594396,237.55546040701188,315.04490296066115,237.3004161455507,318.7995953824333,237.79006655058888,0.6158304568760364,2.514910952042149,2.514910952042149,-0.33692497512350394,0.7875565741724143,33.441166999182315
1789,59.63333333333333,track,1,321.8660275319567,239.1704523107178,316.592304149369,236.89517844951422,322.18838822396157,238.82816228284779,0.47019025822436566,2.4823872893072463,2.4823872893072463,-0.2561302849606043,0.8083775303060983,32.86198599926138
1790,59.666666666666664,track,1,323.5879205271763,236.6203735817272,320.37846243407256,236.71329835576185,324.02714449598795,236.62982549260968,0.43932565756847386,5.251282605405049,5.251282605405049,-0.05818052854641563,0.8196902307036021,28.299644000071567
1791,59.7,track,1,322.0551848374902,237.56572704437622,322.1209300063489,237.05746815516915,322.39140340720684,237.8918934929376,0.4684308687410258,3.1879340176859454,3.1879340176859454,0.08364974901645816,0.8022485134232992,37.54086099979759
1792,59.733333333333334,track,1,321.57861165096926,239.4981810933373,322.83990751388785,238.18446585935027,321.73461541319585,239.41277636930715,0.17785145688331397,1.831317073622346,1.831317073622346,0.1551960832251347,0.7385080619210472,36.64643199954298
1793,59.766666666666666,track,1,306.6864265927978,247.20206497104004,316.7963411123422,242.21530763177782,306.7069311228973,246.69139571015376,0.5110807468186903,14.88221948236421,14.88221948236421,-0.21350326871808062,0.47910264376621137,33.94695600036357
1794,59.8,track,1,307.89236732259985,240.56489763466507,310.39569827284924,243.15229729889197,307.72382242550714,240.5649524094062,0.16854490599322874,12.289170316395461,12.289170316395461,-0.6306919527490592,0.3782985162326905,36.47321700009343
1795,59.833333333333336,track,1,312.70436939901776,233.272998835502,308.7350278597946,239.80561037451528,312.3725402463709,232.94294712864775,0.46802213168156476,10.391349167566894,10.391349167566894,-0.7620017092196849,0.5565554793061451,34.777349001160474
1796,59.86666666666667,track,1,312.9086580936488,242.04329046824384,310.1622906159585,239.7132197669966,313.302643185328,242.5189627108665,0.6176474195422114,7.15540085821677,7.15540085821677,-0.7194664882080116,0.5360629775911305,32.2458459995687
1797,59.9,track,1,314.9922754908801,239.87585966311173,312.6102217479872,240.14927667730277,315.1909986110487,239.98573762044452,0.22707717630174903,4.809022538354961,4.809022538354961,-0.6071891363028563,0.5173744569547549,32.95530799914559
1798,59.93333333333333,track,1,322.07290655494813,234.73805752822767,317.66486934534987,237.84392816653207,321.93650638549605,234.76191454643796,0.1384708039423639,5.58458558891214,5.58458558891214,-0.33178523067074356,0.6248113688498679,35.66621500067413
1799,59.96666666666667,track,1,332.99240198561444,235.64674298450007,325.84013098282867,236.70101449758596,332.70024179502036,235.38814220432195,0.3901691177895748,13.511675468998595,13.511675468998595,0.14749861184424323,0.6904483682810123,35.19121899989841
